transaction_id,customer_degree_before,device_degree_before,instrument_degree_before,merchant_degree_before,customer_device_count_before,customer_instrument_count_before,customer_merchant_count_before,device_customer_count_before,device_merchant_count_before,instrument_customer_count_before,instrument_merchant_count_before,other_customers_on_device,other_customers_on_instrument,other_merchants_on_device,other_merchants_on_instrument,shared_device_count_for_customer,shared_instrument_count_for_customer,customers_connected_via_device,customers_connected_via_instrument,merchants_connected_via_device,merchants_connected_via_instrument,connected_entity_count,local_degree,neighbor_count,unique_customer_neighbors,unique_merchant_neighbors,other_customers_same_device_5m,other_customers_same_device_30m,other_customers_same_device_1h,other_customers_same_instrument_5m,other_customers_same_instrument_30m,other_customers_same_instrument_1h
txn_09621,0,0,0,0,0,0,0,0,0,0,0,0,0,0,0,0,0,0,0,0,0,0,0,0,0,0,0,0,0,0,0,0
txn_07583,0,0,0,0,0,0,0,0,0,0,0,0,0,0,0,0,0,0,0,0,0,0,0,0,0,0,0,0,0,0,0,0
txn_04169,0,0,0,0,0,0,0,0,0,0,0,0,0,0,0,0,0,0,0,0,0,0,0,0,0,0,0,0,0,0,0,0
txn_06933,0,0,0,0,0,0,0,0,0,0,0,0,0,0,0,0,0,0,0,0,0,0,0,0,0,0,0,0,0,0,0,0
txn_07833,0,0,0,0,0,0,0,0,0,0,0,0,0,0,0,0,0,0,0,0,0,0,0,0,0,0,0,0,0,0,0,0
txn_07046,0,0,0,3,0,0,0,0,0,0,0,0,0,0,0,0,0,0,0,0,0,3,3,3,1,0,0,0,0,0,0,0
txn_02928,0,0,0,3,0,0,0,0,0,0,0,0,0,0,0,0,0,0,0,0,0,3,3,3,1,0,0,0,0,0,0,0
txn_09042,0,0,0,6,0,0,0,0,0,0,0,0,0,0,0,0,0,0,0,0,0,6,6,6,2,0,0,0,0,0,0,0
txn_00792,0,0,0,0,0,0,0,0,0,0,0,0,0,0,0,0,0,0,0,0,0,0,0,0,0,0,0,0,0,0,0,0
txn_09880,0,0,0,0,0,0,0,0,0,0,0,0,0,0,0,0,0,0,0,0,0,0,0,0,0,0,0,0,0,0,0,0
txn_00635,0,0,0,0,0,0,0,0,0,0,0,0,0,0,0,0,0,0,0,0,0,0,0,0,0,0,0,0,0,0,0,0
txn_05674,0,0,0,0,0,0,0,0,0,0,0,0,0,0,0,0,0,0,0,0,0,0,0,0,0,0,0,0,0,0,0,0
txn_00038,0,0,0,0,0,0,0,0,0,0,0,0,0,0,0,0,0,0,0,0,0,0,0,0,0,0,0,0,0,0,0,0
txn_09659,0,0,0,0,0,0,0,0,0,0,0,0,0,0,0,0,0,0,0,0,0,0,0,0,0,0,0,0,0,0,0,0
txn_00642,0,0,0,0,0,0,0,0,0,0,0,0,0,0,0,0,0,0,0,0,0,0,0,0,0,0,0,0,0,0,0,0
txn_05738,0,0,0,3,0,0,0,0,0,0,0,0,0,0,0,0,0,0,0,0,0,3,3,3,1,0,0,0,0,0,0,0
txn_05654,0,0,0,0,0,0,0,0,0,0,0,0,0,0,0,0,0,0,0,0,0,0,0,0,0,0,0,0,0,0,0,0
txn_08835,0,0,0,0,0,0,0,0,0,0,0,0,0,0,0,0,0,0,0,0,0,0,0,0,0,0,0,0,0,0,0,0
txn_05719,0,0,0,0,0,0,0,0,0,0,0,0,0,0,0,0,0,0,0,0,0,0,0,0,0,0,0,0,0,0,0,0
txn_06491,0,0,0,0,0,0,0,0,0,0,0,0,0,0,0,0,0,0,0,0,0,0,0,0,0,0,0,0,0,0,0,0
txn_05536,0,0,0,3,0,0,0,0,0,0,0,0,0,0,0,0,0,0,0,0,0,3,3,3,1,0,0,0,0,0,0,0
txn_09681,0,0,0,0,0,0,0,0,0,0,0,0,0,0,0,0,0,0,0,0,0,0,0,0,0,0,0,0,0,0,0,0
txn_02259,0,0,0,0,0,0,0,0,0,0,0,0,0,0,0,0,0,0,0,0,0,0,0,0,0,0,0,0,0,0,0,0
txn_00341,0,0,0,0,0,0,0,0,0,0,0,0,0,0,0,0,0,0,0,0,0,0,0,0,0,0,0,0,0,0,0,0
txn_06041,0,0,0,0,0,0,0,0,0,0,0,0,0,0,0,0,0,0,0,0,0,0,0,0,0,0,0,0,0,0,0,0
txn_07738,0,0,0,6,0,0,0,0,0,0,0,0,0,0,0,0,0,0,0,0,0,6,6,6,2,0,0,0,0,0,0,0
txn_04717,0,0,0,0,0,0,0,0,0,0,0,0,0,0,0,0,0,0,0,0,0,0,0,0,0,0,0,0,0,0,0,0
txn_06989,0,0,0,0,0,0,0,0,0,0,0,0,0,0,0,0,0,0,0,0,0,0,0,0,0,0,0,0,0,0,0,0
txn_05920,0,0,0,6,0,0,0,0,0,0,0,0,0,0,0,0,0,0,0,0,0,6,6,6,2,0,0,0,0,0,0,0
txn_03578,0,0,0,9,0,0,0,0,0,0,0,0,0,0,0,0,0,0,0,0,0,9,9,9,3,0,0,0,0,0,0,0
txn_04176,0,0,0,0,0,0,0,0,0,0,0,0,0,0,0,0,0,0,0,0,0,0,0,0,0,0,0,0,0,0,0,0
txn_09612,0,0,0,9,0,0,0,0,0,0,0,0,0,0,0,0,0,0,0,0,0,9,9,9,3,0,0,0,0,0,0,0
txn_02150,0,0,0,3,0,0,0,0,0,0,0,0,0,0,0,0,0,0,0,0,0,3,3,3,1,0,0,0,0,0,0,0
txn_07237,0,0,0,0,0,0,0,0,0,0,0,0,0,0,0,0,0,0,0,0,0,0,0,0,0,0,0,0,0,0,0,0
txn_04790,0,0,0,6,0,0,0,0,0,0,0,0,0,0,0,0,0,0,0,0,0,6,6,6,2,0,0,0,0,0,0,0
txn_04535,0,0,0,0,0,0,0,0,0,0,0,0,0,0,0,0,0,0,0,0,0,0,0,0,0,0,0,0,0,0,0,0
txn_02816,0,0,0,0,0,0,0,0,0,0,0,0,0,0,0,0,0,0,0,0,0,0,0,0,0,0,0,0,0,0,0,0
txn_03815,0,0,0,0,0,0,0,0,0,0,0,0,0,0,0,0,0,0,0,0,0,0,0,0,0,0,0,0,0,0,0,0
txn_00938,0,2,0,12,0,0,0,1,1,0,0,1,0,1,0,0,0,0,0,1,0,14,14,14,5,1,0,0,0,0,0,0
txn_07868,0,0,2,0,0,0,0,0,0,1,1,0,1,0,1,0,0,0,0,0,1,2,2,2,1,1,0,0,0,0,0,0
txn_02228,0,0,0,0,0,0,0,0,0,0,0,0,0,0,0,0,0,0,0,0,0,0,0,0,0,0,0,0,0,0,0,0
txn_04792,0,0,0,0,0,0,0,0,0,0,0,0,0,0,0,0,0,0,0,0,0,0,0,0,0,0,0,0,0,0,0,0
txn_07696,0,0,0,0,0,0,0,0,0,0,0,0,0,0,0,0,0,0,0,0,0,0,0,0,0,0,0,0,0,0,0,0
txn_00975,0,0,0,3,0,0,0,0,0,0,0,0,0,0,0,0,0,0,0,0,0,3,3,3,1,0,0,0,0,0,0,0
txn_02314,0,0,0,0,0,0,0,0,0,0,0,0,0,0,0,0,0,0,0,0,0,0,0,0,0,0,0,0,0,0,0,0
txn_00660,0,0,0,0,0,0,0,0,0,0,0,0,0,0,0,0,0,0,0,0,0,0,0,0,0,0,0,0,0,0,0,0
txn_05992,0,0,2,0,0,0,0,0,0,1,1,0,1,0,1,0,0,0,0,0,1,2,2,2,1,1,0,0,0,0,0,0
txn_02758,0,0,0,3,0,0,0,0,0,0,0,0,0,0,0,0,0,0,0,0,0,3,3,3,1,0,0,0,0,0,0,0
txn_00763,0,0,0,0,0,0,0,0,0,0,0,0,0,0,0,0,0,0,0,0,0,0,0,0,0,0,0,0,0,0,0,0
txn_07489,0,0,0,0,0,0,0,0,0,0,0,0,0,0,0,0,0,0,0,0,0,0,0,0,0,0,0,0,0,0,0,0
txn_01834,0,0,0,0,0,0,0,0,0,0,0,0,0,0,0,0,0,0,0,0,0,0,0,0,0,0,0,0,0,0,0,0
txn_06243,0,2,0,12,0,0,0,1,1,0,0,1,0,1,0,0,0,0,0,1,0,14,14,14,5,1,0,0,0,0,0,0
txn_02537,0,0,0,0,0,0,0,0,0,0,0,0,0,0,0,0,0,0,0,0,0,0,0,0,0,0,0,0,0,0,0,0
txn_03540,0,0,0,3,0,0,0,0,0,0,0,0,0,0,0,0,0,0,0,0,0,3,3,3,1,0,0,0,0,0,0,0
txn_01278,0,0,0,0,0,0,0,0,0,0,0,0,0,0,0,0,0,0,0,0,0,0,0,0,0,0,0,0,0,0,0,0
txn_00898,0,0,0,15,0,0,0,0,0,0,0,0,0,0,0,0,0,0,0,0,0,15,15,15,5,0,0,0,0,0,0,0
txn_04488,0,0,0,15,0,0,0,0,0,0,0,0,0,0,0,0,0,0,0,0,0,15,15,15,5,0,0,0,0,0,0,0
txn_02569,0,0,0,0,0,0,0,0,0,0,0,0,0,0,0,0,0,0,0,0,0,0,0,0,0,0,0,0,0,0,0,0
txn_09981,0,0,0,3,0,0,0,0,0,0,0,0,0,0,0,0,0,0,0,0,0,3,3,3,1,0,0,0,0,0,0,0
txn_02260,0,0,0,0,0,0,0,0,0,0,0,0,0,0,0,0,0,0,0,0,0,0,0,0,0,0,0,0,0,0,0,0
txn_08961,0,0,0,3,0,0,0,0,0,0,0,0,0,0,0,0,0,0,0,0,0,3,3,3,1,0,0,0,0,0,0,0
txn_07262,0,0,0,0,0,0,0,0,0,0,0,0,0,0,0,0,0,0,0,0,0,0,0,0,0,0,0,0,0,0,0,0
txn_04257,0,0,0,0,0,0,0,0,0,0,0,0,0,0,0,0,0,0,0,0,0,0,0,0,0,0,0,0,0,0,0,0
txn_09295,0,0,0,3,0,0,0,0,0,0,0,0,0,0,0,0,0,0,0,0,0,3,3,3,1,0,0,0,0,0,0,0
txn_05102,0,0,0,3,0,0,0,0,0,0,0,0,0,0,0,0,0,0,0,0,0,3,3,3,1,0,0,0,0,0,0,0
txn_06186,0,0,0,0,0,0,0,0,0,0,0,0,0,0,0,0,0,0,0,0,0,0,0,0,0,0,0,0,0,0,0,0
txn_08147,0,0,0,3,0,0,0,0,0,0,0,0,0,0,0,0,0,0,0,0,0,3,3,3,1,0,0,0,0,0,0,0
txn_06181,0,0,0,0,0,0,0,0,0,0,0,0,0,0,0,0,0,0,0,0,0,0,0,0,0,0,0,0,0,0,0,0
txn_06219,0,0,0,3,0,0,0,0,0,0,0,0,0,0,0,0,0,0,0,0,0,3,3,3,1,0,0,0,0,0,0,0
txn_03089,0,0,2,3,0,0,0,0,0,1,1,0,1,0,1,0,0,0,0,0,1,5,5,5,2,1,0,0,0,0,0,0
txn_03190,0,0,0,3,0,0,0,0,0,0,0,0,0,0,0,0,0,0,0,0,0,3,3,3,1,0,0,0,0,0,0,0
txn_05786,0,0,0,0,0,0,0,0,0,0,0,0,0,0,0,0,0,0,0,0,0,0,0,0,0,0,0,0,0,0,0,0
txn_04473,0,0,0,0,0,0,0,0,0,0,0,0,0,0,0,0,0,0,0,0,0,0,0,0,0,0,0,0,0,0,0,0
txn_08063,0,0,0,6,0,0,0,0,0,0,0,0,0,0,0,0,0,0,0,0,0,6,6,6,2,0,0,0,0,0,0,0
txn_09961,0,0,0,0,0,0,0,0,0,0,0,0,0,0,0,0,0,0,0,0,0,0,0,0,0,0,0,0,0,0,0,0
txn_03263,0,2,0,3,0,0,0,1,1,0,0,1,0,1,0,0,0,0,0,1,0,5,5,5,2,1,0,0,0,0,0,0
txn_06752,0,0,0,0,0,0,0,0,0,0,0,0,0,0,0,0,0,0,0,0,0,0,0,0,0,0,0,0,0,0,0,0
txn_07795,0,0,0,3,0,0,0,0,0,0,0,0,0,0,0,0,0,0,0,0,0,3,3,3,1,0,0,0,0,0,0,0
txn_05680,0,0,0,6,0,0,0,0,0,0,0,0,0,0,0,0,0,0,0,0,0,6,6,6,2,0,0,0,0,0,0,0
txn_04618,0,4,0,3,0,0,0,2,2,0,0,2,0,2,0,0,0,0,0,2,0,7,7,7,3,2,0,0,0,0,0,0
txn_04791,0,0,0,3,0,0,0,0,0,0,0,0,0,0,0,0,0,0,0,0,0,3,3,3,1,0,0,0,0,0,0,0
txn_05261,0,0,0,0,0,0,0,0,0,0,0,0,0,0,0,0,0,0,0,0,0,0,0,0,0,0,0,0,0,0,0,0
txn_09237,0,0,0,0,0,0,0,0,0,0,0,0,0,0,0,0,0,0,0,0,0,0,0,0,0,0,0,0,0,0,0,0
txn_03277,0,0,0,0,0,0,0,0,0,0,0,0,0,0,0,0,0,0,0,0,0,0,0,0,0,0,0,0,0,0,0,0
txn_05247,0,0,0,3,0,0,0,0,0,0,0,0,0,0,0,0,0,0,0,0,0,3,3,3,1,0,0,0,0,0,0,0
txn_00305,0,0,0,3,0,0,0,0,0,0,0,0,0,0,0,0,0,0,0,0,0,3,3,3,1,0,0,0,0,0,0,0
txn_09288,0,2,0,0,0,0,0,1,1,0,0,1,0,1,0,0,0,0,0,1,0,2,2,2,1,1,0,0,0,0,0,0
txn_04238,0,0,0,3,0,0,0,0,0,0,0,0,0,0,0,0,0,0,0,0,0,3,3,3,1,0,0,0,0,0,0,0
txn_03192,0,0,0,6,0,0,0,0,0,0,0,0,0,0,0,0,0,0,0,0,0,6,6,6,2,0,0,0,0,0,0,0
txn_09670,0,0,0,6,0,0,0,0,0,0,0,0,0,0,0,0,0,0,0,0,0,6,6,6,2,0,0,0,0,0,0,0
txn_04264,0,0,0,3,0,0,0,0,0,0,0,0,0,0,0,0,0,0,0,0,0,3,3,3,1,0,0,0,0,0,0,0
txn_03083,0,0,0,3,0,0,0,0,0,0,0,0,0,0,0,0,0,0,0,0,0,3,3,3,1,0,0,0,0,0,0,0
txn_00081,0,0,0,3,0,0,0,0,0,0,0,0,0,0,0,0,0,0,0,0,0,3,3,3,1,0,0,0,0,0,0,0
txn_02520,0,0,0,3,0,0,0,0,0,0,0,0,0,0,0,0,0,0,0,0,0,3,3,3,1,0,0,0,0,0,0,0
txn_07966,0,0,0,0,0,0,0,0,0,0,0,0,0,0,0,0,0,0,0,0,0,0,0,0,0,0,0,0,0,0,0,0
txn_06711,0,0,0,0,0,0,0,0,0,0,0,0,0,0,0,0,0,0,0,0,0,0,0,0,0,0,0,0,0,0,0,0
txn_09270,0,2,0,0,0,0,0,1,1,0,0,1,0,1,0,0,0,0,0,1,0,2,2,2,1,1,0,0,0,0,0,0
txn_08004,0,0,0,3,0,0,0,0,0,0,0,0,0,0,0,0,0,0,0,0,0,3,3,3,1,0,0,0,0,0,0,0
txn_03602,0,0,0,0,0,0,0,0,0,0,0,0,0,0,0,0,0,0,0,0,0,0,0,0,0,0,0,0,0,0,0,0
txn_05953,0,2,0,0,0,0,0,1,1,0,0,1,0,1,0,0,0,0,0,1,0,2,2,2,1,1,0,0,0,0,0,0
txn_01950,0,2,0,0,0,0,0,1,1,0,0,1,0,1,0,0,0,0,0,1,0,2,2,2,1,1,0,0,0,0,0,0
txn_05381,0,0,2,3,0,0,0,0,0,1,1,0,1,0,1,0,0,0,0,0,1,5,5,5,2,1,0,0,0,0,0,0
txn_09903,0,0,0,3,0,0,0,0,0,0,0,0,0,0,0,0,0,0,0,0,0,3,3,3,1,0,0,0,0,0,0,0
txn_06464,3,4,0,3,1,1,1,2,2,0,0,1,0,2,0,1,0,1,0,2,0,9,10,9,2,2,0,0,0,0,0,0
txn_07750,0,0,0,0,0,0,0,0,0,0,0,0,0,0,0,0,0,0,0,0,0,0,0,0,0,0,0,0,0,0,0,0
txn_05782,0,0,0,0,0,0,0,0,0,0,0,0,0,0,0,0,0,0,0,0,0,0,0,0,0,0,0,0,0,0,0,0
txn_09088,0,0,0,3,0,0,0,0,0,0,0,0,0,0,0,0,0,0,0,0,0,3,3,3,1,0,0,0,0,0,0,0
txn_06663,0,0,0,6,0,0,0,0,0,0,0,0,0,0,0,0,0,0,0,0,0,6,6,6,2,0,0,0,0,0,0,0
txn_04122,0,0,0,6,0,0,0,0,0,0,0,0,0,0,0,0,0,0,0,0,0,6,6,6,2,0,0,0,0,0,0,0
txn_04766,0,0,0,9,0,0,0,0,0,0,0,0,0,0,0,0,0,0,0,0,0,9,9,9,3,0,0,0,0,0,0,0
txn_05287,0,0,0,0,0,0,0,0,0,0,0,0,0,0,0,0,0,0,0,0,0,0,0,0,0,0,0,0,0,0,0,0
txn_09439,0,0,0,0,0,0,0,0,0,0,0,0,0,0,0,0,0,0,0,0,0,0,0,0,0,0,0,0,0,0,0,0
txn_00269,0,0,0,6,0,0,0,0,0,0,0,0,0,0,0,0,0,0,0,0,0,6,6,6,2,0,0,0,0,0,0,0
txn_00578,0,0,0,0,0,0,0,0,0,0,0,0,0,0,0,0,0,0,0,0,0,0,0,0,0,0,0,0,0,0,0,0
txn_03635,0,0,0,3,0,0,0,0,0,0,0,0,0,0,0,0,0,0,0,0,0,3,3,3,1,0,0,0,0,0,0,0
txn_07298,0,2,0,6,0,0,0,1,1,0,0,1,0,1,0,0,0,0,0,1,0,8,8,8,3,1,0,0,0,0,0,0
txn_02939,0,0,0,0,0,0,0,0,0,0,0,0,0,0,0,0,0,0,0,0,0,0,0,0,0,0,0,0,0,0,0,0
txn_03069,0,4,0,3,0,0,0,2,2,0,0,2,0,2,0,0,0,0,0,2,0,7,7,7,3,2,0,0,0,0,0,0
txn_07282,0,0,0,18,0,0,0,0,0,0,0,0,0,0,0,0,0,0,0,0,0,18,18,18,6,0,0,0,0,0,0,0
txn_07481,0,2,0,0,0,0,0,1,1,0,0,1,0,1,0,0,0,0,0,1,0,2,2,2,1,1,0,0,0,0,0,0
txn_09962,0,0,0,6,0,0,0,0,0,0,0,0,0,0,0,0,0,0,0,0,0,6,6,6,2,0,0,0,0,0,0,0
txn_08774,0,0,0,6,0,0,0,0,0,0,0,0,0,0,0,0,0,0,0,0,0,6,6,6,2,0,0,0,0,0,0,0
txn_04729,0,0,0,0,0,0,0,0,0,0,0,0,0,0,0,0,0,0,0,0,0,0,0,0,0,0,0,0,0,0,0,0
txn_06944,0,0,0,6,0,0,0,0,0,0,0,0,0,0,0,0,0,0,0,0,0,6,6,6,2,0,0,0,0,0,0,0
txn_01296,0,0,0,3,0,0,0,0,0,0,0,0,0,0,0,0,0,0,0,0,0,3,3,3,1,0,0,0,0,0,0,0
txn_05353,0,0,0,0,0,0,0,0,0,0,0,0,0,0,0,0,0,0,0,0,0,0,0,0,0,0,0,0,0,0,0,0
txn_05416,0,2,0,3,0,0,0,1,1,0,0,1,0,1,0,0,0,0,0,1,0,5,5,5,2,1,0,0,0,0,0,0
txn_07003,0,0,0,0,0,0,0,0,0,0,0,0,0,0,0,0,0,0,0,0,0,0,0,0,0,0,0,0,0,0,0,0
txn_06543,0,0,0,3,0,0,0,0,0,0,0,0,0,0,0,0,0,0,0,0,0,3,3,3,1,0,0,0,0,0,0,0
txn_04856,0,0,0,21,0,0,0,0,0,0,0,0,0,0,0,0,0,0,0,0,0,21,21,21,7,0,0,0,0,0,0,0
txn_08950,0,0,0,9,0,0,0,0,0,0,0,0,0,0,0,0,0,0,0,0,0,9,9,9,3,0,0,0,0,0,0,0
txn_08146,3,0,2,0,1,1,1,0,0,1,1,0,0,0,1,1,0,1,0,0,1,4,5,4,0,1,0,0,0,0,0,0
txn_06748,0,0,0,0,0,0,0,0,0,0,0,0,0,0,0,0,0,0,0,0,0,0,0,0,0,0,0,0,0,0,0,0
txn_09194,0,0,0,6,0,0,0,0,0,0,0,0,0,0,0,0,0,0,0,0,0,6,6,6,2,0,0,0,0,0,0,0
txn_02893,0,0,0,0,0,0,0,0,0,0,0,0,0,0,0,0,0,0,0,0,0,0,0,0,0,0,0,0,0,0,0,0
txn_05976,0,0,0,6,0,0,0,0,0,0,0,0,0,0,0,0,0,0,0,0,0,6,6,6,2,0,0,0,0,0,0,0
txn_04905,0,0,0,0,0,0,0,0,0,0,0,0,0,0,0,0,0,0,0,0,0,0,0,0,0,0,0,0,0,0,0,0
txn_03935,0,0,0,6,0,0,0,0,0,0,0,0,0,0,0,0,0,0,0,0,0,6,6,6,2,0,0,0,0,0,0,0
txn_05579,0,0,2,6,0,0,0,0,0,1,1,0,1,0,1,0,0,0,0,0,1,8,8,8,3,1,0,0,0,0,0,0
txn_03400,0,0,0,0,0,0,0,0,0,0,0,0,0,0,0,0,0,0,0,0,0,0,0,0,0,0,0,0,0,0,0,0
txn_03238,0,0,0,12,0,0,0,0,0,0,0,0,0,0,0,0,0,0,0,0,0,12,12,12,4,0,0,0,0,0,0,0
txn_04190,0,2,0,9,0,0,0,1,1,0,0,1,0,1,0,0,0,0,0,1,0,11,11,11,4,1,0,0,0,0,0,0
txn_02049,0,0,2,3,0,0,0,0,0,1,1,0,1,0,1,0,0,0,0,0,1,5,5,5,2,1,0,0,0,0,0,0
txn_07457,0,0,0,6,0,0,0,0,0,0,0,0,0,0,0,0,0,0,0,0,0,6,6,6,2,0,0,0,0,0,0,0
txn_06527,0,0,0,9,0,0,0,0,0,0,0,0,0,0,0,0,0,0,0,0,0,9,9,9,3,0,0,0,0,0,0,0
txn_03121,0,2,0,0,0,0,0,1,1,0,0,1,0,1,0,0,0,0,0,1,0,2,2,2,1,1,0,0,0,0,0,0
txn_06268,0,0,0,9,0,0,0,0,0,0,0,0,0,0,0,0,0,0,0,0,0,9,9,9,3,0,0,0,0,0,0,0
txn_02936,0,2,0,3,0,0,0,1,1,0,0,1,0,1,0,0,0,0,0,1,0,5,5,5,2,1,0,0,0,0,0,0
txn_08791,0,0,0,3,0,0,0,0,0,0,0,0,0,0,0,0,0,0,0,0,0,3,3,3,1,0,0,0,0,0,0,0
txn_06953,0,0,0,3,0,0,0,0,0,0,0,0,0,0,0,0,0,0,0,0,0,3,3,3,1,0,0,0,0,0,0,0
txn_05739,0,0,0,6,0,0,0,0,0,0,0,0,0,0,0,0,0,0,0,0,0,6,6,6,2,0,0,0,0,0,0,0
txn_02810,0,2,0,3,0,0,0,1,1,0,0,1,0,1,0,0,0,0,0,1,0,5,5,5,2,1,0,0,0,0,0,0
txn_08206,0,0,0,6,0,0,0,0,0,0,0,0,0,0,0,0,0,0,0,0,0,6,6,6,2,0,0,0,0,0,0,0
txn_04339,0,0,0,9,0,0,0,0,0,0,0,0,0,0,0,0,0,0,0,0,0,9,9,9,3,0,0,0,0,0,0,0
txn_04301,0,0,0,0,0,0,0,0,0,0,0,0,0,0,0,0,0,0,0,0,0,0,0,0,0,0,0,0,0,0,0,0
txn_09224,0,0,2,0,0,0,0,0,0,1,1,0,1,0,1,0,0,0,0,0,1,2,2,2,1,1,0,0,0,0,0,0
txn_06631,0,0,0,3,0,0,0,0,0,0,0,0,0,0,0,0,0,0,0,0,0,3,3,3,1,0,0,0,0,0,0,0
txn_08476,0,0,0,12,0,0,0,0,0,0,0,0,0,0,0,0,0,0,0,0,0,12,12,12,4,0,0,0,0,0,0,0
txn_07992,0,0,0,0,0,0,0,0,0,0,0,0,0,0,0,0,0,0,0,0,0,0,0,0,0,0,0,0,0,0,0,0
txn_07553,0,0,0,0,0,0,0,0,0,0,0,0,0,0,0,0,0,0,0,0,0,0,0,0,0,0,0,0,0,0,0,0
txn_09866,0,2,0,9,0,0,0,1,1,0,0,1,0,1,0,0,0,0,0,1,0,11,11,11,4,1,0,0,0,0,0,0
txn_00231,0,0,0,6,0,0,0,0,0,0,0,0,0,0,0,0,0,0,0,0,0,6,6,6,2,0,0,0,0,0,0,0
txn_00264,0,0,2,3,0,0,0,0,0,1,1,0,1,0,1,0,0,0,0,0,1,5,5,5,2,1,0,0,0,0,0,0
txn_07408,0,0,0,6,0,0,0,0,0,0,0,0,0,0,0,0,0,0,0,0,0,6,6,6,2,0,0,0,0,0,0,0
txn_07453,0,2,0,12,0,0,0,1,1,0,0,1,0,1,0,0,0,0,0,1,0,14,14,14,5,1,0,0,0,0,0,0
txn_01975,0,0,0,0,0,0,0,0,0,0,0,0,0,0,0,0,0,0,0,0,0,0,0,0,0,0,0,0,0,0,0,0
txn_01596,0,0,0,6,0,0,0,0,0,0,0,0,0,0,0,0,0,0,0,0,0,6,6,6,2,0,0,0,0,0,0,0
txn_01836,0,2,0,15,0,0,0,1,1,0,0,1,0,1,0,0,0,0,0,1,0,17,17,17,6,1,0,0,0,0,0,0
txn_01056,0,0,0,3,0,0,0,0,0,0,0,0,0,0,0,0,0,0,0,0,0,3,3,3,1,0,0,0,0,0,0,0
txn_08522,0,0,0,3,0,0,0,0,0,0,0,0,0,0,0,0,0,0,0,0,0,3,3,3,1,0,0,0,0,0,0,0
txn_00138,0,0,0,6,0,0,0,0,0,0,0,0,0,0,0,0,0,0,0,0,0,6,6,6,2,0,0,0,0,0,0,0
txn_06804,0,0,0,3,0,0,0,0,0,0,0,0,0,0,0,0,0,0,0,0,0,3,3,3,1,0,0,0,0,0,0,0
txn_00702,0,0,2,6,0,0,0,0,0,1,1,0,1,0,1,0,0,0,0,0,1,8,8,8,3,1,0,0,0,0,0,0
txn_02667,0,0,0,12,0,0,0,0,0,0,0,0,0,0,0,0,0,0,0,0,0,12,12,12,4,0,0,0,0,0,0,0
txn_04337,0,0,0,6,0,0,0,0,0,0,0,0,0,0,0,0,0,0,0,0,0,6,6,6,2,0,0,0,0,0,0,0
txn_09217,0,0,0,9,0,0,0,0,0,0,0,0,0,0,0,0,0,0,0,0,0,9,9,9,3,0,0,0,0,0,0,0
txn_04270,0,6,0,15,0,0,0,3,3,0,0,3,0,3,0,0,0,0,0,3,0,21,21,21,8,3,0,0,0,0,0,0
txn_04328,0,0,0,24,0,0,0,0,0,0,0,0,0,0,0,0,0,0,0,0,0,24,24,24,8,0,0,0,0,0,0,0
txn_08229,0,0,0,3,0,0,0,0,0,0,0,0,0,0,0,0,0,0,0,0,0,3,3,3,1,0,0,0,0,0,0,0
txn_00149,3,2,2,6,1,1,1,1,1,1,1,0,0,1,1,0,0,0,0,1,1,10,13,10,2,1,0,0,0,0,0,0
txn_03475,0,0,0,3,0,0,0,0,0,0,0,0,0,0,0,0,0,0,0,0,0,3,3,3,1,0,0,0,0,0,0,0
txn_08024,0,0,0,18,0,0,0,0,0,0,0,0,0,0,0,0,0,0,0,0,0,18,18,18,6,0,0,0,0,0,0,0
txn_01163,0,2,0,9,0,0,0,1,1,0,0,1,0,1,0,0,0,0,0,1,0,11,11,11,4,1,0,0,0,0,0,0
txn_07869,0,0,0,6,0,0,0,0,0,0,0,0,0,0,0,0,0,0,0,0,0,6,6,6,2,0,0,0,0,0,0,0
txn_06599,0,0,0,6,0,0,0,0,0,0,0,0,0,0,0,0,0,0,0,0,0,6,6,6,2,0,0,0,0,0,0,0
txn_03179,3,2,4,3,1,1,1,1,1,2,2,0,1,1,2,0,1,0,1,1,2,9,12,9,2,2,0,0,0,0,0,0
txn_07800,0,2,0,12,0,0,0,1,1,0,0,1,0,1,0,0,0,0,0,1,0,14,14,14,5,1,0,0,0,0,0,0
txn_03351,0,0,0,6,0,0,0,0,0,0,0,0,0,0,0,0,0,0,0,0,0,6,6,6,2,0,0,0,0,0,0,0
txn_05825,3,2,0,3,1,1,1,1,1,0,0,0,0,1,0,0,0,0,0,1,0,7,8,7,1,1,0,0,0,0,0,0
txn_07344,0,0,0,3,0,0,0,0,0,0,0,0,0,0,0,0,0,0,0,0,0,3,3,3,1,0,0,0,0,0,0,0
txn_07080,0,2,0,9,0,0,0,1,1,0,0,1,0,1,0,0,0,0,0,1,0,11,11,11,4,1,0,0,0,0,0,0
txn_08437,0,0,0,6,0,0,0,0,0,0,0,0,0,0,0,0,0,0,0,0,0,6,6,6,2,0,0,0,0,0,0,0
txn_04212,0,2,0,9,0,0,0,1,1,0,0,1,0,1,0,0,0,0,0,1,0,11,11,11,4,1,0,0,0,0,0,0
txn_06406,0,0,0,0,0,0,0,0,0,0,0,0,0,0,0,0,0,0,0,0,0,0,0,0,0,0,0,0,0,0,0,0
txn_08143,0,0,0,9,0,0,0,0,0,0,0,0,0,0,0,0,0,0,0,0,0,9,9,9,3,0,0,0,0,0,0,0
txn_02954,0,0,0,3,0,0,0,0,0,0,0,0,0,0,0,0,0,0,0,0,0,3,3,3,1,0,0,0,0,0,0,0
txn_01164,0,0,2,9,0,0,0,0,0,1,1,0,1,0,1,0,0,0,0,0,1,11,11,11,4,1,0,0,0,0,0,0
txn_06794,0,0,0,6,0,0,0,0,0,0,0,0,0,0,0,0,0,0,0,0,0,6,6,6,2,0,0,0,0,0,0,0
txn_02596,0,0,0,6,0,0,0,0,0,0,0,0,0,0,0,0,0,0,0,0,0,6,6,6,2,0,0,0,0,0,0,0
txn_07235,0,0,0,9,0,0,0,0,0,0,0,0,0,0,0,0,0,0,0,0,0,9,9,9,3,0,0,0,0,0,0,0
txn_02468,0,4,0,0,0,0,0,2,2,0,0,2,0,2,0,0,0,0,0,2,0,4,4,4,2,2,0,0,0,0,0,0
txn_08966,0,0,0,6,0,0,0,0,0,0,0,0,0,0,0,0,0,0,0,0,0,6,6,6,2,0,0,0,0,0,0,0
txn_00840,0,0,0,3,0,0,0,0,0,0,0,0,0,0,0,0,0,0,0,0,0,3,3,3,1,0,0,0,0,0,0,0
txn_01899,0,0,0,3,0,0,0,0,0,0,0,0,0,0,0,0,0,0,0,0,0,3,3,3,1,0,0,0,0,0,0,0
txn_07713,0,2,0,3,0,0,0,1,1,0,0,1,0,1,0,0,0,0,0,1,0,5,5,5,2,1,0,0,0,0,0,0
txn_00879,0,0,0,6,0,0,0,0,0,0,0,0,0,0,0,0,0,0,0,0,0,6,6,6,2,0,0,0,0,0,0,0
txn_05277,3,2,2,6,1,1,1,1,1,1,1,0,0,1,1,0,0,0,0,1,1,10,13,10,2,1,0,0,0,0,0,0
txn_01187,0,0,0,9,0,0,0,0,0,0,0,0,0,0,0,0,0,0,0,0,0,9,9,9,3,0,0,0,0,0,0,0
txn_03761,0,0,0,9,0,0,0,0,0,0,0,0,0,0,0,0,0,0,0,0,0,9,9,9,3,0,0,0,0,0,0,0
txn_04243,0,0,0,6,0,0,0,0,0,0,0,0,0,0,0,0,0,0,0,0,0,6,6,6,2,0,0,0,0,0,0,0
txn_00174,0,0,0,9,0,0,0,0,0,0,0,0,0,0,0,0,0,0,0,0,0,9,9,9,3,0,0,0,0,0,0,0
txn_08489,0,2,0,12,0,0,0,1,1,0,0,1,0,1,0,0,0,0,0,1,0,14,14,14,5,1,0,0,0,0,0,0
txn_05203,0,2,0,12,0,0,0,1,1,0,0,1,0,1,0,0,0,0,0,1,0,14,14,14,5,1,0,0,0,0,0,0
txn_08266,0,2,0,27,0,0,0,1,1,0,0,1,0,1,0,0,0,0,0,1,0,29,29,29,10,1,0,0,0,0,0,0
txn_01752,0,0,2,30,0,0,0,0,0,1,1,0,1,0,1,0,0,0,0,0,1,32,32,32,11,1,0,0,0,0,0,0
txn_05085,0,0,2,6,0,0,0,0,0,1,1,0,1,0,1,0,0,0,0,0,1,8,8,8,3,1,0,0,0,0,0,0
txn_06907,0,0,0,6,0,0,0,0,0,0,0,0,0,0,0,0,0,0,0,0,0,6,6,6,2,0,0,0,0,0,0,0
txn_05328,0,0,0,3,0,0,0,0,0,0,0,0,0,0,0,0,0,0,0,0,0,3,3,3,1,0,0,0,0,0,0,0
txn_09412,0,0,0,12,0,0,0,0,0,0,0,0,0,0,0,0,0,0,0,0,0,12,12,12,4,0,0,0,0,0,0,0
txn_07359,0,0,2,12,0,0,0,0,0,1,1,0,1,0,1,0,0,0,0,0,1,14,14,14,5,1,0,0,0,0,0,0
txn_07104,0,2,0,0,0,0,0,1,1,0,0,1,0,1,0,0,0,0,0,1,0,2,2,2,1,1,0,0,0,0,0,0
txn_02533,0,4,0,6,0,0,0,2,2,0,0,2,0,2,0,0,0,0,0,2,0,10,10,10,4,2,0,0,0,0,0,0
txn_09564,0,0,2,9,0,0,0,0,0,1,1,0,1,0,1,0,0,0,0,0,1,11,11,11,4,1,0,0,0,0,0,0
txn_00354,3,4,2,3,1,1,1,2,2,1,1,1,0,2,1,1,0,1,0,2,1,9,12,9,2,2,0,0,0,0,0,0
txn_01045,0,0,0,15,0,0,0,0,0,0,0,0,0,0,0,0,0,0,0,0,0,15,15,15,5,0,0,0,0,0,0,0
txn_01028,0,0,0,9,0,0,0,0,0,0,0,0,0,0,0,0,0,0,0,0,0,9,9,9,3,0,0,0,0,0,0,0
txn_00571,0,2,0,9,0,0,0,1,1,0,0,1,0,1,0,0,0,0,0,1,0,11,11,11,4,1,0,0,0,0,0,0
txn_02020,0,3,0,18,0,0,0,1,2,0,0,1,0,2,0,0,0,0,0,2,0,21,21,21,7,2,0,0,0,0,0,0
txn_01489,0,2,2,15,0,0,0,1,1,1,1,1,1,1,1,0,0,0,0,1,1,19,19,19,7,2,0,0,0,0,0,0
txn_07872,0,0,2,12,0,0,0,0,0,1,1,0,1,0,1,0,0,0,0,0,1,14,14,14,5,1,0,0,0,0,0,0
txn_03139,0,4,0,3,0,0,0,2,2,0,0,2,0,2,0,0,0,0,0,2,0,7,7,7,3,2,0,0,0,0,0,0
txn_05860,0,0,0,12,0,0,0,0,0,0,0,0,0,0,0,0,0,0,0,0,0,12,12,12,4,0,0,0,0,0,0,0
txn_07331,3,0,2,33,1,1,1,0,0,1,1,0,0,0,1,0,0,0,0,0,1,37,38,37,11,1,0,0,0,0,0,0
txn_09285,0,0,0,12,0,0,0,0,0,0,0,0,0,0,0,0,0,0,0,0,0,12,12,12,4,0,0,0,0,0,0,0
txn_05766,0,2,0,9,0,0,0,1,1,0,0,1,0,1,0,0,0,0,0,1,0,11,11,11,4,1,0,0,0,0,0,0
txn_01306,0,2,0,6,0,0,0,1,1,0,0,1,0,1,0,0,0,0,0,1,0,8,8,8,3,1,0,0,0,0,0,0
txn_00073,0,2,0,18,0,0,0,1,1,0,0,1,0,1,0,0,0,0,0,1,0,20,20,20,7,1,0,0,0,0,0,0
txn_09922,0,2,0,9,0,0,0,1,1,0,0,1,0,1,0,0,0,0,0,1,0,11,11,11,4,1,0,0,0,0,0,0
txn_04049,0,0,0,0,0,0,0,0,0,0,0,0,0,0,0,0,0,0,0,0,0,0,0,0,0,0,0,0,0,0,0,0
txn_06293,0,0,0,3,0,0,0,0,0,0,0,0,0,0,0,0,0,0,0,0,0,3,3,3,1,0,0,0,0,0,0,0
txn_08592,0,2,0,36,0,0,0,1,1,0,0,1,0,1,0,0,0,0,0,1,0,38,38,38,13,1,0,0,0,0,0,0
txn_01257,0,0,2,3,0,0,0,0,0,1,1,0,1,0,1,0,0,0,0,0,1,5,5,5,2,1,0,0,0,0,0,0
txn_05251,0,0,0,3,0,0,0,0,0,0,0,0,0,0,0,0,0,0,0,0,0,3,3,3,1,0,0,0,0,0,0,0
txn_06510,0,0,0,3,0,0,0,0,0,0,0,0,0,0,0,0,0,0,0,0,0,3,3,3,1,0,0,0,0,0,0,0
txn_08469,3,2,2,6,1,1,1,1,1,1,1,0,0,1,1,0,0,0,0,1,1,10,13,10,2,1,0,0,0,0,0,0
txn_01584,0,0,4,9,0,0,0,0,0,2,2,0,2,0,2,0,0,0,0,0,2,13,13,13,5,2,0,0,0,0,0,0
txn_02935,0,2,0,6,0,0,0,1,1,0,0,1,0,1,0,0,0,0,0,1,0,8,8,8,3,1,0,0,0,0,0,0
txn_00424,0,0,0,12,0,0,0,0,0,0,0,0,0,0,0,0,0,0,0,0,0,12,12,12,4,0,0,0,0,0,0,0
txn_01127,0,2,0,3,0,0,0,1,1,0,0,1,0,1,0,0,0,0,0,1,0,5,5,5,2,1,0,0,0,0,0,0
txn_02083,3,0,2,12,1,1,1,0,0,1,1,0,0,0,1,0,0,0,0,0,1,16,17,16,4,1,0,0,0,0,0,0
txn_00360,0,2,0,9,0,0,0,1,1,0,0,1,0,1,0,0,0,0,0,1,0,11,11,11,4,1,0,0,0,0,0,0
txn_03624,0,2,0,12,0,0,0,1,1,0,0,1,0,1,0,0,0,0,0,1,0,14,14,14,5,1,0,0,0,0,0,0
txn_07297,3,4,0,39,1,1,1,2,2,0,0,2,0,2,0,0,0,0,0,2,0,46,46,46,15,3,0,0,0,0,0,0
txn_05308,0,2,0,9,0,0,0,1,1,0,0,1,0,1,0,0,0,0,0,1,0,11,11,11,4,1,0,0,0,0,0,0
txn_00151,0,0,2,9,0,0,0,0,0,1,1,0,1,0,1,0,0,0,0,0,1,11,11,11,4,1,0,0,0,0,0,0
txn_07719,3,6,0,0,1,1,1,3,3,0,0,3,0,3,0,0,0,0,0,3,0,9,9,9,3,4,0,0,0,0,0,0
txn_06904,0,0,2,21,0,0,0,0,0,1,1,0,1,0,1,0,0,0,0,0,1,23,23,23,8,1,0,0,0,0,0,0
txn_01370,0,0,2,24,0,0,0,0,0,1,1,0,1,0,1,0,0,0,0,0,1,26,26,26,9,1,0,0,0,0,0,0
txn_06801,0,0,3,3,0,0,0,0,0,1,2,0,1,0,2,0,0,0,0,0,2,6,6,6,2,2,0,0,0,0,0,0
txn_04421,3,2,2,9,1,1,1,1,1,1,1,1,0,1,1,0,0,0,0,1,1,15,16,15,4,2,0,0,0,0,0,0
txn_00443,0,5,2,6,0,0,0,2,3,1,1,2,1,3,1,0,0,0,0,3,1,13,13,13,5,4,0,0,0,0,0,0
txn_09580,0,0,2,9,0,0,0,0,0,1,1,0,1,0,1,0,0,0,0,0,1,11,11,11,4,1,0,0,0,0,0,0
txn_00525,3,2,0,18,1,1,1,1,1,0,0,0,0,1,0,0,1,0,1,1,0,22,23,22,6,1,0,0,0,0,0,0
txn_07456,0,2,0,9,0,0,0,1,1,0,0,1,0,1,0,0,0,0,0,1,0,11,11,11,4,1,0,0,0,0,0,0
txn_04691,3,2,0,3,1,1,1,1,1,0,0,1,0,1,0,0,0,0,0,1,0,8,8,8,2,2,0,0,0,0,0,0
txn_04325,0,0,2,15,0,0,0,0,0,1,1,0,1,0,1,0,0,0,0,0,1,17,17,17,6,1,0,0,0,0,0,0
txn_07008,3,2,2,3,1,1,1,1,1,1,1,1,1,1,1,0,1,0,1,1,1,10,10,10,3,3,0,0,0,0,0,0
txn_07621,0,2,0,3,0,0,0,1,1,0,0,1,0,1,0,0,0,0,0,1,0,5,5,5,2,1,0,0,0,0,0,0
txn_08056,0,3,0,21,0,0,0,1,2,0,0,1,0,2,0,0,0,0,0,2,0,24,24,24,8,2,0,0,0,0,0,0
txn_02778,0,0,0,15,0,0,0,0,0,0,0,0,0,0,0,0,0,0,0,0,0,15,15,15,5,0,0,0,0,0,0,0
txn_03545,0,2,0,15,0,0,0,1,1,0,0,1,0,1,0,0,0,0,0,1,0,17,17,17,6,1,0,0,0,0,0,0
txn_01307,0,0,0,6,0,0,0,0,0,0,0,0,0,0,0,0,0,0,0,0,0,6,6,6,2,0,0,0,0,0,0,0
txn_02854,0,0,2,3,0,0,0,0,0,1,1,0,1,0,1,0,0,0,0,0,1,5,5,5,2,1,0,0,0,0,0,0
txn_09815,0,2,0,9,0,0,0,1,1,0,0,1,0,1,0,0,0,0,0,1,0,11,11,11,4,1,0,0,0,0,0,0
txn_00994,0,2,0,9,0,0,0,1,1,0,0,1,0,1,0,0,0,0,0,1,0,11,11,11,4,1,0,0,0,0,0,0
txn_03382,0,2,2,15,0,0,0,1,1,1,1,1,1,1,1,0,0,0,0,1,1,19,19,19,7,2,0,0,0,0,0,0
txn_02535,0,0,0,18,0,0,0,0,0,0,0,0,0,0,0,0,0,0,0,0,0,18,18,18,6,0,0,0,0,0,0,0
txn_07159,0,0,3,12,0,0,0,0,0,1,2,0,1,0,2,0,0,0,0,0,2,15,15,15,5,2,0,0,0,0,0,0
txn_05557,0,2,2,6,0,0,0,1,1,1,1,1,1,1,1,0,0,0,0,1,1,10,10,10,4,2,0,0,0,0,0,0
txn_08272,0,0,2,42,0,0,0,0,0,1,1,0,1,0,1,0,0,0,0,0,1,44,44,44,15,1,0,0,0,0,0,0
txn_09292,0,0,2,27,0,0,0,0,0,1,1,0,1,0,1,0,0,0,0,0,1,29,29,29,10,1,0,0,0,0,0,0
txn_06774,0,0,0,30,0,0,0,0,0,0,0,0,0,0,0,0,0,0,0,0,0,30,30,30,10,0,0,0,0,0,0,0
txn_07112,0,0,0,12,0,0,0,0,0,0,0,0,0,0,0,0,0,0,0,0,0,12,12,12,4,0,0,0,0,0,0,0
txn_01421,0,0,4,18,0,0,0,0,0,2,2,0,2,0,2,0,0,0,0,0,2,22,22,22,8,2,0,0,0,0,0,0
txn_07786,0,2,0,18,0,0,0,1,1,0,0,1,0,1,0,0,0,0,0,1,0,20,20,20,7,1,0,0,0,0,0,0
txn_08073,0,2,0,9,0,0,0,1,1,0,0,1,0,1,0,0,0,0,0,1,0,11,11,11,4,1,0,0,0,0,0,0
txn_01588,0,0,0,21,0,0,0,0,0,0,0,0,0,0,0,0,0,0,0,0,0,21,21,21,7,0,0,0,0,0,0,0
txn_09587,3,5,2,45,1,1,1,2,3,1,1,1,0,3,1,1,0,1,0,3,1,52,55,52,16,3,0,0,0,0,0,0
txn_00920,3,0,0,21,1,1,1,0,0,0,0,0,0,0,0,1,0,3,0,0,0,24,24,24,7,1,0,0,0,0,0,0
txn_00384,0,0,0,15,0,0,0,0,0,0,0,0,0,0,0,0,0,0,0,0,0,15,15,15,5,0,0,0,0,0,0,0
txn_09178,0,0,0,48,0,0,0,0,0,0,0,0,0,0,0,0,0,0,0,0,0,48,48,48,16,0,0,0,0,0,0,0
txn_00673,0,3,0,6,0,0,0,1,2,0,0,1,0,2,0,0,0,0,0,2,0,9,9,9,3,2,0,0,0,0,0,0
txn_09845,0,0,0,9,0,0,0,0,0,0,0,0,0,0,0,0,0,0,0,0,0,9,9,9,3,0,0,0,0,0,0,0
txn_03639,3,2,0,12,1,1,1,1,1,0,0,1,0,1,0,1,0,1,0,1,0,17,17,17,5,2,0,0,0,0,0,0
txn_04267,0,4,0,6,0,0,0,2,2,0,0,2,0,2,0,0,0,0,0,2,0,10,10,10,4,2,0,0,0,0,0,0
txn_01625,0,0,0,0,0,0,0,0,0,0,0,0,0,0,0,0,0,0,0,0,0,0,0,0,0,0,0,0,0,0,0,0
txn_05831,0,2,0,6,0,0,0,1,1,0,0,1,0,1,0,0,0,0,0,1,0,8,8,8,3,1,0,0,0,0,0,0
txn_09620,3,2,0,21,1,1,1,1,1,0,0,0,0,1,0,0,0,0,0,1,0,25,26,25,7,1,0,0,0,0,0,0
txn_09424,0,2,0,12,0,0,0,1,1,0,0,1,0,1,0,0,0,0,0,1,0,14,14,14,5,1,0,0,0,0,0,0
txn_07037,0,0,0,12,0,0,0,0,0,0,0,0,0,0,0,0,0,0,0,0,0,12,12,12,4,0,0,0,0,0,0,0
txn_03987,0,4,0,12,0,0,0,2,2,0,0,2,0,2,0,0,0,0,0,2,0,16,16,16,6,2,0,0,0,0,0,0
txn_09058,0,0,2,9,0,0,0,0,0,1,1,0,1,0,0,0,0,0,0,0,0,10,11,10,3,1,0,0,0,0,0,0
txn_00935,0,2,2,15,0,0,0,1,1,1,1,1,1,1,1,0,0,0,0,1,1,19,19,19,7,2,0,0,0,0,0,0
txn_00790,0,0,0,12,0,0,0,0,0,0,0,0,0,0,0,0,0,0,0,0,0,12,12,12,4,0,0,0,0,0,0,0
txn_07647,0,0,2,12,0,0,0,0,0,1,1,0,1,0,1,0,0,0,0,0,1,14,14,14,5,1,0,0,0,0,0,0
txn_01467,0,2,0,0,0,0,0,1,1,0,0,1,0,1,0,0,0,0,0,1,0,2,2,2,1,1,0,0,0,0,0,0
txn_02843,0,0,2,15,0,0,0,0,0,1,1,0,1,0,1,0,0,0,0,0,1,17,17,17,6,1,0,0,0,0,0,0
txn_08195,0,2,0,9,0,0,0,1,1,0,0,1,0,1,0,0,0,0,0,1,0,11,11,11,4,1,0,0,0,0,0,0
txn_05740,3,2,2,33,1,1,1,1,1,1,1,0,0,1,1,0,0,0,0,1,1,37,40,37,11,1,0,0,0,0,0,0
txn_00917,0,5,0,21,0,0,0,2,3,0,0,2,0,3,0,0,0,0,0,3,0,26,26,26,9,3,0,0,0,0,0,0
txn_07702,0,0,0,18,0,0,0,0,0,0,0,0,0,0,0,0,0,0,0,0,0,18,18,18,6,0,0,0,0,0,0,0
txn_01207,0,0,0,3,0,0,0,0,0,0,0,0,0,0,0,0,0,0,0,0,0,3,3,3,1,0,0,0,0,0,0,0
txn_03691,0,0,0,6,0,0,0,0,0,0,0,0,0,0,0,0,0,0,0,0,0,6,6,6,2,0,0,0,0,0,0,0
txn_05838,0,0,0,36,0,0,0,0,0,0,0,0,0,0,0,0,0,0,0,0,0,36,36,36,12,0,0,0,0,0,0,0
txn_05372,0,0,0,51,0,0,0,0,0,0,0,0,0,0,0,0,0,0,0,0,0,51,51,51,17,0,0,0,0,0,0,0
txn_04932,0,0,0,15,0,0,0,0,0,0,0,0,0,0,0,0,0,0,0,0,0,15,15,15,5,0,0,0,0,0,0,0
txn_06353,0,2,2,15,0,0,0,1,1,1,1,1,1,1,1,0,0,0,0,1,1,19,19,19,7,2,0,0,0,0,0,0
txn_03252,0,0,0,12,0,0,0,0,0,0,0,0,0,0,0,0,0,0,0,0,0,12,12,12,4,0,0,0,0,0,0,0
txn_05967,0,2,0,15,0,0,0,1,1,0,0,1,0,1,0,0,0,0,0,1,0,17,17,17,6,1,0,0,0,0,0,0
txn_05067,0,0,0,24,0,0,0,0,0,0,0,0,0,0,0,0,0,0,0,0,0,24,24,24,8,0,0,0,0,0,0,0
txn_05995,0,0,2,18,0,0,0,0,0,1,1,0,1,0,1,0,0,0,0,0,1,20,20,20,7,1,0,0,0,0,0,0
txn_08309,0,4,0,24,0,0,0,2,2,0,0,2,0,2,0,0,0,0,0,2,0,28,28,28,10,2,0,0,0,0,0,0
txn_00656,0,2,0,6,0,0,0,1,1,0,0,1,0,1,0,0,0,0,0,1,0,8,8,8,3,1,0,0,0,0,0,0
txn_01525,0,6,0,15,0,0,0,2,4,0,0,2,0,4,0,0,0,0,0,4,0,21,21,21,7,4,0,0,0,0,0,0
txn_04721,3,2,2,6,1,1,1,1,1,1,1,0,0,1,1,0,0,0,0,1,1,10,13,10,2,1,0,0,0,0,0,0
txn_02915,3,2,4,15,1,1,1,1,1,2,2,0,1,1,2,0,1,0,1,1,2,21,24,21,6,2,0,0,0,0,0,0
txn_08712,3,2,2,3,1,1,1,1,1,1,1,1,0,1,1,1,0,1,0,1,1,9,10,9,2,2,0,0,0,0,0,0
txn_04609,3,2,4,18,1,1,1,1,1,2,2,0,1,1,2,0,1,0,1,1,2,24,27,24,7,2,0,0,0,0,0,0
txn_05409,0,2,0,12,0,0,0,1,1,0,0,1,0,1,0,0,0,0,0,1,0,14,14,14,5,1,0,0,0,0,0,0
txn_04963,0,2,2,15,0,0,0,1,1,1,1,1,1,1,1,0,0,0,0,1,1,19,19,19,7,2,0,0,0,0,0,0
txn_08918,0,0,0,12,0,0,0,0,0,0,0,0,0,0,0,0,0,0,0,0,0,12,12,12,4,0,0,0,0,0,0,0
txn_02947,0,0,0,15,0,0,0,0,0,0,0,0,0,0,0,0,0,0,0,0,0,15,15,15,5,0,0,0,0,0,0,0
txn_05207,0,2,0,18,0,0,0,1,1,0,0,1,0,1,0,0,0,0,0,1,0,20,20,20,7,1,0,0,0,0,0,0
txn_01311,0,0,4,11,0,0,0,0,0,2,2,0,2,0,2,0,0,0,0,0,2,15,15,15,6,2,0,0,0,0,0,0
txn_09703,0,0,2,21,0,0,0,0,0,1,1,0,1,0,1,0,0,0,0,0,1,23,23,23,8,1,0,0,0,0,0,0
txn_03102,0,0,0,12,0,0,0,0,0,0,0,0,0,0,0,0,0,0,0,0,0,12,12,12,4,0,0,0,0,0,0,0
txn_01849,0,0,0,21,0,0,0,0,0,0,0,0,0,0,0,0,0,0,0,0,0,21,21,21,7,0,0,0,0,0,0,0
txn_04463,6,8,2,18,2,2,2,4,4,1,1,3,0,4,1,1,1,3,1,4,1,31,34,31,9,5,0,0,0,0,0,0
txn_06029,0,0,0,24,0,0,0,0,0,0,0,0,0,0,0,0,0,0,0,0,0,24,24,24,8,0,0,0,0,0,0,0
txn_04312,0,2,0,9,0,0,0,1,1,0,0,1,0,1,0,0,0,0,0,1,0,11,11,11,4,1,0,0,0,0,0,0
txn_02801,0,4,0,21,0,0,0,2,2,0,0,2,0,2,0,0,0,0,0,2,0,25,25,25,9,2,0,0,0,0,0,0
txn_02839,0,2,0,15,0,0,0,1,1,0,0,1,0,1,0,0,0,0,0,1,0,17,17,17,6,1,0,0,0,0,0,0
txn_01665,0,0,2,39,0,0,0,0,0,1,1,0,1,0,1,0,0,0,0,0,1,41,41,41,14,1,0,0,0,0,0,0
txn_06811,0,2,2,18,0,0,0,1,1,1,1,1,1,1,1,0,0,0,0,1,1,22,22,22,8,2,0,0,0,0,0,0
txn_00590,0,0,0,42,0,0,0,0,0,0,0,0,0,0,0,0,0,0,0,0,0,42,42,42,14,0,0,0,0,0,0,0
txn_03128,0,2,0,15,0,0,0,1,1,0,0,1,0,1,0,0,0,0,0,1,0,17,17,17,6,1,0,0,0,0,0,0
txn_08947,0,0,0,6,0,0,0,0,0,0,0,0,0,0,0,0,0,0,0,0,0,6,6,6,2,0,0,0,0,0,0,0
txn_08809,0,0,2,3,0,0,0,0,0,1,1,0,1,0,1,0,0,0,0,0,1,5,5,5,2,1,0,0,0,0,0,0
txn_09901,0,2,0,14,0,0,0,1,1,0,0,1,0,1,0,0,0,0,0,1,0,16,16,16,6,1,0,0,0,0,0,0
txn_09687,0,0,2,3,0,0,0,0,0,1,1,0,1,0,1,0,0,0,0,0,1,5,5,5,2,1,0,0,0,0,0,0
txn_02959,0,2,2,24,0,0,0,1,1,1,1,1,1,1,1,0,0,0,0,1,1,28,28,28,10,2,0,0,0,0,0,0
txn_08654,0,0,0,12,0,0,0,0,0,0,0,0,0,0,0,0,0,0,0,0,0,12,12,12,4,0,0,0,0,0,0,0
txn_00023,3,2,2,6,1,1,1,1,1,1,1,0,0,1,1,0,0,0,0,1,1,10,13,10,2,1,0,0,0,0,0,0
txn_06141,0,0,0,18,0,0,0,0,0,0,0,0,0,0,0,0,0,0,0,0,0,18,18,18,6,0,0,0,0,0,0,0
txn_04286,0,2,0,27,0,0,0,1,1,0,0,1,0,1,0,0,0,0,0,1,0,29,29,29,10,1,0,0,0,0,0,0
txn_09946,0,0,0,15,0,0,0,0,0,0,0,0,0,0,0,0,0,0,0,0,0,15,15,15,5,0,0,0,0,0,0,0
txn_03094,0,0,0,24,0,0,0,0,0,0,0,0,0,0,0,0,0,0,0,0,0,24,24,24,8,0,0,0,0,0,0,0
txn_03164,0,2,2,0,0,0,0,1,1,1,1,1,1,1,1,0,0,0,0,1,1,4,4,4,2,2,0,0,0,0,0,0
txn_00577,0,8,0,21,0,0,0,3,5,0,0,3,0,5,0,0,0,0,0,5,0,29,29,29,10,5,0,0,0,0,0,0
txn_07033,0,3,2,9,0,0,0,1,2,1,1,1,1,2,1,0,0,0,0,2,1,14,14,14,5,3,0,0,0,0,0,0
txn_06436,3,3,0,12,1,1,1,1,2,0,0,1,0,2,0,1,0,3,0,2,0,18,18,18,5,3,0,0,0,0,0,0
txn_08094,0,2,4,6,0,0,0,1,1,2,2,1,2,1,2,0,0,0,0,1,2,12,12,12,5,3,0,0,0,0,0,0
txn_00944,0,2,0,17,0,0,0,1,1,0,0,1,0,1,0,0,0,0,0,1,0,19,19,19,7,1,0,0,0,0,0,0
txn_00375,3,2,4,18,1,1,1,1,1,2,2,1,1,1,2,1,1,1,1,1,2,26,27,26,8,3,0,0,0,0,0,0
txn_07075,0,0,0,54,0,0,0,0,0,0,0,0,0,0,0,0,0,0,0,0,0,54,54,54,18,0,0,0,0,0,0,0
txn_08929,0,0,0,15,0,0,0,0,0,0,0,0,0,0,0,0,0,0,0,0,0,15,15,15,5,0,0,0,0,0,0,0
txn_06798,3,2,0,3,1,1,1,1,1,0,0,0,0,1,0,0,0,0,0,1,0,7,8,7,1,1,0,0,0,0,0,0
txn_02145,0,0,0,6,0,0,0,0,0,0,0,0,0,0,0,0,0,0,0,0,0,6,6,6,2,0,0,0,0,0,0,0
txn_03123,0,2,0,57,0,0,0,1,1,0,0,1,0,1,0,0,0,0,0,1,0,59,59,59,20,1,0,0,0,0,0,0
txn_04458,0,0,2,9,0,0,0,0,0,1,1,0,1,0,1,0,0,0,0,0,1,11,11,11,4,1,0,0,0,0,0,0
txn_07479,0,8,0,12,0,0,0,4,4,0,0,4,0,4,0,0,0,0,0,4,0,20,20,20,8,4,0,0,0,0,0,0
txn_03711,0,2,0,9,0,0,0,1,1,0,0,1,0,1,0,0,0,0,0,1,0,11,11,11,4,1,0,0,0,0,0,0
txn_04997,3,4,2,18,1,1,1,2,2,1,1,1,0,2,1,1,0,1,0,2,1,24,27,24,7,2,0,0,0,0,0,0
txn_04627,0,0,0,12,0,0,0,0,0,0,0,0,0,0,0,0,0,0,0,0,0,12,12,12,4,0,0,0,0,0,0,0
txn_06179,0,0,0,9,0,0,0,0,0,0,0,0,0,0,0,0,0,0,0,0,0,9,9,9,3,0,0,0,0,0,0,0
txn_08552,0,0,0,27,0,0,0,0,0,0,0,0,0,0,0,0,0,0,0,0,0,27,27,27,9,0,0,0,0,0,0,0
txn_03881,0,2,2,21,0,0,0,1,1,1,1,1,1,1,1,0,0,0,0,1,1,25,25,25,9,2,0,0,0,0,0,0
txn_07001,0,4,0,21,0,0,0,2,2,0,0,2,0,2,0,0,0,0,0,2,0,25,25,25,9,2,0,0,0,0,0,0
txn_05487,3,4,2,24,1,1,1,2,2,1,1,1,0,2,1,1,0,1,0,2,1,30,33,30,9,2,0,0,0,0,0,0
txn_03272,4,7,5,0,1,1,2,3,4,2,3,2,1,4,3,1,1,2,1,4,3,11,16,11,3,5,0,0,0,0,0,0
txn_00859,0,2,0,6,0,0,0,1,1,0,0,1,0,1,0,0,0,0,0,1,0,8,8,8,3,1,0,0,0,0,0,0
txn_08613,0,0,0,18,0,0,0,0,0,0,0,0,0,0,0,0,0,0,0,0,0,18,18,18,6,0,0,0,0,0,0,0
txn_05342,0,0,0,15,0,0,0,0,0,0,0,0,0,0,0,0,0,0,0,0,0,15,15,15,5,0,0,0,0,0,0,0
txn_05637,0,0,0,12,0,0,0,0,0,0,0,0,0,0,0,0,0,0,0,0,0,12,12,12,4,0,0,0,0,0,0,0
txn_06211,0,2,0,45,0,0,0,1,1,0,0,1,0,1,0,0,0,0,0,1,0,47,47,47,16,1,0,0,0,0,0,0
txn_02283,0,0,0,21,0,0,0,0,0,0,0,0,0,0,0,0,0,0,0,0,0,21,21,21,7,0,0,0,0,0,0,0
txn_05584,3,4,2,6,1,1,1,2,2,1,1,1,0,2,1,1,0,1,0,2,1,12,15,12,3,2,0,0,0,0,0,0
txn_08717,0,0,2,12,0,0,0,0,0,1,1,0,1,0,1,0,0,0,0,0,1,14,14,14,5,1,0,0,0,0,0,0
txn_08507,0,0,0,21,0,0,0,0,0,0,0,0,0,0,0,0,0,0,0,0,0,21,21,21,7,0,0,0,0,0,0,0
txn_02900,0,0,0,18,0,0,0,0,0,0,0,0,0,0,0,0,0,0,0,0,0,18,18,18,6,0,0,0,0,0,0,0
txn_06489,0,2,2,15,0,0,0,1,1,1,1,1,1,1,1,0,0,0,0,1,1,19,19,19,7,2,0,0,0,0,0,0
txn_06624,0,2,0,18,0,0,0,1,1,0,0,1,0,1,0,0,0,0,0,1,0,20,20,20,7,1,0,0,0,0,0,0
txn_07158,0,0,0,6,0,0,0,0,0,0,0,0,0,0,0,0,0,0,0,0,0,6,6,6,2,0,0,0,0,0,0,0
txn_03977,3,0,2,60,1,1,1,0,0,1,1,0,0,0,1,0,0,0,0,0,1,64,65,64,20,1,0,0,0,0,0,0
txn_00086,0,2,0,3,0,0,0,1,1,0,0,1,0,1,0,0,0,0,0,1,0,5,5,5,2,1,0,0,0,0,0,0
txn_09879,0,0,0,9,0,0,0,0,0,0,0,0,0,0,0,0,0,0,0,0,0,9,9,9,3,0,0,0,0,0,0,0
txn_06996,0,0,0,6,0,0,0,0,0,0,0,0,0,0,0,0,0,0,0,0,0,6,6,6,2,0,0,0,0,0,0,0
txn_00616,0,0,2,9,0,0,0,0,0,1,1,0,1,0,1,0,0,0,0,0,1,11,11,11,4,1,0,0,0,0,0,0
txn_03130,0,2,0,6,0,0,0,1,1,0,0,1,0,1,0,0,0,0,0,1,0,8,8,8,3,1,0,0,0,0,0,0
txn_02493,3,4,4,3,1,1,1,2,2,2,2,1,1,2,2,1,1,1,1,2,2,11,14,11,3,3,0,0,0,0,0,0
txn_02212,0,2,0,9,0,0,0,1,1,0,0,1,0,1,0,0,0,0,0,1,0,11,11,11,4,1,0,0,0,0,0,0
txn_09832,3,4,0,21,1,1,1,2,2,0,0,2,0,2,0,1,0,1,0,2,0,28,28,28,9,3,0,0,0,0,0,0
txn_06515,0,0,0,9,0,0,0,0,0,0,0,0,0,0,0,0,0,0,0,0,0,9,9,9,3,0,0,0,0,0,0,0
txn_06964,3,2,0,48,1,1,1,1,1,0,0,0,0,1,0,0,1,0,1,1,0,52,53,52,16,1,0,0,0,0,0,0
txn_07611,0,0,0,24,0,0,0,0,0,0,0,0,0,0,0,0,0,0,0,0,0,24,24,24,8,0,0,0,0,0,0,0
txn_05965,0,2,2,6,0,0,0,1,1,1,1,1,1,1,1,0,0,0,0,1,1,10,10,10,4,2,0,0,0,0,0,0
txn_05765,0,0,2,24,0,0,0,0,0,1,1,0,1,0,1,0,0,0,0,0,1,26,26,26,9,1,0,0,0,0,0,0
txn_03227,0,0,2,9,0,0,0,0,0,1,1,0,1,0,1,0,0,0,0,0,1,11,11,11,4,1,0,0,0,0,0,0
txn_03862,0,2,0,12,0,0,0,1,1,0,0,1,0,1,0,0,0,0,0,1,0,14,14,14,5,1,0,0,0,0,0,0
txn_08806,3,2,2,24,1,1,1,1,1,1,1,0,0,1,1,0,0,0,0,1,1,28,31,28,8,1,0,0,0,0,0,0
txn_00518,0,2,2,21,0,0,0,1,1,1,1,1,1,1,1,0,0,0,0,1,1,25,25,25,9,2,0,0,0,0,0,0
txn_08443,0,0,5,15,0,0,0,0,0,2,3,0,2,0,3,0,0,0,0,0,3,20,20,20,7,3,0,0,0,0,0,0
txn_08902,3,0,2,9,1,1,1,0,0,1,1,0,0,0,1,0,0,0,0,0,1,13,14,13,3,1,0,0,0,0,0,0
txn_06446,0,2,0,0,0,0,0,1,1,0,0,1,0,1,0,0,0,0,0,1,0,2,2,2,1,1,0,0,0,0,0,0
txn_08215,0,2,2,9,0,0,0,1,1,1,1,1,1,1,1,0,0,0,0,1,1,13,13,13,5,2,0,0,0,0,0,0
txn_09795,0,0,4,0,0,0,0,0,0,2,2,0,2,0,2,0,0,0,0,0,2,4,4,4,2,2,0,0,0,0,0,0
txn_08000,3,2,0,6,1,1,1,1,1,0,0,1,0,1,0,0,1,0,1,1,0,11,11,11,3,2,0,0,0,0,0,0
txn_06556,0,0,2,27,0,0,0,0,0,1,1,0,1,0,1,0,0,0,0,0,1,29,29,29,10,1,0,0,0,0,0,0
txn_05944,0,0,4,9,0,0,0,0,0,2,2,0,2,0,2,0,0,0,0,0,2,13,13,13,5,2,0,0,0,0,0,0
txn_07508,0,5,4,3,0,0,0,2,3,2,2,2,2,3,2,0,0,0,0,3,2,12,12,12,5,5,0,0,0,0,0,0
txn_06226,0,0,0,3,0,0,0,0,0,0,0,0,0,0,0,0,0,0,0,0,0,3,3,3,1,0,0,0,0,0,0,0
txn_01083,0,0,0,24,0,0,0,0,0,0,0,0,0,0,0,0,0,0,0,0,0,24,24,24,8,0,0,0,0,0,0,0
txn_01331,0,2,0,9,0,0,0,1,1,0,0,1,0,1,0,0,0,0,0,1,0,11,11,11,4,1,0,0,0,0,0,0
txn_09493,0,6,0,18,0,0,0,3,3,0,0,3,0,3,0,0,0,0,0,3,0,24,24,24,9,3,0,0,0,0,0,0
txn_07189,0,0,2,27,0,0,0,0,0,1,1,0,1,0,1,0,0,0,0,0,1,29,29,29,10,1,0,0,0,0,0,0
txn_04864,0,0,3,9,0,0,0,0,0,1,2,0,1,0,2,0,0,0,0,0,2,12,12,12,4,2,0,0,0,0,0,0
txn_04430,0,0,0,21,0,0,0,0,0,0,0,0,0,0,0,0,0,0,0,0,0,21,21,21,7,0,0,0,0,0,0,0
txn_07587,0,2,0,27,0,0,0,1,1,0,0,1,0,1,0,0,0,0,0,1,0,29,29,29,10,1,0,0,0,0,0,0
txn_06874,0,2,0,24,0,0,0,1,1,0,0,1,0,1,0,0,0,0,0,1,0,26,26,26,9,1,0,0,0,0,0,0
txn_07711,0,0,0,24,0,0,0,0,0,0,0,0,0,0,0,0,0,0,0,0,0,24,24,24,8,0,0,0,0,0,0,0
txn_03893,3,2,4,0,1,1,1,1,1,2,2,0,1,1,2,0,1,0,1,1,2,6,9,6,1,2,0,0,0,0,0,0
txn_07645,0,0,0,24,0,0,0,0,0,0,0,0,0,0,0,0,0,0,0,0,0,24,24,24,8,0,0,0,0,0,0,0
txn_05032,0,4,0,15,0,0,0,2,2,0,0,2,0,2,0,0,0,0,0,2,0,19,19,19,7,2,0,0,0,0,0,0
txn_02189,4,5,3,18,1,1,2,2,3,1,2,1,0,3,2,1,0,1,0,3,2,25,30,25,7,3,0,0,0,0,0,0
txn_02466,0,4,0,27,0,0,0,2,2,0,0,2,0,2,0,0,0,0,0,2,0,31,31,31,11,2,0,0,0,0,0,0
txn_02643,3,0,5,30,1,1,1,0,0,2,3,0,1,0,3,1,1,1,1,0,3,37,38,37,11,3,0,0,0,0,0,0
txn_05779,0,2,7,0,0,0,0,1,1,3,4,1,3,1,4,0,0,0,0,1,4,9,9,9,4,5,0,0,0,0,0,0
txn_02771,0,0,4,30,0,0,0,0,0,2,2,0,2,0,2,0,0,0,0,0,2,34,34,34,12,2,0,0,0,0,0,0
txn_07444,3,2,4,30,1,1,1,1,1,2,2,0,1,1,2,0,1,0,1,1,2,36,39,36,11,2,0,0,0,0,0,0
txn_05922,3,2,6,12,1,1,1,1,1,3,3,0,3,1,3,0,1,0,1,1,3,22,23,22,7,4,0,0,0,0,0,0
txn_05861,3,2,6,6,1,1,1,1,1,3,3,0,2,1,3,0,1,0,2,1,3,14,17,14,4,3,0,0,0,0,0,0
txn_02414,0,2,0,33,0,0,0,1,1,0,0,1,0,1,0,0,0,0,0,1,0,35,35,35,12,1,0,0,0,0,0,0
txn_09701,0,2,2,3,0,0,0,1,1,1,1,1,1,1,1,0,0,0,0,1,1,7,7,7,3,2,0,0,0,0,0,0
txn_08432,3,4,0,12,1,1,1,2,2,0,0,1,0,2,0,1,0,1,0,2,0,18,19,18,5,2,0,0,0,0,0,0
txn_08486,0,2,2,15,0,0,0,1,1,1,1,1,1,1,1,0,0,0,0,1,1,19,19,19,7,2,0,0,0,0,0,0
txn_06417,0,2,0,33,0,0,0,1,1,0,0,1,0,1,0,0,0,0,0,1,0,35,35,35,12,1,0,0,0,0,0,0
txn_08121,0,0,4,15,0,0,0,0,0,2,2,0,2,0,2,0,0,0,0,0,2,19,19,19,7,2,0,0,0,0,0,0
txn_07741,3,2,0,30,1,1,1,1,1,0,0,0,0,1,0,0,0,0,0,1,0,34,35,34,10,1,0,0,0,0,0,0
txn_06000,0,2,0,9,0,0,0,1,1,0,0,1,0,1,0,0,0,0,0,1,0,11,11,11,4,1,0,0,0,0,0,0
txn_07471,0,2,4,3,0,0,0,1,1,2,2,1,2,1,2,0,0,0,0,1,2,9,9,9,4,3,0,0,0,0,0,0
txn_01535,3,2,6,0,1,1,1,1,1,3,3,0,3,1,3,0,0,0,0,1,3,10,11,10,3,4,0,0,0,0,0,0
txn_01110,0,2,0,9,0,0,0,1,1,0,0,1,0,1,0,0,0,0,0,1,0,11,11,11,4,1,0,0,0,0,0,0
txn_08785,3,4,2,27,1,1,1,2,2,1,1,2,0,2,1,0,0,0,0,2,1,35,36,35,11,3,0,0,0,0,0,0
txn_06619,0,0,2,27,0,0,0,0,0,1,1,0,1,0,1,0,0,0,0,0,1,29,29,29,10,1,0,0,0,0,0,0
txn_04078,0,4,0,9,0,0,0,2,2,0,0,2,0,2,0,0,0,0,0,2,0,13,13,13,5,2,0,0,0,0,0,0
txn_08091,3,0,2,18,1,1,1,0,0,1,1,0,0,0,1,0,0,0,0,0,1,22,23,22,6,1,0,0,0,0,0,0
txn_03622,3,4,0,3,1,1,1,2,2,0,0,1,0,2,0,1,0,1,0,2,0,9,10,9,2,2,0,0,0,0,0,0
txn_03754,0,0,0,6,0,0,0,0,0,0,0,0,0,0,0,0,0,0,0,0,0,6,6,6,2,0,0,0,0,0,0,0
txn_03993,0,0,0,18,0,0,0,0,0,0,0,0,0,0,0,0,0,0,0,0,0,18,18,18,6,0,0,0,0,0,0,0
txn_04504,0,0,0,63,0,0,0,0,0,0,0,0,0,0,0,0,0,0,0,0,0,63,63,63,21,0,0,0,0,0,0,0
txn_04237,0,0,0,33,0,0,0,0,0,0,0,0,0,0,0,0,0,0,0,0,0,33,33,33,11,0,0,0,0,0,0,0
txn_06477,0,0,0,9,0,0,0,0,0,0,0,0,0,0,0,0,0,0,0,0,0,9,9,9,3,0,0,0,0,0,0,0
txn_03853,0,2,2,27,0,0,0,1,1,1,1,1,1,1,1,0,0,0,0,1,1,31,31,31,11,2,0,0,0,0,0,0
txn_02198,0,2,0,21,0,0,0,1,1,0,0,1,0,1,0,0,0,0,0,1,0,23,23,23,8,1,0,0,0,0,0,0
txn_09003,0,2,0,21,0,0,0,1,1,0,0,1,0,1,0,0,0,0,0,1,0,23,23,23,8,1,0,0,0,0,0,0
txn_02095,0,10,0,18,0,0,0,5,5,0,0,5,0,5,0,0,0,0,0,5,0,28,28,28,11,5,0,0,0,0,0,0
txn_06796,0,4,2,30,0,0,0,2,2,1,1,2,1,2,1,0,0,0,0,2,1,36,36,36,13,3,0,0,0,0,0,0
txn_07433,0,0,0,12,0,0,0,0,0,0,0,0,0,0,0,0,0,0,0,0,0,12,12,12,4,0,0,0,0,0,0,0
txn_03952,0,2,0,18,0,0,0,1,1,0,0,1,0,1,0,0,0,0,0,1,0,20,20,20,7,1,0,0,0,0,0,0
txn_05492,0,0,0,27,0,0,0,0,0,0,0,0,0,0,0,0,0,0,0,0,0,27,27,27,9,0,0,0,0,0,0,0
txn_01276,5,10,4,6,1,2,2,4,6,2,2,3,1,6,2,1,1,3,1,6,2,21,25,21,6,7,0,0,0,0,0,0
txn_03590,0,2,0,30,0,0,0,1,1,0,0,1,0,1,0,0,0,0,0,1,0,32,32,32,11,1,0,0,0,0,0,0
txn_06827,0,2,4,18,0,0,0,1,1,2,2,1,2,1,2,0,0,0,0,1,2,24,24,24,9,3,0,0,0,0,0,0
txn_02494,0,4,0,9,0,0,0,2,2,0,0,2,0,2,0,0,0,0,0,2,0,13,13,13,5,2,0,0,0,0,0,0
txn_09289,0,2,0,66,0,0,0,1,1,0,0,1,0,1,0,0,0,0,0,1,0,68,68,68,23,1,0,0,0,0,0,0
txn_06396,0,4,2,27,0,0,0,2,2,1,1,2,1,2,1,0,0,0,0,2,1,33,33,33,12,3,0,0,0,0,0,0
txn_04098,0,3,0,51,0,0,0,1,2,0,0,1,0,2,0,0,0,0,0,2,0,54,54,54,18,2,0,0,0,0,0,0
txn_07232,0,3,2,30,0,0,0,1,2,1,1,1,1,2,1,0,0,0,0,2,1,35,35,35,12,3,0,0,0,0,0,0
txn_03310,0,0,0,12,0,0,0,0,0,0,0,0,0,0,0,0,0,0,0,0,0,12,12,12,4,0,0,0,0,0,0,0
txn_07596,0,2,0,6,0,0,0,1,1,0,0,1,0,1,0,0,0,0,0,1,0,8,8,8,3,1,0,0,0,0,0,0
txn_03199,0,0,5,21,0,0,0,0,0,2,3,0,2,0,3,0,0,0,0,0,3,26,26,26,9,3,0,0,0,0,0,0
txn_08132,0,0,0,15,0,0,0,0,0,0,0,0,0,0,0,0,0,0,0,0,0,15,15,15,5,0,0,0,0,0,0,0
txn_08306,4,5,2,0,1,1,2,2,3,1,1,1,1,3,1,1,0,1,0,3,1,9,11,9,2,4,0,0,0,0,0,0
txn_05896,3,2,0,6,1,1,1,1,1,0,0,1,0,1,0,1,1,1,1,1,0,11,11,11,3,2,0,0,0,0,0,0
txn_05145,0,2,0,3,0,0,0,1,1,0,0,1,0,1,0,0,0,0,0,1,0,5,5,5,2,1,0,0,0,0,0,0
txn_06128,0,2,0,30,0,0,0,1,1,0,0,1,0,1,0,0,0,0,0,1,0,32,32,32,11,1,0,0,0,0,0,0
txn_00657,0,2,0,54,0,0,0,1,1,0,0,1,0,1,0,0,0,0,0,1,0,56,56,56,19,1,0,0,0,0,0,0
txn_02958,0,0,2,57,0,0,0,0,0,1,1,0,1,0,1,0,0,0,0,0,1,59,59,59,20,1,0,0,0,0,0,0
txn_00055,0,2,0,21,0,0,0,1,1,0,0,1,0,1,0,0,0,0,0,1,0,23,23,23,8,1,0,0,0,0,0,0
txn_01273,3,6,4,12,1,1,1,3,3,2,2,3,2,3,2,1,0,1,0,3,2,25,25,25,9,6,0,0,0,0,0,0
txn_07657,0,0,0,21,0,0,0,0,0,0,0,0,0,0,0,0,0,0,0,0,0,21,21,21,7,0,0,0,0,0,0,0
txn_05144,0,2,6,12,0,0,0,1,1,2,4,1,2,1,4,0,0,0,0,1,4,18,20,18,6,4,0,0,0,0,0,0
txn_09919,3,4,0,9,1,1,1,2,2,0,0,2,0,2,0,0,1,0,1,2,0,16,16,16,5,3,0,0,0,0,0,0
txn_01855,3,4,2,33,1,1,1,2,2,1,1,1,0,2,1,1,0,1,0,2,1,39,42,39,12,2,0,0,0,0,0,0
txn_06262,0,0,0,12,0,0,0,0,0,0,0,0,0,0,0,0,0,0,0,0,0,12,12,12,4,0,0,0,0,0,0,0
txn_06249,3,0,0,18,1,1,1,0,0,0,0,0,0,0,0,0,0,0,0,0,0,21,21,21,6,1,0,0,0,0,0,0
txn_02073,0,2,0,27,0,0,0,1,1,0,0,1,0,1,0,0,0,0,0,1,0,29,29,29,10,1,0,0,0,0,0,0
txn_08570,0,2,0,15,0,0,0,1,1,0,0,1,0,1,0,0,0,0,0,1,0,17,17,17,6,1,0,0,0,0,0,0
txn_00513,0,4,2,36,0,0,0,2,2,1,1,2,1,2,1,0,0,0,0,2,1,42,42,42,15,3,0,0,0,0,0,0
txn_08406,0,2,0,24,0,0,0,1,1,0,0,1,0,1,0,0,0,0,0,1,0,26,26,26,9,1,0,0,0,0,0,0
txn_04753,3,4,2,60,1,1,1,2,2,1,1,1,0,2,1,1,0,1,0,2,1,66,69,66,21,2,0,0,0,0,0,0
txn_05068,0,2,0,69,0,0,0,1,1,0,0,1,0,1,0,0,0,0,0,1,0,71,71,71,24,1,0,0,0,0,0,0
txn_00661,0,2,0,24,0,0,0,1,1,0,0,1,0,1,0,0,0,0,0,1,0,26,26,26,9,1,0,0,0,0,0,0
txn_02518,3,6,2,12,1,1,1,3,3,1,1,2,0,3,1,1,0,2,0,3,1,20,23,20,6,3,0,0,0,0,0,0
txn_05548,0,2,6,33,0,0,0,1,1,3,3,1,3,1,3,0,0,0,0,1,3,40,41,40,15,3,0,0,0,0,0,0
txn_05529,0,0,0,12,0,0,0,0,0,0,0,0,0,0,0,0,0,0,0,0,0,12,12,12,4,0,0,0,0,0,0,0
txn_02141,0,0,2,15,0,0,0,0,0,1,1,0,1,0,1,0,0,0,0,0,1,17,17,17,6,1,0,0,0,0,0,0
txn_04946,3,2,4,15,1,1,1,1,1,2,2,0,1,1,2,0,1,0,1,1,2,21,24,21,6,2,0,0,0,0,0,0
txn_09157,0,6,0,63,0,0,0,3,3,0,0,3,0,3,0,0,0,0,0,3,0,69,69,69,24,3,0,0,0,0,0,0
txn_01576,0,0,2,6,0,0,0,0,0,1,1,0,1,0,1,0,0,0,0,0,1,8,8,8,3,1,0,0,0,0,0,0
txn_06190,3,6,6,3,1,1,1,3,3,3,3,3,2,3,3,0,1,0,2,3,3,17,18,17,6,6,0,0,0,0,0,0
txn_09678,3,4,4,39,1,1,1,2,2,2,2,1,1,2,2,1,1,1,1,2,2,47,50,47,15,3,0,0,0,0,0,0
txn_07887,0,4,0,12,0,0,0,2,2,0,0,2,0,2,0,0,0,0,0,2,0,16,16,16,6,2,0,0,0,0,0,0
txn_06065,3,4,2,0,1,1,1,2,2,1,1,1,0,2,1,1,0,1,0,2,1,6,9,6,1,2,0,0,0,0,0,0
txn_04953,3,2,2,30,1,1,1,1,1,1,1,1,0,1,1,1,0,1,0,1,1,36,37,36,11,2,0,0,0,0,0,0
txn_07206,0,4,0,36,0,0,0,2,2,0,0,2,0,2,0,0,0,0,0,2,0,40,40,40,14,2,0,0,0,0,0,0
txn_07302,0,2,2,72,0,0,0,1,1,1,1,1,1,1,1,0,0,0,0,1,1,76,76,76,26,2,0,0,0,0,0,0
txn_04200,3,4,0,9,1,1,1,2,2,0,0,1,0,2,0,1,1,1,1,2,0,15,16,15,4,2,0,0,0,0,0,0
txn_08602,0,2,0,18,0,0,0,1,1,0,0,1,0,1,0,0,0,0,0,1,0,20,20,20,7,1,0,0,0,0,0,0
txn_04017,0,2,0,18,0,0,0,1,1,0,0,1,0,1,0,0,0,0,0,1,0,20,20,20,7,1,0,0,0,0,0,0
txn_03280,0,0,0,18,0,0,0,0,0,0,0,0,0,0,0,0,0,0,0,0,0,18,18,18,6,0,0,0,0,0,0,0
txn_08824,0,0,0,24,0,0,0,0,0,0,0,0,0,0,0,0,0,0,0,0,0,24,24,24,8,0,0,0,0,0,0,0
txn_05317,0,0,4,27,0,0,0,0,0,2,2,0,2,0,2,0,0,0,0,0,2,31,31,31,11,2,0,0,0,0,0,0
txn_08427,0,0,0,33,0,0,0,0,0,0,0,0,0,0,0,0,0,0,0,0,0,33,33,33,11,0,0,0,0,0,0,0
txn_04076,0,0,2,9,0,0,0,0,0,1,1,0,1,0,1,0,0,0,0,0,1,11,11,11,4,1,0,0,0,0,0,0
txn_04944,0,2,2,18,0,0,0,1,1,1,1,1,1,1,1,0,0,0,0,1,1,22,22,22,8,2,0,0,0,0,0,0
txn_09633,0,0,0,15,0,0,0,0,0,0,0,0,0,0,0,0,0,0,0,0,0,15,15,15,5,0,0,0,0,0,0,0
txn_06584,0,3,0,42,0,0,0,1,2,0,0,1,0,2,0,0,0,0,0,2,0,45,45,45,15,2,0,0,0,0,0,0
txn_03399,0,0,0,6,0,0,0,0,0,0,0,0,0,0,0,0,0,0,0,0,0,6,6,6,2,0,0,0,0,0,0,0
txn_07373,0,0,2,9,0,0,0,0,0,1,1,0,1,0,1,0,0,0,0,0,1,11,11,11,4,1,0,0,0,0,0,0
txn_07655,0,0,2,24,0,0,0,0,0,1,1,0,1,0,1,0,0,0,0,0,1,26,26,26,9,1,0,0,0,0,0,0
txn_09063,0,0,0,15,0,0,0,0,0,0,0,0,0,0,0,0,0,0,0,0,0,15,15,15,5,0,0,0,0,0,0,0
txn_03466,3,2,0,18,1,1,1,1,1,0,0,1,0,1,0,0,0,0,0,1,0,23,23,23,7,2,0,0,0,0,0,0
txn_07586,3,2,2,36,1,1,1,1,1,1,1,0,1,1,1,0,1,0,1,1,1,42,43,42,13,2,0,0,0,0,0,0
txn_05943,0,0,2,15,0,0,0,0,0,1,1,0,1,0,1,0,0,0,0,0,1,17,17,17,6,1,0,0,0,0,0,0
txn_06991,0,4,2,27,0,0,0,2,2,1,1,2,1,2,1,0,0,0,0,2,1,33,33,33,12,3,0,0,0,0,0,0
txn_00288,3,4,2,24,1,1,1,2,2,1,1,1,0,2,1,1,0,1,0,2,1,30,33,30,9,2,0,0,0,0,0,0
txn_04633,0,2,0,21,0,0,0,1,1,0,0,1,0,1,0,0,0,0,0,1,0,23,23,23,8,1,0,0,0,0,0,0
txn_09883,0,0,4,21,0,0,0,0,0,2,2,0,2,0,2,0,0,0,0,0,2,25,25,25,9,2,0,0,0,0,0,0
txn_04522,0,0,0,66,0,0,0,0,0,0,0,0,0,0,0,0,0,0,0,0,0,66,66,66,22,0,0,0,0,0,0,0
txn_04404,0,4,0,15,0,0,0,2,2,0,0,2,0,2,0,0,0,0,0,2,0,19,19,19,7,2,0,0,0,0,0,0
txn_06537,0,2,2,12,0,0,0,1,1,1,1,1,1,1,1,0,0,0,0,1,1,16,16,16,6,2,0,0,0,0,0,0
txn_00248,0,0,0,27,0,0,0,0,0,0,0,0,0,0,0,0,0,0,0,0,0,27,27,27,9,0,0,0,0,0,0,0
txn_05753,0,0,0,15,0,0,0,0,0,0,0,0,0,0,0,0,0,0,0,0,0,15,15,15,5,0,0,0,0,0,0,0
txn_06692,0,2,0,33,0,0,0,1,1,0,0,1,0,1,0,0,0,0,0,1,0,35,35,35,12,1,0,0,0,0,0,0
txn_04349,0,2,0,39,0,0,0,1,1,0,0,1,0,1,0,0,0,0,0,1,0,41,41,41,14,1,0,0,0,0,0,0
txn_08016,0,0,0,30,0,0,0,0,0,0,0,0,0,0,0,0,0,0,0,0,0,30,30,30,10,0,0,0,0,0,0,0
txn_05030,3,4,0,0,1,1,1,2,2,0,0,2,0,2,0,1,0,2,0,2,0,7,7,7,2,3,0,0,0,0,0,0
txn_03729,0,4,0,21,0,0,0,2,2,0,0,2,0,2,0,0,0,0,0,2,0,25,25,25,9,2,0,0,0,0,0,0
txn_03573,0,0,0,15,0,0,0,0,0,0,0,0,0,0,0,0,0,0,0,0,0,15,15,15,5,0,0,0,0,0,0,0
txn_09134,0,2,0,36,0,0,0,1,1,0,0,1,0,1,0,0,0,0,0,1,0,38,38,38,13,1,0,0,0,0,0,0
txn_04353,0,2,0,39,0,0,0,1,1,0,0,1,0,1,0,0,0,0,0,1,0,41,41,41,14,1,0,0,0,0,0,0
txn_00258,0,0,0,6,0,0,0,0,0,0,0,0,0,0,0,0,0,0,0,0,0,6,6,6,2,0,0,0,0,0,0,0
txn_05150,0,0,0,6,0,0,0,0,0,0,0,0,0,0,0,0,0,0,0,0,0,6,6,6,2,0,0,0,0,0,0,0
txn_00284,0,6,0,15,0,0,0,2,4,0,0,2,0,4,0,0,0,0,0,4,0,21,21,21,7,4,0,0,0,0,0,0
txn_06169,0,0,0,12,0,0,0,0,0,0,0,0,0,0,0,0,0,0,0,0,0,12,12,12,4,0,0,0,0,0,0,0
txn_02285,0,2,2,27,0,0,0,1,1,1,1,1,1,1,1,0,0,0,0,1,1,31,31,31,11,2,0,0,0,0,0,0
txn_02576,3,2,0,39,1,1,1,1,1,0,0,1,0,1,0,0,0,0,0,1,0,44,44,44,14,2,0,0,0,0,0,0
txn_03016,0,2,0,42,0,0,0,1,1,0,0,1,0,1,0,0,0,0,0,1,0,44,44,44,15,1,0,0,0,0,0,0
txn_06954,0,0,0,6,0,0,0,0,0,0,0,0,0,0,0,0,0,0,0,0,0,6,6,6,2,0,0,0,0,0,0,0
txn_04666,0,2,0,12,0,0,0,1,1,0,0,1,0,1,0,0,0,0,0,1,0,14,14,14,5,1,0,0,0,0,0,0
txn_06440,5,4,3,27,2,1,2,2,2,1,2,1,0,2,2,1,0,1,0,2,2,35,39,35,10,3,0,0,0,0,0,0
txn_09159,3,4,9,9,1,1,1,2,2,4,5,1,3,2,5,1,1,1,3,2,5,22,25,22,7,6,0,0,0,0,0,0
txn_00688,0,2,0,15,0,0,0,1,1,0,0,1,0,1,0,0,0,0,0,1,0,17,17,17,6,1,0,0,0,0,0,0
txn_07196,0,4,0,9,0,0,0,2,2,0,0,2,0,2,0,0,0,0,0,2,0,13,13,13,5,2,0,0,0,0,0,0
txn_01759,0,4,0,20,0,0,0,2,2,0,0,2,0,2,0,0,0,0,0,2,0,24,24,24,9,2,0,0,0,0,0,0
txn_01198,0,2,2,18,0,0,0,1,1,1,1,1,1,1,1,0,0,0,0,1,1,22,22,22,8,2,0,0,0,0,0,0
txn_07175,5,4,3,18,2,1,2,2,2,1,2,2,1,2,2,0,0,0,0,2,2,30,30,30,9,6,0,0,0,0,0,0
txn_07659,3,8,2,12,1,1,1,4,4,1,1,3,0,4,1,1,0,3,0,4,1,22,25,22,7,4,0,0,0,0,0,0
txn_00658,3,4,7,9,1,1,1,2,2,3,4,1,2,2,4,1,1,1,2,2,4,20,23,20,6,5,0,0,0,0,0,0
txn_02990,3,4,2,12,1,1,1,2,2,1,1,1,0,2,1,1,0,1,0,2,1,18,21,18,5,2,0,0,0,0,0,0
txn_05982,0,2,2,12,0,0,0,1,1,1,1,1,1,1,1,0,0,0,0,1,1,16,16,16,6,2,0,0,0,0,0,0
txn_06890,0,2,2,30,0,0,0,1,1,1,1,1,1,1,1,0,0,0,0,1,1,34,34,34,12,2,0,0,0,0,0,0
txn_03529,0,2,4,21,0,0,0,1,1,2,2,1,2,1,2,0,0,0,0,1,2,25,27,25,9,2,0,0,0,0,0,0
txn_09317,0,5,0,27,0,0,0,2,3,0,0,2,0,2,0,0,0,0,0,2,0,31,32,31,10,3,0,0,0,0,0,0
txn_04601,0,0,2,45,0,0,0,0,0,1,1,0,1,0,1,0,0,0,0,0,1,47,47,47,16,1,0,0,0,0,0,0
txn_08404,0,2,0,30,0,0,0,1,1,0,0,1,0,1,0,0,0,0,0,1,0,32,32,32,11,1,0,0,0,0,0,0
txn_06786,3,4,2,30,1,1,1,2,2,1,1,1,0,2,1,1,0,1,0,2,1,36,39,36,11,2,0,0,0,0,0,0
txn_09171,0,2,2,3,0,0,0,1,1,1,1,1,1,1,1,0,0,0,0,1,1,7,7,7,3,2,0,0,0,0,0,0
txn_00659,0,5,2,21,0,0,0,2,3,1,1,2,1,3,1,0,0,0,0,3,1,28,28,28,10,4,0,0,0,0,0,0
txn_07686,3,2,6,21,1,1,1,1,1,3,3,1,2,1,3,0,1,0,2,1,3,31,32,31,10,4,0,0,0,0,0,0
txn_02732,0,2,2,23,0,0,0,1,1,1,1,1,1,1,1,0,0,0,0,1,1,27,27,27,10,2,0,0,0,0,0,0
txn_06324,3,6,6,29,1,1,1,3,3,3,3,2,2,3,3,1,1,2,2,3,3,41,44,41,14,5,0,0,0,0,0,0
txn_05993,0,6,3,36,0,0,0,3,3,1,2,3,1,3,1,0,0,0,0,3,1,44,45,44,15,5,0,0,0,0,0,0
txn_02295,3,4,2,45,1,1,1,2,2,1,1,1,0,2,1,1,0,1,0,2,1,51,54,51,16,2,0,0,0,0,0,0
txn_04693,0,4,0,30,0,0,0,2,2,0,0,2,0,2,0,0,0,0,0,2,0,34,34,34,12,2,0,0,0,0,0,0
txn_07391,0,8,3,18,0,0,0,4,4,2,1,4,2,4,1,0,0,0,0,4,1,29,29,29,12,5,0,0,0,0,0,0
txn_08166,0,4,0,9,0,0,0,2,2,0,0,2,0,2,0,0,0,0,0,2,0,13,13,13,5,2,0,0,0,0,0,0
txn_04356,3,2,0,9,1,1,1,1,1,0,0,0,0,1,0,0,1,0,1,1,0,13,14,13,3,1,0,0,0,0,0,0
txn_03297,0,0,0,24,0,0,0,0,0,0,0,0,0,0,0,0,0,0,0,0,0,24,24,24,8,0,0,0,0,0,0,0
txn_07064,0,2,0,12,0,0,0,1,1,0,0,1,0,1,0,0,0,0,0,1,0,14,14,14,5,1,0,0,0,0,0,0
txn_09044,0,2,0,42,0,0,0,1,1,0,0,1,0,1,0,0,0,0,0,1,0,44,44,44,15,1,0,0,0,0,0,0
txn_00796,3,4,2,6,1,1,1,2,2,1,1,2,1,2,1,1,0,2,0,2,1,15,15,15,5,4,0,0,0,0,0,0
txn_09571,0,0,4,9,0,0,0,0,0,2,2,0,2,0,2,0,0,0,0,0,2,13,13,13,5,2,0,0,0,0,0,0
txn_07357,0,0,2,33,0,0,0,0,0,1,1,0,1,0,1,0,0,0,0,0,1,35,35,35,12,1,0,0,0,0,0,0
txn_06012,0,0,0,69,0,0,0,0,0,0,0,0,0,0,0,0,0,0,0,0,0,69,69,69,23,0,0,0,0,0,0,0
txn_09956,0,3,0,33,0,0,0,1,2,0,0,1,0,2,0,0,0,0,0,2,0,36,36,36,12,2,0,0,0,0,0,0
txn_07367,3,2,2,12,1,1,1,1,1,1,1,1,0,1,1,1,0,1,0,1,1,18,19,18,5,2,0,0,0,0,0,0
txn_06135,0,4,2,12,0,0,0,2,2,1,1,2,1,2,1,0,0,0,0,2,1,18,18,18,7,3,0,0,0,0,0,0
txn_06791,6,0,4,42,1,2,3,0,0,2,2,0,1,0,2,1,1,1,1,0,2,48,52,48,14,4,0,0,0,0,0,0
txn_09251,0,2,0,15,0,0,0,1,1,0,0,1,0,1,0,0,0,0,0,1,0,17,17,17,6,1,0,0,0,0,0,0
txn_03895,0,6,0,3,0,0,0,3,3,0,0,3,0,3,0,0,0,0,0,3,0,9,9,9,4,3,0,0,0,0,0,0
txn_00437,0,5,0,24,0,0,0,2,3,0,0,2,0,3,0,0,0,0,0,3,0,29,29,29,10,3,0,0,0,0,0,0
txn_04638,0,2,0,9,0,0,0,1,1,0,0,1,0,1,0,0,0,0,0,1,0,11,11,11,4,1,0,0,0,0,0,0
txn_07193,0,2,4,9,0,0,0,1,1,2,2,1,2,1,2,0,0,0,0,1,2,15,15,15,6,3,0,0,0,0,0,0
txn_09895,7,2,3,48,2,2,3,1,1,1,2,0,0,1,2,1,1,1,1,1,2,56,60,56,16,3,0,0,0,0,0,0
txn_04906,0,2,0,51,0,0,0,1,1,0,0,1,0,1,0,0,0,0,0,1,0,53,53,53,18,1,0,0,0,0,0,0
txn_08326,0,0,0,33,0,0,0,0,0,0,0,0,0,0,0,0,0,0,0,0,0,33,33,33,11,0,0,0,0,0,0,0
txn_01263,3,2,2,18,1,1,1,1,1,1,1,0,0,1,1,0,0,0,0,1,1,22,25,22,6,1,0,0,0,0,0,0
txn_05216,0,0,0,36,0,0,0,0,0,0,0,0,0,0,0,0,0,0,0,0,0,36,36,36,12,0,0,0,0,0,0,0
txn_03621,0,4,2,72,0,0,0,2,2,1,1,2,1,2,1,0,0,0,0,2,1,78,78,78,27,3,0,0,0,0,0,0
txn_09770,0,0,5,15,0,0,0,0,0,2,3,0,2,0,3,0,0,0,0,0,3,20,20,20,7,3,0,0,0,0,0,0
txn_04061,0,4,0,75,0,0,0,2,2,0,0,2,0,2,0,0,0,0,0,2,0,79,79,79,27,2,0,0,0,0,0,0
txn_04602,0,2,2,48,0,0,0,1,1,1,1,1,1,1,1,0,0,0,0,1,1,52,52,52,18,2,0,0,0,0,0,0
txn_02834,3,0,8,75,1,1,1,0,0,4,4,0,3,0,4,0,1,0,3,0,4,85,86,85,28,4,0,0,0,0,0,0
txn_06090,0,0,0,12,0,0,0,0,0,0,0,0,0,0,0,0,0,0,0,0,0,12,12,12,4,0,0,0,0,0,0,0
txn_07223,3,4,0,12,1,1,1,2,2,0,0,2,0,2,0,1,1,2,2,2,0,19,19,19,6,3,0,0,0,0,0,0
txn_05752,0,0,0,78,0,0,0,0,0,0,0,0,0,0,0,0,0,0,0,0,0,78,78,78,26,0,0,0,0,0,0,0
txn_05318,3,6,2,78,1,1,1,3,3,1,1,2,0,3,1,1,0,2,0,3,1,86,89,86,28,3,0,0,0,0,0,0
txn_03462,0,3,0,81,0,0,0,1,2,0,0,1,0,2,0,0,0,0,0,2,0,84,84,84,28,2,0,0,0,0,0,0
txn_06606,3,4,2,6,1,1,1,2,2,1,1,1,0,2,1,1,0,1,0,2,1,12,15,12,3,2,0,0,0,0,0,0
txn_07251,0,2,0,15,0,0,0,1,1,0,0,1,0,1,0,0,0,0,0,1,0,17,17,17,6,1,0,0,0,0,0,0
txn_07122,0,0,0,36,0,0,0,0,0,0,0,0,0,0,0,0,0,0,0,0,0,36,36,36,12,0,0,0,0,0,0,0
txn_04491,0,0,2,30,0,0,0,0,0,1,1,0,1,0,1,0,0,0,0,0,1,32,32,32,11,1,0,0,0,0,0,0
txn_08324,6,11,2,51,2,2,2,4,7,1,1,3,0,7,1,2,0,4,0,7,1,67,70,67,20,8,0,0,0,0,0,0
txn_05642,0,2,0,15,0,0,0,1,1,0,0,1,0,1,0,0,0,0,0,1,0,17,17,17,6,1,0,0,0,0,0,0
txn_00198,0,8,2,84,0,0,0,4,4,1,1,4,1,4,1,0,0,0,0,4,1,94,94,94,33,5,0,0,0,0,0,0
txn_02164,3,2,2,36,1,1,1,1,1,1,1,0,0,1,1,0,0,0,0,1,1,40,43,40,12,1,0,0,0,0,0,0
txn_00787,0,7,2,24,0,0,0,3,4,1,1,3,1,4,1,0,0,0,0,4,1,32,33,32,12,4,0,0,0,0,0,0
txn_00454,0,10,2,45,0,0,0,5,5,1,1,5,1,5,1,0,0,0,0,5,1,56,57,56,21,5,0,0,0,0,0,0
txn_01893,0,0,0,12,0,0,0,0,0,0,0,0,0,0,0,0,0,0,0,0,0,12,12,12,4,0,0,0,0,0,0,0
txn_03355,0,2,0,6,0,0,0,1,1,0,0,1,0,1,0,0,0,0,0,1,0,8,8,8,3,1,0,0,0,0,0,0
txn_07496,3,4,6,36,1,1,1,2,2,3,3,2,2,2,3,0,1,0,2,2,3,48,49,48,16,5,0,0,0,0,0,0
txn_02076,0,0,0,33,0,0,0,0,0,0,0,0,0,0,0,0,0,0,0,0,0,33,33,33,11,0,0,0,0,0,0,0
txn_09193,0,0,4,9,0,0,0,0,0,2,2,0,2,0,2,0,0,0,0,0,2,13,13,13,5,2,0,0,0,0,0,0
txn_07468,0,4,2,39,0,0,0,2,2,1,1,2,1,2,1,0,0,0,0,2,1,45,45,45,16,3,0,0,0,0,0,0
txn_05876,0,2,0,38,0,0,0,1,1,0,0,1,0,1,0,0,0,0,0,1,0,40,40,40,14,1,0,0,0,0,0,0
txn_00700,0,2,0,44,0,0,0,1,1,0,0,1,0,1,0,0,0,0,0,1,0,46,46,46,15,1,0,0,0,0,0,0
txn_04387,0,4,0,15,0,0,0,2,2,0,0,2,0,2,0,0,0,0,0,2,0,19,19,19,7,2,0,0,0,0,0,0
txn_06229,3,6,0,18,1,1,1,3,3,0,0,2,0,3,0,1,0,2,0,3,0,26,27,26,8,3,0,0,0,0,0,0
txn_06198,0,4,0,32,0,0,0,2,2,0,0,2,0,2,0,0,0,0,0,2,0,36,36,36,13,2,0,0,0,0,0,0
txn_04129,0,6,0,39,0,0,0,3,3,0,0,3,0,3,0,0,0,0,0,3,0,45,45,45,16,3,0,0,0,0,0,0
txn_07776,3,12,2,9,1,1,1,4,8,1,1,4,1,8,1,0,0,0,0,8,1,24,26,24,7,10,0,0,0,0,0,0
txn_02868,0,0,2,21,0,0,0,0,0,1,1,0,1,0,1,0,0,0,0,0,1,23,23,23,8,1,0,0,0,0,0,0
txn_00249,3,4,2,21,1,1,1,2,2,1,1,1,0,2,1,1,0,1,0,2,1,27,30,27,8,2,0,0,0,0,0,0
txn_00844,3,0,2,36,1,1,1,0,0,1,1,0,0,0,1,1,0,1,0,0,1,40,41,40,12,1,0,0,0,0,0,0
txn_09549,0,6,2,12,0,0,0,3,3,1,1,3,1,3,1,0,0,0,0,3,1,20,20,20,8,4,0,0,0,0,0,0
txn_05670,0,8,0,24,0,0,0,4,4,0,0,4,0,4,0,0,0,0,0,4,0,32,32,32,12,4,0,0,0,0,0,0
txn_07671,0,0,3,18,0,0,0,0,0,1,2,0,1,0,2,0,0,0,0,0,2,21,21,21,7,2,0,0,0,0,0,0
txn_04033,3,6,0,33,1,1,1,3,3,0,0,2,0,3,0,1,1,2,2,3,0,41,42,41,13,3,0,0,0,0,0,0
txn_04761,0,4,0,48,0,0,0,2,2,0,0,2,0,2,0,0,0,0,0,2,0,52,52,52,18,2,0,0,0,0,0,0
txn_01677,0,2,2,39,0,0,0,1,1,1,1,1,1,1,1,0,0,0,0,1,1,43,43,43,15,2,0,0,0,0,0,0
txn_01277,0,2,0,18,0,0,0,1,1,0,0,1,0,1,0,0,0,0,0,1,0,20,20,20,7,1,0,0,0,0,0,0
txn_03357,0,0,2,6,0,0,0,0,0,1,1,0,1,0,1,0,0,0,0,0,1,8,8,8,3,1,0,0,0,0,0,0
txn_06379,3,2,0,18,1,1,1,1,1,0,0,1,0,1,0,0,0,0,0,1,0,23,23,23,7,2,0,0,0,0,0,0
txn_09960,0,2,0,21,0,0,0,1,1,0,0,1,0,1,0,0,0,0,0,1,0,23,23,23,8,1,0,0,0,0,0,0
txn_07910,3,8,4,87,1,1,1,4,4,2,2,4,1,4,2,1,1,1,1,4,2,101,102,101,34,6,0,0,0,0,0,0
txn_00079,0,0,2,33,0,0,0,0,0,1,1,0,1,0,1,0,0,0,0,0,1,35,35,35,12,1,0,0,0,0,0,0
txn_08815,0,2,0,24,0,0,0,1,1,0,0,1,0,1,0,0,0,0,0,1,0,26,26,26,9,1,0,0,0,0,0,0
txn_08548,0,4,0,12,0,0,0,2,2,0,0,2,0,2,0,0,0,0,0,2,0,16,16,16,6,2,0,0,0,0,0,0
txn_03048,0,2,6,42,0,0,0,1,1,3,3,1,3,1,3,0,0,0,0,1,3,50,50,50,18,4,0,0,0,0,0,0
txn_00173,5,7,2,54,1,2,2,3,4,1,1,2,0,3,1,1,1,2,1,3,1,61,68,61,19,4,0,0,0,0,0,0
txn_00749,5,5,2,12,1,2,2,2,3,1,1,1,0,3,1,1,0,1,0,3,1,20,24,20,5,3,0,0,0,0,0,0
txn_08164,0,6,4,42,0,0,0,3,3,2,2,3,2,3,2,0,0,0,0,3,2,52,52,52,19,5,0,0,0,0,0,0
txn_01941,3,2,2,18,1,1,1,1,1,1,1,0,0,1,1,0,0,0,0,1,1,22,25,22,6,1,0,0,0,0,0,0
txn_05110,0,0,0,35,0,0,0,0,0,0,0,0,0,0,0,0,0,0,0,0,0,35,35,35,12,0,0,0,0,0,0,0
txn_00949,0,2,2,3,0,0,0,1,1,1,1,1,1,1,1,0,0,0,0,1,1,7,7,7,3,2,0,0,0,0,0,0
txn_08706,5,4,3,81,2,1,2,2,2,1,2,1,0,2,2,2,0,3,0,2,2,89,93,89,28,3,0,0,0,0,0,0
txn_04980,0,2,0,15,0,0,0,1,1,0,0,1,0,1,0,0,0,0,0,1,0,17,17,17,6,1,0,0,0,0,0,0
txn_04327,3,0,3,21,1,1,1,0,0,1,2,0,1,0,2,1,0,3,0,0,2,27,27,27,8,3,0,0,0,0,0,0
txn_04220,0,3,2,3,0,0,0,1,2,1,1,1,1,2,1,0,0,0,0,2,1,8,8,8,3,3,0,0,0,0,0,0
txn_05265,5,5,4,27,1,2,2,2,3,2,2,1,1,3,2,1,1,1,1,3,2,37,41,37,11,4,0,0,0,0,0,0
txn_09016,0,5,0,33,0,0,0,2,3,0,0,2,0,3,0,0,0,0,0,3,0,38,38,38,13,3,0,0,0,0,0,0
txn_08137,0,6,0,15,0,0,0,3,3,0,0,3,0,3,0,0,0,0,0,3,0,21,21,21,8,3,0,0,0,0,0,0
txn_04392,0,4,2,9,0,0,0,2,2,1,1,2,1,2,1,0,0,0,0,2,1,15,15,15,6,3,0,0,0,0,0,0
txn_07740,0,0,2,45,0,0,0,0,0,1,1,0,1,0,1,0,0,0,0,0,1,47,47,47,16,1,0,0,0,0,0,0
txn_09988,0,5,5,90,0,0,0,2,3,2,3,2,2,3,3,0,0,0,0,3,3,100,100,100,34,6,0,0,0,0,0,0
txn_00316,3,2,0,6,1,1,1,1,1,0,0,1,0,1,0,1,0,1,0,1,0,11,11,11,3,2,0,0,0,0,0,0
txn_07311,5,2,0,84,2,1,2,1,1,0,0,0,0,1,0,0,1,0,1,1,0,90,91,90,28,2,0,0,0,0,0,0
txn_06980,0,2,2,24,0,0,0,1,1,1,1,1,1,1,1,0,0,0,0,1,1,28,28,28,10,2,0,0,0,0,0,0
txn_00419,0,2,0,15,0,0,0,1,1,0,0,1,0,1,0,0,0,0,0,1,0,17,17,17,6,1,0,0,0,0,0,0
txn_05591,3,2,2,93,1,1,1,1,1,1,1,0,0,1,1,0,0,0,0,1,1,97,100,97,31,1,0,0,0,0,0,0
txn_03708,0,2,0,21,0,0,0,1,1,0,0,1,0,1,0,0,0,0,0,1,0,23,23,23,8,1,0,0,0,0,0,0
txn_00259,0,2,0,36,0,0,0,1,1,0,0,1,0,1,0,0,0,0,0,1,0,38,38,38,13,1,0,0,0,0,0,0
txn_08675,3,4,6,15,1,1,1,2,2,3,3,1,2,2,3,1,1,1,2,2,3,25,28,25,8,4,0,0,0,0,0,0
txn_08766,0,5,4,21,0,0,0,2,3,2,2,2,2,3,2,0,0,0,0,3,2,30,30,30,11,5,0,0,0,0,0,0
txn_02950,0,3,0,39,0,0,0,1,2,0,0,1,0,2,0,0,0,0,0,2,0,42,42,42,14,2,0,0,0,0,0,0
txn_05384,5,7,2,12,1,2,2,3,4,1,1,2,0,4,1,1,0,2,0,4,1,22,26,22,6,4,0,0,0,0,0,0
txn_01518,0,0,0,39,0,0,0,0,0,0,0,0,0,0,0,0,0,0,0,0,0,39,39,39,13,0,0,0,0,0,0,0
txn_05968,3,6,4,41,1,1,1,3,3,2,2,2,1,3,2,1,1,2,1,3,2,51,54,51,17,4,0,0,0,0,0,0
txn_00117,0,2,0,47,0,0,0,1,1,0,0,1,0,1,0,0,0,0,0,1,0,49,49,49,16,1,0,0,0,0,0,0
txn_01107,3,4,0,15,1,1,1,2,2,0,0,2,0,2,0,0,1,0,1,2,0,22,22,22,7,3,0,0,0,0,0,0
txn_05878,0,6,2,18,0,0,0,3,3,1,1,3,1,3,1,0,0,0,0,3,1,26,26,26,10,4,0,0,0,0,0,0
txn_04844,3,2,7,3,1,1,1,1,1,3,4,0,2,1,4,0,1,0,2,1,4,12,15,12,3,4,0,0,0,0,0,0
txn_01902,0,2,2,0,0,0,0,1,1,1,1,1,1,1,1,0,0,0,0,1,1,4,4,4,2,2,0,0,0,0,0,0
txn_05449,0,4,0,26,0,0,0,2,2,0,0,2,0,2,0,0,0,0,0,2,0,30,30,30,11,2,0,0,0,0,0,0
txn_02914,0,4,2,87,0,0,0,2,2,1,1,2,1,2,1,0,0,0,0,2,1,93,93,93,32,3,0,0,0,0,0,0
txn_00278,3,2,0,21,1,1,1,1,1,0,0,0,0,1,0,0,0,0,0,1,0,25,26,25,7,1,0,0,0,0,0,0
txn_09735,0,0,0,12,0,0,0,0,0,0,0,0,0,0,0,0,0,0,0,0,0,12,12,12,4,0,0,0,0,0,0,0
txn_03997,3,2,2,24,1,1,1,1,1,1,1,0,0,1,1,0,0,0,0,1,1,28,31,28,8,1,0,0,0,0,0,0
txn_05272,0,4,2,96,0,0,0,2,2,1,1,2,1,2,1,0,0,0,0,2,1,102,102,102,35,3,0,0,0,0,0,0
txn_07167,3,0,2,15,1,1,1,0,0,1,1,0,0,0,1,1,0,2,0,0,1,19,20,19,5,1,0,0,0,0,0,0
txn_06148,0,4,0,18,0,0,0,2,2,0,0,2,0,2,0,0,0,0,0,2,0,22,22,22,8,2,0,0,0,0,0,0
txn_06168,6,7,2,15,2,2,2,3,4,1,1,3,1,4,0,1,1,2,1,4,0,29,30,29,8,7,0,0,0,0,0,0
txn_09006,0,2,0,33,0,0,0,1,1,0,0,1,0,1,0,0,0,0,0,1,0,35,35,35,12,1,0,0,0,0,0,0
txn_07754,0,14,0,18,0,0,0,5,9,0,0,5,0,9,0,0,0,0,0,9,0,32,32,32,11,9,0,0,0,0,0,0
txn_08690,0,4,2,27,0,0,0,2,2,1,1,2,1,2,1,0,0,0,0,2,1,33,33,33,12,3,0,0,0,0,0,0
txn_05111,0,3,0,18,0,0,0,1,2,0,0,1,0,2,0,0,0,0,0,2,0,21,21,21,7,2,0,0,0,0,0,0
txn_05717,0,4,0,99,0,0,0,2,2,0,0,2,0,2,0,0,0,0,0,2,0,103,103,103,35,2,0,0,0,0,0,0
txn_00771,0,2,2,6,0,0,0,1,1,1,1,1,1,1,1,0,0,0,0,1,1,10,10,10,4,2,0,0,0,0,0,0
txn_01055,0,4,5,12,0,0,0,2,2,2,3,2,2,2,3,0,0,0,0,2,3,21,21,21,8,5,0,0,0,0,0,0
txn_01739,0,0,0,18,0,0,0,0,0,0,0,0,0,0,0,0,0,0,0,0,0,18,18,18,6,0,0,0,0,0,0,0
txn_07026,0,0,0,9,0,0,0,0,0,0,0,0,0,0,0,0,0,0,0,0,0,9,9,9,3,0,0,0,0,0,0,0
txn_08034,0,2,2,50,0,0,0,1,1,1,1,1,1,1,1,0,0,0,0,1,1,54,54,54,18,2,0,0,0,0,0,0
txn_03257,0,2,2,45,0,0,0,1,1,1,1,1,1,1,1,0,0,0,0,1,1,49,49,49,17,2,0,0,0,0,0,0
txn_03553,0,0,0,55,0,0,0,0,0,0,0,0,0,0,0,0,0,0,0,0,0,55,55,55,18,0,0,0,0,0,0,0
txn_01894,0,0,0,21,0,0,0,0,0,0,0,0,0,0,0,0,0,0,0,0,0,21,21,21,7,0,0,0,0,0,0,0
txn_06806,3,2,2,44,1,1,1,1,1,1,1,1,0,1,1,1,0,1,0,1,1,50,51,50,16,2,0,0,0,0,0,0
txn_08583,0,4,2,27,0,0,0,2,2,1,1,2,1,2,1,0,0,0,0,2,1,33,33,33,12,3,0,0,0,0,0,0
txn_01816,0,6,4,30,0,0,0,2,4,2,2,2,2,4,2,0,0,0,0,4,2,39,40,39,14,5,0,0,0,0,0,0
txn_06824,0,4,0,102,0,0,0,2,2,0,0,2,0,2,0,0,0,0,0,2,0,106,106,106,36,2,0,0,0,0,0,0
txn_01497,5,2,3,90,2,1,2,1,1,1,2,0,0,1,2,0,0,0,0,1,2,96,100,96,30,2,0,0,0,0,0,0
txn_08145,0,4,0,48,0,0,0,2,2,0,0,2,0,2,0,0,0,0,0,2,0,52,52,52,18,2,0,0,0,0,0,0
txn_05510,0,6,2,9,0,0,0,3,3,1,1,3,1,3,1,0,0,0,0,3,1,17,17,17,7,4,0,0,0,0,0,0
txn_02179,0,4,0,58,0,0,0,2,2,0,0,2,0,2,0,0,0,0,0,2,0,62,62,62,21,2,0,0,0,0,0,0
txn_09896,0,2,0,11,0,0,0,1,1,0,0,1,0,1,0,0,0,0,0,1,0,13,13,13,4,1,0,0,0,0,0,0
txn_05583,0,2,0,42,0,0,0,1,1,0,0,1,0,1,0,0,0,0,0,1,0,44,44,44,15,1,0,0,0,0,0,0
txn_01662,0,4,2,18,0,0,0,2,2,1,1,2,1,2,1,0,0,0,0,2,1,24,24,24,9,3,0,0,0,0,0,0
txn_04617,0,0,0,18,0,0,0,0,0,0,0,0,0,0,0,0,0,0,0,0,0,18,18,18,6,0,0,0,0,0,0,0
txn_01875,0,0,0,51,0,0,0,0,0,0,0,0,0,0,0,0,0,0,0,0,0,51,51,51,17,0,0,0,0,0,0,0
txn_00806,3,2,2,3,1,1,1,1,1,1,1,0,1,1,1,0,1,0,1,1,1,9,10,9,2,2,0,0,0,0,0,0
txn_02674,0,0,6,15,0,0,0,0,0,3,3,0,3,0,3,0,0,0,0,0,3,21,21,21,8,3,0,0,0,0,0,0
txn_02750,0,7,0,24,0,0,0,3,4,0,0,3,0,4,0,0,0,0,0,4,0,31,31,31,11,4,0,0,0,0,0,0
txn_09110,0,0,0,54,0,0,0,0,0,0,0,0,0,0,0,0,0,0,0,0,0,54,54,54,18,0,0,0,0,0,0,0
txn_06720,3,2,4,12,1,1,1,1,1,2,2,0,1,1,2,0,1,0,1,1,2,18,21,18,5,2,0,0,0,0,0,0
txn_04107,5,10,7,24,2,1,2,5,5,3,4,4,2,5,4,1,1,4,2,5,4,42,46,42,14,8,0,0,0,0,0,0
txn_00236,0,3,8,12,0,0,0,1,2,4,4,1,4,2,4,0,0,0,0,2,4,23,23,23,9,6,0,0,0,0,0,0
txn_06333,0,3,0,39,0,0,0,1,2,0,0,1,0,2,0,0,0,0,0,2,0,42,42,42,14,2,0,0,0,0,0,0
txn_00922,3,6,2,6,1,1,1,3,3,1,1,2,0,3,1,1,0,2,0,3,1,14,17,14,4,3,0,0,0,0,0,0
txn_06438,0,0,3,36,0,0,0,0,0,1,2,0,1,0,2,0,0,0,0,0,2,39,39,39,13,2,0,0,0,0,0,0
txn_01484,4,4,6,15,1,1,2,2,2,3,3,2,3,2,3,1,1,1,2,2,3,29,29,29,10,7,0,0,0,0,0,0
txn_00733,0,4,2,27,0,0,0,2,2,1,1,2,1,2,1,0,0,0,0,2,1,33,33,33,12,3,0,0,0,0,0,0
txn_06340,0,0,0,105,0,0,0,0,0,0,0,0,0,0,0,0,0,0,0,0,0,105,105,105,35,0,0,0,0,0,0,0
txn_09732,0,2,0,18,0,0,0,1,1,0,0,1,0,1,0,0,0,0,0,1,0,20,20,20,7,1,0,0,0,0,0,0
txn_09276,0,0,0,24,0,0,0,0,0,0,0,0,0,0,0,0,0,0,0,0,0,24,24,24,8,0,0,0,0,0,0,0
txn_01528,0,4,0,21,0,0,0,2,2,0,0,2,0,2,0,0,0,0,0,2,0,25,25,25,9,2,0,0,0,0,0,0
txn_01130,0,9,0,15,0,0,0,4,5,0,0,4,0,5,0,0,0,0,0,5,0,24,24,24,9,5,0,0,0,0,0,0
txn_03536,3,2,4,14,1,1,1,1,1,2,2,1,2,1,2,1,0,1,0,1,2,23,23,23,7,4,0,0,0,0,0,0
txn_05640,0,4,0,108,0,0,0,2,2,0,0,2,0,2,0,0,0,0,0,2,0,112,112,112,38,2,0,0,0,0,0,0
txn_00595,0,8,2,24,0,0,0,3,5,1,1,3,1,5,1,0,0,0,0,5,1,34,34,34,12,6,0,0,0,0,0,0
txn_06410,0,4,2,24,0,0,0,2,2,1,1,2,1,2,1,0,0,0,0,2,1,30,30,30,11,3,0,0,0,0,0,0
txn_09475,0,4,0,30,0,0,0,2,2,0,0,2,0,2,0,0,0,0,0,2,0,34,34,34,12,2,0,0,0,0,0,0
txn_04787,3,6,2,12,1,1,1,3,3,1,1,2,0,3,1,1,0,2,0,3,1,20,23,20,6,3,0,0,0,0,0,0
txn_03583,3,0,10,21,1,1,1,0,0,5,5,0,4,0,5,0,1,0,4,0,5,33,34,33,11,5,0,0,0,0,0,0
txn_03349,0,0,3,33,0,0,0,0,0,1,2,0,1,0,2,0,0,0,0,0,2,36,36,36,12,2,0,0,0,0,0,0
txn_02162,3,4,2,18,1,1,1,2,2,1,1,1,0,2,1,1,0,1,0,2,1,24,27,24,7,2,0,0,0,0,0,0
txn_01399,6,5,2,30,2,2,2,2,3,1,1,2,0,3,1,2,0,3,0,3,1,42,43,42,12,5,0,0,0,0,0,0
txn_01745,0,5,2,27,0,0,0,2,3,1,1,2,1,3,0,0,0,0,0,3,0,33,34,33,11,4,0,0,0,0,0,0
txn_08040,0,3,2,33,0,0,0,1,2,1,1,1,1,2,1,0,0,0,0,2,1,38,38,38,13,3,0,0,0,0,0,0
txn_03331,0,5,2,27,0,0,0,2,3,1,1,2,1,3,1,0,0,0,0,3,1,34,34,34,12,4,0,0,0,0,0,0
txn_00978,3,8,2,18,1,1,1,4,4,1,1,3,1,4,1,1,1,3,1,4,1,30,31,30,10,5,0,0,0,0,0,0
txn_08169,0,4,2,61,0,0,0,2,2,1,1,2,1,2,1,0,0,0,0,2,1,67,67,67,23,3,0,0,0,0,0,0
txn_01699,3,4,0,3,1,1,1,2,2,0,0,2,0,2,0,1,0,1,0,2,0,10,10,10,3,3,0,0,0,0,0,0
txn_01022,3,2,7,3,1,1,1,1,1,3,4,0,2,1,4,0,1,0,2,1,4,12,15,12,3,4,0,0,0,0,0,0
txn_08900,0,2,2,93,0,0,0,1,1,1,1,1,1,1,1,0,0,0,0,1,1,97,97,97,33,2,0,0,0,0,0,0
txn_08064,0,4,8,21,0,0,0,2,2,4,4,2,4,2,3,0,0,0,0,2,3,32,33,32,12,6,0,0,0,0,0,0
txn_03983,0,2,6,36,0,0,0,1,1,3,3,1,3,1,3,0,0,0,0,1,3,44,44,44,16,4,0,0,0,0,0,0
txn_02875,0,5,0,96,0,0,0,2,3,0,0,2,0,2,0,0,0,0,0,2,0,100,101,100,33,3,0,0,0,0,0,0
txn_00887,0,6,2,39,0,0,0,3,3,1,1,3,1,3,1,0,0,0,0,3,1,45,47,45,16,3,0,0,0,0,0,0
txn_00313,0,2,2,53,0,0,0,1,1,1,1,1,1,1,1,0,0,0,0,1,1,56,57,56,19,1,0,0,0,0,0,0
txn_03810,0,2,0,27,0,0,0,1,1,0,0,1,0,1,0,0,0,0,0,1,0,29,29,29,10,1,0,0,0,0,0,0
txn_05514,0,4,0,24,0,0,0,2,2,0,0,2,0,2,0,0,0,0,0,2,0,28,28,28,10,2,0,0,0,0,0,0
txn_02973,0,2,0,45,0,0,0,1,1,0,0,1,0,1,0,0,0,0,0,1,0,47,47,47,16,1,0,0,0,0,0,0
txn_04735,0,2,0,23,0,0,0,1,1,0,0,1,0,1,0,0,0,0,0,1,0,25,25,25,9,1,0,0,0,0,0,0
txn_08697,0,2,0,15,0,0,0,1,1,0,0,1,0,1,0,0,0,0,0,1,0,17,17,17,6,1,0,0,0,0,0,0
txn_01660,0,5,2,98,0,0,0,2,3,1,1,2,1,3,1,0,0,0,0,3,1,105,105,105,36,4,0,0,0,0,0,0
txn_01052,0,2,0,36,0,0,0,1,1,0,0,1,0,1,0,0,0,0,0,1,0,38,38,38,13,1,0,0,0,0,0,0
txn_08866,0,6,2,15,0,0,0,3,3,1,1,3,1,3,1,0,0,0,0,3,1,23,23,23,9,4,0,0,0,0,0,0
txn_02580,0,6,0,18,0,0,0,3,3,0,0,3,0,3,0,0,0,0,0,3,0,24,24,24,9,3,0,0,0,0,0,0
txn_07382,0,2,2,15,0,0,0,1,1,1,1,1,1,1,1,0,0,0,0,1,1,19,19,19,7,2,0,0,0,0,0,0
txn_08534,0,4,0,64,0,0,0,2,2,0,0,2,0,2,0,0,0,0,0,2,0,68,68,68,23,2,0,0,0,0,0,0
txn_03730,0,6,0,6,0,0,0,2,4,0,0,2,0,4,0,0,0,0,0,4,0,12,12,12,4,4,0,0,0,0,0,0
txn_02700,0,5,0,27,0,0,0,2,3,0,0,2,0,3,0,0,0,0,0,3,0,32,32,32,11,3,0,0,0,0,0,0
txn_00823,3,0,4,24,1,1,1,0,0,2,2,0,1,0,2,1,1,2,1,0,2,29,31,29,9,2,0,0,0,0,0,0
txn_07574,0,4,0,29,0,0,0,2,2,0,0,2,0,2,0,0,0,0,0,2,0,33,33,33,12,2,0,0,0,0,0,0
txn_03149,0,2,0,21,0,0,0,1,1,0,0,1,0,1,0,0,0,0,0,1,0,23,23,23,8,1,0,0,0,0,0,0
txn_04796,0,2,0,18,0,0,0,1,1,0,0,1,0,1,0,0,0,0,0,1,0,20,20,20,7,1,0,0,0,0,0,0
txn_03646,3,2,2,54,1,1,1,1,1,1,1,0,0,1,1,0,0,0,0,1,1,58,61,58,18,1,0,0,0,0,0,0
txn_01861,3,5,0,32,1,1,1,2,3,0,0,1,0,3,0,1,1,1,1,3,0,39,40,39,12,3,0,0,0,0,0,0
txn_08433,0,0,4,67,0,0,0,0,0,2,2,0,2,0,2,0,0,0,0,0,2,71,71,71,24,2,0,0,0,0,0,0
txn_03632,0,6,4,26,0,0,0,3,3,2,2,3,2,3,2,0,0,0,0,3,2,36,36,36,14,5,0,0,0,0,0,0
txn_06641,3,4,4,30,1,1,1,2,2,2,2,1,1,2,2,1,1,1,1,2,2,38,41,38,12,3,0,0,0,0,0,0
txn_03418,0,0,0,57,0,0,0,0,0,0,0,0,0,0,0,0,0,0,0,0,0,57,57,57,19,0,0,0,0,0,0,0
txn_02018,0,2,0,42,0,0,0,1,1,0,0,1,0,1,0,0,0,0,0,1,0,44,44,44,15,1,0,0,0,0,0,0
txn_01769,3,4,2,36,1,1,1,2,2,1,1,1,1,2,1,1,0,1,0,2,1,44,45,44,14,3,0,0,0,0,0,0
txn_08957,3,4,2,12,1,1,1,2,2,1,1,2,0,2,1,0,0,0,0,2,1,20,21,20,6,3,0,0,0,0,0,0
txn_07781,0,5,0,18,0,0,0,2,3,0,0,2,0,3,0,0,0,0,0,3,0,23,23,23,8,3,0,0,0,0,0,0
txn_00146,3,4,2,6,1,1,1,2,2,1,1,2,0,2,1,1,0,2,0,2,1,14,15,14,4,3,0,0,0,0,0,0
txn_07854,0,4,0,42,0,0,0,2,2,0,0,2,0,2,0,0,0,0,0,2,0,46,46,46,16,2,0,0,0,0,0,0
txn_00436,5,4,3,33,2,1,2,2,2,1,2,1,0,2,2,1,0,1,0,2,2,41,45,41,12,3,0,0,0,0,0,0
txn_00289,3,4,4,6,1,1,1,2,2,2,2,2,1,2,2,1,1,2,1,2,2,16,17,16,5,4,0,0,0,0,0,0
txn_07177,4,5,5,24,1,1,2,2,3,2,3,1,1,3,3,1,1,1,1,3,3,33,38,33,10,4,0,0,0,0,0,0
txn_09651,3,0,2,18,1,1,1,0,0,1,1,0,0,0,1,1,0,1,0,0,1,22,23,22,6,1,0,0,0,0,0,0
txn_01453,3,6,0,42,1,1,1,3,3,0,0,3,0,3,0,1,0,2,0,3,0,49,51,49,16,4,0,0,0,0,0,0
txn_09199,0,2,2,35,0,0,0,1,1,1,1,1,1,1,1,0,0,0,0,1,1,39,39,39,14,2,0,0,0,0,0,0
txn_06893,3,8,4,15,1,1,1,4,4,1,3,3,1,4,3,1,0,3,0,4,3,29,30,29,9,7,0,0,0,0,0,0
txn_05377,0,6,4,111,0,0,0,3,3,2,2,3,2,3,2,0,0,0,0,3,2,121,121,121,42,5,0,0,0,0,0,0
txn_02081,7,2,6,39,2,2,3,1,1,3,3,0,2,1,3,1,2,3,3,1,3,50,54,50,15,4,0,0,0,0,0,0
txn_01197,0,2,0,36,0,0,0,1,1,0,0,1,0,1,0,0,0,0,0,1,0,38,38,38,13,1,0,0,0,0,0,0
txn_08611,5,9,6,42,1,2,2,4,5,2,4,3,1,5,4,1,1,3,1,5,4,58,62,58,18,8,0,0,0,0,0,0
txn_04816,4,2,3,51,1,1,2,1,1,1,2,1,0,1,2,1,0,2,0,1,2,58,60,58,18,3,0,0,0,0,0,0
txn_09995,0,4,0,21,0,0,0,2,2,0,0,2,0,2,0,0,0,0,0,2,0,25,25,25,9,2,0,0,0,0,0,0
txn_06245,3,4,2,21,1,1,1,2,2,1,1,2,1,2,1,1,1,1,1,2,1,30,30,30,10,4,0,0,0,0,0,0
txn_07452,0,0,2,6,0,0,0,0,0,1,1,0,1,0,1,0,0,0,0,0,1,8,8,8,3,1,0,0,0,0,0,0
txn_00441,0,7,0,36,0,0,0,3,4,0,0,3,0,4,0,0,0,0,0,4,0,43,43,43,15,4,0,0,0,0,0,0
txn_05336,3,4,2,18,1,1,1,2,2,1,1,1,0,2,1,1,0,1,0,2,1,24,27,24,7,2,0,0,0,0,0,0
txn_07053,0,0,3,21,0,0,0,0,0,1,2,0,1,0,2,0,0,0,0,0,2,24,24,24,8,2,0,0,0,0,0,0
txn_05505,0,0,2,44,0,0,0,0,0,1,1,0,1,0,1,0,0,0,0,0,1,46,46,46,15,1,0,0,0,0,0,0
txn_01219,0,3,0,24,0,0,0,1,2,0,0,1,0,2,0,0,0,0,0,2,0,27,27,27,9,2,0,0,0,0,0,0
txn_03370,3,8,2,27,1,1,1,4,4,1,1,3,0,4,1,1,0,3,0,4,1,37,40,37,12,4,0,0,0,0,0,0
txn_06302,0,2,4,60,0,0,0,1,1,2,2,1,2,1,2,0,0,0,0,1,2,66,66,66,23,3,0,0,0,0,0,0
txn_09446,0,4,0,45,0,0,0,2,2,0,0,2,0,2,0,0,0,0,0,2,0,49,49,49,17,2,0,0,0,0,0,0
txn_03079,0,2,2,9,0,0,0,1,1,1,1,1,1,1,1,0,0,0,0,1,1,13,13,13,5,2,0,0,0,0,0,0
txn_00465,4,4,3,101,1,1,2,2,2,1,2,2,0,2,2,1,0,1,0,2,2,110,112,110,36,4,0,0,0,0,0,0
txn_07797,6,4,2,21,2,2,2,2,2,1,1,1,1,2,1,1,0,1,0,2,1,32,33,32,9,4,0,0,0,0,0,0
txn_07678,3,0,2,27,1,1,1,0,0,1,1,0,1,0,1,1,1,2,2,0,1,32,32,32,10,2,0,0,0,0,0,0
txn_05497,3,6,4,24,1,1,1,3,3,2,2,2,1,2,2,1,1,2,1,2,2,32,37,32,10,4,0,0,0,0,0,0
txn_05664,0,9,0,24,0,0,0,4,5,0,0,4,0,5,0,0,0,0,0,5,0,32,33,32,11,5,0,0,0,0,0,0
txn_03743,0,6,2,12,0,0,0,3,3,1,1,3,1,3,1,0,0,0,0,3,1,20,20,20,8,4,0,0,0,0,0,0
txn_02093,0,7,3,21,0,0,0,3,4,1,2,3,1,4,2,0,0,0,0,4,2,31,31,31,11,6,0,0,0,0,0,0
txn_01029,0,2,2,24,0,0,0,1,1,1,1,1,1,1,1,0,0,0,0,1,1,28,28,28,10,2,0,0,0,0,0,0
txn_09346,0,0,0,9,0,0,0,0,0,0,0,0,0,0,0,0,0,0,0,0,0,9,9,9,3,0,0,0,0,0,0,0
txn_06364,0,5,0,30,0,0,0,2,3,0,0,2,0,3,0,0,0,0,0,3,0,35,35,35,12,3,0,0,0,0,0,0
txn_06068,3,4,2,26,1,1,1,2,2,1,1,1,0,2,1,1,0,1,0,2,1,32,35,32,10,2,0,0,0,0,0,0
txn_01033,0,0,0,30,0,0,0,0,0,0,0,0,0,0,0,0,0,0,0,0,0,30,30,30,10,0,0,0,0,0,0,0
txn_09481,0,8,0,15,0,0,0,4,4,0,0,4,0,4,0,0,0,0,0,4,0,23,23,23,9,4,0,0,0,0,0,0
txn_00426,3,6,4,114,1,1,1,3,3,2,2,3,1,3,2,1,1,1,1,3,2,125,127,125,42,4,0,0,0,0,0,0
txn_04034,0,2,0,33,0,0,0,1,1,0,0,1,0,1,0,0,0,0,0,1,0,35,35,35,12,1,0,0,0,0,0,0
txn_09528,0,0,2,21,0,0,0,0,0,1,1,0,1,0,1,0,0,0,0,0,1,23,23,23,8,1,0,0,0,0,0,0
txn_01351,0,2,2,21,0,0,0,1,1,1,1,1,1,1,1,0,0,0,0,1,1,25,25,25,9,2,0,0,0,0,0,0
txn_06325,0,4,0,30,0,0,0,2,2,0,0,2,0,2,0,0,0,0,0,2,0,34,34,34,12,2,0,0,0,0,0,0
txn_02659,3,10,4,33,1,1,1,5,5,2,2,4,1,5,2,1,1,4,1,5,2,47,50,47,16,6,0,0,0,0,0,0
txn_09884,0,2,2,21,0,0,0,1,1,1,1,1,1,1,1,0,0,0,0,1,1,25,25,25,9,2,0,0,0,0,0,0
txn_09436,0,8,0,30,0,0,0,4,4,0,0,4,0,4,0,0,0,0,0,4,0,38,38,38,14,4,0,0,0,0,0,0
txn_08010,0,7,0,56,0,0,0,3,4,0,0,3,0,4,0,0,0,0,0,4,0,63,63,63,21,4,0,0,0,0,0,0
txn_08528,3,3,2,38,1,1,1,1,2,1,1,1,0,2,1,1,0,4,0,2,1,45,46,45,14,3,0,0,0,0,0,0
txn_07372,0,3,0,36,0,0,0,1,2,0,0,1,0,2,0,0,0,0,0,2,0,39,39,39,13,2,0,0,0,0,0,0
txn_07960,0,0,0,47,0,0,0,0,0,0,0,0,0,0,0,0,0,0,0,0,0,47,47,47,15,0,0,0,0,0,0,0
txn_07498,4,0,5,48,1,1,2,0,0,2,3,0,1,0,3,1,1,1,1,0,3,55,57,55,17,3,0,0,0,0,0,0
txn_03704,3,4,2,41,1,1,1,2,2,1,1,1,0,2,1,1,0,1,0,2,1,47,50,47,15,2,0,0,0,0,0,0
txn_07409,0,3,0,36,0,0,0,1,2,0,0,1,0,2,0,0,0,0,0,2,0,39,39,39,13,2,0,0,0,0,0,0
txn_07543,3,2,0,15,1,1,1,1,1,0,0,0,0,1,0,0,1,0,1,1,0,19,20,19,5,1,0,0,0,0,0,0
txn_05403,3,4,0,70,1,1,1,2,2,0,0,1,0,2,0,1,0,1,0,2,0,76,77,76,24,2,0,0,0,0,0,0
txn_09283,5,2,7,51,2,1,2,1,1,3,4,0,2,1,3,1,1,4,2,1,3,58,65,58,18,4,0,0,0,0,0,0
txn_02741,3,4,4,9,1,1,1,2,2,2,2,1,1,2,2,1,1,1,1,2,2,17,20,17,5,3,0,0,0,0,0,0
txn_05595,0,0,0,39,0,0,0,0,0,0,0,0,0,0,0,0,0,0,0,0,0,39,39,39,13,0,0,0,0,0,0,0
txn_03744,0,2,0,3,0,0,0,1,1,0,0,1,0,1,0,0,0,0,0,1,0,5,5,5,2,1,0,0,0,0,0,0
txn_06405,3,7,5,54,1,1,1,3,4,2,3,2,1,4,3,1,1,2,1,4,3,66,69,66,21,6,0,0,0,0,0,0
txn_09095,3,4,2,24,1,1,1,2,2,1,1,2,1,2,1,0,0,0,0,2,1,33,33,33,11,4,0,0,0,0,0,0
txn_01418,4,7,4,104,1,1,2,3,4,2,2,2,2,3,2,1,1,2,1,3,2,115,119,115,38,6,0,0,0,0,0,0
txn_08219,0,0,2,12,0,0,0,0,0,1,1,0,1,0,1,0,0,0,0,0,1,14,14,14,5,1,0,0,0,0,0,0
txn_08651,4,2,8,27,1,1,2,1,1,3,5,1,2,1,5,1,1,1,2,1,5,39,41,39,12,6,0,0,0,0,0,0
txn_04966,3,0,2,9,1,1,1,0,0,1,1,0,0,0,1,1,0,2,0,0,1,13,14,13,3,1,0,0,0,0,0,0
txn_02191,3,8,2,15,1,1,1,4,4,1,1,3,0,4,1,1,0,3,0,4,1,25,28,25,8,4,0,0,0,0,0,0
txn_04811,0,5,2,50,0,0,0,2,3,1,1,2,1,3,1,0,0,0,0,3,1,57,57,57,19,4,0,0,0,0,0,0
txn_07378,0,6,0,73,0,0,0,3,3,0,0,3,0,3,0,0,0,0,0,3,0,79,79,79,27,3,0,0,0,0,0,0
txn_03887,0,2,4,12,0,0,0,1,1,2,2,1,2,1,2,0,0,0,0,1,2,18,18,18,7,3,0,0,0,0,0,0
txn_06657,3,4,3,24,1,1,1,2,2,1,2,1,1,2,2,1,0,1,0,2,2,33,34,33,10,4,0,0,0,0,0,0
txn_08942,0,3,2,15,0,0,0,1,2,1,1,1,1,2,1,0,0,0,0,2,1,20,20,20,7,3,0,0,0,0,0,0
txn_03444,0,0,4,18,0,0,0,0,0,2,2,0,2,0,2,0,0,0,0,0,2,22,22,22,8,2,0,0,0,0,0,0
txn_06416,3,2,2,15,1,1,1,1,1,1,1,0,0,1,1,0,0,0,0,1,1,19,22,19,5,1,0,0,0,0,0,0
txn_08847,0,0,0,57,0,0,0,0,0,0,0,0,0,0,0,0,0,0,0,0,0,57,57,57,19,0,0,0,0,0,0,0
txn_06941,3,6,0,48,1,1,1,3,3,0,0,2,0,3,0,1,1,2,1,3,0,56,57,56,18,3,0,0,0,0,0,0
txn_08618,0,2,2,48,0,0,0,1,1,1,1,1,1,1,1,0,0,0,0,1,1,52,52,52,18,2,0,0,0,0,0,0
txn_08657,0,5,2,63,0,0,0,2,3,1,1,2,1,3,1,0,0,0,0,3,1,70,70,70,24,4,0,0,0,0,0,0
txn_05938,3,0,0,29,1,1,1,0,0,0,0,0,0,0,0,1,0,2,0,0,0,32,32,32,10,1,0,0,0,0,0,0
txn_04701,0,4,0,38,0,0,0,2,2,0,0,2,0,2,0,0,0,0,0,2,0,42,42,42,15,2,0,0,0,0,0,0
txn_04383,5,9,3,12,1,2,2,4,5,1,2,3,1,5,2,1,2,3,2,5,2,27,29,27,8,7,0,0,0,0,0,0
txn_08254,0,2,2,24,0,0,0,1,1,1,1,1,1,1,1,0,0,0,0,1,1,28,28,28,10,2,0,0,0,0,0,0
txn_00614,0,2,0,60,0,0,0,1,1,0,0,1,0,1,0,0,0,0,0,1,0,62,62,62,21,1,0,0,0,0,0,0
txn_06388,3,8,11,44,1,1,1,4,4,5,6,3,4,4,6,1,1,3,4,4,6,62,66,62,22,8,0,0,0,0,0,0
txn_01666,0,0,0,42,0,0,0,0,0,0,0,0,0,0,0,0,0,0,0,0,0,42,42,42,14,0,0,0,0,0,0,0
txn_04657,0,4,2,18,0,0,0,2,2,1,1,2,1,2,1,0,0,0,0,2,1,24,24,24,9,3,0,0,0,0,0,0
txn_05504,0,3,0,53,0,0,0,1,2,0,0,1,0,2,0,0,0,0,0,2,0,56,56,56,18,2,0,0,0,0,0,0
txn_07841,3,0,5,45,1,1,1,0,0,2,3,0,1,0,3,1,1,2,1,0,3,52,53,52,16,3,0,0,0,0,0,0
txn_07084,0,0,4,59,0,0,0,0,0,2,2,0,2,0,2,0,0,0,0,0,2,63,63,63,21,2,0,0,0,0,0,0
txn_03339,0,4,2,47,0,0,0,2,2,1,1,2,1,1,1,0,0,0,0,1,1,52,53,52,18,3,0,0,0,0,0,0
txn_00889,3,2,6,9,1,1,1,1,1,3,3,1,3,1,3,1,1,2,1,1,3,20,20,20,7,5,0,0,0,0,0,0
txn_09927,3,6,9,63,1,1,1,3,3,3,6,2,3,3,6,1,1,2,2,3,6,80,81,80,26,9,0,0,0,0,0,0
txn_00602,0,6,0,24,0,0,0,3,3,0,0,3,0,3,0,0,0,0,0,3,0,30,30,30,11,3,0,0,0,0,0,0
txn_08268,0,4,5,27,0,0,0,2,2,2,3,2,2,2,3,0,0,0,0,2,3,36,36,36,13,5,0,0,0,0,0,0
txn_07466,0,4,0,66,0,0,0,2,2,0,0,2,0,2,0,0,0,0,0,2,0,70,70,70,24,2,0,0,0,0,0,0
txn_09628,0,2,0,36,0,0,0,1,1,0,0,1,0,1,0,0,0,0,0,1,0,38,38,38,13,1,0,0,0,0,0,0
txn_02629,0,4,0,21,0,0,0,2,2,0,0,2,0,2,0,0,0,0,0,2,0,25,25,25,9,2,0,0,0,0,0,0
txn_05849,3,2,2,21,1,1,1,1,1,1,1,1,0,1,1,1,0,2,0,1,1,27,28,27,8,2,0,0,0,0,0,0
txn_00891,3,0,0,21,1,1,1,0,0,0,0,0,0,0,0,1,0,1,0,0,0,24,24,24,7,1,0,0,0,0,0,0
txn_03934,0,6,2,117,0,0,0,3,3,1,1,3,1,3,1,0,0,0,0,3,1,125,125,125,43,4,0,0,0,0,0,0
txn_07604,0,2,2,120,0,0,0,1,1,1,1,1,1,1,1,0,0,0,0,1,1,124,124,124,42,2,0,0,0,0,0,0
txn_02367,3,7,2,62,1,1,1,3,4,1,1,2,0,4,1,1,0,2,0,4,1,71,74,71,22,4,0,0,0,0,0,0
txn_00923,0,2,0,30,0,0,0,1,1,0,0,1,0,1,0,0,0,0,0,1,0,32,32,32,11,1,0,0,0,0,0,0
txn_03478,0,4,0,56,0,0,0,2,2,0,0,2,0,2,0,0,0,0,0,2,0,60,60,60,20,2,0,0,0,0,0,0
txn_09626,0,0,4,33,0,0,0,0,0,2,2,0,2,0,2,0,0,0,0,0,2,37,37,37,13,2,0,0,0,0,0,0
txn_00226,0,2,0,27,0,0,0,1,1,0,0,1,0,1,0,0,0,0,0,1,0,29,29,29,10,1,0,0,0,0,0,0
txn_04871,3,10,2,6,1,1,1,4,6,1,1,3,1,6,1,1,0,3,0,6,1,20,21,20,6,7,0,0,0,0,0,0
txn_06779,0,4,0,36,0,0,0,2,2,0,0,2,0,2,0,0,0,0,0,2,0,40,40,40,14,2,0,0,0,0,0,0
txn_00667,0,0,2,9,0,0,0,0,0,1,1,0,1,0,1,0,0,0,0,0,1,11,11,11,4,1,0,0,0,0,0,0
txn_00327,0,2,2,24,0,0,0,1,1,1,1,1,1,1,1,0,0,0,0,1,1,28,28,28,10,2,0,0,0,0,0,0
txn_04358,0,11,2,27,0,0,0,5,6,1,1,5,1,6,1,0,0,0,0,6,1,40,40,40,15,7,0,0,0,0,0,0
txn_02745,0,0,2,39,0,0,0,0,0,1,1,0,1,0,1,0,0,0,0,0,1,41,41,41,14,1,0,0,0,0,0,0
txn_06847,0,3,0,106,0,0,0,1,2,0,0,1,0,2,0,0,0,0,0,2,0,109,109,109,37,2,0,0,0,0,0,0
txn_06651,0,2,0,27,0,0,0,1,1,0,0,1,0,1,0,0,0,0,0,1,0,29,29,29,10,1,0,0,0,0,0,0
txn_07420,3,2,6,21,1,1,1,1,1,3,3,1,2,1,3,1,1,2,2,1,3,31,32,31,10,4,0,0,0,0,0,0
txn_06263,0,4,2,18,0,0,0,2,2,1,1,2,1,2,1,0,0,0,0,2,1,24,24,24,9,3,0,0,0,0,0,0
txn_09329,0,4,0,15,0,0,0,2,2,0,0,2,0,2,0,0,0,0,0,2,0,19,19,19,7,2,0,0,0,0,0,0
txn_05649,3,11,7,24,1,1,1,5,6,3,4,5,2,5,4,1,1,2,2,5,4,43,45,43,14,10,0,0,0,0,0,0
txn_06863,0,5,6,18,0,0,0,2,3,3,3,2,3,3,3,0,0,0,0,3,3,29,29,29,11,6,0,0,0,0,0,0
txn_02676,3,11,2,51,1,1,1,5,6,1,1,4,0,6,1,1,0,4,0,6,1,64,67,64,21,6,0,0,0,0,0,0
txn_02833,3,4,2,33,1,1,1,2,2,1,1,1,0,2,1,1,0,1,0,2,1,39,42,39,12,2,0,0,0,0,0,0
txn_04808,0,6,4,47,0,0,0,3,3,2,2,3,2,3,2,0,0,0,0,3,2,57,57,57,21,5,0,0,0,0,0,0
txn_08563,0,2,0,45,0,0,0,1,1,0,0,1,0,1,0,0,0,0,0,1,0,47,47,47,16,1,0,0,0,0,0,0
txn_06825,0,6,0,30,0,0,0,3,3,0,0,3,0,3,0,0,0,0,0,3,0,36,36,36,13,3,0,0,0,0,0,0
txn_01778,3,2,2,48,1,1,1,1,1,1,1,1,0,1,1,1,0,5,0,1,1,54,55,54,17,2,0,0,0,0,0,0
txn_02439,0,16,2,48,0,0,0,6,10,1,1,6,1,10,1,0,0,0,0,10,1,66,66,66,23,11,0,0,0,0,0,0
txn_02401,3,4,4,39,1,1,1,2,2,2,2,1,2,2,2,1,0,1,0,2,2,49,50,49,16,4,0,0,0,0,0,0
txn_09398,0,3,2,49,0,0,0,1,2,1,1,1,1,2,1,0,0,0,0,2,1,54,54,54,19,3,0,0,0,0,0,0
txn_00282,0,7,0,12,0,0,0,3,4,0,0,3,0,4,0,0,0,0,0,4,0,19,19,19,7,4,0,0,0,0,0,0
txn_04114,0,2,2,52,0,0,0,1,1,1,1,1,1,1,1,0,0,0,0,1,1,56,56,56,20,2,0,0,0,0,0,0
txn_00183,6,6,4,33,2,1,3,3,3,1,3,2,0,3,3,2,0,3,0,3,3,44,49,44,13,5,0,0,0,0,0,0
txn_01180,0,2,5,32,0,0,0,1,1,2,3,1,2,1,3,0,0,0,0,1,3,39,39,39,14,4,0,0,0,0,0,0
txn_03734,0,0,2,15,0,0,0,0,0,1,1,0,1,0,1,0,0,0,0,0,1,17,17,17,6,1,0,0,0,0,0,0
txn_09536,3,7,8,27,1,1,1,3,4,4,4,3,4,4,3,1,1,1,1,4,3,44,45,44,15,9,0,0,0,0,0,0
txn_02032,3,2,4,24,1,1,1,1,1,1,3,1,1,1,3,0,1,0,1,1,3,33,33,33,10,5,0,0,0,0,0,0
txn_00352,0,4,0,9,0,0,0,2,2,0,0,2,0,2,0,0,0,0,0,2,0,13,13,13,5,2,0,0,0,0,0,0
txn_03376,0,4,2,21,0,0,0,2,2,1,1,2,1,2,1,0,0,0,0,2,1,27,27,27,10,3,0,0,0,0,0,0
txn_04109,0,0,2,27,0,0,0,0,0,1,1,0,1,0,1,0,0,0,0,0,1,29,29,29,10,1,0,0,0,0,0,0
txn_02929,3,9,2,21,1,1,1,4,5,1,1,3,0,5,1,1,0,3,0,5,1,32,35,32,10,5,0,0,0,0,0,0
txn_02650,0,9,2,42,0,0,0,4,5,1,1,4,1,5,1,0,0,0,0,5,1,53,53,53,19,6,0,0,0,0,0,0
txn_00471,4,0,6,21,1,1,2,0,0,3,3,0,3,0,3,0,1,0,2,0,3,31,31,31,10,5,0,0,0,0,0,0
txn_01456,0,5,4,18,0,0,0,2,3,2,2,2,2,3,2,0,0,0,0,3,2,27,27,27,10,5,0,0,0,0,0,0
txn_07092,3,4,2,21,1,1,1,2,2,1,1,1,0,2,1,1,0,1,0,2,1,27,30,27,8,2,0,0,0,0,0,0
txn_09863,0,0,0,109,0,0,0,0,0,0,0,0,0,0,0,0,0,0,0,0,0,109,109,109,37,0,0,0,0,0,0,0
txn_01598,0,7,0,30,0,0,0,3,4,0,0,3,0,4,0,0,0,0,0,4,0,37,37,37,13,4,0,0,0,0,0,0
txn_07829,0,4,4,6,0,0,0,2,2,2,2,2,2,2,2,0,0,0,0,2,2,14,14,14,6,4,0,0,0,0,0,0
txn_08409,3,0,9,33,1,1,1,0,0,5,4,0,4,0,4,1,1,2,4,0,4,44,45,44,15,4,0,0,0,0,0,0
txn_00969,0,2,4,33,0,0,0,1,1,2,2,1,2,1,2,0,0,0,0,1,2,39,39,39,14,3,0,0,0,0,0,0
txn_01858,3,0,0,18,1,1,1,0,0,0,0,0,0,0,0,0,1,0,2,0,0,21,21,21,6,1,0,0,0,0,0,0
txn_05120,0,2,0,59,0,0,0,1,1,0,0,1,0,1,0,0,0,0,0,1,0,61,61,61,20,1,0,0,0,0,0,0
txn_07512,0,0,0,12,0,0,0,0,0,0,0,0,0,0,0,0,0,0,0,0,0,12,12,12,4,0,0,0,0,0,0,0
txn_05402,0,0,0,39,0,0,0,0,0,0,0,0,0,0,0,0,0,0,0,0,0,39,39,39,13,0,0,0,0,0,0,0
txn_07253,0,0,0,15,0,0,0,0,0,0,0,0,0,0,0,0,0,0,0,0,0,15,15,15,5,0,0,0,0,0,0,0
txn_00821,0,2,2,24,0,0,0,1,1,1,1,1,1,1,1,0,0,0,0,1,1,28,28,28,10,2,0,0,0,0,0,0
txn_08140,0,2,0,69,0,0,0,1,1,0,0,1,0,1,0,0,0,0,0,1,0,71,71,71,24,1,0,0,0,0,0,0
txn_01707,0,2,0,52,0,0,0,1,1,0,0,1,0,1,0,0,0,0,0,1,0,54,54,54,18,1,0,0,0,0,0,0
txn_03979,0,2,0,45,0,0,0,1,1,0,0,1,0,1,0,0,0,0,0,1,0,47,47,47,16,1,0,0,0,0,0,0
txn_08342,0,10,0,48,0,0,0,4,6,0,0,4,0,6,0,0,0,0,0,6,0,58,58,58,20,6,0,0,0,0,0,0
txn_03549,3,2,3,18,1,1,1,1,1,1,2,1,1,1,2,1,1,1,1,1,2,26,26,26,8,4,0,0,0,0,0,0
txn_00488,6,0,4,123,2,2,2,0,0,2,2,0,1,0,2,1,2,3,3,0,2,132,133,132,42,3,0,0,0,0,0,0
txn_06124,3,6,6,3,1,1,1,3,3,3,3,3,2,3,3,1,1,1,2,3,3,17,18,17,6,6,0,0,0,0,0,0
txn_06096,3,8,0,9,1,1,1,4,4,0,0,4,0,4,0,1,1,1,2,4,0,20,20,20,7,5,0,0,0,0,0,0
txn_07204,0,7,7,39,0,0,0,3,4,3,4,3,3,4,4,0,0,0,0,4,4,53,53,53,19,8,0,0,0,0,0,0
txn_07715,0,10,5,54,0,0,0,5,5,2,3,5,2,5,3,0,0,0,0,5,3,69,69,69,25,8,0,0,0,0,0,0
txn_08845,0,6,0,24,0,0,0,3,3,0,0,3,0,3,0,0,0,0,0,3,0,30,30,30,11,3,0,0,0,0,0,0
txn_00937,0,4,2,62,0,0,0,2,2,1,1,2,1,2,1,0,0,0,0,2,1,68,68,68,23,3,0,0,0,0,0,0
txn_07076,0,2,0,65,0,0,0,1,1,0,0,1,0,1,0,0,0,0,0,1,0,67,67,67,22,1,0,0,0,0,0,0
txn_03552,6,4,4,51,2,2,2,2,2,2,2,1,1,2,2,2,2,3,2,2,2,62,65,62,19,4,0,0,0,0,0,0
txn_07411,0,2,2,126,0,0,0,1,1,1,1,1,1,1,1,0,0,0,0,1,1,130,130,130,44,2,0,0,0,0,0,0
txn_00903,0,0,2,30,0,0,0,0,0,1,1,0,1,0,1,0,0,0,0,0,1,32,32,32,11,1,0,0,0,0,0,0
txn_00187,3,2,2,57,1,1,1,1,1,1,1,0,0,1,1,0,0,0,0,1,1,61,64,61,19,1,0,0,0,0,0,0
txn_08380,0,4,4,6,0,0,0,2,2,2,2,2,2,2,2,0,0,0,0,2,2,14,14,14,6,4,0,0,0,0,0,0
txn_00332,3,4,2,24,1,1,1,2,2,1,1,1,0,2,1,1,0,1,0,2,1,30,33,30,9,2,0,0,0,0,0,0
txn_05475,0,4,6,129,0,0,0,2,2,2,4,2,2,2,4,0,0,0,0,2,4,139,139,139,47,6,0,0,0,0,0,0
txn_04442,3,4,0,17,1,1,1,2,2,0,0,1,0,2,0,1,0,1,0,2,0,23,24,23,6,2,0,0,0,0,0,0
txn_01444,0,7,0,39,0,0,0,3,4,0,0,3,0,4,0,0,0,0,0,4,0,46,46,46,16,4,0,0,0,0,0,0
txn_07782,0,2,2,9,0,0,0,1,1,1,1,1,1,1,1,0,0,0,0,1,1,13,13,13,5,2,0,0,0,0,0,0
txn_05540,0,2,0,30,0,0,0,1,1,0,0,1,0,1,0,0,0,0,0,1,0,32,32,32,11,1,0,0,0,0,0,0
txn_06067,0,4,2,68,0,0,0,2,2,1,1,2,1,2,1,0,0,0,0,2,1,74,74,74,25,3,0,0,0,0,0,0
txn_05018,8,5,4,30,2,3,3,2,3,2,2,1,1,3,2,1,1,1,1,3,2,43,47,43,12,5,0,0,0,0,0,0
txn_04090,0,0,5,33,0,0,0,0,0,2,3,0,2,0,3,0,0,0,0,0,3,38,38,38,13,3,0,0,0,0,0,0
txn_02461,0,2,5,112,0,0,0,1,1,2,3,1,2,1,3,0,0,0,0,1,3,119,119,119,41,4,0,0,0,0,0,0
txn_03741,0,0,2,27,0,0,0,0,0,1,1,0,1,0,1,0,0,0,0,0,1,29,29,29,10,1,0,0,0,0,0,0
txn_04087,0,5,4,24,0,0,0,2,3,2,2,2,2,3,2,0,0,0,0,3,2,33,33,33,12,5,0,0,0,0,0,0
txn_03077,5,8,0,50,2,1,2,4,4,0,0,3,0,4,0,2,0,5,0,4,0,62,63,62,20,5,0,0,0,0,0,0
txn_02793,3,4,2,55,1,1,1,2,2,1,1,1,0,2,1,1,0,1,0,2,1,61,64,61,19,2,0,0,0,0,0,0
txn_09921,5,9,2,15,1,2,2,4,5,1,1,3,0,4,1,1,1,3,1,4,1,25,31,25,7,5,0,0,0,0,0,0
txn_03453,3,7,4,26,1,1,1,3,4,2,2,2,1,4,2,1,1,2,1,4,2,37,40,37,12,5,0,0,0,0,0,0
txn_02761,0,6,2,27,0,0,0,3,3,1,1,3,1,3,1,0,0,0,0,3,1,35,35,35,13,4,0,0,0,0,0,0
txn_00365,0,6,3,29,0,0,0,3,3,1,2,3,1,3,2,0,0,0,0,3,2,38,38,38,14,5,0,0,0,0,0,0
txn_01796,6,4,2,132,2,2,2,2,2,1,1,2,0,2,1,1,1,2,2,2,1,142,144,142,46,4,0,0,0,0,0,0
txn_03725,0,6,0,71,0,0,0,3,3,0,0,3,0,3,0,0,0,0,0,3,0,77,77,77,26,3,0,0,0,0,0,0
txn_06549,0,5,0,54,0,0,0,2,3,0,0,2,0,3,0,0,0,0,0,3,0,59,59,59,20,3,0,0,0,0,0,0
txn_02246,3,4,2,72,1,1,1,2,2,1,1,2,0,2,1,1,0,2,0,2,1,79,81,79,26,3,0,0,0,0,0,0
txn_01966,3,5,4,65,1,1,1,2,3,2,2,1,2,3,2,1,0,1,0,3,2,76,77,76,24,5,0,0,0,0,0,0
txn_02620,7,7,4,57,2,2,3,3,4,2,2,2,1,4,2,2,2,4,2,4,2,70,75,70,22,5,0,0,0,0,0,0
txn_02146,0,5,0,21,0,0,0,2,3,0,0,2,0,3,0,0,0,0,0,3,0,26,26,26,9,3,0,0,0,0,0,0
txn_00695,0,4,6,60,0,0,0,2,2,3,3,2,3,2,3,0,0,0,0,2,3,70,70,70,25,5,0,0,0,0,0,0
txn_06428,0,6,2,58,0,0,0,3,3,1,1,3,1,3,0,0,0,0,0,3,0,65,66,65,22,4,0,0,0,0,0,0
txn_00462,0,9,0,53,0,0,0,4,5,0,0,4,0,4,0,0,0,0,0,4,0,61,62,61,21,5,0,0,0,0,0,0
txn_07171,0,2,2,63,0,0,0,1,1,1,1,1,1,1,1,0,0,0,0,1,1,66,67,66,23,1,0,0,0,0,0,0
txn_06356,0,2,0,74,0,0,0,1,1,0,0,1,0,1,0,0,0,0,0,1,0,76,76,76,25,1,0,0,0,0,0,0
txn_08084,3,2,4,39,1,1,1,1,1,2,2,1,1,1,2,1,1,2,1,1,2,47,48,47,15,3,0,0,0,0,0,0
txn_05447,3,2,4,30,1,1,1,1,1,2,2,1,1,1,2,1,1,2,1,1,2,38,39,38,12,3,0,0,0,0,0,0
txn_06147,3,2,4,60,1,1,1,1,1,2,2,1,2,1,2,1,1,5,1,1,2,69,69,69,23,4,0,0,0,0,0,0
txn_08982,0,7,6,42,0,0,0,3,4,3,3,3,3,4,3,0,0,0,0,4,3,55,55,55,20,7,0,0,0,0,0,0
txn_05228,0,2,0,9,0,0,0,1,1,0,0,1,0,1,0,0,0,0,0,1,0,11,11,11,4,1,0,0,0,0,0,0
txn_01446,3,2,8,32,1,1,1,1,1,3,5,0,3,1,5,0,0,0,0,1,5,44,45,44,14,6,0,0,0,0,0,0
txn_05103,0,2,0,27,0,0,0,1,1,0,0,1,0,1,0,0,0,0,0,1,0,29,29,29,10,1,0,0,0,0,0,0
txn_09629,0,2,4,57,0,0,0,1,1,2,2,1,2,1,2,0,0,0,0,1,2,62,63,62,22,2,0,0,0,0,0,0
txn_02280,3,2,8,30,1,1,1,1,1,4,4,1,3,1,4,1,1,2,3,1,4,42,43,42,14,5,0,0,0,0,0,0
txn_03647,0,4,2,42,0,0,0,2,2,1,1,2,1,2,1,0,0,0,0,2,1,48,48,48,17,3,0,0,0,0,0,0
txn_02754,0,0,0,66,0,0,0,0,0,0,0,0,0,0,0,0,0,0,0,0,0,66,66,66,22,0,0,0,0,0,0,0
txn_03932,3,8,4,69,1,1,1,4,4,2,2,3,1,4,2,1,1,3,1,4,2,81,84,81,27,5,0,0,0,0,0,0
txn_04201,0,2,2,75,0,0,0,1,1,1,1,1,1,1,1,0,0,0,0,1,1,79,79,79,27,2,0,0,0,0,0,0
txn_01555,3,9,0,72,1,1,1,4,5,0,0,3,0,5,0,1,0,3,0,5,0,83,84,83,27,5,0,0,0,0,0,0
txn_04172,6,12,2,12,2,2,2,6,6,1,1,5,0,6,1,2,0,7,0,6,1,29,32,29,9,7,0,0,0,0,0,0
txn_01150,0,10,0,18,0,0,0,4,6,0,0,4,0,6,0,0,0,0,0,6,0,28,28,28,10,6,0,0,0,0,0,0
txn_05364,0,4,2,35,0,0,0,2,2,1,1,2,1,2,1,0,0,0,0,2,1,41,41,41,15,3,0,0,0,0,0,0
txn_02606,0,0,0,51,0,0,0,0,0,0,0,0,0,0,0,0,0,0,0,0,0,51,51,51,17,0,0,0,0,0,0,0
txn_02255,0,2,0,6,0,0,0,1,1,0,0,1,0,1,0,0,0,0,0,1,0,8,8,8,3,1,0,0,0,0,0,0
txn_09696,0,4,10,54,0,0,0,2,2,4,6,2,4,2,6,0,0,0,0,2,6,68,68,68,24,8,0,0,0,0,0,0
txn_00939,0,10,4,55,0,0,0,4,6,2,2,4,2,6,2,0,0,0,0,6,2,68,69,68,25,7,0,0,0,0,0,0
txn_00904,3,2,2,24,1,1,1,1,1,1,1,1,1,1,1,1,1,1,1,1,1,31,31,31,10,3,0,0,0,0,0,0
txn_04999,0,2,6,27,0,0,0,1,1,3,3,1,3,1,3,0,0,0,0,1,3,35,35,35,13,4,0,0,0,0,0,0
txn_07787,0,0,2,33,0,0,0,0,0,1,1,0,1,0,1,0,0,0,0,0,1,35,35,35,12,1,0,0,0,0,0,0
txn_05797,0,2,4,57,0,0,0,1,1,2,2,1,2,1,2,0,0,0,0,1,2,63,63,63,22,3,0,0,0,0,0,0
txn_08912,0,18,0,36,0,0,0,7,11,0,0,7,0,11,0,0,0,0,0,11,0,53,54,53,18,11,0,0,0,0,0,0
txn_03892,0,2,3,39,0,0,0,1,1,1,2,1,1,1,2,0,0,0,0,1,2,44,44,44,15,3,0,0,0,0,0,0
txn_03705,0,2,0,30,0,0,0,1,1,0,0,1,0,1,0,0,0,0,0,1,0,32,32,32,11,1,0,0,0,0,0,0
txn_07277,0,0,0,9,0,0,0,0,0,0,0,0,0,0,0,0,0,0,0,0,0,9,9,9,3,0,0,0,0,0,0,0
txn_02025,0,7,0,27,0,0,0,3,4,0,0,3,0,4,0,0,0,0,0,4,0,34,34,34,12,4,0,0,0,0,0,0
txn_08419,3,2,2,76,1,1,1,1,1,1,1,1,1,1,1,1,0,1,0,1,1,83,83,83,27,3,0,0,0,0,0,0
txn_02297,3,6,2,33,1,1,1,3,3,1,1,2,0,3,1,1,0,2,0,3,1,41,44,41,13,3,0,0,0,0,0,0
txn_08308,5,6,3,115,2,1,2,3,3,1,2,2,0,3,2,2,0,4,0,3,2,124,129,124,41,4,0,0,0,0,0,0
txn_09873,0,9,0,21,0,0,0,4,5,0,0,4,0,5,0,0,0,0,0,5,0,30,30,30,11,5,0,0,0,0,0,0
txn_09751,6,7,4,30,2,2,2,3,4,2,2,2,1,4,2,2,2,5,5,4,2,44,47,44,13,6,0,0,0,0,0,0
txn_01726,0,5,0,66,0,0,0,2,3,0,0,2,0,3,0,0,0,0,0,3,0,71,71,71,24,3,0,0,0,0,0,0
txn_03039,0,0,0,36,0,0,0,0,0,0,0,0,0,0,0,0,0,0,0,0,0,36,36,36,12,0,0,0,0,0,0,0
txn_05706,0,6,2,17,0,0,0,3,3,1,1,3,1,3,1,0,0,0,0,3,1,25,25,25,10,4,0,0,0,0,0,0
txn_03994,3,8,4,63,1,1,1,4,4,2,2,3,1,4,2,1,1,3,1,4,2,75,78,75,25,5,0,0,0,0,0,0
txn_08118,3,4,0,9,1,1,1,2,2,0,0,1,0,2,0,1,0,1,0,2,0,15,16,15,4,2,0,0,0,0,0,0
txn_01843,0,2,6,3,0,0,0,1,1,3,3,1,3,1,3,0,0,0,0,1,3,11,11,11,5,4,0,0,0,0,0,0
txn_02231,7,4,4,27,1,3,3,2,2,2,2,2,1,2,2,1,3,4,3,2,2,41,42,41,12,6,0,0,0,0,0,0
txn_01109,3,2,2,69,1,1,1,1,1,1,1,0,0,1,1,0,0,0,0,1,1,73,76,73,23,1,0,0,0,0,0,0
txn_02510,0,4,7,78,0,0,0,2,2,3,4,2,3,2,4,0,0,0,0,2,4,89,89,89,31,6,0,0,0,0,0,0
txn_01701,0,5,6,60,0,0,0,2,3,3,3,2,3,3,3,0,0,0,0,3,3,71,71,71,25,6,0,0,0,0,0,0
txn_08413,0,4,3,135,0,0,0,2,2,1,2,2,1,2,2,0,0,0,0,2,2,141,142,141,48,3,0,0,0,0,0,0
txn_08098,3,4,0,42,1,1,1,2,2,0,0,1,0,2,0,1,1,1,1,2,0,48,49,48,15,2,0,0,0,0,0,0
txn_09996,3,4,4,21,1,1,1,2,2,2,2,1,1,2,2,1,1,1,1,2,2,29,32,29,9,3,0,0,0,0,0,0
txn_08244,0,0,0,36,0,0,0,0,0,0,0,0,0,0,0,0,0,0,0,0,0,36,36,36,12,0,0,0,0,0,0,0
txn_07162,3,5,4,15,1,1,1,2,3,2,2,2,1,3,2,1,1,2,1,3,2,26,27,26,8,5,0,0,0,0,0,0
txn_07134,0,2,0,21,0,0,0,1,1,0,0,1,0,1,0,0,0,0,0,1,0,23,23,23,8,1,0,0,0,0,0,0
txn_00950,0,4,0,27,0,0,0,2,2,0,0,2,0,2,0,0,0,0,0,2,0,31,31,31,11,2,0,0,0,0,0,0
txn_04679,0,4,6,39,0,0,0,2,2,3,3,2,3,2,3,0,0,0,0,2,3,49,49,49,18,5,0,0,0,0,0,0
txn_07377,0,4,5,3,0,0,0,2,2,2,3,2,2,2,3,0,0,0,0,2,3,12,12,12,5,5,0,0,0,0,0,0
txn_02504,0,5,2,42,0,0,0,2,3,1,1,2,1,3,1,0,0,0,0,3,1,49,49,49,17,4,0,0,0,0,0,0
txn_04003,0,2,0,24,0,0,0,1,1,0,0,1,0,1,0,0,0,0,0,1,0,26,26,26,9,1,0,0,0,0,0,0
txn_06884,3,6,2,6,1,1,1,3,3,1,1,2,1,3,1,1,0,2,0,3,1,16,17,16,5,4,0,0,0,0,0,0
txn_08302,3,2,0,33,1,1,1,1,1,0,0,0,0,1,0,0,1,0,1,1,0,37,38,37,11,1,0,0,0,0,0,0
txn_01395,0,8,0,30,0,0,0,3,5,0,0,3,0,5,0,0,0,0,0,5,0,38,38,38,13,5,0,0,0,0,0,0
txn_02536,3,4,2,41,1,1,1,2,2,1,1,1,0,2,1,1,0,1,0,2,1,47,50,47,15,2,0,0,0,0,0,0
txn_05016,0,4,2,42,0,0,0,2,2,1,1,2,1,2,1,0,0,0,0,2,1,48,48,48,17,3,0,0,0,0,0,0
txn_02558,0,7,6,24,0,0,0,3,4,3,3,3,3,4,3,0,0,0,0,4,3,37,37,37,14,7,0,0,0,0,0,0
txn_09837,0,4,6,30,0,0,0,2,2,3,3,2,3,2,3,0,0,0,0,2,3,40,40,40,15,5,0,0,0,0,0,0
txn_08150,3,6,0,68,1,1,1,3,3,0,0,2,0,3,0,1,1,2,3,3,0,76,77,76,24,3,0,0,0,0,0,0
txn_04637,0,8,0,45,0,0,0,4,4,0,0,4,0,4,0,0,0,0,0,4,0,53,53,53,19,4,0,0,0,0,0,0
txn_09816,0,10,2,21,0,0,0,4,6,1,1,4,1,6,1,0,0,0,0,6,1,33,33,33,12,7,0,0,0,0,0,0
txn_01103,0,5,2,39,0,0,0,2,3,1,1,2,1,3,1,0,0,0,0,3,1,46,46,46,16,4,0,0,0,0,0,0
txn_02263,0,7,0,33,0,0,0,3,4,0,0,3,0,4,0,0,0,0,0,4,0,40,40,40,14,4,0,0,0,0,0,0
txn_08702,3,2,2,12,1,1,1,1,1,1,1,0,0,1,1,0,0,0,0,1,1,16,19,16,4,1,0,0,0,0,0,0
txn_07730,3,11,6,39,1,1,1,5,6,3,3,4,3,6,3,1,0,4,0,6,3,58,59,58,20,9,0,0,0,0,0,0
txn_07300,0,0,4,33,0,0,0,0,0,2,2,0,2,0,2,0,0,0,0,0,2,37,37,37,13,2,0,0,0,0,0,0
txn_01438,0,2,3,18,0,0,0,1,1,2,1,1,2,1,1,0,0,0,0,1,1,23,23,23,9,2,0,0,0,0,0,0
txn_03247,5,5,12,42,1,2,2,2,3,5,7,2,4,3,7,0,1,0,4,3,7,63,64,63,20,11,0,0,0,0,0,0
txn_07308,0,6,0,27,0,0,0,3,3,0,0,3,0,3,0,0,0,0,0,3,0,33,33,33,12,3,0,0,0,0,0,0
txn_02573,0,6,0,42,0,0,0,3,3,0,0,3,0,3,0,0,0,0,0,3,0,48,48,48,17,3,0,0,0,0,0,0
txn_04189,5,6,6,118,1,1,3,2,4,2,4,1,1,4,4,1,1,1,1,4,4,128,135,128,42,5,0,0,0,0,0,0
txn_01140,4,9,3,36,1,1,2,4,5,1,2,3,0,5,2,1,0,3,0,5,2,47,52,47,15,5,0,0,0,0,0,0
txn_02327,3,6,7,45,1,1,1,3,3,3,4,2,2,3,4,1,1,2,2,3,4,58,61,58,19,6,0,0,0,0,0,0
txn_03239,5,5,7,81,1,2,2,2,3,3,4,1,2,3,4,1,1,1,2,3,4,94,98,94,30,6,0,0,0,0,0,0
txn_01900,3,2,4,9,1,1,1,1,1,2,2,0,1,1,2,0,1,0,1,1,2,15,18,15,4,2,0,0,0,0,0,0
txn_05610,0,2,2,42,0,0,0,1,1,1,1,1,1,1,1,0,0,0,0,1,1,45,46,45,16,1,0,0,0,0,0,0
txn_05306,3,8,4,30,1,1,1,4,4,2,2,4,1,4,2,1,1,1,1,4,2,44,45,44,15,6,0,0,0,0,0,0
txn_07991,6,20,4,45,1,2,3,8,12,2,2,7,1,12,2,1,2,7,2,12,2,69,75,69,23,12,0,0,0,0,0,0
txn_00815,0,2,0,51,0,0,0,1,1,0,0,1,0,1,0,0,0,0,0,1,0,53,53,53,18,1,0,0,0,0,0,0
txn_06306,3,2,0,45,1,1,1,1,1,0,0,0,0,1,0,0,0,0,0,1,0,49,50,49,15,1,0,0,0,0,0,0
txn_07049,5,8,2,6,1,2,2,3,5,1,1,3,0,5,1,1,0,1,0,5,1,20,21,20,5,7,0,0,0,0,0,0
txn_05129,3,5,2,79,1,1,1,2,3,1,1,1,0,3,1,1,0,1,0,3,1,86,89,86,27,3,0,0,0,0,0,0
txn_02546,5,3,6,3,1,2,2,1,2,3,3,0,2,2,3,0,1,0,2,2,3,13,17,13,3,4,0,0,0,0,0,0
txn_02784,5,4,7,84,2,1,2,2,2,3,4,1,2,2,4,2,1,2,2,2,4,95,100,95,31,5,0,0,0,0,0,0
txn_07141,3,2,2,39,1,1,1,1,1,1,1,0,0,1,1,0,0,0,0,1,1,43,46,43,13,1,0,0,0,0,0,0
txn_05634,0,2,7,30,0,0,0,1,1,3,4,1,3,1,4,0,0,0,0,1,4,39,39,39,14,5,0,0,0,0,0,0
txn_08834,0,0,4,21,0,0,0,0,0,2,2,0,2,0,2,0,0,0,0,0,2,25,25,25,9,2,0,0,0,0,0,0
txn_09609,5,7,2,138,1,2,2,3,4,1,1,2,0,4,1,1,1,2,3,4,1,148,152,148,48,4,0,0,0,0,0,0
txn_09746,0,4,0,72,0,0,0,2,2,0,0,2,0,2,0,0,0,0,0,2,0,76,76,76,26,2,0,0,0,0,0,0
txn_08738,0,2,2,45,0,0,0,1,1,1,1,1,1,1,1,0,0,0,0,1,1,49,49,49,17,2,0,0,0,0,0,0
txn_06514,0,3,0,45,0,0,0,1,2,0,0,1,0,2,0,0,0,0,0,2,0,48,48,48,16,2,0,0,0,0,0,0
txn_02675,0,3,4,36,0,0,0,1,2,1,3,1,1,2,3,0,0,0,0,2,3,42,43,42,14,4,0,0,0,0,0,0
txn_00194,3,8,2,48,1,1,1,4,4,1,1,3,1,4,1,1,1,3,1,4,1,60,61,60,20,5,0,0,0,0,0,0
txn_03591,3,8,2,33,1,1,1,3,5,1,1,2,1,5,1,1,0,2,0,5,1,45,46,45,14,6,0,0,0,0,0,0
txn_07083,3,4,6,29,1,1,1,2,2,3,3,2,2,2,3,1,1,1,2,2,3,41,42,41,14,5,0,0,0,0,0,0
txn_05789,0,4,7,77,0,0,0,2,2,3,4,2,3,2,4,0,0,0,0,2,4,88,88,88,30,6,0,0,0,0,0,0
txn_01732,3,5,12,36,1,1,1,2,3,5,7,1,4,3,7,1,1,1,4,3,7,53,56,53,17,9,0,0,0,0,0,0
txn_04089,3,7,2,24,1,1,1,3,4,1,1,3,0,4,1,1,0,3,0,4,1,35,36,35,11,5,0,0,0,0,0,0
txn_00847,0,13,4,55,0,0,0,6,7,1,3,6,1,7,3,0,0,0,0,7,3,72,72,72,26,10,0,0,0,0,0,0
txn_00017,3,6,2,48,1,1,1,3,3,1,1,2,0,3,1,1,0,2,0,3,1,56,59,56,18,3,0,0,0,0,0,0
txn_08208,0,6,0,35,0,0,0,2,4,0,0,2,0,4,0,0,0,0,0,4,0,41,41,41,14,4,0,0,0,0,0,0
txn_05660,0,4,2,141,0,0,0,2,2,1,1,2,1,2,1,0,0,0,0,2,1,147,147,147,50,3,0,0,0,0,0,0
txn_06640,3,2,0,75,1,1,1,1,1,0,0,1,0,1,0,1,1,2,3,1,0,79,80,79,26,2,0,0,0,0,0,0
txn_04470,5,2,0,27,2,1,2,1,1,0,0,0,0,1,0,1,0,2,0,1,0,33,34,33,9,2,0,0,0,0,0,0
txn_05777,0,5,0,12,0,0,0,2,3,0,0,2,0,3,0,0,0,0,0,3,0,17,17,17,6,3,0,0,0,0,0,0
txn_00641,3,12,8,36,1,1,1,6,6,3,5,5,2,6,5,1,1,5,2,6,5,56,59,56,19,10,0,0,0,0,0,0
txn_00244,0,6,2,33,0,0,0,3,3,1,1,3,1,3,1,0,0,0,0,3,1,41,41,41,15,4,0,0,0,0,0,0
txn_09719,0,4,0,54,0,0,0,2,2,0,0,2,0,2,0,0,0,0,0,2,0,58,58,58,20,2,0,0,0,0,0,0
txn_04651,0,0,5,24,0,0,0,0,0,2,3,0,2,0,3,0,0,0,0,0,3,29,29,29,10,3,0,0,0,0,0,0
txn_07401,0,6,0,48,0,0,0,3,3,0,0,3,0,3,0,0,0,0,0,3,0,54,54,54,19,3,0,0,0,0,0,0
txn_07505,0,0,2,24,0,0,0,0,0,1,1,0,1,0,1,0,0,0,0,0,1,26,26,26,9,1,0,0,0,0,0,0
txn_09073,0,2,4,48,0,0,0,1,1,2,2,1,2,1,2,0,0,0,0,1,2,54,54,54,19,3,0,0,0,0,0,0
txn_05175,0,8,4,48,0,0,0,4,4,2,2,4,2,4,2,0,0,0,0,4,2,60,60,60,22,6,0,0,0,0,0,0
txn_04518,3,6,4,36,1,1,1,3,3,2,2,3,1,3,2,0,1,0,1,3,2,47,49,47,16,4,0,0,0,0,0,0
txn_01020,0,4,0,82,0,0,0,2,2,0,0,2,0,2,0,0,0,0,0,2,0,86,86,86,29,2,0,0,0,0,0,0
txn_07618,3,9,2,121,1,1,1,4,5,1,1,3,1,5,1,1,1,3,1,5,1,134,135,134,45,6,0,0,0,0,0,0
txn_02062,0,2,2,6,0,0,0,1,1,1,1,1,1,1,1,0,0,0,0,1,1,10,10,10,4,2,0,0,0,0,0,0
txn_05914,6,4,0,51,2,2,2,2,2,0,0,1,0,2,0,2,1,4,1,2,0,60,61,60,18,3,0,0,0,0,0,0
txn_05126,3,7,4,24,1,1,1,3,4,2,2,3,1,4,2,1,1,1,1,4,2,37,38,37,12,6,0,0,0,0,0,0
txn_02976,4,8,5,58,1,1,2,3,5,2,3,2,1,5,3,1,1,2,1,5,3,70,75,70,23,6,0,0,0,0,0,0
txn_06403,0,0,0,27,0,0,0,0,0,0,0,0,0,0,0,0,0,0,0,0,0,27,27,27,9,0,0,0,0,0,0,0
txn_09662,0,6,2,51,0,0,0,3,3,1,1,3,1,3,1,0,0,0,0,3,1,59,59,59,21,4,0,0,0,0,0,0
txn_07238,0,0,2,33,0,0,0,0,0,1,1,0,1,0,1,0,0,0,0,0,1,35,35,35,12,1,0,0,0,0,0,0
txn_05159,0,4,0,39,0,0,0,2,2,0,0,2,0,2,0,0,0,0,0,2,0,43,43,43,15,2,0,0,0,0,0,0
txn_07762,3,9,9,58,1,1,1,4,5,4,5,3,3,5,5,1,1,3,3,5,5,76,79,76,26,9,0,0,0,0,0,0
txn_01679,0,10,6,27,0,0,0,5,5,2,4,5,2,5,4,0,0,0,0,5,4,43,43,43,16,9,0,0,0,0,0,0
txn_05450,3,4,2,21,1,1,1,2,2,1,1,1,0,2,1,1,0,1,0,2,1,27,30,27,8,2,0,0,0,0,0,0
txn_08415,3,10,2,39,1,1,1,4,6,1,1,3,1,6,1,1,1,3,4,6,1,53,54,53,17,7,0,0,0,0,0,0
txn_02565,0,7,3,144,0,0,0,3,4,1,2,3,1,4,2,0,0,0,0,4,2,154,154,154,52,6,0,0,0,0,0,0
txn_07631,3,8,5,21,1,1,1,4,4,2,3,3,2,4,3,1,0,3,0,4,3,36,37,36,12,7,0,0,0,0,0,0
txn_08402,0,4,0,30,0,0,0,2,2,0,0,2,0,2,0,0,0,0,0,2,0,34,34,34,12,2,0,0,0,0,0,0
txn_07765,0,7,4,147,0,0,0,3,4,2,2,3,2,4,2,0,0,0,0,4,2,158,158,158,54,6,0,0,0,0,0,0
txn_02663,0,0,0,27,0,0,0,0,0,0,0,0,0,0,0,0,0,0,0,0,0,27,27,27,9,0,0,0,0,0,0,0
txn_05898,0,5,2,36,0,0,0,2,3,1,1,2,1,3,1,0,0,0,0,3,1,43,43,43,15,4,0,0,0,0,0,0
txn_03124,4,9,3,45,1,1,2,4,5,1,2,3,0,5,2,1,0,3,0,5,2,56,61,56,18,5,0,0,0,0,0,0
txn_04662,5,7,4,60,1,2,2,3,4,2,2,2,1,4,2,1,1,2,1,4,2,72,76,72,23,5,0,0,0,0,0,0
txn_06420,0,2,2,30,0,0,0,1,1,1,1,1,1,1,1,0,0,0,0,1,1,34,34,34,12,2,0,0,0,0,0,0
txn_06334,0,0,7,33,0,0,0,0,0,3,4,0,3,0,4,0,0,0,0,0,4,40,40,40,14,4,0,0,0,0,0,0
txn_07048,3,6,3,42,1,1,1,3,3,1,2,2,1,3,2,1,0,2,0,3,2,53,54,53,17,5,0,0,0,0,0,0
txn_04968,3,5,2,42,1,1,1,2,3,1,1,1,0,3,1,1,0,1,0,3,1,49,52,49,15,3,0,0,0,0,0,0
txn_08332,0,2,0,27,0,0,0,1,1,0,0,1,0,1,0,0,0,0,0,1,0,29,29,29,10,1,0,0,0,0,0,0
txn_00093,0,5,3,66,0,0,0,2,3,1,2,2,1,3,2,0,0,0,0,3,2,74,74,74,25,5,0,0,0,0,0,0
txn_03609,3,5,8,48,1,1,1,2,3,4,4,2,3,3,4,1,1,1,3,3,4,63,64,63,21,7,0,0,0,0,0,0
txn_06131,0,3,0,18,0,0,0,1,2,0,0,1,0,2,0,0,0,0,0,2,0,21,21,21,7,2,0,0,0,0,0,0
txn_03067,0,6,0,85,0,0,0,3,3,0,0,3,0,2,0,0,0,0,0,2,0,90,91,90,30,3,0,0,0,0,0,0
txn_02590,3,6,3,24,1,1,1,3,3,1,2,2,1,3,2,1,1,2,2,3,2,34,36,34,11,4,0,0,0,0,0,0
txn_08846,0,4,2,124,0,0,0,2,2,1,1,2,1,2,1,0,0,0,0,2,1,130,130,130,45,3,0,0,0,0,0,0
txn_00447,0,7,2,87,0,0,0,3,4,1,1,3,1,4,1,0,0,0,0,4,1,96,96,96,33,5,0,0,0,0,0,0
txn_03287,0,4,3,36,0,0,0,2,2,1,2,2,1,2,2,0,0,0,0,2,2,43,43,43,15,4,0,0,0,0,0,0
txn_08795,3,2,6,9,1,1,1,1,1,3,3,0,2,1,3,0,1,0,2,1,3,17,20,17,5,3,0,0,0,0,0,0
txn_01586,0,12,2,63,0,0,0,5,7,1,1,5,1,7,1,0,0,0,0,7,1,76,77,76,27,7,0,0,0,0,0,0
txn_02995,4,9,5,27,1,1,2,4,5,2,3,3,1,5,3,1,1,3,1,5,3,40,45,40,13,6,0,0,0,0,0,0
txn_03495,0,4,2,17,0,0,0,2,2,1,1,2,1,2,1,0,0,0,0,2,1,23,23,23,9,3,0,0,0,0,0,0
txn_01189,3,6,2,51,1,1,1,3,3,1,1,2,0,3,1,1,0,2,0,3,1,59,62,59,19,3,0,0,0,0,0,0
txn_09820,0,7,3,44,0,0,0,3,4,2,1,3,2,4,0,0,0,0,0,4,0,52,54,52,18,5,0,0,0,0,0,0
txn_02392,0,0,0,45,0,0,0,0,0,0,0,0,0,0,0,0,0,0,0,0,0,45,45,45,15,0,0,0,0,0,0,0
txn_00373,0,2,2,12,0,0,0,1,1,1,1,1,1,1,1,0,0,0,0,1,1,16,16,16,6,2,0,0,0,0,0,0
txn_00845,0,6,2,24,0,0,0,3,3,1,1,3,1,3,1,0,0,0,0,3,1,32,32,32,12,4,0,0,0,0,0,0
txn_00966,0,4,0,15,0,0,0,2,2,0,0,2,0,2,0,0,0,0,0,2,0,19,19,19,7,2,0,0,0,0,0,0
txn_02366,3,2,2,39,1,1,1,1,1,1,1,0,1,1,1,0,1,0,2,1,1,45,46,45,14,2,0,0,0,0,0,0
txn_02305,0,7,0,27,0,0,0,3,4,0,0,3,0,4,0,0,0,0,0,4,0,34,34,34,12,4,0,0,0,0,0,0
txn_00115,6,7,0,71,2,2,2,3,4,0,0,3,0,4,0,2,1,4,1,4,0,83,84,83,26,6,0,0,0,0,0,0
txn_07427,3,8,2,12,1,1,1,4,4,1,1,4,1,4,1,1,0,1,0,4,1,25,25,25,9,6,0,0,0,0,0,0
txn_03986,0,9,0,36,0,0,0,4,5,0,0,4,0,5,0,0,0,0,0,5,0,45,45,45,16,5,0,0,0,0,0,0
txn_00668,3,2,2,60,1,1,1,1,1,1,1,1,0,1,1,1,0,1,0,1,1,66,67,66,21,2,0,0,0,0,0,0
txn_07166,3,4,8,30,1,1,1,2,2,4,4,1,3,2,4,1,1,1,3,2,4,41,45,41,14,4,0,0,0,0,0,0
txn_07495,0,2,4,24,0,0,0,1,1,2,2,1,2,1,2,0,0,0,0,1,2,30,30,30,11,3,0,0,0,0,0,0
txn_02428,0,6,2,33,0,0,0,3,3,1,1,3,1,3,1,0,0,0,0,3,1,41,41,41,15,4,0,0,0,0,0,0
txn_09865,0,5,4,42,0,0,0,2,3,2,2,2,2,3,2,0,0,0,0,3,2,51,51,51,18,5,0,0,0,0,0,0
txn_07062,0,2,0,36,0,0,0,1,1,0,0,1,0,1,0,0,0,0,0,1,0,38,38,38,13,1,0,0,0,0,0,0
txn_07482,0,2,4,36,0,0,0,1,1,2,2,1,2,1,2,0,0,0,0,1,2,42,42,42,15,3,0,0,0,0,0,0
txn_00257,0,9,3,39,0,0,0,4,5,1,2,4,1,5,2,0,0,0,0,5,2,51,51,51,18,7,0,0,0,0,0,0
txn_00947,0,5,2,24,0,0,0,2,3,1,1,2,1,3,1,0,0,0,0,3,1,31,31,31,11,4,0,0,0,0,0,0
txn_05728,3,6,2,51,1,1,1,3,3,1,1,2,0,3,1,1,0,2,0,3,1,59,62,59,19,3,0,0,0,0,0,0
txn_01481,0,0,2,90,0,0,0,0,0,1,1,0,1,0,1,0,0,0,0,0,1,92,92,92,31,1,0,0,0,0,0,0
txn_05955,0,6,2,42,0,0,0,3,3,1,1,3,1,3,1,0,0,0,0,3,1,50,50,50,18,4,0,0,0,0,0,0
txn_08831,0,6,3,48,0,0,0,3,3,1,2,3,1,3,2,0,0,0,0,3,2,57,57,57,20,5,0,0,0,0,0,0
txn_03625,3,4,6,3,1,1,1,2,2,3,3,1,2,2,3,1,1,1,2,2,3,13,16,13,4,4,0,0,0,0,0,0
txn_04641,3,4,2,69,1,1,1,2,2,1,1,2,0,2,1,1,0,2,0,2,1,77,78,77,25,3,0,0,0,0,0,0
txn_06035,0,4,5,80,0,0,0,2,2,2,3,2,2,2,3,0,0,0,0,2,3,89,89,89,30,5,0,0,0,0,0,0
txn_09488,4,6,3,45,1,1,2,3,3,1,2,2,0,3,2,1,0,2,0,3,2,53,58,53,17,3,0,0,0,0,0,0
txn_05239,3,4,2,20,1,1,1,2,2,1,1,1,0,2,1,1,0,1,0,2,1,26,29,26,8,2,0,0,0,0,0,0
txn_09422,0,0,4,38,0,0,0,0,0,1,3,0,1,0,3,0,0,0,0,0,3,42,42,42,14,3,0,0,0,0,0,0
txn_01980,0,6,0,57,0,0,0,3,3,0,0,3,0,3,0,0,0,0,0,3,0,63,63,63,22,3,0,0,0,0,0,0
txn_09235,0,8,2,27,0,0,0,4,4,1,1,4,1,4,1,0,0,0,0,4,1,36,37,36,13,5,0,0,0,0,0,0
txn_05057,0,4,0,63,0,0,0,2,2,0,0,2,0,2,0,0,0,0,0,2,0,67,67,67,23,2,0,0,0,0,0,0
txn_02904,0,10,0,83,0,0,0,5,5,0,0,5,0,5,0,0,0,0,0,5,0,93,93,93,32,5,0,0,0,0,0,0
txn_07006,3,21,2,48,1,1,1,8,13,1,1,7,0,13,1,1,0,7,0,13,1,71,74,71,23,13,0,0,0,0,0,0
txn_02124,0,6,2,75,0,0,0,3,3,1,1,3,1,3,1,0,0,0,0,3,1,83,83,83,29,4,0,0,0,0,0,0
txn_00730,3,8,2,150,1,1,1,4,4,1,1,4,0,4,1,1,0,1,0,4,1,161,163,161,54,4,0,0,0,0,0,0
txn_06457,0,4,0,15,0,0,0,2,2,0,0,2,0,2,0,0,0,0,0,2,0,19,19,19,7,2,0,0,0,0,0,0
txn_03163,3,6,2,54,1,1,1,3,3,1,1,2,0,3,1,1,0,2,0,3,1,62,65,62,20,3,0,0,0,0,0,0
txn_03692,3,11,4,61,1,1,1,4,7,2,2,3,1,7,2,1,1,3,1,7,2,76,79,76,25,8,0,0,0,0,0,0
txn_01852,5,12,2,78,1,2,2,5,7,1,1,4,0,6,1,1,1,4,3,6,1,91,97,91,29,7,0,0,0,0,0,0
txn_00596,3,2,2,20,1,1,1,1,1,1,1,0,0,1,1,0,0,0,0,1,1,24,27,24,6,1,0,0,0,0,0,0
txn_03443,3,4,4,45,1,1,1,2,2,2,2,1,1,2,2,1,1,1,1,2,2,53,56,53,17,3,0,0,0,0,0,0
txn_05021,0,6,3,54,0,0,0,3,3,1,2,3,1,3,2,0,0,0,0,3,2,63,63,63,22,5,0,0,0,0,0,0
txn_00298,0,4,6,42,0,0,0,2,2,2,4,2,2,2,4,0,0,0,0,2,4,52,52,52,18,6,0,0,0,0,0,0
txn_04838,3,2,4,33,1,1,1,1,1,2,2,1,1,1,2,1,1,2,1,1,2,41,42,41,13,3,0,0,0,0,0,0
txn_04199,3,4,0,87,1,1,1,2,2,0,0,2,0,2,0,1,1,3,2,2,0,94,94,94,31,3,0,0,0,0,0,0
txn_08048,0,3,0,39,0,0,0,1,2,0,0,1,0,2,0,0,0,0,0,2,0,42,42,42,14,2,0,0,0,0,0,0
txn_03008,0,2,3,29,0,0,0,1,1,1,2,1,1,1,2,0,0,0,0,1,2,34,34,34,12,3,0,0,0,0,0,0
txn_06758,0,8,2,18,0,0,0,4,4,1,1,4,1,4,1,0,0,0,0,4,1,28,28,28,11,5,0,0,0,0,0,0
txn_04960,0,2,2,54,0,0,0,1,1,1,1,1,1,1,1,0,0,0,0,1,1,58,58,58,20,2,0,0,0,0,0,0
txn_03849,3,7,2,21,1,1,1,3,4,1,1,2,1,4,1,1,0,2,0,4,1,32,33,32,10,5,0,0,0,0,0,0
txn_06045,3,7,7,45,1,1,1,3,4,3,4,3,2,4,4,1,1,2,2,4,4,61,62,61,20,8,0,0,0,0,0,0
txn_08554,3,8,2,27,1,1,1,4,4,1,1,4,0,4,1,1,0,1,0,4,1,38,40,38,13,4,0,0,0,0,0,0
txn_07766,0,0,2,90,0,0,0,0,0,1,1,0,1,0,1,0,0,0,0,0,1,92,92,92,31,1,0,0,0,0,0,0
txn_07842,5,5,7,30,1,2,2,2,3,3,4,1,2,3,4,1,1,1,2,3,4,43,47,43,13,6,0,0,0,0,0,0
txn_07625,4,3,3,33,1,1,2,1,2,1,2,0,0,2,2,0,0,0,0,2,2,38,43,38,11,2,0,0,0,0,0,0
txn_05795,0,2,4,33,0,0,0,1,1,2,2,1,2,1,2,0,0,0,0,1,2,39,39,39,14,3,0,0,0,0,0,0
txn_05688,0,0,2,12,0,0,0,0,0,1,1,0,1,0,1,0,0,0,0,0,1,14,14,14,5,1,0,0,0,0,0,0
txn_09158,0,2,2,29,0,0,0,1,1,1,1,1,1,1,1,0,0,0,0,1,1,33,33,33,12,2,0,0,0,0,0,0
txn_02726,3,6,2,127,1,1,1,3,3,1,1,3,1,3,1,1,1,1,1,3,1,138,138,138,47,5,0,0,0,0,0,0
txn_07307,0,6,0,27,0,0,0,3,3,0,0,3,0,3,0,0,0,0,0,3,0,33,33,33,12,3,0,0,0,0,0,0
txn_02384,5,4,2,41,2,1,2,2,2,1,1,1,1,2,1,2,1,3,1,2,1,51,52,51,16,4,0,0,0,0,0,0
txn_05551,0,5,2,63,0,0,0,2,3,1,1,2,1,3,1,0,0,0,0,3,1,70,70,70,24,4,0,0,0,0,0,0
txn_04454,5,9,4,48,1,2,2,4,5,2,2,3,1,5,2,1,2,3,2,5,2,62,66,62,20,6,0,0,0,0,0,0
txn_06946,0,0,0,33,0,0,0,0,0,0,0,0,0,0,0,0,0,0,0,0,0,33,33,33,11,0,0,0,0,0,0,0
txn_08622,3,8,9,12,1,1,1,4,4,4,5,4,3,4,5,1,1,1,3,4,5,31,32,31,11,9,0,0,0,0,0,0
txn_03222,0,2,2,51,0,0,0,1,1,1,1,1,1,1,1,0,0,0,0,1,1,55,55,55,19,2,0,0,0,0,0,0
txn_07539,0,2,2,36,0,0,0,1,1,1,1,1,1,1,1,0,0,0,0,1,1,40,40,40,14,2,0,0,0,0,0,0
txn_00926,0,2,5,66,0,0,0,1,1,2,3,1,2,1,3,0,0,0,0,1,3,73,73,73,25,4,0,0,0,0,0,0
txn_02562,3,6,7,61,1,1,1,2,4,2,5,2,1,4,5,1,1,1,1,4,5,75,77,75,24,8,0,0,0,0,0,0
txn_02982,0,6,0,45,0,0,0,2,4,0,0,2,0,4,0,0,0,0,0,4,0,51,51,51,17,4,0,0,0,0,0,0
txn_03216,0,0,2,66,0,0,0,0,0,1,1,0,1,0,1,0,0,0,0,0,1,68,68,68,23,1,0,0,0,0,0,0
txn_02844,3,8,5,130,1,1,1,4,4,2,3,3,1,3,3,1,1,3,1,3,3,140,146,140,46,6,0,0,0,0,0,0
txn_01708,0,2,2,51,0,0,0,1,1,1,1,1,1,1,1,0,0,0,0,1,1,55,55,55,19,2,0,0,0,0,0,0
txn_01968,3,10,4,45,1,1,1,5,5,2,2,5,1,4,2,1,1,3,1,4,2,60,62,60,20,7,0,0,0,0,0,0
txn_09935,0,8,2,32,0,0,0,4,4,1,1,4,1,4,1,0,0,0,0,4,1,42,42,42,16,5,0,0,0,0,0,0
txn_00897,3,4,0,32,1,1,1,2,2,0,0,2,0,2,0,1,1,2,2,2,0,39,39,39,13,3,0,0,0,0,0,0
txn_00338,0,9,0,23,0,0,0,4,5,0,0,4,0,5,0,0,0,0,0,5,0,32,32,32,11,5,0,0,0,0,0,0
txn_03001,6,11,4,35,2,1,3,5,6,1,3,4,0,6,3,1,0,4,0,6,3,50,56,50,16,7,0,0,0,0,0,0
txn_05650,4,9,5,38,1,1,2,4,5,2,3,3,1,5,3,1,1,3,1,5,3,51,56,51,17,6,0,0,0,0,0,0
txn_08311,4,22,4,86,1,1,2,8,14,2,2,7,2,13,2,1,1,7,1,13,2,111,116,111,36,16,0,0,0,0,0,0
txn_05643,3,7,4,30,1,1,1,3,4,2,2,3,1,4,2,1,1,1,1,4,2,43,44,43,14,6,0,0,0,0,0,0
txn_06101,3,7,4,47,1,1,1,3,4,2,2,2,1,4,2,1,1,2,1,4,2,58,61,58,19,5,0,0,0,0,0,0
txn_09546,0,2,7,66,0,0,0,1,1,3,4,1,3,1,4,0,0,0,0,1,4,75,75,75,26,5,0,0,0,0,0,0
txn_08194,6,6,2,51,2,2,2,3,3,1,1,2,0,3,1,2,1,3,1,3,1,62,65,62,19,4,0,0,0,0,0,0
txn_08108,3,11,2,42,1,1,1,5,6,1,1,4,0,6,1,1,0,4,0,6,1,55,58,55,18,6,0,0,0,0,0,0
txn_09176,3,6,2,3,1,1,1,3,3,1,1,2,0,3,1,1,0,2,0,3,1,11,14,11,3,3,0,0,0,0,0,0
txn_09796,0,8,0,57,0,0,0,3,5,0,0,3,0,5,0,0,0,0,0,5,0,65,65,65,22,5,0,0,0,0,0,0
txn_07103,3,8,4,30,1,1,1,4,4,2,2,3,1,4,2,1,1,3,1,4,2,42,45,42,14,5,0,0,0,0,0,0
txn_02691,7,7,5,72,2,1,4,3,4,1,4,2,0,4,4,2,0,3,0,4,4,84,91,84,26,6,0,0,0,0,0,0
txn_01758,0,12,4,24,0,0,0,5,7,2,2,5,2,7,2,0,0,0,0,7,2,40,40,40,15,9,0,0,0,0,0,0
txn_05454,0,3,2,51,0,0,0,1,2,1,1,1,1,2,1,0,0,0,0,2,1,56,56,56,19,3,0,0,0,0,0,0
txn_06432,0,5,2,39,0,0,0,2,3,1,1,2,1,3,1,0,0,0,0,3,1,46,46,46,16,4,0,0,0,0,0,0
txn_01454,5,3,6,51,1,2,2,1,2,3,3,0,2,2,3,0,2,0,3,2,3,61,65,61,19,4,0,0,0,0,0,0
txn_05474,3,11,2,74,1,1,1,6,5,1,1,5,0,5,1,1,0,5,0,5,1,87,90,87,29,5,0,0,0,0,0,0
txn_03161,0,7,3,87,0,0,0,3,4,1,2,3,1,4,2,0,0,0,0,4,2,97,97,97,32,6,0,0,0,0,0,0
txn_06373,0,2,2,21,0,0,0,1,1,1,1,1,1,1,1,0,0,0,0,1,1,25,25,25,9,2,0,0,0,0,0,0
txn_03213,3,9,4,153,1,1,1,4,5,2,2,4,1,5,2,1,1,3,1,5,2,168,169,168,56,7,0,0,0,0,0,0
txn_05080,0,0,4,132,0,0,0,0,0,1,3,0,1,0,3,0,0,0,0,0,3,136,136,136,46,3,0,0,0,0,0,0
txn_06591,0,4,3,48,0,0,0,2,2,1,2,2,1,2,2,0,0,0,0,2,2,55,55,55,19,4,0,0,0,0,0,0
txn_04676,3,0,3,23,1,1,1,0,0,1,2,0,1,0,2,1,1,3,1,0,2,29,29,29,9,3,0,0,0,0,0,0
txn_00213,0,5,0,57,0,0,0,3,2,0,0,3,0,2,0,0,0,0,0,2,0,62,62,62,22,2,0,0,0,0,0,0
txn_01206,3,4,6,80,1,1,1,2,2,3,3,1,2,2,3,1,1,1,2,2,3,90,93,90,30,4,0,0,0,0,0,0
txn_02446,3,9,2,69,1,1,1,4,5,1,1,3,0,5,1,1,0,3,0,5,1,80,83,80,26,5,0,0,0,0,0,0
txn_01607,6,4,8,51,1,2,3,1,3,3,5,0,2,3,5,0,1,0,2,3,5,63,69,63,19,6,0,0,0,0,0,0
txn_07119,0,2,6,30,0,0,0,1,1,2,4,1,2,1,4,0,0,0,0,1,4,38,38,38,13,5,0,0,0,0,0,0
txn_01990,3,5,2,64,1,1,1,2,3,1,1,1,0,3,1,1,0,1,0,3,1,71,74,71,23,3,0,0,0,0,0,0
txn_03468,3,4,4,54,1,1,1,2,2,2,2,1,1,2,2,1,1,1,1,2,2,62,65,62,20,3,0,0,0,0,0,0
txn_06275,3,5,2,41,1,1,1,2,3,1,1,2,0,3,1,1,0,3,0,3,1,50,51,50,16,4,0,0,0,0,0,0
txn_09120,0,7,2,69,0,0,0,3,4,1,1,3,1,4,1,0,0,0,0,4,1,78,78,78,27,5,0,0,0,0,0,0
txn_00820,0,2,0,44,0,0,0,1,1,0,0,1,0,1,0,0,0,0,0,1,0,46,46,46,16,1,0,0,0,0,0,0
txn_07099,0,2,2,93,0,0,0,1,1,1,1,1,1,1,1,0,0,0,0,1,1,97,97,97,33,2,0,0,0,0,0,0
txn_09081,5,5,2,48,1,2,2,2,3,1,1,1,0,3,1,1,1,1,1,3,1,56,60,56,17,3,0,0,0,0,0,0
txn_02477,3,0,4,60,1,1,1,0,0,2,2,0,2,0,2,1,1,1,1,0,2,67,67,67,22,3,0,0,0,0,0,0
txn_09562,0,10,0,54,0,0,0,5,5,0,0,5,0,4,0,0,0,0,0,4,0,63,64,63,22,5,0,0,0,0,0,0
txn_04847,3,2,0,12,1,1,1,1,1,0,0,1,0,1,0,0,0,0,0,1,0,17,17,17,5,2,0,0,0,0,0,0
txn_05852,3,2,2,33,1,1,1,1,1,1,1,1,1,1,1,1,1,4,1,1,1,40,40,40,13,3,0,0,0,0,0,0
txn_09395,5,8,9,15,2,1,2,3,5,4,5,2,3,5,5,2,1,3,3,5,5,33,37,33,10,9,0,0,0,0,0,0
txn_01514,0,4,0,135,0,0,0,2,2,0,0,2,0,2,0,0,0,0,0,2,0,139,139,139,48,2,0,0,0,0,0,0
txn_04469,7,5,0,30,2,2,3,2,3,0,0,1,0,3,0,2,2,3,2,3,0,40,42,40,11,4,0,0,0,0,0,0
txn_06144,0,9,0,93,0,0,0,4,5,0,0,4,0,5,0,0,0,0,0,5,0,102,102,102,35,5,0,0,0,0,0,0
txn_06936,3,8,2,32,1,1,1,4,4,1,1,3,0,4,1,1,0,3,0,4,1,42,45,42,14,4,0,0,0,0,0,0
txn_08021,0,7,2,6,0,0,0,3,4,1,1,3,1,4,1,0,0,0,0,4,1,15,15,15,6,5,0,0,0,0,0,0
txn_06993,0,0,3,78,0,0,0,0,0,1,2,0,1,0,2,0,0,0,0,0,2,81,81,81,27,2,0,0,0,0,0,0
txn_05539,3,2,2,26,1,1,1,1,1,1,1,1,1,1,1,0,0,0,0,1,1,33,33,33,10,3,0,0,0,0,0,0
txn_01520,3,9,3,90,1,1,1,4,5,1,2,3,1,5,2,1,1,3,1,5,2,104,105,104,33,7,0,0,0,0,0,0
txn_00049,0,4,2,0,0,0,0,1,3,1,1,1,1,3,1,0,0,0,0,3,1,6,6,6,2,4,0,0,0,0,0,0
txn_07876,0,7,0,93,0,0,0,3,4,0,0,3,0,4,0,0,0,0,0,4,0,100,100,100,33,4,0,0,0,0,0,0
txn_08700,0,2,0,48,0,0,0,1,1,0,0,1,0,1,0,0,0,0,0,1,0,50,50,50,17,1,0,0,0,0,0,0
txn_07098,0,5,4,51,0,0,0,2,3,2,2,2,2,3,2,0,0,0,0,3,2,60,60,60,21,5,0,0,0,0,0,0
txn_07379,0,4,5,54,0,0,0,2,2,2,3,2,2,2,3,0,0,0,0,2,3,63,63,63,22,5,0,0,0,0,0,0
txn_07948,0,6,0,30,0,0,0,3,3,0,0,3,0,3,0,0,0,0,0,3,0,36,36,36,13,3,0,0,0,0,0,0
txn_09605,0,0,4,36,0,0,0,0,0,2,2,0,2,0,2,0,0,0,0,0,2,40,40,40,14,2,0,0,0,0,0,0
txn_07492,0,2,2,39,0,0,0,1,1,1,1,1,1,1,1,0,0,0,0,1,1,43,43,43,15,2,0,0,0,0,0,0
txn_02503,0,5,2,54,0,0,0,2,3,1,1,2,1,3,1,0,0,0,0,3,1,61,61,61,21,4,0,0,0,0,0,0
txn_08471,0,4,4,36,0,0,0,2,2,2,2,2,2,1,2,0,0,0,0,1,2,43,44,43,15,4,0,0,0,0,0,0
txn_02991,0,2,2,63,0,0,0,1,1,1,1,1,1,1,1,0,0,0,0,1,1,67,67,67,23,2,0,0,0,0,0,0
txn_07670,3,7,2,138,1,1,1,3,4,1,1,2,0,4,1,1,0,2,0,4,1,147,150,147,49,4,0,0,0,0,0,0
txn_05870,3,8,4,18,1,1,1,4,4,2,2,3,1,4,2,1,1,3,1,4,2,30,33,30,10,5,0,0,0,0,0,0
txn_07665,0,10,2,33,0,0,0,4,6,1,1,4,1,6,1,0,0,0,0,6,1,45,45,45,16,7,0,0,0,0,0,0
txn_06120,6,2,6,60,2,1,3,1,1,2,4,0,1,1,4,1,1,1,1,1,4,69,74,69,21,4,0,0,0,0,0,0
txn_08743,0,10,6,156,0,0,0,5,5,3,3,5,3,4,3,0,0,0,0,4,3,170,172,170,58,8,0,0,0,0,0,0
txn_06412,4,4,2,63,1,1,2,2,2,1,1,2,1,2,1,1,0,2,0,2,1,73,73,73,24,5,0,0,0,0,0,0
txn_07180,3,2,2,18,1,1,1,1,1,1,1,1,0,1,1,1,0,2,0,1,1,24,25,24,7,2,0,0,0,0,0,0
txn_02827,0,5,8,44,0,0,0,2,3,3,5,2,3,3,5,0,0,0,0,3,5,57,57,57,20,8,0,0,0,0,0,0
txn_06765,3,12,4,72,1,1,1,5,7,2,2,4,1,6,2,1,1,4,1,6,2,86,91,86,28,8,0,0,0,0,0,0
txn_03820,0,4,0,96,0,0,0,2,2,0,0,2,0,2,0,0,0,0,0,2,0,100,100,100,33,2,0,0,0,0,0,0
txn_06146,3,2,2,36,1,1,1,1,1,1,1,0,0,1,1,0,0,0,0,1,1,40,43,40,12,1,0,0,0,0,0,0
txn_07826,0,6,4,30,0,0,0,2,4,2,2,2,2,4,2,0,0,0,0,4,2,40,40,40,14,6,0,0,0,0,0,0
txn_07674,0,4,6,66,0,0,0,2,2,3,3,2,3,2,3,0,0,0,0,2,3,75,76,75,27,4,0,0,0,0,0,0
txn_00401,3,2,2,39,1,1,1,1,1,1,1,0,1,1,1,0,0,0,0,1,1,45,46,45,14,2,0,0,0,0,0,0
txn_06553,4,5,2,15,1,1,2,2,3,1,1,1,1,3,1,1,1,1,4,3,1,24,26,24,7,4,0,0,0,0,0,0
txn_00297,0,0,2,42,0,0,0,0,0,1,1,0,1,0,1,0,0,0,0,0,1,44,44,44,15,1,0,0,0,0,0,0
txn_07370,0,2,0,158,0,0,0,1,1,0,0,1,0,1,0,0,0,0,0,1,0,160,160,160,54,1,0,0,0,0,0,0
txn_05198,0,12,4,161,0,0,0,4,8,2,2,4,2,7,2,0,0,0,0,7,2,175,177,175,59,9,0,0,0,0,0,0
txn_00054,3,8,2,69,1,1,1,4,4,1,1,3,0,4,1,1,0,3,0,4,1,79,82,79,26,4,0,0,0,0,0,0
txn_04427,0,7,2,39,0,0,0,3,4,1,1,3,1,4,1,0,0,0,0,4,1,48,48,48,17,5,0,0,0,0,0,0
txn_03313,9,6,2,24,3,3,3,3,3,1,1,3,0,3,1,2,2,7,5,3,1,39,41,39,11,6,0,0,0,0,0,0
txn_02216,0,8,2,72,0,0,0,4,4,1,1,4,1,4,1,0,0,0,0,4,1,82,82,82,29,5,0,0,0,0,0,0
txn_06104,0,2,0,39,0,0,0,1,1,0,0,1,0,1,0,0,0,0,0,1,0,41,41,41,14,1,0,0,0,0,0,0
txn_05571,3,6,5,27,1,1,1,3,3,2,3,2,1,3,3,1,1,2,1,3,3,38,41,38,12,5,0,0,0,0,0,0
txn_01093,3,2,6,15,1,1,1,1,1,3,3,1,2,1,3,1,1,4,2,1,3,25,26,25,8,4,0,0,0,0,0,0
txn_00983,3,6,2,67,1,1,1,3,3,1,1,2,0,3,1,1,0,2,0,3,1,75,78,75,25,3,0,0,0,0,0,0
txn_01405,3,2,5,75,1,1,1,1,1,3,2,1,2,1,2,1,1,1,2,1,2,84,85,84,28,3,0,0,0,0,0,0
txn_07160,3,9,2,39,1,1,1,4,5,1,1,3,1,5,1,1,1,3,2,5,1,52,53,52,17,6,0,0,0,0,0,0
txn_06506,0,2,3,47,0,0,0,1,1,1,2,1,1,1,2,0,0,0,0,1,2,52,52,52,18,3,0,0,0,0,0,0
txn_06986,0,2,5,50,0,0,0,1,1,2,3,1,2,1,3,0,0,0,0,1,3,57,57,57,20,4,0,0,0,0,0,0
txn_00530,0,5,4,24,0,0,0,2,3,2,2,2,2,3,2,0,0,0,0,3,2,33,33,33,12,5,0,0,0,0,0,0
txn_06399,3,6,4,54,1,1,1,3,3,2,2,3,1,3,2,1,1,2,1,3,2,66,67,66,22,5,0,0,0,0,0,0
txn_02529,3,4,2,15,1,1,1,2,2,1,1,2,1,2,1,1,0,2,0,2,1,24,24,24,8,4,0,0,0,0,0,0
txn_03319,0,9,3,18,0,0,0,3,6,1,2,3,1,6,2,0,0,0,0,6,2,30,30,30,10,8,0,0,0,0,0,0
txn_03984,0,9,4,81,0,0,0,4,5,2,2,4,2,5,2,0,0,0,0,5,2,93,94,93,33,6,0,0,0,0,0,0
txn_06387,0,6,5,27,0,0,0,3,3,2,3,3,2,3,3,0,0,0,0,3,3,37,38,37,14,5,0,0,0,0,0,0
txn_08662,3,2,3,56,1,1,1,1,1,1,2,1,1,1,2,0,1,0,2,1,2,64,64,64,21,4,0,0,0,0,0,0
txn_00290,0,2,6,75,0,0,0,1,1,3,3,1,3,1,3,0,0,0,0,1,3,83,83,83,29,4,0,0,0,0,0,0
txn_03119,3,5,2,26,1,1,1,2,3,1,1,2,0,3,1,1,0,3,0,3,1,35,36,35,11,4,0,0,0,0,0,0
txn_01731,5,5,2,27,1,2,2,2,3,1,1,1,0,3,1,1,1,1,2,3,1,35,39,35,10,3,0,0,0,0,0,0
txn_07531,0,6,5,96,0,0,0,3,3,2,3,3,2,3,2,0,0,0,0,3,2,106,107,106,36,6,0,0,0,0,0,0
txn_04732,3,9,2,45,1,1,1,4,5,1,1,3,0,5,1,1,0,3,0,5,1,56,59,56,18,5,0,0,0,0,0,0
txn_05653,0,8,4,6,0,0,0,4,4,2,2,4,2,4,2,0,0,0,0,4,2,18,18,18,8,6,0,0,0,0,0,0
txn_09053,0,6,4,15,0,0,0,2,4,1,3,2,1,4,3,0,0,0,0,4,3,25,25,25,8,7,0,0,0,0,0,0
txn_00650,0,4,4,54,0,0,0,2,2,1,3,2,1,2,3,0,0,0,0,2,3,62,62,62,21,5,0,0,0,0,0,0
txn_06742,0,10,5,96,0,0,0,5,5,2,3,5,2,5,3,0,0,0,0,5,3,111,111,111,39,8,0,0,0,0,0,0
txn_08753,8,9,4,30,2,3,3,4,5,2,2,3,1,5,2,2,1,6,1,5,2,47,51,47,14,7,0,0,0,0,0,0
txn_09271,0,5,2,57,0,0,0,2,3,1,1,2,1,3,1,0,0,0,0,3,1,64,64,64,22,4,0,0,0,0,0,0
txn_08810,0,9,4,54,0,0,0,4,5,2,2,4,2,5,2,0,0,0,0,5,2,67,67,67,24,7,0,0,0,0,0,0
txn_07629,6,8,2,84,1,2,3,3,5,1,1,2,0,5,1,1,1,2,1,5,1,95,100,95,30,5,0,0,0,0,0,0
txn_09730,0,4,2,57,0,0,0,2,2,1,1,2,1,2,1,0,0,0,0,2,1,63,63,63,22,3,0,0,0,0,0,0
txn_05636,0,6,5,54,0,0,0,3,3,2,3,3,2,3,2,0,0,0,0,3,2,64,65,64,22,6,0,0,0,0,0,0
txn_08316,0,8,2,53,0,0,0,4,4,1,1,4,1,4,1,0,0,0,0,4,1,63,63,63,23,5,0,0,0,0,0,0
txn_01616,0,6,0,42,0,0,0,3,3,0,0,3,0,3,0,0,0,0,0,3,0,47,48,47,16,3,0,0,0,0,0,0
txn_06194,0,5,8,33,0,0,0,2,3,4,4,2,4,3,4,0,0,0,0,3,4,46,46,46,17,7,0,0,0,0,0,0
txn_01735,3,4,6,6,1,1,1,2,2,3,3,1,2,2,3,1,1,1,2,2,3,16,19,16,5,4,0,0,0,0,0,0
txn_02721,0,2,0,27,0,0,0,1,1,0,0,1,0,1,0,0,0,0,0,1,0,29,29,29,10,1,0,0,0,0,0,0
txn_02582,4,8,3,36,1,1,2,3,5,1,2,2,0,5,2,1,0,2,0,5,2,46,51,46,14,5,0,0,0,0,0,0
txn_01322,0,4,3,57,0,0,0,2,2,1,2,2,1,2,2,0,0,0,0,2,2,64,64,64,22,4,0,0,0,0,0,0
txn_07190,4,12,3,99,1,1,2,5,7,1,2,4,0,7,2,1,0,4,0,7,2,113,118,113,37,7,0,0,0,0,0,0
txn_03145,4,5,5,66,1,1,2,2,3,2,3,1,1,3,3,1,1,1,1,3,3,75,80,75,24,4,0,0,0,0,0,0
txn_04117,0,8,2,60,0,0,0,3,5,1,1,3,1,5,1,0,0,0,0,5,1,70,70,70,24,6,0,0,0,0,0,0
txn_04873,3,7,2,63,1,1,1,4,3,1,1,3,1,3,1,1,1,3,1,3,1,74,75,74,25,4,0,0,0,0,0,0
txn_04841,4,7,3,102,1,1,2,3,4,1,2,2,0,3,1,1,0,2,0,3,1,108,116,108,35,4,0,0,0,0,0,0
txn_09697,0,6,4,141,0,0,0,3,3,2,2,3,2,2,2,0,0,0,0,2,2,150,151,150,52,5,0,0,0,0,0,0
txn_06498,0,2,13,143,0,0,0,1,1,5,8,1,5,1,8,0,0,0,0,1,8,158,158,158,55,9,0,0,0,0,0,0
txn_00350,0,6,9,38,0,0,0,3,3,3,6,3,3,3,6,0,0,0,0,3,6,53,53,53,19,9,0,0,0,0,0,0
txn_05531,0,2,5,50,0,0,0,1,1,2,3,1,2,1,3,0,0,0,0,1,3,57,57,57,20,4,0,0,0,0,0,0
txn_04544,0,4,2,27,0,0,0,2,2,1,1,2,1,2,1,0,0,0,0,2,1,33,33,33,12,3,0,0,0,0,0,0
txn_02350,0,0,4,99,0,0,0,0,0,2,2,0,2,0,2,0,0,0,0,0,2,103,103,103,34,2,0,0,0,0,0,0
txn_05253,3,3,7,78,1,1,1,1,2,3,4,1,3,2,4,1,1,2,1,2,4,91,91,91,30,7,0,0,0,0,0,0
txn_06091,3,3,2,98,1,1,1,1,2,1,1,1,1,2,1,1,0,2,0,2,1,106,106,106,35,4,0,0,0,0,0,0
txn_03109,3,8,7,146,1,1,1,3,5,3,4,2,2,5,4,1,1,2,2,5,4,160,164,160,54,7,0,0,0,0,0,0
txn_01657,0,5,0,64,0,0,0,2,3,0,0,2,0,3,0,0,0,0,0,3,0,69,69,69,24,3,0,0,0,0,0,0
txn_01916,3,2,4,42,1,1,1,1,1,2,2,0,1,1,2,0,1,0,1,1,2,48,51,48,15,2,0,0,0,0,0,0
txn_04730,0,2,2,51,0,0,0,1,1,1,1,1,1,1,1,0,0,0,0,1,1,55,55,55,19,2,0,0,0,0,0,0
txn_06129,3,0,6,70,1,1,1,0,0,3,3,0,2,0,3,0,1,0,2,0,3,78,79,78,26,3,0,0,0,0,0,0
txn_05889,5,3,2,42,1,2,2,1,2,1,1,0,0,2,1,0,1,0,1,2,1,48,52,48,14,2,0,0,0,0,0,0
txn_03764,3,5,4,30,1,1,1,2,3,2,2,2,1,3,2,1,1,1,1,3,2,41,42,41,13,5,0,0,0,0,0,0
txn_00392,3,9,4,45,1,1,1,4,5,2,2,3,2,5,1,1,0,3,0,5,1,59,61,59,19,7,0,0,0,0,0,0
txn_01077,3,9,2,102,1,1,1,3,6,1,1,3,0,5,1,1,0,3,0,5,1,114,116,114,35,7,0,0,0,0,0,0
txn_08676,6,0,6,104,2,2,2,0,0,3,3,0,3,0,3,2,2,8,7,0,3,114,116,114,36,5,0,0,0,0,0,0
txn_04233,3,6,2,33,1,1,1,3,3,1,1,2,1,3,1,1,1,2,3,3,1,43,44,43,14,4,0,0,0,0,0,0
txn_01092,3,4,7,27,1,1,1,2,2,3,4,1,2,2,4,1,1,1,2,2,4,38,41,38,12,5,0,0,0,0,0,0
txn_08608,3,3,10,73,1,1,1,1,2,5,5,1,4,2,5,1,1,1,4,2,5,88,89,88,30,7,0,0,0,0,0,0
txn_03900,0,3,0,149,0,0,0,1,2,0,0,1,0,2,0,0,0,0,0,2,0,152,152,152,52,2,0,0,0,0,0,0
txn_09151,0,4,4,38,0,0,0,2,2,2,2,2,2,2,2,0,0,0,0,2,2,46,46,46,17,4,0,0,0,0,0,0
txn_04007,3,4,8,74,1,1,1,2,2,4,4,1,3,2,4,1,1,1,3,2,4,86,89,86,29,5,0,0,0,0,0,0
txn_08937,0,4,2,47,0,0,0,2,2,1,1,2,1,2,0,0,0,0,0,2,0,52,53,52,18,3,0,0,0,0,0,0
txn_06467,0,2,4,48,0,0,0,1,1,2,2,1,2,1,2,0,0,0,0,1,2,54,54,54,19,3,0,0,0,0,0,0
txn_05503,3,6,5,29,1,1,1,3,3,2,3,2,2,3,3,1,0,2,0,3,3,42,43,42,14,6,0,0,0,0,0,0
txn_00744,3,6,2,87,1,1,1,3,3,1,1,2,0,3,1,1,0,2,0,3,1,95,98,95,31,3,0,0,0,0,0,0
txn_06899,0,5,2,36,0,0,0,2,3,1,1,2,1,3,1,0,0,0,0,3,1,42,43,42,15,3,0,0,0,0,0,0
txn_08771,3,9,4,101,1,1,1,4,5,2,2,4,1,5,2,1,1,1,1,5,2,116,117,116,39,7,0,0,0,0,0,0
txn_08045,3,5,0,67,1,1,1,2,3,0,0,1,0,3,0,1,0,1,0,3,0,74,75,74,24,3,0,0,0,0,0,0
txn_07022,3,2,2,152,1,1,1,1,1,1,1,1,0,1,1,1,0,1,0,1,1,158,159,158,53,2,0,0,0,0,0,0
txn_01565,0,10,2,15,0,0,0,4,6,1,1,4,1,6,1,0,0,0,0,6,1,27,27,27,10,7,0,0,0,0,0,0
txn_02450,0,0,4,102,0,0,0,0,0,2,2,0,2,0,1,0,0,0,0,0,1,105,106,105,35,2,0,0,0,0,0,0
txn_09499,0,2,2,9,0,0,0,1,1,1,1,1,1,1,1,0,0,0,0,1,1,13,13,13,5,2,0,0,0,0,0,0
txn_02683,0,8,0,35,0,0,0,3,5,0,0,3,0,5,0,0,0,0,0,5,0,43,43,43,15,5,0,0,0,0,0,0
txn_03185,3,13,5,69,1,1,1,6,7,2,3,6,1,7,3,0,1,0,1,7,3,89,90,89,30,10,0,0,0,0,0,0
txn_00067,0,7,0,57,0,0,0,3,4,0,0,3,0,4,0,0,0,0,0,4,0,64,64,64,22,4,0,0,0,0,0,0
txn_05541,3,11,5,49,1,1,1,5,6,2,3,4,2,6,3,1,1,4,1,6,3,67,68,67,23,9,0,0,0,0,0,0
txn_09889,5,4,10,163,2,1,2,2,2,4,6,2,3,2,6,2,1,3,3,2,6,179,182,179,59,8,0,0,0,0,0,0
txn_09483,0,5,0,77,0,0,0,2,3,0,0,2,0,3,0,0,0,0,0,3,0,82,82,82,27,3,0,0,0,0,0,0
txn_03811,3,4,6,29,1,1,1,2,2,3,3,1,2,2,3,1,1,1,2,2,3,39,42,39,12,4,0,0,0,0,0,0
txn_04490,3,2,4,30,1,1,1,1,1,2,2,0,1,1,2,0,1,0,1,1,2,36,39,36,11,2,0,0,0,0,0,0
txn_01813,3,4,4,33,1,1,1,2,2,2,2,1,1,2,2,1,1,1,1,2,2,41,44,41,13,3,0,0,0,0,0,0
txn_09278,0,11,3,35,0,0,0,5,6,1,2,5,1,6,2,0,0,0,0,6,2,49,49,49,18,8,0,0,0,0,0,0
txn_09750,4,8,0,104,1,1,2,3,5,0,0,2,0,4,0,1,0,2,0,4,0,111,116,111,36,5,0,0,0,0,0,0
txn_05443,0,6,2,30,0,0,0,3,3,1,1,3,1,3,1,0,0,0,0,3,1,38,38,38,14,4,0,0,0,0,0,0
txn_02351,3,4,6,52,1,1,1,2,2,3,3,1,3,2,3,1,1,1,3,2,3,64,65,64,22,5,0,0,0,0,0,0
txn_01166,3,4,5,72,1,1,1,2,2,2,3,2,1,2,3,1,1,2,1,2,3,83,84,83,27,5,0,0,0,0,0,0
txn_01629,0,4,2,75,0,0,0,2,2,1,1,2,1,2,1,0,0,0,0,2,1,81,81,81,28,3,0,0,0,0,0,0
txn_03586,3,9,2,12,1,1,1,4,5,1,1,3,1,5,1,1,0,3,0,5,1,25,26,25,8,6,0,0,0,0,0,0
txn_00302,0,2,2,21,0,0,0,1,1,1,1,1,1,1,1,0,0,0,0,1,1,25,25,25,9,2,0,0,0,0,0,0
txn_00266,0,0,4,18,0,0,0,0,0,1,3,0,1,0,3,0,0,0,0,0,3,22,22,22,7,3,0,0,0,0,0,0
txn_02022,0,4,2,39,0,0,0,2,2,1,1,2,1,1,1,0,0,0,0,1,1,44,45,44,15,3,0,0,0,0,0,0
txn_05237,0,4,2,80,0,0,0,2,2,1,1,2,1,2,1,0,0,0,0,2,1,86,86,86,29,3,0,0,0,0,0,0
txn_04365,5,4,11,106,2,1,2,2,2,5,6,1,4,2,6,2,1,2,4,2,6,122,126,122,39,7,0,0,0,0,0,0
txn_06547,0,2,2,56,0,0,0,1,1,1,1,1,1,1,1,0,0,0,0,1,1,60,60,60,21,2,0,0,0,0,0,0
txn_07834,3,4,2,66,1,1,1,2,2,1,1,2,0,2,1,1,0,3,0,2,1,74,75,74,24,3,0,0,0,0,0,0
txn_02129,0,4,4,155,0,0,0,2,2,2,2,2,2,2,2,0,0,0,0,2,2,162,163,162,56,4,0,0,0,0,0,0
txn_05904,3,8,10,41,1,1,1,4,4,4,6,4,3,4,6,1,1,1,3,4,6,61,62,61,21,10,0,0,0,0,0,0
txn_08139,0,3,2,57,0,0,0,1,2,1,1,1,1,2,1,0,0,0,0,2,1,62,62,62,21,3,0,0,0,0,0,0
txn_07721,3,9,2,45,1,1,1,4,5,1,1,3,0,5,1,1,0,3,0,5,1,56,59,56,18,5,0,0,0,0,0,0
txn_05383,0,7,2,48,0,0,0,3,4,1,1,3,1,4,1,0,0,0,0,4,1,56,57,56,20,4,0,0,0,0,0,0
txn_07069,3,5,4,90,1,1,1,3,2,2,2,2,1,2,2,1,1,2,1,2,2,99,102,99,33,3,0,0,0,0,0,0
txn_06849,3,5,4,38,1,1,1,2,3,2,2,1,1,3,2,1,1,1,1,3,2,47,50,47,15,4,0,0,0,0,0,0
txn_07320,3,8,6,12,1,1,1,4,4,2,4,4,2,4,4,1,1,4,1,4,4,27,29,27,10,7,0,0,0,0,0,0
txn_00281,0,0,7,42,0,0,0,0,0,3,4,0,3,0,4,0,0,0,0,0,4,49,49,49,17,4,0,0,0,0,0,0
txn_00780,0,0,5,18,0,0,0,0,0,2,3,0,2,0,3,0,0,0,0,0,3,23,23,23,8,3,0,0,0,0,0,0
txn_06207,3,15,2,33,1,1,1,7,8,1,1,7,0,8,1,1,0,2,0,8,1,52,53,52,18,9,0,0,0,0,0,0
txn_07045,3,6,10,9,1,1,1,3,3,4,6,3,4,3,6,1,1,2,2,3,6,28,28,28,10,10,0,0,0,0,0,0
txn_04274,0,6,6,158,0,0,0,3,3,2,4,3,2,3,4,0,0,0,0,3,4,170,170,170,59,7,0,0,0,0,0,0
txn_06854,5,6,11,45,2,1,2,3,3,4,7,2,3,3,7,2,1,6,3,3,7,63,67,63,20,9,0,0,0,0,0,0
txn_00051,3,2,6,72,1,1,1,1,1,3,3,0,3,1,3,0,1,0,2,1,3,82,83,82,27,4,0,0,0,0,0,0
txn_00760,3,6,2,18,1,1,1,2,4,1,1,1,0,4,1,1,0,1,0,4,1,26,29,26,7,4,0,0,0,0,0,0
txn_02592,5,10,6,30,2,1,2,5,5,2,4,4,2,5,4,2,1,5,5,5,4,48,51,48,16,8,0,0,0,0,0,0
txn_01873,0,0,4,83,0,0,0,0,0,2,2,0,2,0,2,0,0,0,0,0,2,87,87,87,29,2,0,0,0,0,0,0
txn_06357,0,8,0,33,0,0,0,3,5,0,0,3,0,5,0,0,0,0,0,5,0,41,41,41,14,5,0,0,0,0,0,0
txn_06829,0,4,0,60,0,0,0,2,2,0,0,2,0,2,0,0,0,0,0,2,0,64,64,64,22,2,0,0,0,0,0,0
txn_04422,0,5,0,69,0,0,0,2,3,0,0,2,0,3,0,0,0,0,0,3,0,74,74,74,25,3,0,0,0,0,0,0
txn_08781,0,8,0,12,0,0,0,4,4,0,0,4,0,4,0,0,0,0,0,4,0,20,20,20,8,4,0,0,0,0,0,0
txn_04303,3,2,0,33,1,1,1,1,1,0,0,1,0,1,0,1,0,4,0,1,0,38,38,38,12,2,0,0,0,0,0,0
txn_00015,0,6,6,33,0,0,0,3,3,3,3,3,3,3,3,0,0,0,0,3,3,45,45,45,17,6,0,0,0,0,0,0
txn_06375,0,9,0,72,0,0,0,4,5,0,0,4,0,4,0,0,0,0,0,4,0,80,81,80,27,5,0,0,0,0,0,0
txn_03765,0,7,0,59,0,0,0,3,4,0,0,3,0,4,0,0,0,0,0,4,0,66,66,66,23,4,0,0,0,0,0,0
txn_00201,0,2,0,86,0,0,0,1,1,0,0,1,0,1,0,0,0,0,0,1,0,88,88,88,29,1,0,0,0,0,0,0
txn_02626,3,11,3,36,1,1,1,5,6,1,2,4,1,6,2,1,1,4,1,6,2,52,53,52,17,8,0,0,0,0,0,0
txn_02089,3,10,4,62,1,1,1,4,6,2,2,3,1,5,2,1,1,3,1,5,2,74,79,74,24,7,0,0,0,0,0,0
txn_04241,3,4,4,60,1,1,1,2,2,2,2,1,1,2,2,1,1,1,1,2,2,68,71,68,22,3,0,0,0,0,0,0
txn_01670,0,6,5,166,0,0,0,3,3,3,2,3,3,3,2,0,0,0,0,3,2,177,177,177,62,5,0,0,0,0,0,0
txn_01814,7,3,6,39,2,1,4,1,2,3,3,0,3,2,3,1,1,3,1,2,3,53,55,53,16,7,0,0,0,0,0,0
txn_01373,0,6,0,15,0,0,0,3,3,0,0,3,0,3,0,0,0,0,0,3,0,21,21,21,8,3,0,0,0,0,0,0
txn_01237,0,5,3,57,0,0,0,2,3,1,2,2,1,3,2,0,0,0,0,3,2,65,65,65,22,5,0,0,0,0,0,0
txn_03584,0,0,3,48,0,0,0,0,0,1,2,0,1,0,2,0,0,0,0,0,2,51,51,51,17,2,0,0,0,0,0,0
txn_00204,0,5,7,59,0,0,0,2,3,3,4,2,3,3,4,0,0,0,0,3,4,71,71,71,25,7,0,0,0,0,0,0
txn_09181,3,7,4,64,1,1,1,3,4,2,2,3,1,4,2,1,1,2,1,4,2,77,78,77,26,6,0,0,0,0,0,0
txn_09930,3,3,0,77,1,1,1,1,2,0,0,1,0,2,0,1,0,3,0,2,0,83,83,83,27,3,0,0,0,0,0,0
txn_07058,3,4,3,60,1,1,1,2,2,1,2,1,1,2,2,1,1,1,2,2,2,69,70,69,22,4,0,0,0,0,0,0
txn_06756,0,0,2,21,0,0,0,0,0,1,1,0,1,0,1,0,0,0,0,0,1,23,23,23,8,1,0,0,0,0,0,0
txn_09423,0,4,2,24,0,0,0,2,2,1,1,2,1,2,1,0,0,0,0,2,1,30,30,30,11,3,0,0,0,0,0,0
txn_07654,0,6,2,69,0,0,0,3,3,1,1,3,1,3,1,0,0,0,0,3,1,77,77,77,27,4,0,0,0,0,0,0
txn_07150,3,0,4,36,1,1,1,0,0,2,2,0,1,0,2,1,1,1,1,0,2,42,43,42,13,2,0,0,0,0,0,0
txn_01274,0,2,0,63,0,0,0,1,1,0,0,1,0,1,0,0,0,0,0,1,0,65,65,65,22,1,0,0,0,0,0,0
txn_07803,3,8,5,169,1,1,1,4,4,2,3,3,2,4,3,1,1,3,3,4,3,184,185,184,62,7,0,0,0,0,0,0
txn_09232,0,4,5,172,0,0,0,1,3,2,3,1,2,3,3,0,0,0,0,3,3,180,181,180,61,5,0,0,0,0,0,0
txn_01485,3,2,2,66,1,1,1,1,1,1,1,1,1,1,1,1,0,5,0,1,1,73,73,73,24,3,0,0,0,0,0,0
txn_02008,3,2,5,175,1,1,1,1,1,2,3,1,2,1,3,1,0,7,0,1,3,184,185,184,62,5,0,0,0,0,0,0
txn_04659,6,8,3,76,1,2,3,3,5,1,2,2,0,5,2,1,0,2,0,5,2,87,93,87,28,5,0,0,0,0,0,0
txn_08640,0,4,6,33,0,0,0,1,3,3,3,1,3,3,3,0,0,0,0,3,3,43,43,43,15,6,0,0,0,0,0,0
txn_00109,0,8,5,36,0,0,0,4,4,2,3,4,2,4,3,0,0,0,0,4,3,49,49,49,18,7,0,0,0,0,0,0
txn_03113,0,2,3,41,0,0,0,1,1,1,2,1,1,1,2,0,0,0,0,1,2,46,46,46,16,3,0,0,0,0,0,0
txn_00875,6,12,0,83,1,2,3,5,7,0,0,4,0,6,0,1,1,4,3,6,0,94,101,94,30,7,0,0,0,0,0,0
txn_07934,0,2,2,41,0,0,0,1,1,1,1,1,1,1,1,0,0,0,0,1,1,45,45,45,16,2,0,0,0,0,0,0
txn_06950,0,4,2,72,0,0,0,2,2,1,1,2,1,2,1,0,0,0,0,2,1,78,78,78,27,3,0,0,0,0,0,0
txn_07561,5,8,3,178,2,1,2,4,4,1,2,3,0,4,2,2,0,4,0,4,2,189,194,189,63,4,0,0,0,0,0,0
txn_09495,0,4,4,81,0,0,0,2,2,2,2,2,2,2,2,0,0,0,0,2,2,89,89,89,31,4,0,0,0,0,0,0
txn_04085,0,10,0,41,0,0,0,4,6,0,0,4,0,6,0,0,0,0,0,6,0,51,51,51,18,6,0,0,0,0,0,0
txn_09365,3,6,2,15,1,1,1,2,4,1,1,2,0,4,1,1,0,2,0,4,1,25,26,25,7,5,0,0,0,0,0,0
txn_09236,0,2,4,74,0,0,0,1,1,2,2,1,2,1,2,0,0,0,0,1,2,80,80,80,28,3,0,0,0,0,0,0
txn_08737,3,9,6,75,1,1,1,4,5,3,3,3,2,5,3,1,1,3,2,5,3,90,93,90,30,7,0,0,0,0,0,0
txn_00537,0,0,2,78,0,0,0,0,0,1,1,0,1,0,1,0,0,0,0,0,1,80,80,80,27,1,0,0,0,0,0,0
txn_07666,3,6,4,104,1,1,1,2,4,2,2,2,1,4,2,1,1,2,1,4,2,115,117,115,37,6,0,0,0,0,0,0
txn_00919,3,10,6,60,1,1,1,5,5,3,3,4,3,5,3,1,0,4,0,5,3,77,79,77,27,7,0,0,0,0,0,0
txn_01859,0,13,2,21,0,0,0,6,7,1,1,6,1,7,1,0,0,0,0,7,1,36,36,36,14,8,0,0,0,0,0,0
txn_04308,3,10,2,33,1,1,1,5,5,1,1,5,0,5,1,1,0,2,0,5,1,47,48,47,16,6,0,0,0,0,0,0
txn_06209,0,6,0,21,0,0,0,3,3,0,0,3,0,3,0,0,0,0,0,3,0,27,27,27,10,3,0,0,0,0,0,0
txn_06600,0,0,0,39,0,0,0,0,0,0,0,0,0,0,0,0,0,0,0,0,0,39,39,39,13,0,0,0,0,0,0,0
txn_02408,0,4,2,78,0,0,0,2,2,1,1,2,1,2,1,0,0,0,0,2,1,84,84,84,29,3,0,0,0,0,0,0
txn_01112,6,10,5,93,2,1,3,4,6,2,3,3,2,6,3,2,1,6,2,6,3,111,114,111,36,10,0,0,0,0,0,0
txn_00442,6,17,6,107,2,2,2,8,9,3,3,7,2,8,3,2,2,8,3,8,3,130,136,130,44,12,0,0,0,0,0,0
txn_00004,3,4,2,54,1,1,1,2,2,1,1,1,0,2,1,1,0,1,0,2,1,60,63,60,19,2,0,0,0,0,0,0
txn_05368,0,12,0,44,0,0,0,5,7,0,0,5,0,7,0,0,0,0,0,7,0,56,56,56,20,7,0,0,0,0,0,0
txn_06236,3,8,4,84,1,1,1,4,4,2,2,3,2,4,2,1,0,3,0,4,2,98,99,98,33,6,0,0,0,0,0,0
txn_00569,3,11,3,77,1,1,1,5,6,1,2,4,1,6,1,1,1,4,1,6,1,92,94,92,30,8,0,0,0,0,0,0
txn_01931,5,9,7,62,1,2,2,4,5,3,4,3,2,5,4,1,1,3,2,5,4,79,83,79,26,8,0,0,0,0,0,0
txn_07386,3,8,2,79,1,1,1,3,5,1,1,2,1,5,1,1,1,2,3,5,1,91,92,91,30,6,0,0,0,0,0,0
txn_06350,6,2,3,81,1,2,3,1,1,1,2,1,0,1,2,1,0,3,0,1,2,90,92,90,28,4,0,0,0,0,0,0
txn_02669,0,6,0,42,0,0,0,2,4,0,0,2,0,4,0,0,0,0,0,4,0,48,48,48,16,4,0,0,0,0,0,0
txn_03075,3,9,3,63,1,1,1,4,5,1,2,3,1,5,2,1,1,3,1,5,2,77,78,77,25,7,0,0,0,0,0,0
txn_07656,0,4,2,39,0,0,0,2,2,1,1,2,1,2,1,0,0,0,0,2,1,45,45,45,16,3,0,0,0,0,0,0
txn_01985,0,4,4,82,0,0,0,2,2,2,2,2,2,2,2,0,0,0,0,2,2,90,90,90,32,4,0,0,0,0,0,0
txn_02487,0,6,0,36,0,0,0,3,3,0,0,3,0,3,0,0,0,0,0,3,0,42,42,42,15,3,0,0,0,0,0,0
txn_02274,0,9,6,33,0,0,0,3,6,2,4,3,2,6,4,0,0,0,0,6,4,48,48,48,16,10,0,0,0,0,0,0
txn_09024,0,0,4,45,0,0,0,0,0,2,2,0,2,0,2,0,0,0,0,0,2,49,49,49,17,2,0,0,0,0,0,0
txn_08373,3,0,0,57,1,1,1,0,0,0,0,0,0,0,0,1,1,4,3,0,0,59,60,59,19,1,0,0,0,0,0,0
txn_00331,5,7,2,60,1,2,2,3,4,1,1,2,0,4,1,1,1,2,2,4,1,70,74,70,22,4,0,0,0,0,0,0
txn_05127,0,4,6,36,0,0,0,2,2,3,3,2,3,2,3,0,0,0,0,2,3,46,46,46,17,5,0,0,0,0,0,0
txn_05853,0,0,3,45,0,0,0,0,0,1,2,0,1,0,2,0,0,0,0,0,2,48,48,48,16,2,0,0,0,0,0,0
txn_07755,4,7,0,39,1,1,2,3,4,0,0,2,0,4,0,1,1,2,4,4,0,48,50,48,15,4,0,0,0,0,0,0
txn_00277,3,2,0,181,1,1,1,1,1,0,0,0,0,1,0,0,1,0,1,1,0,185,186,185,61,1,0,0,0,0,0,0
txn_06626,4,3,3,96,1,1,2,1,2,1,2,0,0,2,2,0,0,0,0,2,2,101,106,101,32,2,0,0,0,0,0,0
txn_00141,3,2,2,70,1,1,1,1,1,1,1,1,0,1,1,1,0,1,0,1,1,76,77,76,25,2,0,0,0,0,0,0
txn_02775,3,7,2,79,1,1,1,3,4,1,1,3,1,4,1,1,0,3,0,4,1,91,91,91,31,6,0,0,0,0,0,0
txn_09127,0,4,0,73,0,0,0,2,2,0,0,2,0,2,0,0,0,0,0,2,0,77,77,77,27,2,0,0,0,0,0,0
txn_07679,0,12,7,84,0,0,0,5,7,3,4,5,3,7,4,0,0,0,0,7,4,101,103,101,35,10,0,0,0,0,0,0
txn_01128,0,4,0,30,0,0,0,2,2,0,0,2,0,2,0,0,0,0,0,2,0,34,34,34,12,2,0,0,0,0,0,0
txn_05573,0,7,2,81,0,0,0,3,4,1,1,3,1,4,1,0,0,0,0,4,1,90,90,90,31,5,0,0,0,0,0,0
txn_05506,3,12,0,15,1,1,1,5,7,0,0,5,0,7,0,1,1,1,3,7,0,30,30,30,10,8,0,0,0,0,0,0
txn_05476,0,7,5,42,0,0,0,3,4,2,3,3,2,4,3,0,0,0,0,4,3,54,54,54,19,7,0,0,0,0,0,0
txn_09033,0,10,3,76,0,0,0,5,5,1,2,5,1,4,1,0,0,0,0,4,1,85,89,85,29,6,0,0,0,0,0,0
txn_09999,3,4,4,85,1,1,1,2,2,2,2,2,1,2,2,1,1,1,1,2,2,95,96,95,32,4,0,0,0,0,0,0
txn_07486,0,9,0,75,0,0,0,4,5,0,0,4,0,5,0,0,0,0,0,5,0,84,84,84,29,5,0,0,0,0,0,0
txn_09993,5,4,2,109,1,1,3,2,2,1,1,2,1,2,1,1,1,3,1,2,1,120,120,120,38,6,0,0,0,0,0,0
txn_02378,0,0,3,63,0,0,0,0,0,1,2,0,1,0,2,0,0,0,0,0,2,66,66,66,22,2,0,0,0,0,0,0
txn_01566,3,6,7,78,1,1,1,3,3,3,4,2,2,3,4,1,1,2,2,3,4,91,94,91,30,6,0,0,0,0,0,0
txn_08389,0,5,0,20,0,0,0,2,3,0,0,2,0,3,0,0,0,0,0,3,0,25,25,25,9,3,0,0,0,0,0,0
txn_01559,0,2,0,36,0,0,0,1,1,0,0,1,0,1,0,0,0,0,0,1,0,38,38,38,13,1,0,0,0,0,0,0
txn_05200,3,2,5,84,1,1,1,1,1,2,3,1,1,1,3,0,1,0,1,1,3,93,94,93,30,4,0,0,0,0,0,0
txn_00984,6,11,6,80,2,2,2,6,5,3,3,5,2,5,3,2,1,10,2,5,3,100,103,100,34,8,0,0,0,0,0,0
txn_01021,0,9,0,15,0,0,0,4,5,0,0,4,0,5,0,0,0,0,0,5,0,24,24,24,9,5,0,0,0,0,0,0
txn_00970,8,9,4,45,3,2,3,4,5,2,2,3,1,4,2,3,1,10,1,4,2,60,66,60,18,7,0,0,0,0,0,0
txn_08435,3,12,2,44,1,1,1,6,6,1,1,5,0,6,1,1,0,5,0,6,1,58,61,58,20,6,0,0,0,0,0,0
txn_05989,4,2,8,18,1,1,2,1,1,3,5,1,2,1,5,1,1,2,2,1,5,30,32,30,9,6,0,0,0,0,0,0
txn_03305,3,7,4,63,1,1,1,3,4,2,2,3,1,4,2,1,1,4,1,4,2,76,77,76,25,6,0,0,0,0,0,0
txn_03291,5,4,2,24,2,1,2,2,2,1,1,1,1,2,1,2,1,7,2,2,1,34,35,34,10,4,0,0,0,0,0,0
txn_06935,3,4,6,36,1,1,1,2,2,3,3,1,2,2,3,1,1,1,2,2,3,46,49,46,15,4,0,0,0,0,0,0
txn_09654,0,8,2,67,0,0,0,3,5,1,1,3,1,5,1,0,0,0,0,5,1,77,77,77,27,6,0,0,0,0,0,0
txn_06957,3,4,6,87,1,1,1,2,2,2,4,1,1,2,4,1,1,1,1,2,4,97,100,97,31,5,0,0,0,0,0,0
txn_02290,0,3,2,44,0,0,0,1,2,1,1,1,1,2,1,0,0,0,0,2,1,49,49,49,17,3,0,0,0,0,0,0
txn_07157,6,10,2,105,2,2,2,5,5,1,1,4,1,5,1,2,2,8,6,5,1,121,123,121,40,6,0,0,0,0,0,0
txn_07947,4,7,0,184,1,1,2,3,4,0,0,3,0,4,0,1,1,1,1,4,0,193,195,193,64,6,0,0,0,0,0,0
txn_03326,0,2,6,18,0,0,0,1,1,3,3,1,3,1,3,0,0,0,0,1,3,26,26,26,10,4,0,0,0,0,0,0
txn_02086,3,12,0,82,1,1,1,5,7,0,0,4,0,7,0,1,1,4,2,7,0,96,97,96,32,7,0,0,0,0,0,0
txn_03947,0,0,2,32,0,0,0,0,0,1,1,0,1,0,1,0,0,0,0,0,1,34,34,34,11,1,0,0,0,0,0,0
txn_07900,0,6,6,186,0,0,0,3,3,3,3,3,3,2,3,0,0,0,0,2,3,197,198,197,67,6,0,0,0,0,0,0
txn_01332,6,4,11,161,2,1,3,2,2,4,7,1,3,2,7,2,1,3,3,2,7,176,182,176,59,8,0,0,0,0,0,0
txn_08870,0,7,0,42,0,0,0,3,4,0,0,3,0,4,0,0,0,0,0,4,0,49,49,49,17,4,0,0,0,0,0,0
txn_06105,3,4,2,69,1,1,1,2,2,1,1,1,1,2,1,1,1,1,1,2,1,77,78,77,25,3,0,0,0,0,0,0
txn_03962,0,5,2,77,0,0,0,2,3,1,1,2,1,3,1,0,0,0,0,3,1,84,84,84,30,4,0,0,0,0,0,0
txn_08906,3,4,8,112,1,1,1,2,2,4,4,2,3,2,4,1,1,3,3,2,4,125,127,125,40,6,0,0,0,0,0,0
txn_09543,0,2,4,88,0,0,0,1,1,2,2,1,2,1,2,0,0,0,0,1,2,94,94,94,33,3,0,0,0,0,0,0
txn_06727,0,4,0,70,0,0,0,2,2,0,0,2,0,2,0,0,0,0,0,2,0,74,74,74,26,2,0,0,0,0,0,0
txn_09980,0,10,9,56,0,0,0,4,6,4,5,4,4,6,5,0,0,0,0,6,5,74,75,74,27,10,0,0,0,0,0,0
txn_00112,0,4,4,87,0,0,0,2,2,2,2,2,2,2,2,0,0,0,0,2,2,95,95,95,33,4,0,0,0,0,0,0
txn_08927,0,0,4,164,0,0,0,0,0,2,2,0,2,0,2,0,0,0,0,0,2,168,168,168,58,2,0,0,0,0,0,0
txn_05231,4,3,3,89,1,1,2,1,2,1,2,0,0,2,2,0,0,0,0,2,2,94,99,94,29,2,0,0,0,0,0,0
txn_05686,3,8,0,27,1,1,1,4,4,0,0,3,0,4,0,1,1,3,3,4,0,37,38,37,12,4,0,0,0,0,0,0
txn_04741,0,2,2,36,0,0,0,1,1,1,1,1,1,1,1,0,0,0,0,1,1,40,40,40,14,2,0,0,0,0,0,0
txn_01837,0,6,2,42,0,0,0,3,3,1,1,3,1,3,1,0,0,0,0,3,1,50,50,50,18,4,0,0,0,0,0,0
txn_05274,0,4,2,167,0,0,0,2,2,1,1,2,1,1,1,0,0,0,0,1,1,172,173,172,59,3,0,0,0,0,0,0
txn_01615,0,10,0,42,0,0,0,4,6,0,0,4,0,6,0,0,0,0,0,6,0,52,52,52,18,6,0,0,0,0,0,0
txn_04613,3,12,8,66,1,1,1,5,7,3,5,4,2,6,5,1,1,4,2,6,5,84,89,84,27,11,0,0,0,0,0,0
txn_03284,3,4,2,68,1,1,1,2,2,1,1,2,1,2,1,0,1,0,1,2,1,77,77,77,26,4,0,0,0,0,0,0
txn_03328,3,12,7,51,1,1,1,6,6,3,4,6,3,6,4,1,0,5,0,6,4,73,73,73,26,11,0,0,0,0,0,0
txn_09592,0,0,2,169,0,0,0,0,0,1,1,0,1,0,1,0,0,0,0,0,1,171,171,171,59,1,0,0,0,0,0,0
txn_06834,0,6,0,80,0,0,0,3,3,0,0,3,0,3,0,0,0,0,0,3,0,86,86,86,31,3,0,0,0,0,0,0
txn_01644,0,4,5,30,0,0,0,2,2,2,3,2,2,2,3,0,0,0,0,2,3,39,39,39,14,5,0,0,0,0,0,0
txn_03518,0,2,7,85,0,0,0,1,1,3,4,1,3,1,4,0,0,0,0,1,4,94,94,94,33,5,0,0,0,0,0,0
txn_02104,0,2,2,21,0,0,0,1,1,1,1,1,1,1,1,0,0,0,0,1,1,25,25,25,9,2,0,0,0,0,0,0
txn_06269,3,2,4,108,1,1,1,1,1,2,2,1,1,1,2,1,1,2,1,1,2,116,117,116,38,3,0,0,0,0,0,0
txn_07244,0,2,8,188,0,0,0,1,1,4,4,1,4,1,4,0,0,0,0,1,4,198,198,198,68,5,0,0,0,0,0,0
txn_07387,0,7,8,83,0,0,0,3,4,3,5,3,3,4,5,0,0,0,0,4,5,98,98,98,34,9,0,0,0,0,0,0
txn_08840,0,14,4,59,0,0,0,6,8,2,2,6,2,8,2,0,0,0,0,8,2,77,77,77,28,10,0,0,0,0,0,0
txn_00890,0,10,8,90,0,0,0,4,6,3,5,4,3,6,5,0,0,0,0,6,5,108,108,108,37,11,0,0,0,0,0,0
txn_07963,0,9,4,87,0,0,0,4,5,2,2,4,2,5,2,0,0,0,0,5,2,100,100,100,35,7,0,0,0,0,0,0
txn_07503,0,4,0,57,0,0,0,2,2,0,0,2,0,2,0,0,0,0,0,2,0,61,61,61,21,2,0,0,0,0,0,0
txn_05121,0,10,0,24,0,0,0,4,6,0,0,4,0,6,0,0,0,0,0,6,0,34,34,34,12,6,0,0,0,0,0,0
txn_00861,0,4,0,44,0,0,0,2,2,0,0,2,0,2,0,0,0,0,0,2,0,48,48,48,17,2,0,0,0,0,0,0
txn_02682,0,2,5,39,0,0,0,1,1,2,3,1,2,1,3,0,0,0,0,1,3,46,46,46,16,4,0,0,0,0,0,0
txn_02782,3,5,0,32,1,1,1,2,3,0,0,1,0,3,0,1,1,1,1,3,0,39,40,39,12,3,0,0,0,0,0,0
txn_09812,0,7,2,172,0,0,0,3,4,1,1,3,1,4,1,0,0,0,0,4,1,181,181,181,63,5,0,0,0,0,0,0
txn_05577,0,10,0,60,0,0,0,5,5,0,0,5,0,5,0,0,0,0,0,5,0,70,70,70,25,5,0,0,0,0,0,0
txn_01283,0,2,2,99,0,0,0,1,1,1,1,1,1,1,1,0,0,0,0,1,1,103,103,103,35,2,0,0,0,0,0,0
txn_05374,3,7,4,91,1,1,1,3,4,2,2,2,1,4,2,1,1,2,1,4,2,102,105,102,34,5,0,0,0,0,0,0
txn_08114,0,3,0,53,0,0,0,1,2,0,0,1,0,2,0,0,0,0,0,2,0,56,56,56,19,2,0,0,0,0,0,0
txn_05300,3,10,4,83,1,1,1,5,5,2,2,4,2,5,2,1,0,4,0,5,2,99,100,99,35,7,0,0,0,0,0,0
txn_06842,6,7,2,51,2,2,2,3,4,1,1,2,1,4,1,2,2,4,2,4,1,64,66,64,20,5,0,0,0,0,0,0
txn_09486,0,10,3,0,0,0,0,4,6,1,2,4,1,6,2,0,0,0,0,6,2,13,13,13,5,8,0,0,0,0,0,0
txn_07769,6,10,5,94,1,2,3,4,6,2,3,3,1,6,3,1,2,3,4,6,3,109,115,109,36,7,0,0,0,0,0,0
txn_02666,0,7,4,24,0,0,0,3,4,2,2,3,2,4,2,0,0,0,0,4,2,35,35,35,13,6,0,0,0,0,0,0
txn_03546,0,3,2,97,0,0,0,1,2,1,1,1,1,2,1,0,0,0,0,2,1,102,102,102,35,3,0,0,0,0,0,0
txn_04294,3,6,4,191,1,1,1,3,3,2,2,2,2,2,2,1,1,2,1,2,2,201,204,201,67,5,0,0,0,0,0,0
txn_06157,0,2,5,47,0,0,0,1,1,2,3,1,2,1,3,0,0,0,0,1,3,54,54,54,19,4,0,0,0,0,0,0
txn_06380,6,10,2,46,2,2,2,5,5,1,1,4,0,5,1,2,1,6,2,5,1,61,64,61,20,6,0,0,0,0,0,0
txn_06635,4,7,7,81,1,1,2,3,4,3,4,2,2,4,4,1,1,2,2,4,4,93,99,93,31,5,0,0,0,0,0,0
txn_04554,3,2,0,65,1,1,1,1,1,0,0,0,0,1,0,0,1,0,1,1,0,69,70,69,22,1,0,0,0,0,0,0
txn_07097,0,4,0,51,0,0,0,2,2,0,0,2,0,2,0,0,0,0,0,2,0,55,55,55,19,2,0,0,0,0,0,0
txn_05386,0,4,6,55,0,0,0,2,2,3,3,2,3,2,3,0,0,0,0,2,3,65,65,65,24,5,0,0,0,0,0,0
txn_04612,3,9,2,42,1,1,1,4,5,1,1,4,1,5,1,1,1,4,1,5,1,56,56,56,19,7,0,0,0,0,0,0
txn_02657,0,2,2,45,0,0,0,1,1,1,1,1,1,1,1,0,0,0,0,1,1,49,49,49,17,2,0,0,0,0,0,0
txn_07748,3,4,2,63,1,1,1,2,2,1,1,1,1,2,1,1,1,1,1,2,1,71,72,71,23,3,0,0,0,0,0,0
txn_02541,6,6,2,92,2,2,2,3,3,1,1,2,1,3,1,2,2,4,4,3,1,104,106,104,33,4,0,0,0,0,0,0
txn_01908,0,2,2,54,0,0,0,1,1,1,1,1,1,1,1,0,0,0,0,1,1,58,58,58,20,2,0,0,0,0,0,0
txn_04144,0,4,4,35,0,0,0,2,2,2,2,2,2,2,2,0,0,0,0,2,2,43,43,43,16,4,0,0,0,0,0,0
txn_00585,0,10,0,36,0,0,0,4,6,0,0,4,0,6,0,0,0,0,0,6,0,46,46,46,16,6,0,0,0,0,0,0
txn_09494,3,7,4,33,1,1,1,3,4,2,2,2,2,4,2,1,1,2,1,4,2,46,47,46,15,6,0,0,0,0,0,0
txn_06006,5,12,10,66,2,1,2,6,6,4,6,5,3,6,6,2,1,9,3,6,6,89,93,89,30,11,0,0,0,0,0,0
txn_09410,0,11,2,27,0,0,0,5,6,1,1,5,1,6,1,0,0,0,0,6,1,40,40,40,15,7,0,0,0,0,0,0
txn_08883,3,3,8,48,1,1,1,1,2,4,4,1,3,2,4,1,1,1,3,2,4,60,62,60,19,6,0,0,0,0,0,0
txn_00199,0,9,2,30,0,0,0,4,5,1,1,4,1,5,1,0,0,0,0,5,1,41,41,41,15,6,0,0,0,0,0,0
txn_03398,3,6,8,115,1,1,1,3,3,4,4,3,4,3,4,1,0,4,0,3,4,132,132,132,44,8,0,0,0,0,0,0
txn_00489,0,11,0,47,0,0,0,4,7,0,0,4,0,7,0,0,0,0,0,7,0,58,58,58,20,7,0,0,0,0,0,0
txn_01654,0,0,2,102,0,0,0,0,0,1,1,0,1,0,1,0,0,0,0,0,1,104,104,104,35,1,0,0,0,0,0,0
txn_01232,6,4,2,47,2,2,2,2,2,1,1,1,0,2,1,2,1,8,2,2,1,56,59,56,17,3,0,0,0,0,0,0
txn_08376,6,0,3,49,2,2,2,0,0,1,2,0,1,0,2,2,2,4,5,0,2,58,58,58,18,4,0,0,0,0,0,0
txn_07239,3,6,4,175,1,1,1,3,3,2,2,2,1,3,2,1,1,2,1,3,2,185,188,185,63,4,0,0,0,0,0,0
txn_09523,3,8,4,78,1,1,1,4,4,2,2,3,1,4,2,1,1,3,1,4,2,90,93,90,30,5,0,0,0,0,0,0
txn_02623,0,8,2,84,0,0,0,3,5,1,1,3,1,5,1,0,0,0,0,5,1,94,94,94,32,6,0,0,0,0,0,0
txn_03294,3,4,10,47,1,1,1,2,2,5,5,2,4,2,5,1,1,3,4,2,5,63,64,63,22,7,0,0,0,0,0,0
txn_06787,3,12,0,27,1,1,1,5,7,0,0,5,0,7,0,1,0,2,0,7,0,42,42,42,14,8,0,0,0,0,0,0
txn_06814,0,7,2,84,0,0,0,4,3,1,1,4,1,3,1,0,0,0,0,3,1,93,93,93,33,4,0,0,0,0,0,0
txn_05333,4,6,5,47,1,1,2,3,3,2,3,2,1,3,3,1,1,2,1,3,3,56,62,56,18,4,0,0,0,0,0,0
txn_01626,0,8,2,45,0,0,0,4,4,1,1,4,1,4,1,0,0,0,0,4,1,55,55,55,20,5,0,0,0,0,0,0
txn_07751,3,8,2,73,1,1,1,3,5,1,1,2,1,5,1,1,1,2,1,5,1,85,86,85,28,6,0,0,0,0,0,0
txn_02996,3,6,0,52,1,1,1,3,3,0,0,3,0,3,0,1,0,4,0,3,0,61,61,61,21,4,0,0,0,0,0,0
txn_07749,3,7,7,9,1,1,1,3,4,3,4,2,3,4,4,1,1,2,1,4,4,25,26,25,8,8,0,0,0,0,0,0
txn_07923,3,10,9,18,1,1,1,4,6,5,4,4,5,6,3,1,1,5,2,6,3,37,40,37,13,10,0,0,0,0,0,0
txn_09987,0,9,4,50,0,0,0,4,5,2,2,4,2,5,2,0,0,0,0,5,2,63,63,63,23,7,0,0,0,0,0,0
txn_08606,3,10,4,24,1,1,1,5,5,2,2,4,2,5,2,1,1,4,2,5,2,40,41,40,14,7,0,0,0,0,0,0
txn_04542,4,9,8,15,1,1,2,3,6,3,5,2,2,6,5,1,1,2,2,6,5,30,36,30,9,8,0,0,0,0,0,0
txn_06524,4,5,7,71,1,1,2,2,3,3,4,1,3,3,4,1,1,1,2,3,4,85,87,85,28,7,0,0,0,0,0,0
txn_02065,6,14,2,36,2,2,2,7,7,1,1,6,0,7,1,2,1,7,1,7,1,52,58,52,17,8,0,0,0,0,0,0
txn_03038,0,6,4,118,0,0,0,3,3,1,3,3,1,3,3,0,0,0,0,3,3,128,128,128,42,6,0,0,0,0,0,0
txn_09136,3,6,6,193,1,1,1,3,3,3,3,2,2,3,3,1,1,2,2,3,3,205,208,205,69,5,0,0,0,0,0,0
txn_08025,3,4,4,111,1,1,1,2,2,2,2,2,2,2,2,1,1,2,1,2,2,122,122,122,41,5,0,0,0,0,0,0
txn_03267,3,5,0,53,1,1,1,2,3,0,0,2,0,3,0,1,1,1,1,3,0,60,61,60,20,3,0,0,0,0,0,0
txn_02538,3,12,5,56,1,1,1,6,6,2,3,5,2,6,3,1,1,5,1,6,3,75,76,75,26,9,0,0,0,0,0,0
txn_09864,3,10,7,108,1,1,1,4,6,3,4,3,3,6,4,1,1,3,1,6,4,127,128,127,42,10,0,0,0,0,0,0
txn_07114,0,11,0,74,0,0,0,5,6,0,0,5,0,6,0,0,0,0,0,6,0,85,85,85,30,6,0,0,0,0,0,0
txn_00671,0,10,2,105,0,0,0,5,5,1,1,5,1,5,1,0,0,0,0,5,1,117,117,117,41,6,0,0,0,0,0,0
txn_01969,3,4,6,63,1,1,1,2,2,3,3,1,3,2,3,1,1,1,2,2,3,75,76,75,25,5,0,0,0,0,0,0
txn_05099,0,6,0,87,0,0,0,3,3,0,0,3,0,3,0,0,0,0,0,3,0,93,93,93,32,3,0,0,0,0,0,0
txn_00010,0,2,4,57,0,0,0,1,1,1,3,1,1,1,3,0,0,0,0,1,3,63,63,63,21,4,0,0,0,0,0,0
txn_00953,0,7,2,9,0,0,0,3,4,1,1,3,1,4,1,0,0,0,0,4,1,18,18,18,7,5,0,0,0,0,0,0
txn_09182,3,8,5,87,1,1,1,4,4,2,3,3,1,4,3,1,1,3,1,4,3,100,103,100,33,6,0,0,0,0,0,0
txn_05754,0,2,5,108,0,0,0,1,1,2,3,1,2,1,3,0,0,0,0,1,3,115,115,115,39,4,0,0,0,0,0,0
txn_00762,4,4,3,66,1,1,2,2,2,1,2,2,0,2,2,1,0,2,0,2,2,75,77,75,24,4,0,0,0,0,0,0
txn_05527,0,6,0,93,0,0,0,3,3,0,0,3,0,3,0,0,0,0,0,3,0,99,99,99,34,3,0,0,0,0,0,0
txn_03543,0,4,0,111,0,0,0,2,2,0,0,2,0,2,0,0,0,0,0,2,0,115,115,115,39,2,0,0,0,0,0,0
txn_03022,0,6,0,39,0,0,0,3,3,0,0,3,0,3,0,0,0,0,0,3,0,45,45,45,16,3,0,0,0,0,0,0
txn_02849,3,8,4,90,1,1,1,4,4,2,2,4,2,4,1,1,1,3,1,4,1,104,105,104,35,7,0,0,0,0,0,0
txn_00610,6,8,0,45,2,2,2,4,4,0,0,4,0,4,0,2,2,6,5,4,0,58,59,58,19,6,0,0,0,0,0,0
txn_02462,3,4,2,88,1,1,1,2,2,1,1,2,1,2,1,1,1,1,2,2,1,97,97,97,33,4,0,0,0,0,0,0
txn_03105,0,0,3,100,0,0,0,0,0,1,2,0,1,0,2,0,0,0,0,0,2,103,103,103,35,2,0,0,0,0,0,0
txn_09064,0,2,5,92,0,0,0,1,1,2,3,1,2,1,3,0,0,0,0,1,3,99,99,99,34,4,0,0,0,0,0,0
txn_06726,0,7,2,55,0,0,0,3,4,1,1,3,1,4,1,0,0,0,0,4,1,64,64,64,23,5,0,0,0,0,0,0
txn_03248,0,6,0,178,0,0,0,3,3,0,0,3,0,3,0,0,0,0,0,3,0,184,184,184,64,3,0,0,0,0,0,0
txn_00241,0,4,2,111,0,0,0,2,2,1,1,2,1,2,1,0,0,0,0,2,1,117,117,117,40,3,0,0,0,0,0,0
txn_04595,3,7,6,27,1,1,1,3,4,3,3,2,2,4,3,1,1,2,2,4,3,40,43,40,13,6,0,0,0,0,0,0
txn_02047,3,7,4,39,1,1,1,3,4,2,2,2,1,4,2,1,1,2,1,4,2,50,53,50,16,5,0,0,0,0,0,0
txn_03940,4,7,9,72,1,1,2,3,4,4,5,3,3,4,5,1,1,4,3,4,5,90,92,90,30,9,0,0,0,0,0,0
txn_05347,4,10,3,95,1,1,2,4,6,1,2,3,0,6,2,1,0,3,0,6,2,107,112,107,35,6,0,0,0,0,0,0
txn_09846,0,4,2,45,0,0,0,2,2,1,1,2,1,2,1,0,0,0,0,2,1,51,51,51,18,3,0,0,0,0,0,0
txn_06759,0,2,2,196,0,0,0,1,1,1,1,1,1,1,1,0,0,0,0,1,1,200,200,200,68,2,0,0,0,0,0,0
txn_02425,6,4,8,121,2,2,2,2,2,3,5,1,2,2,5,2,2,2,4,2,5,136,139,136,42,7,0,0,0,0,0,0
txn_02217,0,0,2,114,0,0,0,0,0,1,1,0,1,0,1,0,0,0,0,0,1,116,116,116,39,1,0,0,0,0,0,0
txn_03435,0,6,7,66,0,0,0,3,3,3,4,3,3,3,3,0,0,0,0,3,3,77,79,77,27,6,0,0,0,0,0,0
txn_09123,3,4,0,68,1,1,1,2,2,0,0,2,0,2,0,1,0,4,0,2,0,74,75,74,25,3,0,0,0,0,0,0
txn_02385,0,14,6,76,0,0,0,6,8,1,5,6,1,8,5,0,0,0,0,8,5,96,96,96,33,13,0,0,0,0,0,0
txn_03897,3,8,2,181,1,1,1,4,4,1,1,3,0,4,1,1,0,3,0,4,1,191,194,191,65,4,0,0,0,0,0,0
txn_00599,3,8,4,98,1,1,1,4,4,2,2,3,1,4,2,1,1,3,1,4,2,110,113,110,37,5,0,0,0,0,0,0
txn_06192,4,10,5,48,1,1,2,4,6,2,3,3,1,5,3,1,1,3,1,5,3,60,67,60,19,7,0,0,0,0,0,0
txn_07274,0,8,4,95,0,0,0,4,4,2,2,4,2,4,2,0,0,0,0,4,2,107,107,107,37,6,0,0,0,0,0,0
txn_00741,3,13,2,12,1,1,1,6,7,1,1,6,1,7,1,1,1,4,1,7,1,28,30,28,11,7,0,0,0,0,0,0
txn_08353,3,6,11,38,1,1,1,3,3,5,6,2,4,3,6,1,1,2,4,3,6,55,58,55,18,8,0,0,0,0,0,0
txn_00002,3,7,9,15,1,1,1,3,4,4,5,3,3,4,5,1,1,4,3,4,5,33,34,33,11,9,0,0,0,0,0,0
txn_04881,0,5,5,51,0,0,0,2,3,2,3,2,2,3,3,0,0,0,0,3,3,61,61,61,21,6,0,0,0,0,0,0
txn_01741,3,12,2,18,1,1,1,6,6,1,1,5,0,6,1,1,0,5,0,6,1,32,35,32,11,6,0,0,0,0,0,0
txn_07448,5,11,6,48,1,2,2,5,6,3,3,4,2,6,3,1,2,4,4,6,3,66,70,66,22,8,0,0,0,0,0,0
txn_09441,0,0,2,98,0,0,0,0,0,1,1,0,1,0,1,0,0,0,0,0,1,100,100,100,33,1,0,0,0,0,0,0
txn_03031,0,0,7,36,0,0,0,0,0,3,4,0,3,0,4,0,0,0,0,0,4,43,43,43,15,4,0,0,0,0,0,0
txn_05048,0,5,0,15,0,0,0,2,3,0,0,2,0,3,0,0,0,0,0,3,0,20,20,20,7,3,0,0,0,0,0,0
txn_01369,4,8,7,199,1,1,2,4,4,3,4,4,2,4,4,1,1,1,2,4,4,216,218,216,73,8,0,0,0,0,0,0
txn_07390,3,12,4,50,1,1,1,6,6,2,2,5,1,6,2,1,1,5,1,6,2,66,69,66,23,7,0,0,0,0,0,0
txn_07200,0,2,0,202,0,0,0,1,1,0,0,1,0,1,0,0,0,0,0,1,0,204,204,204,69,1,0,0,0,0,0,0
txn_03695,3,4,4,86,1,1,1,2,2,2,2,1,2,2,2,1,0,1,0,2,2,96,97,96,32,4,0,0,0,0,0,0
txn_08321,0,8,4,60,0,0,0,3,5,2,2,3,2,5,2,0,0,0,0,5,2,72,72,72,25,7,0,0,0,0,0,0
txn_01680,3,2,6,117,1,1,1,1,1,2,4,0,1,1,4,0,1,0,1,1,4,125,128,125,40,4,0,0,0,0,0,0
txn_07519,3,10,4,36,1,1,1,5,5,2,2,5,2,5,2,1,1,3,2,5,2,53,53,53,19,8,0,0,0,0,0,0
txn_05014,0,5,4,35,0,0,0,2,3,2,2,2,2,3,2,0,0,0,0,3,2,44,44,44,15,5,0,0,0,0,0,0
txn_07348,3,5,3,50,1,1,1,2,3,1,2,1,1,3,2,1,0,1,0,3,2,60,61,60,19,5,0,0,0,0,0,0
txn_00315,3,4,9,63,1,1,1,2,2,4,5,2,3,2,5,1,1,4,3,2,5,78,79,78,26,7,0,0,0,0,0,0
txn_09982,6,10,4,184,2,2,2,5,5,2,2,4,2,5,2,2,0,8,0,5,2,203,204,203,69,8,0,0,0,0,0,0
txn_02107,7,5,5,120,2,2,3,2,3,2,3,2,1,3,3,2,1,10,1,3,3,134,137,134,43,7,0,0,0,0,0,0
txn_00295,3,16,4,77,1,1,1,7,9,2,2,6,1,9,2,1,1,6,1,9,2,96,100,96,33,9,0,0,0,0,0,0
txn_01192,0,4,2,90,0,0,0,2,2,1,1,2,1,2,1,0,0,0,0,2,1,96,96,96,33,3,0,0,0,0,0,0
txn_00725,3,8,5,45,1,1,1,4,4,2,3,4,1,4,2,1,1,3,1,4,2,58,61,58,19,7,0,0,0,0,0,0
txn_01169,3,13,7,101,1,1,1,6,7,3,4,5,3,7,4,1,1,5,2,7,4,121,124,121,42,10,0,0,0,0,0,0
txn_06241,0,6,2,3,0,0,0,2,4,1,1,2,1,4,1,0,0,0,0,4,1,11,11,11,4,5,0,0,0,0,0,0
txn_04106,0,4,0,66,0,0,0,2,2,0,0,2,0,2,0,0,0,0,0,2,0,70,70,70,24,2,0,0,0,0,0,0
txn_04836,3,6,0,50,1,1,1,3,3,0,0,2,0,3,0,1,1,2,1,3,0,58,59,58,19,3,0,0,0,0,0,0
txn_00848,3,6,8,205,1,1,1,3,3,4,4,2,3,3,4,1,1,2,3,3,4,219,222,219,74,6,0,0,0,0,0,0
txn_05784,9,7,7,90,3,3,3,3,4,3,4,2,2,4,4,3,2,11,5,4,4,110,113,110,34,9,0,0,0,0,0,0
txn_01655,3,9,2,53,1,1,1,4,5,1,1,3,0,5,1,1,0,3,0,5,1,64,67,64,21,5,0,0,0,0,0,0
txn_02070,0,6,2,114,0,0,0,3,3,1,1,3,1,3,0,0,0,0,0,3,0,120,122,120,40,4,0,0,0,0,0,0
txn_07015,3,5,3,79,1,1,1,2,3,1,2,2,1,3,2,1,1,1,1,3,2,90,90,90,30,6,0,0,0,0,0,0
txn_08589,7,10,0,93,2,2,3,5,5,0,0,5,0,5,0,2,2,3,3,5,0,110,110,110,36,8,0,0,0,0,0,0
txn_06397,3,9,2,12,1,1,1,4,5,1,1,3,1,5,1,1,1,3,2,5,1,25,26,25,8,6,0,0,0,0,0,0
txn_04936,0,11,6,90,0,0,0,6,5,2,4,6,2,5,4,0,0,0,0,5,4,107,107,107,38,9,0,0,0,0,0,0
txn_06799,3,9,4,66,1,1,1,4,5,2,2,3,1,4,2,1,1,3,1,4,2,77,82,77,25,6,0,0,0,0,0,0
txn_00132,0,5,0,114,0,0,0,2,3,0,0,2,0,3,0,0,0,0,0,3,0,119,119,119,40,3,0,0,0,0,0,0
txn_04918,0,7,6,60,0,0,0,4,3,3,3,4,3,3,3,0,0,0,0,3,3,73,73,73,27,6,0,0,0,0,0,0
txn_02079,7,10,8,48,2,2,3,5,5,3,5,4,2,5,5,2,2,8,5,5,5,69,73,69,22,10,0,0,0,0,0,0
txn_09214,5,11,4,91,2,1,2,5,6,2,2,4,2,6,2,2,1,6,1,6,2,110,111,110,37,9,0,0,0,0,0,0
txn_06390,3,11,2,47,1,1,1,5,6,1,1,4,0,5,1,1,0,4,0,5,1,58,63,58,19,6,0,0,0,0,0,0
txn_06859,3,6,4,68,1,1,1,3,3,2,2,2,1,3,2,1,1,2,1,3,2,78,81,78,26,4,0,0,0,0,0,0
txn_08642,5,5,4,60,1,2,2,2,3,2,2,1,1,2,2,1,2,1,2,2,2,67,74,67,21,4,0,0,0,0,0,0
txn_09051,0,11,4,21,0,0,0,5,6,2,2,5,2,6,2,0,0,0,0,6,2,34,36,34,13,7,0,0,0,0,0,0
txn_01517,3,2,2,208,1,1,1,1,1,1,1,0,0,1,1,0,0,0,0,1,1,212,215,212,70,1,0,0,0,0,0,0
txn_06930,3,12,0,49,1,1,1,5,7,0,0,4,0,7,0,1,0,4,0,7,0,63,64,63,21,7,0,0,0,0,0,0
txn_04889,0,13,4,38,0,0,0,5,8,2,2,5,2,8,2,0,0,0,0,8,2,55,55,55,20,10,0,0,0,0,0,0
txn_09500,0,7,2,53,0,0,0,3,4,1,1,3,1,4,1,0,0,0,0,4,1,62,62,62,22,5,0,0,0,0,0,0
txn_00209,3,8,2,12,1,1,1,4,4,1,1,3,0,4,1,1,0,3,0,4,1,22,25,22,7,4,0,0,0,0,0,0
txn_09548,3,10,2,58,1,1,1,5,5,1,1,4,1,5,1,1,1,4,1,5,1,72,73,72,25,6,0,0,0,0,0,0
txn_03582,5,6,5,86,2,1,2,3,3,2,3,2,1,3,3,2,1,4,1,3,3,98,102,98,33,5,0,0,0,0,0,0
txn_04607,0,6,7,27,0,0,0,3,3,3,4,3,3,3,4,0,0,0,0,3,4,40,40,40,15,7,0,0,0,0,0,0
txn_04213,3,6,2,42,1,1,1,2,4,1,1,1,0,4,1,1,0,1,0,4,1,50,53,50,15,4,0,0,0,0,0,0
txn_06970,5,10,7,96,1,2,2,4,6,3,4,3,3,6,4,1,2,3,2,6,4,116,118,116,38,10,0,0,0,0,0,0
txn_03606,3,4,8,27,1,1,1,2,2,4,4,2,4,2,4,1,1,2,1,2,4,41,42,41,15,6,0,0,0,0,0,0
txn_09487,3,2,3,124,1,1,1,1,1,1,2,1,1,1,2,1,1,3,1,1,2,132,132,132,42,4,0,0,0,0,0,0
txn_07961,0,15,4,82,0,0,0,7,8,2,2,7,2,8,2,0,0,0,0,8,2,101,101,101,37,10,0,0,0,0,0,0
txn_08138,0,13,0,56,0,0,0,6,7,0,0,6,0,7,0,0,0,0,0,7,0,69,69,69,25,7,0,0,0,0,0,0
txn_01046,0,0,6,101,0,0,0,0,0,3,3,0,3,0,3,0,0,0,0,0,3,107,107,107,36,3,0,0,0,0,0,0
txn_01493,3,7,0,24,1,1,1,3,4,0,0,3,0,4,0,1,1,2,1,4,0,34,34,34,11,5,0,0,0,0,0,0
txn_03260,3,9,4,56,1,1,1,4,5,2,2,3,1,5,2,1,1,3,1,5,2,69,72,69,23,6,0,0,0,0,0,0
txn_02655,0,5,0,71,0,0,0,3,2,0,0,3,0,2,0,0,0,0,0,2,0,76,76,76,27,2,0,0,0,0,0,0
txn_03982,0,0,9,54,0,0,0,0,0,4,5,0,4,0,4,0,0,0,0,0,4,62,63,62,21,5,0,0,0,0,0,0
txn_00495,3,5,6,116,1,1,1,2,3,3,3,1,2,3,3,1,1,1,2,3,3,127,130,127,42,5,0,0,0,0,0,0
txn_03608,4,9,5,39,1,1,2,4,5,2,3,3,1,5,3,1,1,3,1,5,3,52,57,52,17,6,0,0,0,0,0,0
txn_03844,0,8,3,30,0,0,0,4,4,1,2,4,1,4,2,0,0,0,0,4,2,40,41,40,15,5,0,0,0,0,0,0
txn_09234,3,4,4,104,1,1,1,2,2,2,2,1,2,2,2,1,1,1,1,2,2,114,115,114,38,4,0,0,0,0,0,0
txn_01910,3,8,8,61,1,1,1,4,4,4,4,3,3,4,4,1,1,3,3,4,4,77,80,77,26,7,0,0,0,0,0,0
txn_02517,0,11,11,39,0,0,0,4,7,5,6,4,5,7,6,0,0,0,0,7,6,61,61,61,22,13,0,0,0,0,0,0
txn_07844,3,14,0,42,1,1,1,6,8,0,0,5,0,7,0,1,1,5,2,7,0,56,59,56,18,8,0,0,0,0,0,0
txn_07759,0,2,0,69,0,0,0,1,1,0,0,1,0,1,0,0,0,0,0,1,0,71,71,71,24,1,0,0,0,0,0,0
txn_08886,0,10,2,38,0,0,0,3,7,1,1,3,1,7,1,0,0,0,0,7,1,50,50,50,16,8,0,0,0,0,0,0
txn_08428,5,6,5,54,2,1,2,3,3,2,3,2,1,3,3,2,1,6,1,3,3,66,70,66,21,5,0,0,0,0,0,0
txn_08980,3,11,6,15,1,1,1,5,6,3,3,4,2,6,3,1,1,4,2,6,3,32,35,32,11,8,0,0,0,0,0,0
txn_09907,5,12,9,42,2,1,2,5,7,4,5,4,3,7,5,2,1,5,3,7,5,64,68,64,21,11,0,0,0,0,0,0
txn_03445,3,17,4,89,1,1,1,8,9,2,2,7,2,9,2,1,1,7,1,9,2,112,113,112,40,11,0,0,0,0,0,0
txn_00729,3,4,4,50,1,1,1,2,2,2,2,1,1,1,2,1,1,1,1,1,2,56,61,56,18,3,0,0,0,0,0,0
txn_08149,0,9,2,211,0,0,0,5,4,1,1,5,1,3,1,0,0,0,0,3,1,220,222,220,75,5,0,0,0,0,0,0
txn_05260,3,4,4,69,1,1,1,2,2,3,1,2,2,2,1,1,1,1,2,2,1,79,80,79,27,3,0,0,0,0,0,0
txn_02874,7,4,5,3,2,1,4,2,2,1,4,1,0,2,4,2,0,5,0,2,4,13,19,13,2,5,0,0,0,0,0,0
txn_01632,0,0,4,18,0,0,0,0,0,2,2,0,2,0,2,0,0,0,0,0,2,22,22,22,8,2,0,0,0,0,0,0
txn_06632,0,8,4,59,0,0,0,3,5,2,2,3,2,5,2,0,0,0,0,5,2,71,71,71,25,7,0,0,0,0,0,0
txn_05088,0,2,0,30,0,0,0,1,1,0,0,1,0,1,0,0,0,0,0,1,0,32,32,32,11,1,0,0,0,0,0,0
txn_05523,0,6,9,59,0,0,0,3,3,4,5,3,4,3,5,0,0,0,0,3,5,74,74,74,27,8,0,0,0,0,0,0
txn_04290,0,5,7,72,0,0,0,2,3,3,4,2,3,3,4,0,0,0,0,3,4,84,84,84,29,7,0,0,0,0,0,0
txn_03366,3,4,10,85,1,1,1,2,2,4,6,1,3,2,6,1,1,1,3,2,6,99,102,99,33,7,0,0,0,0,0,0
txn_05533,3,9,2,92,1,1,1,4,5,1,1,3,1,5,1,1,1,3,3,5,1,105,106,105,36,6,0,0,0,0,0,0
txn_02168,4,2,5,99,1,1,2,1,1,2,3,1,1,1,3,1,1,2,1,1,3,108,110,108,35,4,0,0,0,0,0,0
txn_09555,3,5,2,62,1,1,1,2,3,1,1,1,1,3,1,1,1,1,2,3,1,71,72,71,23,4,0,0,0,0,0,0
txn_03172,0,8,5,45,0,0,0,3,5,2,3,3,2,5,3,0,0,0,0,5,3,58,58,58,20,8,0,0,0,0,0,0
txn_07886,0,7,3,119,0,0,0,2,5,2,1,2,2,4,0,0,0,0,0,4,0,125,129,125,41,5,0,0,0,0,0,0
txn_07214,0,7,0,48,0,0,0,3,4,0,0,3,0,4,0,0,0,0,0,4,0,55,55,55,19,4,0,0,0,0,0,0
txn_02967,3,6,2,71,1,1,1,3,3,1,1,2,0,3,1,1,0,2,0,3,1,79,82,79,26,3,0,0,0,0,0,0
txn_00601,0,7,0,53,0,0,0,3,4,0,0,3,0,3,0,0,0,0,0,3,0,59,60,59,20,4,0,0,0,0,0,0
txn_04815,3,11,4,187,1,1,1,5,6,2,2,4,1,6,2,1,1,4,1,6,2,202,205,202,69,7,0,0,0,0,0,0
txn_02743,0,12,2,18,0,0,0,5,7,1,1,5,1,7,1,0,0,0,0,7,1,32,32,32,12,8,0,0,0,0,0,0
txn_05142,7,22,10,190,1,2,4,8,14,4,6,7,3,14,6,1,2,7,5,14,6,220,229,220,75,17,0,0,0,0,0,0
txn_03654,3,2,2,21,1,1,1,1,1,1,1,0,0,1,1,0,0,0,0,1,1,25,28,25,7,1,0,0,0,0,0,0
txn_06889,0,10,7,117,0,0,0,4,6,3,4,4,3,6,4,0,0,0,0,6,4,133,134,133,46,9,0,0,0,0,0,0
txn_08627,3,11,6,51,1,1,1,4,7,3,3,4,2,7,3,1,1,4,2,7,3,70,71,70,23,10,0,0,0,0,0,0
txn_06059,3,6,5,45,1,1,1,3,3,3,2,2,2,3,2,1,1,2,2,3,2,56,59,56,19,4,0,0,0,0,0,0
txn_02847,3,10,8,24,1,1,1,5,5,3,5,5,2,5,5,1,1,1,2,5,5,43,45,43,15,9,0,0,0,0,0,0
txn_00307,4,7,7,93,1,1,2,3,4,3,4,2,2,3,3,1,1,2,2,3,3,103,111,103,34,6,0,0,0,0,0,0
txn_05375,3,9,4,93,1,1,1,4,5,2,2,4,1,5,2,1,1,1,1,5,2,107,109,107,36,6,0,0,0,0,0,0
txn_08338,3,10,10,64,1,1,1,4,6,4,6,3,4,6,6,1,1,3,1,6,6,86,87,86,28,12,0,0,0,0,0,0
txn_04032,0,6,2,44,0,0,0,3,3,1,1,3,1,3,1,0,0,0,0,3,1,52,52,52,19,4,0,0,0,0,0,0
txn_09506,3,4,2,58,1,1,1,2,2,1,1,1,0,2,1,1,0,1,0,2,1,64,67,64,21,2,0,0,0,0,0,0
txn_01461,0,4,6,104,0,0,0,2,2,2,4,2,2,2,4,0,0,0,0,2,4,114,114,114,38,6,0,0,0,0,0,0
txn_02270,3,8,4,52,1,1,1,4,4,2,2,3,1,4,2,1,1,3,1,4,2,64,67,64,22,5,0,0,0,0,0,0
txn_00526,0,2,10,107,0,0,0,1,1,6,4,1,6,1,4,0,0,0,0,1,4,119,119,119,42,5,0,0,0,0,0,0
txn_02640,0,3,2,123,0,0,0,1,2,1,1,1,1,2,1,0,0,0,0,2,1,128,128,128,43,3,0,0,0,0,0,0
txn_07450,3,7,2,65,1,1,1,3,4,1,1,2,0,4,1,1,0,2,0,4,1,74,77,74,24,4,0,0,0,0,0,0
txn_00608,4,8,3,213,1,1,2,3,5,1,2,2,0,5,2,1,0,2,0,5,2,223,228,223,74,5,0,0,0,0,0,0
txn_01089,6,4,0,89,2,2,2,2,2,0,0,1,0,2,0,2,1,5,3,2,0,98,99,98,31,3,0,0,0,0,0,0
txn_07002,3,12,4,72,1,1,1,5,7,2,2,4,1,7,2,1,1,4,1,7,2,87,91,87,28,8,0,0,0,0,0,0
txn_04615,0,6,2,120,0,0,0,3,3,1,1,3,1,3,1,0,0,0,0,3,1,128,128,128,45,4,0,0,0,0,0,0
txn_07855,6,6,9,59,2,2,2,3,3,4,5,2,3,3,5,2,2,3,4,3,5,76,80,76,25,7,0,0,0,0,0,0
txn_05047,3,12,0,67,1,1,1,4,8,0,0,3,0,8,0,1,1,3,1,8,0,81,82,81,25,8,0,0,0,0,0,0
txn_00600,0,9,11,69,0,0,0,4,5,4,7,4,4,4,7,0,0,0,0,4,7,88,89,88,30,12,0,0,0,0,0,0
txn_03301,0,0,4,30,0,0,0,0,0,1,3,0,1,0,3,0,0,0,0,0,3,34,34,34,11,3,0,0,0,0,0,0
txn_05581,0,4,0,57,0,0,0,2,2,0,0,2,0,2,0,0,0,0,0,2,0,61,61,61,21,2,0,0,0,0,0,0
txn_00825,3,10,7,216,1,1,1,5,5,3,4,4,2,5,4,1,1,4,2,5,4,233,236,233,79,8,0,0,0,0,0,0
txn_09092,0,4,4,92,0,0,0,2,2,2,2,2,2,2,2,0,0,0,0,2,2,100,100,100,35,4,0,0,0,0,0,0
txn_09526,3,6,2,88,1,1,1,3,3,1,1,2,0,3,1,1,0,2,0,3,1,96,99,96,32,3,0,0,0,0,0,0
txn_01338,3,6,6,48,1,1,1,3,3,3,3,2,2,3,3,1,1,2,2,3,3,60,63,60,20,5,0,0,0,0,0,0
txn_08383,3,4,2,39,1,1,1,2,2,1,1,1,0,2,1,1,0,1,0,2,1,45,48,45,14,2,0,0,0,0,0,0
txn_07031,10,6,8,52,3,3,4,3,3,3,5,2,2,3,5,3,2,8,3,3,5,71,76,71,22,8,0,0,0,0,0,0
txn_07362,0,6,9,41,0,0,0,3,3,4,5,3,4,3,5,0,0,0,0,3,5,56,56,56,21,8,0,0,0,0,0,0
txn_08459,3,4,2,33,1,1,1,2,2,1,1,1,1,2,1,1,1,1,2,2,1,41,42,41,13,3,0,0,0,0,0,0
txn_09249,0,7,0,91,0,0,0,3,4,0,0,3,0,4,0,0,0,0,0,4,0,98,98,98,34,4,0,0,0,0,0,0
txn_08430,0,14,4,33,0,0,0,6,8,2,2,6,2,8,2,0,0,0,0,8,2,51,51,51,19,10,0,0,0,0,0,0
txn_05903,0,3,0,126,0,0,0,1,2,0,0,1,0,2,0,0,0,0,0,2,0,129,129,129,43,2,0,0,0,0,0,0
txn_07455,0,8,2,127,0,0,0,3,5,1,1,3,1,5,1,0,0,0,0,5,1,137,137,137,45,6,0,0,0,0,0,0
txn_07330,0,7,8,23,0,0,0,3,4,2,6,3,2,4,6,0,0,0,0,4,6,38,38,38,13,10,0,0,0,0,0,0
txn_02755,3,4,2,56,1,1,1,2,2,1,1,1,1,2,1,1,1,1,2,2,1,64,65,64,21,3,0,0,0,0,0,0
txn_02495,0,9,2,42,0,0,0,4,5,1,1,4,1,5,1,0,0,0,0,5,1,53,53,53,19,6,0,0,0,0,0,0
txn_06054,0,9,0,36,0,0,0,4,5,0,0,4,0,5,0,0,0,0,0,5,0,45,45,45,16,5,0,0,0,0,0,0
txn_08685,3,16,4,55,1,1,1,7,9,2,2,6,1,9,2,1,1,6,1,9,2,75,78,75,26,10,0,0,0,0,0,0
txn_03404,6,9,8,62,2,1,3,4,5,3,5,3,2,5,5,2,1,7,2,5,5,79,85,79,26,8,0,0,0,0,0,0
txn_02302,3,12,8,48,1,1,1,5,7,4,4,4,3,7,4,1,1,4,3,7,4,68,71,68,23,10,0,0,0,0,0,0
txn_09747,0,0,4,21,0,0,0,0,0,1,3,0,1,0,3,0,0,0,0,0,3,25,25,25,8,3,0,0,0,0,0,0
txn_02614,0,7,6,74,0,0,0,3,4,2,4,3,2,4,4,0,0,0,0,4,4,87,87,87,30,8,0,0,0,0,0,0
txn_07689,3,12,2,77,1,1,1,5,7,1,1,4,1,6,1,1,1,4,1,6,1,89,94,89,30,7,0,0,0,0,0,0
txn_05597,7,11,6,45,1,2,4,4,7,2,4,3,1,7,4,1,2,3,4,7,4,61,69,61,19,8,0,0,0,0,0,0
txn_00133,6,17,4,39,1,2,3,8,9,2,2,7,1,9,2,1,2,7,2,9,2,61,66,61,21,10,0,0,0,0,0,0
txn_01304,3,8,4,94,1,1,1,3,5,2,2,2,1,4,2,1,1,2,1,4,2,104,109,104,34,6,0,0,0,0,0,0
txn_04920,4,8,0,42,1,1,2,4,4,0,0,4,0,4,0,1,1,4,1,4,0,54,54,54,18,6,0,0,0,0,0,0
txn_07293,0,6,4,61,0,0,0,3,3,2,2,3,2,3,2,0,0,0,0,3,2,71,71,71,26,5,0,0,0,0,0,0
txn_04413,3,4,4,61,1,1,1,2,2,2,2,1,1,2,2,1,1,1,1,2,2,69,72,69,23,3,0,0,0,0,0,0
txn_01854,0,7,0,51,0,0,0,4,3,0,0,4,0,3,0,0,0,0,0,3,0,58,58,58,21,3,0,0,0,0,0,0
txn_06776,0,0,2,47,0,0,0,0,0,1,1,0,1,0,1,0,0,0,0,0,1,49,49,49,17,1,0,0,0,0,0,0
txn_05232,3,9,6,193,1,1,1,4,5,3,3,3,2,5,3,1,1,3,2,5,3,208,211,208,71,7,0,0,0,0,0,0
txn_02094,3,0,2,39,1,1,1,0,0,1,1,0,1,0,1,1,1,3,1,0,1,44,44,44,14,2,0,0,0,0,0,0
txn_03346,0,10,2,47,0,0,0,4,6,1,1,4,1,6,1,0,0,0,0,6,1,59,59,59,21,7,0,0,0,0,0,0
txn_06660,6,6,12,96,2,1,3,2,4,5,7,2,4,4,7,2,1,7,4,4,7,117,120,117,38,11,0,0,0,0,0,0
txn_06607,3,11,2,64,1,1,1,5,6,1,1,4,1,6,1,1,1,4,1,6,1,79,80,79,27,7,0,0,0,0,0,0
txn_05166,3,5,2,93,1,1,1,2,3,1,1,1,0,3,1,1,0,1,0,3,1,100,103,100,32,3,0,0,0,0,0,0
txn_06195,0,4,0,41,0,0,0,2,2,0,0,2,0,2,0,0,0,0,0,2,0,45,45,45,15,2,0,0,0,0,0,0
txn_06193,6,13,9,42,2,2,2,6,7,4,5,5,3,7,5,2,1,11,3,7,5,66,70,66,22,11,0,0,0,0,0,0
txn_01215,0,13,11,81,0,0,0,5,8,4,7,5,4,8,7,0,0,0,0,8,7,105,105,105,36,15,0,0,0,0,0,0
txn_07228,6,8,2,110,2,2,2,4,4,1,1,4,0,4,1,2,1,5,1,4,1,123,126,123,40,5,0,0,0,0,0,0
txn_03051,0,4,4,45,0,0,0,2,2,2,2,2,2,2,2,0,0,0,0,2,2,53,53,53,19,4,0,0,0,0,0,0
txn_01437,6,0,5,48,2,2,2,0,0,3,2,0,3,0,2,2,2,9,8,0,2,58,59,58,19,4,0,0,0,0,0,0
txn_08566,3,4,2,45,1,1,1,2,2,1,1,2,0,2,1,1,0,1,0,2,1,52,54,52,16,3,0,0,0,0,0,0
txn_08513,0,10,8,74,0,0,0,4,6,4,4,4,4,6,4,0,0,0,0,6,4,91,92,91,33,9,0,0,0,0,0,0
txn_08614,0,16,2,51,0,0,0,7,9,1,1,7,1,9,1,0,0,0,0,9,1,69,69,69,25,10,0,0,0,0,0,0
txn_04408,3,9,6,20,1,1,1,4,5,3,3,3,2,5,3,1,1,3,2,5,3,35,38,35,12,7,0,0,0,0,0,0
txn_06971,0,7,2,95,0,0,0,3,4,1,1,3,1,4,1,0,0,0,0,4,1,104,104,104,36,5,0,0,0,0,0,0
txn_00753,3,4,6,129,1,1,1,2,2,3,3,1,2,2,3,1,1,1,2,2,3,139,142,139,46,4,0,0,0,0,0,0
txn_02458,3,13,2,196,1,1,1,5,8,1,1,4,0,8,1,1,0,4,0,8,1,211,214,211,71,8,0,0,0,0,0,0
txn_01149,3,8,5,64,1,1,1,4,4,2,3,4,1,4,3,1,1,3,1,4,3,78,80,78,27,7,0,0,0,0,0,0
txn_02826,0,6,0,95,0,0,0,3,3,0,0,3,0,3,0,0,0,0,0,3,0,101,101,101,36,3,0,0,0,0,0,0
txn_06020,0,5,2,62,0,0,0,2,3,1,1,2,1,3,1,0,0,0,0,3,1,69,69,69,24,4,0,0,0,0,0,0
txn_02479,3,5,2,33,1,1,1,2,3,1,1,2,1,3,1,1,1,3,3,3,1,43,43,43,14,5,0,0,0,0,0,0
txn_07673,0,8,0,75,0,0,0,3,5,0,0,3,0,5,0,0,0,0,0,5,0,83,83,83,28,5,0,0,0,0,0,0
txn_05109,0,6,2,42,0,0,0,3,3,1,1,3,1,3,1,0,0,0,0,3,1,49,50,49,18,3,0,0,0,0,0,0
txn_05890,0,8,2,48,0,0,0,4,4,1,1,4,1,4,1,0,0,0,0,4,1,58,58,58,21,5,0,0,0,0,0,0
txn_07530,4,9,7,44,1,1,2,4,5,3,4,3,3,5,4,1,1,3,2,5,4,62,64,62,20,9,0,0,0,0,0,0
txn_05382,0,10,0,30,0,0,0,4,6,0,0,4,0,6,0,0,0,0,0,6,0,40,40,40,14,6,0,0,0,0,0,0
txn_04979,5,10,8,51,1,1,3,4,6,3,5,3,2,6,5,1,1,3,2,6,5,67,74,67,22,8,0,0,0,0,0,0
txn_08006,5,12,4,24,1,2,2,5,7,2,2,4,1,7,2,1,2,4,2,7,2,41,45,41,13,8,0,0,0,0,0,0
txn_01034,3,6,5,50,1,1,1,3,3,2,3,2,2,3,3,1,1,2,1,3,3,62,64,62,21,5,0,0,0,0,0,0
txn_03136,3,2,8,53,1,1,1,1,1,4,4,1,3,1,4,1,1,6,3,1,4,64,66,64,22,4,0,0,0,0,0,0
txn_03484,3,7,2,45,1,1,1,4,3,1,1,4,0,3,1,1,0,4,0,3,1,56,57,56,19,4,0,0,0,0,0,0
txn_08449,8,10,5,18,2,2,4,5,5,2,3,4,1,5,3,2,2,7,2,5,3,37,41,37,11,9,0,0,0,0,0,0
txn_07729,0,9,4,54,0,0,0,4,5,2,2,4,2,5,2,0,0,0,0,5,2,67,67,67,24,7,0,0,0,0,0,0
txn_09944,3,2,2,96,1,1,1,1,1,1,1,0,1,1,1,0,1,0,2,1,1,102,103,102,33,2,0,0,0,0,0,0
txn_09882,4,9,7,132,1,1,2,4,5,3,4,4,2,5,3,1,1,5,2,5,3,147,152,147,49,9,0,0,0,0,0,0
txn_08978,0,2,0,99,0,0,0,1,1,0,0,1,0,1,0,0,0,0,0,1,0,101,101,101,34,1,0,0,0,0,0,0
txn_01202,3,4,4,36,1,1,1,2,2,2,2,2,2,2,2,1,1,3,2,2,2,46,47,46,16,5,0,0,0,0,0,0
txn_06321,3,13,4,54,1,1,1,7,6,2,2,6,1,6,2,1,1,6,1,6,2,71,74,71,25,7,0,0,0,0,0,0
txn_05957,5,5,4,9,2,1,2,2,3,2,2,1,2,3,2,2,1,6,1,3,2,22,23,22,6,6,0,0,0,0,0,0
txn_06903,3,5,4,102,1,1,1,2,3,2,2,1,1,3,2,1,1,1,1,3,2,111,114,111,36,4,0,0,0,0,0,0
txn_05096,9,13,5,45,2,3,4,5,8,2,3,4,1,8,3,2,2,7,2,8,3,66,72,66,20,10,0,0,0,0,0,0
txn_06222,3,6,6,48,1,1,1,3,3,2,4,2,2,3,4,1,1,2,1,3,4,62,63,62,20,7,0,0,0,0,0,0
txn_08882,3,2,4,99,1,1,1,1,1,2,2,0,1,1,2,0,1,0,1,1,2,105,108,105,34,2,0,0,0,0,0,0
txn_03785,5,15,4,44,1,2,2,6,9,2,2,5,1,8,2,1,2,5,7,8,2,62,68,62,20,10,0,0,0,0,0,0
txn_02635,0,18,2,96,0,0,0,8,10,1,1,8,1,10,1,0,0,0,0,10,1,116,116,116,41,11,0,0,0,0,0,0
txn_06747,0,5,4,30,0,0,0,2,3,2,2,2,2,3,2,0,0,0,0,3,2,39,39,39,14,5,0,0,0,0,0,0
txn_09783,3,2,4,130,1,1,1,1,1,2,2,0,1,1,2,0,1,0,1,1,2,136,139,136,43,2,0,0,0,0,0,0
txn_05588,3,8,0,123,1,1,1,3,5,0,0,2,0,5,0,1,1,2,4,5,0,133,134,133,44,5,0,0,0,0,0,0
txn_01515,0,8,2,75,0,0,0,4,4,1,1,4,1,4,1,0,0,0,0,4,1,85,85,85,30,5,0,0,0,0,0,0
txn_09355,0,8,6,58,0,0,0,4,4,2,4,4,2,4,4,0,0,0,0,4,4,72,72,72,26,8,0,0,0,0,0,0
txn_09502,3,23,0,54,1,1,1,8,15,0,0,7,0,15,0,1,1,7,3,15,0,79,80,79,25,15,0,0,0,0,0,0
txn_08089,6,12,7,68,1,2,3,5,7,3,4,4,2,7,4,1,2,4,4,7,4,87,93,87,29,9,0,0,0,0,0,0
txn_03323,3,12,2,51,1,1,1,6,6,1,1,5,0,6,1,1,0,5,0,6,1,65,68,65,22,6,0,0,0,0,0,0
txn_07410,5,8,3,68,2,1,2,4,4,1,2,3,0,4,2,2,0,7,0,4,2,80,84,80,26,5,0,0,0,0,0,0
txn_05912,0,4,4,105,0,0,0,2,2,2,2,2,2,2,2,0,0,0,0,2,2,113,113,113,39,4,0,0,0,0,0,0
txn_06395,3,4,10,39,1,1,1,2,2,5,5,1,4,2,5,1,1,1,4,2,5,52,56,52,18,5,0,0,0,0,0,0
txn_08003,3,9,5,36,1,1,1,4,5,2,3,4,1,5,3,1,1,2,1,5,3,51,53,51,17,7,0,0,0,0,0,0
txn_02111,4,10,3,80,1,1,2,4,6,1,2,3,0,6,2,1,0,3,0,6,2,92,97,92,30,6,0,0,0,0,0,0
txn_07365,0,5,0,65,0,0,0,2,3,0,0,2,0,3,0,0,0,0,0,3,0,69,70,69,23,3,0,0,0,0,0,0
txn_03812,3,6,8,98,1,1,1,3,3,4,4,3,3,3,4,1,1,5,3,3,4,113,115,113,40,7,0,0,0,0,0,0
txn_02009,3,8,4,102,1,1,1,4,4,2,2,3,2,4,2,1,1,3,1,4,2,116,117,116,39,6,0,0,0,0,0,0
txn_04289,0,2,7,133,0,0,0,1,1,3,4,1,3,1,4,0,0,0,0,1,4,142,142,142,48,5,0,0,0,0,0,0
txn_00064,4,10,8,103,1,1,2,5,5,3,5,4,2,5,5,1,1,4,2,5,5,120,125,120,41,8,0,0,0,0,0,0
txn_07224,0,6,0,67,0,0,0,3,3,0,0,3,0,3,0,0,0,0,0,3,0,73,73,73,26,3,0,0,0,0,0,0
txn_06565,0,2,4,101,0,0,0,1,1,2,2,1,2,1,2,0,0,0,0,1,2,107,107,107,38,3,0,0,0,0,0,0
txn_09218,5,6,8,51,1,2,2,2,4,4,4,2,3,4,4,1,2,2,4,4,4,69,70,69,22,9,0,0,0,0,0,0
txn_00391,0,9,3,50,0,0,0,4,5,1,2,4,1,5,2,0,0,0,0,5,2,62,62,62,22,7,0,0,0,0,0,0
txn_00582,6,20,2,39,2,2,2,9,11,1,1,9,1,11,1,2,2,5,7,11,1,66,67,66,23,13,0,0,0,0,0,0
txn_06713,8,8,6,60,2,2,4,4,4,3,3,3,2,4,3,2,2,6,3,4,3,79,82,79,25,9,0,0,0,0,0,0
txn_03116,3,8,6,48,1,1,1,4,4,3,3,4,2,4,3,1,1,4,2,4,3,64,65,64,22,7,0,0,0,0,0,0
txn_01227,0,6,0,54,0,0,0,2,4,0,0,2,0,4,0,0,0,0,0,4,0,60,60,60,20,4,0,0,0,0,0,0
txn_08490,0,12,0,120,0,0,0,6,6,0,0,6,0,6,0,0,0,0,0,6,0,132,132,132,46,6,0,0,0,0,0,0
txn_00027,5,9,4,96,2,1,2,3,6,2,2,2,2,6,2,2,0,8,0,6,2,113,114,113,37,9,0,0,0,0,0,0
txn_05570,3,5,13,56,1,1,1,2,3,5,8,2,4,3,8,1,1,5,4,3,8,76,77,76,25,11,0,0,0,0,0,0
txn_03389,0,3,0,199,0,0,0,1,2,0,0,1,0,2,0,0,0,0,0,2,0,202,202,202,69,2,0,0,0,0,0,0
txn_07807,8,15,2,107,2,3,3,7,8,1,1,6,0,7,1,2,1,10,2,7,1,126,132,126,41,9,0,0,0,0,0,0
txn_02004,0,2,5,83,0,0,0,1,1,2,3,1,2,1,3,0,0,0,0,1,3,90,90,90,31,4,0,0,0,0,0,0
txn_00143,3,6,6,71,1,1,1,3,3,3,3,3,3,3,3,1,1,1,3,3,3,86,86,86,30,7,0,0,0,0,0,0
txn_07685,0,6,4,68,0,0,0,3,3,2,2,3,2,3,2,0,0,0,0,3,2,76,78,76,27,4,0,0,0,0,0,0
txn_08932,3,6,7,74,1,1,1,3,3,3,4,3,3,3,4,1,1,1,2,3,4,90,90,90,31,8,0,0,0,0,0,0
txn_03517,3,4,0,99,1,1,1,2,2,0,0,2,0,2,0,1,1,4,1,2,0,106,106,106,36,3,0,0,0,0,0,0
txn_09007,4,5,2,102,1,1,2,2,3,1,1,2,1,3,1,1,1,1,3,3,1,111,113,111,37,6,0,0,0,0,0,0
txn_01319,6,11,8,104,2,2,2,5,6,4,4,5,4,6,4,2,2,4,5,6,4,128,129,128,44,11,0,0,0,0,0,0
txn_02921,0,9,2,108,0,0,0,4,5,1,1,4,1,5,1,0,0,0,0,5,1,119,119,119,41,6,0,0,0,0,0,0
txn_06089,0,18,0,57,0,0,0,8,10,0,0,8,0,9,0,0,0,0,0,9,0,74,75,74,26,10,0,0,0,0,0,0
txn_09589,5,8,2,77,2,1,2,4,4,1,1,4,1,4,1,2,1,6,4,4,1,90,92,90,30,6,0,0,0,0,0,0
txn_00839,6,4,4,80,2,2,2,2,2,2,2,2,2,2,2,2,2,3,4,2,2,92,94,92,30,5,0,0,0,0,0,0
txn_02702,3,4,5,83,1,1,1,2,2,2,3,2,2,2,3,0,1,0,2,2,3,95,95,95,32,6,0,0,0,0,0,0
txn_02031,6,8,4,71,2,2,2,3,5,2,2,3,2,4,2,1,2,2,4,4,2,86,89,86,27,8,0,0,0,0,0,0
txn_05023,3,7,7,107,1,1,1,3,4,3,4,3,3,3,4,1,1,3,2,3,4,123,124,123,41,9,0,0,0,0,0,0
txn_05826,6,9,0,73,2,1,3,4,5,0,0,4,0,5,0,2,1,6,2,5,0,88,88,88,29,8,0,0,0,0,0,0
txn_09825,3,9,3,86,1,1,1,4,5,1,2,4,1,5,2,1,1,4,2,5,2,98,101,98,33,6,0,0,0,0,0,0
txn_05288,6,8,5,109,2,2,2,4,4,2,3,4,2,4,3,1,2,2,2,4,3,126,128,126,43,7,0,0,0,0,0,0
txn_08492,4,6,2,89,1,1,2,3,3,1,1,3,1,3,1,1,1,4,1,3,1,100,101,100,34,5,0,0,0,0,0,0
txn_09569,5,4,10,76,2,1,2,2,2,4,6,2,4,2,6,2,0,8,0,2,6,93,95,93,31,9,0,0,0,0,0,0
txn_08446,9,6,2,79,3,3,3,3,3,1,1,3,1,3,1,3,3,9,9,3,1,94,96,94,30,6,0,0,0,0,0,0
txn_06332,3,3,4,92,1,1,1,1,2,2,2,1,2,2,2,1,1,6,1,2,2,102,102,102,34,5,0,0,0,0,0,0
txn_01205,8,5,5,95,3,2,3,2,3,2,3,2,2,3,2,3,1,10,4,3,2,112,113,112,35,9,0,0,0,0,0,0
txn_08200,9,4,2,97,3,3,3,2,2,1,1,2,1,1,1,3,3,5,6,1,1,106,112,106,33,4,0,0,0,0,0,0
txn_06630,6,5,0,82,1,2,3,2,3,0,0,2,0,3,0,1,2,3,4,3,0,93,93,93,30,6,0,0,0,0,0,0
txn_04762,12,11,12,98,4,4,4,5,6,4,8,5,4,6,7,4,4,12,10,6,7,126,133,126,39,16,0,0,0,0,0,0
txn_03373,3,4,5,102,1,1,1,2,2,2,3,1,1,2,3,1,1,1,1,2,3,111,114,111,36,4,0,0,0,0,0,0
txn_07598,11,12,0,85,4,3,4,6,6,0,0,6,0,6,0,4,2,12,6,6,0,106,108,106,34,10,0,0,0,0,0,0
txn_07252,9,8,2,99,2,3,4,4,4,1,1,4,1,4,1,2,2,5,4,4,1,117,118,117,38,8,0,0,0,0,0,0
txn_06042,0,8,5,112,0,0,0,3,5,2,3,3,2,5,2,0,0,0,0,5,2,124,125,124,42,8,0,0,0,0,0,0
txn_06840,3,13,12,102,1,1,1,6,7,5,7,6,5,7,7,1,1,5,2,7,7,129,130,129,45,14,0,0,0,0,0,0
txn_02354,3,13,4,114,1,1,1,6,7,2,2,6,2,7,2,1,1,3,2,7,2,132,134,132,46,10,0,0,0,0,0,0
txn_01422,3,7,0,57,1,1,1,3,4,0,0,3,0,4,0,1,1,3,4,4,0,67,67,67,22,5,0,0,0,0,0,0
txn_03415,12,5,6,87,3,4,5,2,3,2,4,2,2,3,4,3,3,9,5,3,4,107,110,107,32,11,0,0,0,0,0,0
txn_00176,11,15,3,116,4,4,3,6,9,1,2,6,1,9,2,4,4,7,7,9,2,140,145,140,45,13,0,0,0,0,0,0
txn_04874,4,7,3,54,1,1,2,3,4,1,2,2,0,4,2,1,0,2,0,4,2,63,68,63,20,4,0,0,0,0,0,0
txn_03721,3,12,4,109,1,1,1,4,8,2,2,3,1,8,2,1,1,3,1,8,2,125,128,125,41,9,0,0,0,0,0,0
txn_05608,3,13,3,133,1,1,1,6,7,1,2,6,1,7,2,1,1,2,4,7,2,151,152,151,50,9,0,0,0,0,0,0
txn_02134,0,2,4,77,0,0,0,1,1,2,2,1,2,1,2,0,0,0,0,1,2,83,83,83,29,3,0,0,0,0,0,0
txn_05363,0,5,6,113,0,0,0,2,3,3,3,2,3,3,3,0,0,0,0,3,3,124,124,124,42,6,0,0,0,0,0,0
txn_01903,0,10,7,24,0,0,0,4,6,3,4,4,3,6,4,0,0,0,0,6,4,39,41,39,15,8,0,0,0,0,0,0
txn_08499,5,11,2,33,1,2,2,4,7,1,1,3,0,7,1,1,1,3,1,7,1,47,51,47,14,7,0,0,0,0,0,0
txn_03857,0,11,0,219,0,0,0,5,6,0,0,5,0,6,0,0,0,0,0,6,0,230,230,230,79,6,0,0,0,0,0,0
txn_05524,3,10,4,136,1,1,1,6,4,2,2,5,1,4,2,1,1,5,1,4,2,149,153,149,49,5,0,0,0,0,0,0
txn_02163,0,2,9,62,0,0,0,1,1,3,6,1,3,1,6,0,0,0,0,1,6,73,73,73,25,7,0,0,0,0,0,0
txn_03506,0,2,5,126,0,0,0,1,1,2,3,1,2,0,3,0,0,0,0,0,3,132,133,132,45,4,0,0,0,0,0,0
txn_02820,3,10,0,112,1,1,1,5,5,0,0,4,0,5,0,1,1,4,4,5,0,124,125,124,42,5,0,0,0,0,0,0
txn_01426,0,12,2,59,0,0,0,5,7,1,1,5,1,7,1,0,0,0,0,7,1,73,73,73,26,8,0,0,0,0,0,0
txn_02444,5,8,5,105,2,1,2,4,4,2,3,3,1,4,3,2,1,6,1,4,3,119,123,119,39,6,0,0,0,0,0,0
txn_06703,0,7,2,54,0,0,0,3,4,1,1,3,1,4,1,0,0,0,0,4,1,63,63,63,22,5,0,0,0,0,0,0
txn_09527,0,10,0,21,0,0,0,4,6,0,0,4,0,6,0,0,0,0,0,6,0,31,31,31,11,6,0,0,0,0,0,0
txn_02469,0,7,5,116,0,0,0,3,4,3,2,3,3,3,2,0,0,0,0,3,2,127,128,127,43,6,0,0,0,0,0,0
txn_02628,0,4,6,78,0,0,0,2,2,1,5,2,1,2,5,0,0,0,0,2,5,88,88,88,29,7,0,0,0,0,0,0
txn_08397,3,11,6,118,1,1,1,5,6,3,3,4,2,5,3,1,1,4,2,5,3,133,138,133,44,8,0,0,0,0,0,0
txn_05329,3,8,10,136,1,1,1,3,5,5,5,3,4,5,5,1,1,1,4,5,5,155,157,155,52,9,0,0,0,0,0,0
txn_08049,3,10,4,78,1,1,1,5,5,2,2,4,1,5,2,1,1,4,1,5,2,92,95,92,31,6,0,0,0,0,0,0
txn_03633,0,4,3,24,0,0,0,2,2,1,2,2,1,2,2,0,0,0,0,2,2,31,31,31,11,4,0,0,0,0,0,0
txn_08480,0,3,0,80,0,0,0,2,1,0,0,2,0,1,0,0,0,0,0,1,0,83,83,83,29,1,0,0,0,0,0,0
txn_00478,3,2,5,108,1,1,1,1,1,2,3,0,1,1,3,0,1,0,1,1,3,115,118,115,37,3,0,0,0,0,0,0
txn_01388,0,7,11,111,0,0,0,3,4,4,7,3,4,4,7,0,0,0,0,4,7,129,129,129,44,11,0,0,0,0,0,0
txn_09515,3,4,6,118,1,1,1,2,2,3,3,1,2,2,3,1,1,1,2,2,3,128,131,128,42,4,0,0,0,0,0,0
txn_00613,3,13,2,51,1,1,1,6,7,1,1,5,0,7,1,1,0,5,0,7,1,66,69,66,22,7,0,0,0,0,0,0
txn_00644,6,4,0,67,2,2,2,2,2,0,0,1,0,2,0,2,2,3,3,2,0,76,77,76,24,3,0,0,0,0,0,0
txn_00311,5,6,8,42,1,2,2,2,4,4,4,1,3,4,4,1,2,1,5,4,4,57,61,57,18,7,0,0,0,0,0,0
txn_00674,3,10,9,86,1,1,1,5,5,4,5,5,3,5,5,1,1,2,3,5,5,107,108,107,37,10,0,0,0,0,0,0
txn_05446,3,2,9,47,1,1,1,1,1,4,5,0,3,1,5,0,1,0,3,1,5,58,61,58,18,5,0,0,0,0,0,0
txn_04181,0,7,9,105,0,0,0,3,4,4,5,3,4,4,5,0,0,0,0,4,5,121,121,121,42,9,0,0,0,0,0,0
txn_08113,0,10,0,36,0,0,0,4,6,0,0,4,0,6,0,0,0,0,0,6,0,46,46,46,16,6,0,0,0,0,0,0
txn_00402,3,0,4,83,1,1,1,0,0,2,2,0,2,0,2,1,0,4,0,0,2,90,90,90,30,3,0,0,0,0,0,0
txn_00828,3,10,2,18,1,1,1,4,6,1,1,4,0,6,1,1,0,7,0,6,1,32,33,32,10,7,0,0,0,0,0,0
txn_05182,3,9,3,30,1,1,1,5,4,1,2,4,1,4,2,1,1,4,3,4,2,43,45,43,15,5,0,0,0,0,0,0
txn_09435,3,15,4,115,1,1,1,7,8,2,2,6,1,8,2,1,1,6,1,8,2,134,137,134,46,9,0,0,0,0,0,0
txn_01427,3,8,3,105,1,1,1,3,5,1,2,3,1,5,1,1,1,5,2,5,1,118,119,118,38,8,0,0,0,0,0,0
txn_04951,4,5,7,51,1,1,2,2,3,3,4,2,2,3,4,1,1,2,2,3,4,64,67,64,21,6,0,0,0,0,0,0
txn_01709,3,7,10,118,1,1,1,3,4,4,6,3,4,4,5,1,0,6,0,4,5,135,138,135,46,9,0,0,0,0,0,0
txn_05960,0,4,6,50,0,0,0,2,2,2,4,2,2,2,4,0,0,0,0,2,4,60,60,60,20,6,0,0,0,0,0,0
txn_04731,6,4,8,60,2,1,3,2,2,3,5,1,2,2,5,2,1,4,2,2,5,73,78,73,23,6,0,0,0,1,1,1
txn_05921,0,5,2,57,0,0,0,2,3,1,1,2,1,3,1,0,0,0,0,3,1,64,64,64,22,4,0,0,0,0,0,0
txn_09314,4,7,2,121,1,1,2,3,4,1,1,3,1,3,1,1,1,1,2,3,1,133,134,133,43,7,0,0,0,0,0,0
txn_08329,0,0,4,222,0,0,0,0,0,2,2,0,2,0,2,0,0,0,0,0,2,226,226,226,77,2,0,0,0,0,0,0
txn_06374,3,2,6,89,1,1,1,1,1,3,3,1,3,1,3,1,0,3,0,1,3,100,100,100,33,5,0,0,0,0,0,0
txn_05713,3,4,6,139,1,1,1,2,2,3,3,1,2,2,3,1,1,1,2,2,3,148,152,148,48,3,0,0,0,0,0,0
txn_01919,0,6,4,123,0,0,0,2,4,2,2,2,2,4,2,0,0,0,0,4,2,133,133,133,45,6,0,0,0,0,0,0
txn_06032,3,10,4,42,1,1,1,5,5,2,2,4,1,5,2,1,1,4,1,5,2,56,59,56,19,6,0,0,0,0,0,0
txn_01706,0,5,2,128,0,0,0,3,2,1,1,3,1,2,1,0,0,0,0,2,1,135,135,135,48,3,0,0,0,0,0,0
txn_06782,3,9,9,98,1,1,1,4,5,4,5,4,3,5,4,1,1,3,3,5,4,115,119,115,39,10,0,0,0,0,0,0
txn_04988,3,4,5,21,1,1,1,2,2,2,3,1,1,2,3,1,1,1,1,2,3,30,33,30,9,4,0,0,0,0,0,0
txn_07636,0,4,4,78,0,0,0,2,2,2,2,2,2,2,2,0,0,0,0,2,2,86,86,86,30,4,0,0,0,0,0,0
txn_03229,3,7,8,33,1,1,1,2,5,4,4,2,3,5,4,1,1,2,3,5,4,50,51,50,16,9,0,0,0,0,0,0
txn_05526,3,4,2,56,1,1,1,2,2,1,1,2,1,2,1,1,1,4,1,2,1,65,65,65,22,4,0,0,0,0,0,0
txn_02234,3,2,7,65,1,1,1,1,1,3,4,1,2,1,4,1,1,4,2,1,4,75,77,75,25,4,0,0,0,0,0,0
txn_03427,5,8,12,61,2,1,2,4,4,5,7,3,5,4,7,2,1,5,1,4,7,83,86,83,29,10,0,0,0,0,0,0
txn_07572,5,9,6,24,1,1,3,4,5,2,4,3,1,5,4,1,1,3,1,5,4,37,44,37,12,6,0,0,0,0,0,0
txn_08295,0,4,4,225,0,0,0,2,2,2,2,2,2,2,1,0,0,0,0,2,1,232,233,232,79,4,0,0,0,0,0,0
txn_00463,5,6,2,54,2,1,2,2,4,1,1,1,1,3,1,2,1,4,1,3,1,64,67,64,19,6,0,0,0,0,0,0
txn_08770,0,2,7,71,0,0,0,1,1,3,4,1,3,1,4,0,0,0,0,1,4,80,80,80,28,5,0,0,0,0,0,0
txn_01188,0,2,2,106,0,0,0,1,1,1,1,1,1,1,0,0,0,0,0,1,0,109,110,109,37,2,0,0,0,0,0,0
txn_02905,3,6,5,70,1,1,1,3,3,2,3,2,1,3,3,1,1,2,1,3,3,81,84,81,27,5,0,0,0,0,0,0
txn_00188,0,9,2,75,0,0,0,4,5,1,1,4,1,5,1,0,0,0,0,5,1,86,86,86,30,6,0,0,0,0,0,0
txn_05723,0,4,0,202,0,0,0,2,2,0,0,2,0,2,0,0,0,0,0,2,0,206,206,206,71,2,0,0,0,0,0,0
txn_03265,0,15,7,139,0,0,0,7,8,3,4,7,3,8,4,0,0,0,0,8,4,159,161,159,56,10,0,0,0,0,0,0
txn_00781,7,5,2,57,1,2,4,1,4,1,1,0,0,4,1,0,1,0,2,4,1,65,71,65,19,4,0,0,0,0,0,0
txn_01335,3,9,4,99,1,1,1,4,5,2,2,3,1,5,2,1,1,3,1,5,2,112,115,112,37,6,0,0,0,0,0,0
txn_01868,3,7,6,41,1,1,1,3,4,3,3,3,2,4,3,1,1,2,2,4,3,55,57,55,18,6,0,0,0,0,0,0
txn_08361,5,12,6,18,1,1,3,4,8,2,4,3,1,8,4,1,1,3,1,8,4,34,41,34,10,9,0,0,0,0,0,0
txn_05262,3,10,9,81,1,1,1,4,6,4,5,4,3,6,4,1,1,4,3,6,4,100,103,100,33,11,0,0,0,0,0,0
txn_09039,6,11,4,53,2,2,2,5,6,2,2,4,1,6,2,2,2,5,3,6,2,71,74,71,22,8,0,0,0,0,0,0
txn_06114,0,13,6,33,0,0,0,5,8,3,3,5,3,8,3,0,0,0,0,8,3,52,52,52,19,11,0,0,0,0,0,0
txn_07423,6,6,4,108,2,2,2,3,3,2,2,2,1,2,2,2,2,6,2,2,2,119,124,119,38,5,0,0,0,0,0,0
txn_07843,3,0,8,48,1,1,1,0,0,3,5,0,2,0,5,1,1,1,2,0,5,58,59,58,18,5,0,0,0,0,0,0
txn_08836,3,12,2,92,1,1,1,5,7,1,1,5,1,7,1,1,1,5,2,7,1,109,109,109,36,9,0,0,0,0,0,0
txn_04236,0,10,7,142,0,0,0,4,6,4,3,4,4,6,3,0,0,0,0,6,3,159,159,159,54,9,0,0,0,0,0,0
txn_07642,0,5,6,81,0,0,0,2,3,3,3,2,3,3,3,0,0,0,0,3,3,92,92,92,32,6,0,0,0,0,0,0
txn_01044,0,11,5,73,0,0,0,6,5,2,3,6,2,5,3,0,0,0,0,5,3,88,89,88,33,7,0,0,0,0,0,0
txn_06714,0,19,0,65,0,0,0,9,10,0,0,9,0,10,0,0,0,0,0,10,0,84,84,84,31,10,0,0,0,0,0,0
txn_04801,7,6,4,205,2,2,3,3,3,2,2,2,1,3,2,2,2,6,2,3,2,218,222,218,73,5,0,0,0,0,0,0
txn_05195,3,17,4,104,1,1,1,7,10,2,2,7,1,10,2,1,1,6,1,10,2,127,128,127,44,12,0,0,0,0,0,0
txn_06700,3,11,2,126,1,1,1,6,5,1,1,5,1,5,1,1,1,5,3,5,1,141,142,141,48,6,0,0,0,0,0,0
txn_09653,0,6,5,45,0,0,0,2,4,2,3,2,2,4,3,0,0,0,0,4,3,56,56,56,19,7,0,0,0,0,0,0
txn_09581,0,8,6,12,0,0,0,4,4,2,4,4,2,4,4,0,0,0,0,4,4,26,26,26,10,8,0,0,0,0,0,0
txn_00215,5,10,12,142,2,1,2,4,6,5,7,3,4,6,7,2,1,7,4,6,7,164,169,164,54,11,0,0,0,0,0,0
txn_07793,4,5,11,145,1,1,2,2,3,5,6,1,4,3,5,1,1,1,4,3,5,157,165,157,52,6,0,0,0,0,0,0
txn_07817,4,12,5,54,1,1,2,6,6,2,3,6,1,6,3,1,1,2,1,6,3,73,75,73,25,9,0,0,0,0,0,0
txn_06757,3,7,6,60,1,1,1,3,4,3,3,2,2,4,3,1,1,2,2,4,3,73,76,73,24,6,0,0,0,0,0,0
txn_02733,5,6,4,83,1,2,2,3,3,2,2,2,1,2,1,1,2,2,3,2,1,91,98,91,30,4,0,0,0,0,0,0
txn_04091,0,9,0,54,0,0,0,5,4,0,0,5,0,3,0,0,0,0,0,3,0,62,63,62,22,4,0,0,0,0,0,0
txn_00929,3,2,2,76,1,1,1,1,1,1,1,1,1,1,1,1,1,1,3,1,1,83,83,83,28,3,0,0,0,0,0,0
txn_00728,0,6,4,56,0,0,0,3,3,1,3,3,1,3,3,0,0,0,0,3,3,66,66,66,23,6,0,0,0,0,0,0
txn_01483,0,8,2,145,0,0,0,4,4,1,1,4,1,4,1,0,0,0,0,4,1,155,155,155,52,5,0,0,0,0,0,0
txn_04004,0,11,0,100,0,0,0,5,6,0,0,5,0,6,0,0,0,0,0,6,0,111,111,111,39,6,0,0,0,0,0,0
txn_03005,3,6,3,27,1,1,1,3,3,1,2,3,1,3,2,1,1,2,1,3,2,39,39,39,13,6,0,0,0,0,0,0
txn_03558,0,6,0,208,0,0,0,3,3,0,0,3,0,3,0,0,0,0,0,3,0,214,214,214,74,3,0,0,0,0,0,0
txn_01692,3,4,10,114,1,1,1,2,2,4,6,1,3,2,6,1,1,1,3,2,6,128,131,128,42,7,0,0,0,0,0,0
txn_03049,3,9,4,27,1,1,1,3,6,2,2,2,1,6,2,1,1,2,1,6,2,40,43,40,12,7,0,0,0,0,0,0
txn_02747,3,22,4,51,1,1,1,10,12,2,2,9,1,12,2,1,1,9,1,12,2,77,80,77,27,13,0,0,0,0,0,0
txn_02486,0,2,3,108,0,0,0,1,1,1,2,1,1,1,2,0,0,0,0,1,2,113,113,113,39,3,0,0,0,0,0,0
txn_03085,3,12,4,51,1,1,1,6,6,2,2,6,1,6,2,1,1,2,1,6,2,69,70,69,24,8,0,0,0,0,0,0
txn_01939,0,7,0,27,0,0,0,4,3,0,0,4,0,3,0,0,0,0,0,3,0,34,34,34,13,3,0,0,0,0,0,0
txn_00724,3,10,2,84,1,1,1,5,5,1,1,4,0,5,1,1,0,4,0,5,1,96,99,96,32,5,0,0,0,0,0,0
txn_09503,0,3,0,94,0,0,0,1,2,0,0,1,0,2,0,0,0,0,0,2,0,97,97,97,33,2,0,0,0,0,0,0
txn_07589,0,10,2,15,0,0,0,4,6,1,1,4,1,6,1,0,0,0,0,6,1,27,27,27,10,7,0,0,0,0,0,0
txn_08509,3,11,6,26,1,1,1,5,6,2,4,5,1,6,4,1,1,9,1,6,4,45,46,45,15,10,0,0,0,0,0,0
txn_02349,0,6,5,87,0,0,0,3,3,2,3,3,2,3,3,0,0,0,0,3,3,98,98,98,34,6,0,0,0,0,0,0
txn_00928,3,6,2,59,1,1,1,1,5,1,1,1,0,4,1,1,0,4,0,4,1,68,70,68,20,6,0,0,0,0,0,0
txn_00024,3,7,6,30,1,1,1,3,4,3,3,2,3,4,3,1,1,2,1,4,3,45,46,45,15,7,0,0,0,0,0,0
txn_01572,3,12,4,211,1,1,1,5,7,2,2,4,1,7,2,1,1,4,1,7,2,227,230,227,77,8,0,0,0,0,0,0
txn_06047,0,11,4,97,0,0,0,5,6,2,2,5,2,5,2,0,0,0,0,5,2,111,112,111,39,8,0,0,0,0,0,0
txn_04851,4,24,4,120,1,1,2,8,16,2,2,7,2,16,2,1,0,7,0,16,2,148,152,148,50,16,0,0,0,0,0,0
txn_08464,4,11,8,68,1,1,2,5,6,3,5,4,2,6,5,1,1,4,2,6,5,86,91,86,29,9,0,0,0,0,0,0
txn_07559,3,7,9,123,1,1,1,3,4,3,6,2,3,4,6,1,0,2,0,4,6,141,142,141,47,10,0,0,0,1,1,1
txn_02206,4,6,3,18,1,1,2,2,4,1,2,1,0,4,2,1,0,1,0,4,2,26,31,26,7,4,0,0,0,0,0,0
txn_02019,0,5,5,111,0,0,0,3,2,2,3,3,2,2,3,0,0,0,0,2,3,121,121,121,42,5,0,0,0,0,0,0
txn_04479,0,9,2,227,0,0,0,3,6,1,1,3,1,6,1,0,0,0,0,6,1,238,238,238,81,7,0,0,0,0,0,0
txn_07480,0,4,0,102,0,0,0,2,2,0,0,2,0,2,0,0,0,0,0,2,0,106,106,106,36,2,0,0,0,0,0,0
txn_02472,0,11,0,84,0,0,0,5,6,0,0,5,0,6,0,0,0,0,0,6,0,95,95,95,33,6,0,0,0,0,0,0
txn_07418,6,8,7,30,2,2,2,4,4,3,4,3,2,4,4,2,2,5,4,4,4,47,51,47,15,7,0,0,0,0,0,0
txn_01116,3,4,2,50,1,1,1,2,2,1,1,1,1,2,1,1,1,1,1,2,1,58,59,58,19,3,0,0,0,0,0,0
txn_07761,3,11,0,148,1,1,1,4,7,0,0,4,0,7,0,1,1,2,2,7,0,162,162,162,52,8,0,0,0,0,0,0
txn_04959,0,6,0,123,0,0,0,2,4,0,0,2,0,4,0,0,0,0,0,4,0,129,129,129,43,4,0,0,0,0,0,0
txn_06139,5,10,6,56,2,2,1,4,6,3,3,4,3,6,3,2,2,9,4,6,3,76,77,76,25,9,0,0,0,0,0,0
txn_04331,3,0,0,120,1,1,1,0,0,0,0,0,0,0,0,1,1,4,1,0,0,123,123,123,40,1,0,0,0,0,0,0
txn_04562,3,4,0,21,1,1,1,2,2,0,0,1,0,2,0,1,1,1,3,2,0,27,28,27,8,2,0,0,0,0,0,0
txn_04583,3,16,0,59,1,1,1,7,9,0,0,7,0,9,0,1,1,2,3,9,0,78,78,78,27,10,0,0,0,0,0,0
txn_07430,3,13,7,30,1,1,1,5,8,3,4,5,3,8,4,1,1,4,1,8,4,52,53,52,18,12,0,0,0,0,0,0
txn_05005,3,11,5,230,1,1,1,5,6,2,3,5,1,6,3,1,1,2,1,6,3,248,249,248,84,9,0,0,0,0,0,0
txn_02063,4,12,3,86,1,1,2,6,6,1,2,6,0,6,2,1,0,3,0,6,2,103,105,103,35,8,0,0,0,0,0,0
txn_06674,0,0,0,99,0,0,0,0,0,0,0,0,0,0,0,0,0,0,0,0,0,99,99,99,34,0,0,0,0,0,0,0
txn_05696,4,15,10,89,1,1,2,7,8,4,6,6,3,7,6,1,1,6,3,7,6,111,118,111,38,12,0,0,0,0,0,0
txn_02174,3,12,2,70,1,1,1,5,7,1,1,5,1,7,1,1,0,4,0,7,1,86,87,86,30,8,0,0,0,0,0,0
txn_06140,4,10,5,42,1,1,2,3,7,2,3,2,1,7,3,1,1,2,1,7,3,56,61,56,17,8,0,0,0,0,0,0
txn_01561,3,4,0,71,1,1,1,2,2,0,0,1,0,2,0,1,1,1,1,2,0,77,78,77,25,2,0,0,0,0,0,0
txn_01914,3,10,6,61,1,1,1,3,7,3,3,3,3,7,3,1,1,2,1,7,3,80,80,80,27,11,0,0,0,0,0,0
txn_08656,3,6,4,214,1,1,1,3,3,2,2,2,2,2,2,1,1,2,1,2,2,224,227,224,76,5,0,0,0,0,0,0
txn_01589,5,13,5,233,2,1,2,7,6,2,3,6,1,5,2,2,1,13,1,5,2,247,256,247,83,8,0,0,0,0,0,0
txn_00113,5,2,13,53,2,1,2,1,1,5,8,0,5,1,8,0,1,0,3,1,8,71,73,71,23,9,0,0,0,0,0,0
txn_00163,0,10,0,151,0,0,0,4,6,0,0,4,0,6,0,0,0,0,0,6,0,161,161,161,53,6,0,0,0,0,0,0
txn_03846,0,14,3,71,0,0,0,7,7,1,2,7,1,7,2,0,0,0,0,7,2,88,88,88,32,9,0,0,0,0,0,0
txn_09584,0,5,5,123,0,0,0,2,3,2,3,2,2,3,3,0,0,0,0,3,3,133,133,133,45,6,0,0,0,0,0,0
txn_01945,0,5,0,51,0,0,0,2,3,0,0,2,0,3,0,0,0,0,0,3,0,56,56,56,19,3,0,0,0,0,0,0
txn_06541,4,12,9,73,1,1,2,6,6,4,5,6,3,6,5,1,1,4,3,6,5,96,98,96,34,11,0,0,0,0,0,0
txn_08887,3,11,4,147,1,1,1,5,6,2,2,4,1,5,2,1,1,4,1,5,2,160,165,160,53,7,0,0,0,0,0,0
txn_00387,4,8,5,91,1,1,2,3,5,2,3,2,1,5,2,1,1,2,1,5,2,101,108,101,33,6,0,0,0,0,0,0
txn_03271,3,7,2,21,1,1,1,3,4,1,1,2,0,4,1,1,0,2,0,4,1,30,33,30,9,4,0,0,0,0,0,0
txn_06291,4,2,5,126,1,1,2,1,1,2,3,1,1,1,3,1,1,4,1,1,3,135,137,135,44,4,0,0,0,0,0,0
txn_07932,6,10,4,33,2,2,2,4,6,2,2,3,1,6,2,2,2,8,3,6,2,50,53,50,15,8,0,0,0,0,0,0
txn_00509,3,8,4,62,1,1,1,4,4,2,2,3,1,4,2,1,1,3,1,4,2,74,77,74,25,5,0,0,0,0,0,0
txn_07820,3,2,3,46,1,1,1,1,1,1,2,0,1,1,2,0,1,0,4,1,2,52,54,52,17,3,0,0,0,0,0,0
txn_06468,0,6,4,64,0,0,0,3,3,2,2,3,2,3,2,0,0,0,0,3,2,74,74,74,27,5,0,0,0,0,0,0
txn_05902,3,4,2,216,1,1,1,2,2,1,1,1,0,2,1,1,0,1,0,2,1,222,225,222,75,2,0,0,0,0,0,0
txn_08661,5,5,4,49,1,2,2,2,3,2,2,1,1,3,2,1,2,1,2,3,2,59,63,59,19,4,0,0,0,0,0,0
txn_02398,0,2,10,67,0,0,0,1,1,5,5,1,5,1,5,0,0,0,0,1,5,78,79,78,29,5,0,0,0,0,0,0
txn_04891,3,4,11,39,1,1,1,2,2,4,7,2,4,2,7,1,0,9,0,2,7,57,57,57,19,10,0,0,0,0,0,0
txn_07892,3,8,4,27,1,1,1,3,5,2,2,3,1,5,2,1,1,4,1,5,2,41,42,41,13,7,0,0,0,0,0,0
txn_08381,6,8,7,6,2,2,2,4,4,3,4,4,2,4,4,1,2,2,3,4,4,26,27,26,8,9,0,0,0,0,0,0
txn_01117,0,5,6,126,0,0,0,2,3,3,3,2,3,2,3,0,0,0,0,2,3,136,137,136,47,6,0,0,0,0,0,0
txn_03667,3,5,2,233,1,1,1,2,3,1,1,2,1,2,1,1,1,2,2,2,1,242,243,242,81,5,0,0,0,0,0,0
txn_02627,5,5,2,59,1,2,2,2,3,1,1,2,0,3,1,1,1,3,1,3,1,70,71,70,22,5,0,0,0,0,0,0
txn_03226,4,3,8,70,1,1,2,1,2,3,5,0,2,2,5,0,1,0,2,2,5,80,85,80,26,5,0,0,0,0,0,0
txn_08161,5,5,9,39,1,2,2,2,3,4,5,1,3,3,5,1,2,1,4,3,5,54,58,54,17,7,0,0,0,0,0,0
txn_04777,3,4,4,63,1,1,1,2,2,2,2,1,2,2,2,1,0,1,0,2,2,72,74,72,24,3,0,0,0,0,0,0
txn_05780,0,7,6,59,0,0,0,2,5,3,3,2,3,5,3,0,0,0,0,5,3,71,72,71,25,7,0,0,0,0,0,0
txn_07181,3,11,5,154,1,1,1,4,7,2,3,3,1,7,3,1,1,3,1,7,3,169,173,169,53,9,0,0,0,0,0,0
txn_04604,5,12,2,76,1,2,2,5,7,1,1,4,0,7,1,1,1,4,3,7,1,91,95,91,30,7,0,0,0,0,0,0
txn_05905,3,13,0,62,1,1,1,6,7,0,0,5,0,7,0,1,1,5,1,7,0,77,78,77,26,7,0,0,0,0,0,0
txn_07951,0,13,5,70,0,0,0,5,8,2,3,5,2,8,2,0,0,0,0,8,2,87,88,87,29,11,0,0,0,0,0,0
txn_01612,3,10,2,30,1,1,1,6,4,1,1,6,1,4,1,1,0,2,0,4,1,45,45,45,17,6,0,0,0,0,0,0
txn_06504,4,8,6,72,1,1,2,3,5,2,4,2,2,5,4,1,0,2,0,5,4,88,90,88,28,9,0,0,0,0,0,0
txn_04939,3,14,0,105,1,1,1,6,8,0,0,6,0,8,0,1,1,9,2,8,0,121,122,121,41,9,0,0,0,0,0,0
txn_03046,3,13,6,89,1,1,1,5,8,3,3,4,2,8,3,1,1,4,2,8,3,107,111,107,36,9,0,0,0,0,0,0
txn_03636,3,14,6,110,1,1,1,7,7,3,3,6,2,7,3,1,1,6,2,7,3,129,133,129,44,9,0,0,0,0,0,0
txn_09147,3,3,2,117,1,1,1,1,2,1,1,1,0,2,1,1,0,2,0,2,1,124,125,124,40,3,0,0,0,0,0,0
txn_02977,11,6,9,33,3,3,5,2,4,3,6,1,2,4,6,3,2,9,3,4,6,53,59,53,14,10,0,0,0,0,0,0
txn_09334,4,19,5,95,1,1,2,8,11,2,3,7,1,11,3,1,1,7,1,11,3,117,123,117,39,11,0,0,0,0,0,0
txn_03909,5,2,9,131,2,1,2,1,1,4,5,1,3,1,5,2,1,2,3,1,5,145,147,145,49,6,0,0,0,0,0,0
txn_08867,6,10,8,29,2,2,2,5,5,3,5,4,3,5,5,2,2,8,3,5,5,51,53,51,17,10,0,0,0,0,0,0
txn_04937,5,11,5,65,2,1,2,5,6,2,3,4,1,6,3,2,1,6,1,6,3,81,86,81,27,7,0,0,0,0,0,0
txn_01250,3,4,6,63,1,1,1,2,2,3,3,2,2,2,3,1,1,1,2,2,3,75,76,75,25,5,0,0,0,0,0,0
txn_04987,6,2,2,129,2,2,2,1,1,1,1,1,0,1,1,2,1,7,2,1,1,135,139,135,43,3,0,0,0,0,0,0
txn_06266,0,6,6,126,0,0,0,3,3,2,4,3,2,3,4,0,0,0,0,3,4,138,138,138,47,7,0,0,0,0,0,0
txn_07901,0,7,4,107,0,0,0,3,4,1,3,3,1,4,3,0,0,0,0,4,3,117,118,117,41,6,0,0,0,0,0,0
txn_06272,0,0,9,120,0,0,0,0,0,3,6,0,3,0,6,0,0,0,0,0,6,129,129,129,43,6,0,0,0,0,0,0
txn_07952,6,9,4,219,2,2,2,4,5,2,2,3,1,5,2,2,2,7,2,5,2,235,238,235,79,7,0,0,0,0,0,0
txn_09593,4,7,5,87,1,1,2,3,4,2,3,2,1,3,2,1,1,2,1,3,2,95,103,95,31,5,0,0,0,0,0,0
txn_09520,0,0,0,90,0,0,0,0,0,0,0,0,0,0,0,0,0,0,0,0,0,90,90,90,30,0,0,0,0,0,0,0
txn_06060,0,11,15,36,0,0,0,5,6,6,9,5,6,6,9,0,0,0,0,6,9,61,62,61,23,14,0,0,0,0,0,0
txn_00535,0,12,2,79,0,0,0,5,7,1,1,5,1,7,1,0,0,0,0,7,1,93,93,93,33,8,0,0,0,0,0,0
txn_00606,0,20,2,21,0,0,0,8,12,1,1,8,1,12,1,0,0,0,0,12,1,43,43,43,16,13,0,0,0,0,0,0
txn_06818,0,11,6,123,0,0,0,5,6,2,4,5,2,6,4,0,0,0,0,6,4,140,140,140,48,10,0,0,0,0,0,0
txn_03325,3,11,2,103,1,1,1,5,6,1,1,4,1,6,1,1,1,4,1,6,1,118,119,118,40,7,0,0,0,0,0,0
txn_03526,3,6,4,222,1,1,1,3,3,2,2,3,1,3,2,1,1,4,1,3,2,234,235,234,80,5,0,0,0,0,0,0
txn_01391,0,4,2,66,0,0,0,2,2,1,1,2,1,2,1,0,0,0,0,2,1,72,72,72,25,3,0,0,0,0,0,0
txn_00472,3,13,4,93,1,1,1,6,7,2,2,5,2,7,2,1,1,5,3,7,2,111,113,111,39,8,0,0,0,0,0,0
txn_09501,5,7,5,56,1,2,2,2,5,2,3,1,1,5,3,1,2,1,2,5,3,68,73,68,21,6,0,0,0,0,0,0
txn_08898,12,14,5,63,3,3,6,7,7,2,3,6,1,7,3,3,2,9,3,7,3,91,94,91,28,14,0,0,0,0,0,0
txn_04011,3,6,2,74,1,1,1,3,3,1,1,2,0,3,1,1,0,2,0,3,1,82,85,82,27,3,0,0,0,0,0,0
txn_05565,0,9,2,77,0,0,0,4,5,1,1,4,1,5,1,0,0,0,0,5,1,88,88,88,31,6,0,0,0,0,0,0
txn_05888,3,5,0,54,1,1,1,2,3,0,0,2,0,3,0,1,1,1,1,3,0,62,62,62,20,4,0,0,0,0,0,0
txn_07284,5,10,5,83,2,1,2,5,5,2,3,4,1,5,3,2,1,6,1,5,3,99,103,99,33,7,0,0,0,0,0,0
txn_08122,3,12,13,55,1,1,1,5,7,6,7,4,5,7,7,1,1,4,5,7,7,80,83,80,28,13,0,0,0,0,0,0
txn_08653,3,13,7,110,1,1,1,5,8,3,4,4,2,8,4,1,1,4,2,8,4,130,133,130,44,11,0,0,0,0,0,0
txn_02061,3,4,8,57,1,1,1,2,2,3,5,2,2,2,5,1,1,4,2,2,5,71,72,71,23,7,0,0,0,0,0,0
txn_05641,4,4,3,129,1,1,2,2,2,1,2,2,0,2,2,1,0,2,0,2,2,138,140,138,45,4,0,0,0,0,0,0
txn_07217,8,6,2,149,3,3,2,3,3,1,1,3,1,3,1,3,3,11,12,3,1,163,165,163,54,6,0,0,0,0,0,0
txn_09851,9,4,4,134,2,3,4,2,2,2,2,2,1,2,2,2,3,6,4,2,2,147,151,147,48,7,0,0,0,0,0,0
txn_07969,5,11,2,96,1,2,2,5,6,1,1,4,0,6,1,1,1,4,3,6,1,110,114,110,37,6,0,0,0,0,0,0
txn_08558,5,11,6,93,1,1,3,3,8,2,4,2,1,8,4,1,1,2,1,8,4,108,115,108,34,9,0,0,0,0,0,0
txn_06582,3,9,5,24,1,1,1,4,5,2,3,4,2,5,3,1,1,4,2,5,3,41,41,41,14,9,0,0,0,0,0,0
txn_06734,3,14,3,79,1,1,1,7,7,1,2,7,1,7,2,1,1,1,1,7,2,99,99,99,35,10,0,0,0,0,0,0
txn_05346,0,11,0,113,0,0,0,5,6,0,0,5,0,6,0,0,0,0,0,6,0,124,124,124,43,6,0,0,0,0,0,0
txn_07304,0,12,2,128,0,0,0,6,6,1,1,6,1,6,1,0,0,0,0,6,1,141,142,141,51,6,0,0,0,0,0,0
txn_02776,3,8,8,132,1,1,1,4,4,4,4,3,4,4,4,1,1,3,1,4,4,150,151,150,51,8,0,0,0,0,0,0
txn_06083,4,10,3,99,1,1,2,5,5,1,2,5,0,5,2,1,0,2,0,5,2,113,116,113,39,6,0,0,0,0,0,0
txn_09098,3,0,9,114,1,1,1,0,0,4,5,0,3,0,5,1,1,2,3,0,5,125,126,125,41,5,0,0,0,0,0,0
txn_05445,3,11,4,225,1,1,1,5,6,2,2,5,2,6,2,1,1,1,2,6,2,242,243,242,84,8,0,0,0,0,0,0
txn_05872,3,10,4,82,1,1,1,4,6,2,2,4,1,6,2,1,1,2,1,6,2,98,99,98,33,8,0,0,0,0,0,0
txn_01396,9,15,5,81,3,2,4,6,9,2,3,5,1,9,3,3,1,13,1,9,3,105,110,105,33,12,0,0,0,0,0,0
txn_00506,9,2,4,6,3,3,3,1,1,2,2,0,2,1,2,2,3,6,6,1,2,20,21,20,4,5,0,0,0,0,0,0
txn_05221,0,6,0,33,0,0,0,3,3,0,0,3,0,3,0,0,0,0,0,3,0,39,39,39,14,3,0,0,0,0,0,0
txn_02257,0,7,6,113,0,0,0,3,4,2,4,3,2,4,4,0,0,0,0,4,4,125,126,125,44,7,0,0,0,0,0,0
txn_06685,3,6,7,64,1,1,1,3,3,4,3,2,3,3,3,1,1,2,3,3,3,77,80,77,27,5,0,0,0,0,0,0
txn_02253,3,7,4,68,1,1,1,3,4,2,2,3,1,4,2,0,1,0,1,4,2,81,82,81,27,6,0,0,0,0,0,0
txn_02932,3,5,4,116,1,1,1,2,3,2,2,1,2,3,2,1,0,1,0,3,2,126,128,126,42,4,0,0,0,0,0,0
txn_05444,3,8,4,157,1,1,1,3,5,2,2,2,1,5,2,1,1,2,1,5,2,169,172,169,54,6,0,0,0,0,0,0
txn_02593,3,3,4,78,1,1,1,1,2,2,2,1,1,2,2,1,1,6,1,2,2,87,88,87,28,4,0,0,0,0,0,0
txn_07260,0,6,5,235,0,0,0,3,3,2,3,3,2,2,3,0,0,0,0,2,3,245,246,245,84,6,0,0,0,0,0,0
txn_08230,0,6,4,116,0,0,0,2,4,2,2,2,2,4,2,0,0,0,0,4,2,126,126,126,44,6,0,0,0,0,0,0
txn_08461,0,8,5,152,0,0,0,4,4,2,3,4,2,4,3,0,0,0,0,4,3,164,165,164,56,7,0,0,0,0,0,0
txn_03330,11,3,6,131,3,4,4,1,2,3,3,0,2,2,3,2,4,6,8,2,3,147,151,147,45,6,0,0,0,0,0,0
txn_01772,3,9,0,24,1,1,1,4,5,0,0,3,0,5,0,1,1,3,1,5,0,35,36,35,11,5,0,0,0,0,0,0
txn_05855,6,9,2,160,2,1,3,4,5,1,1,3,1,4,1,2,1,5,5,4,1,172,177,172,55,7,0,0,0,0,0,0
txn_02088,0,6,2,84,0,0,0,3,3,1,1,3,1,3,1,0,0,0,0,3,1,92,92,92,32,4,0,0,0,0,0,0
txn_04016,0,4,3,74,0,0,0,2,2,1,2,2,1,2,2,0,0,0,0,2,2,81,81,81,28,4,0,0,0,0,0,0
txn_04773,4,10,2,39,1,1,2,4,6,1,1,4,1,6,1,0,1,0,1,6,1,52,55,52,17,8,0,0,0,0,0,0
txn_06023,3,6,4,27,1,1,1,3,3,2,2,2,1,3,2,1,1,2,1,3,2,37,40,37,12,4,0,0,0,0,0,0
txn_00156,3,9,7,23,1,1,1,4,5,3,4,3,3,5,4,1,0,3,0,5,4,39,42,39,14,7,0,0,0,0,0,0
txn_01299,6,10,6,27,2,2,2,5,5,3,3,4,2,5,3,2,2,5,4,5,3,46,49,46,15,8,0,0,0,0,0,0
txn_02326,3,6,5,30,1,1,1,3,3,2,3,2,1,3,3,1,1,2,1,3,3,41,44,41,13,5,0,0,0,0,0,0
txn_03871,7,13,11,155,1,3,3,6,7,5,6,6,4,7,6,1,3,3,6,7,6,184,186,184,62,14,0,0,0,0,0,0
txn_03827,0,2,4,108,0,0,0,1,1,2,2,1,2,1,2,0,0,0,0,1,2,114,114,114,39,3,0,0,0,0,0,0
txn_02213,3,13,2,117,1,1,1,6,7,1,1,5,0,7,1,1,0,5,0,7,1,132,135,132,44,7,0,0,0,0,0,0
txn_03461,5,12,4,111,1,2,2,5,7,2,2,4,1,6,2,1,2,4,4,6,2,126,132,126,41,8,0,0,0,0,0,0
txn_00046,3,5,0,27,1,1,1,2,3,0,0,2,0,3,0,1,1,4,1,3,0,35,35,35,11,4,0,0,0,0,0,0
txn_02615,3,12,4,102,1,1,1,5,7,2,2,4,1,7,2,1,1,4,1,7,2,118,121,118,40,8,0,0,0,0,0,0
txn_03304,4,12,4,30,1,1,2,5,7,2,2,4,2,7,2,1,1,4,1,7,2,48,50,48,16,9,0,0,0,0,0,0
txn_04323,0,6,8,135,0,0,0,3,3,4,4,3,4,3,4,0,0,0,0,3,4,149,149,149,52,7,0,0,0,0,0,0
txn_04911,0,2,7,63,0,0,0,1,1,3,4,1,3,1,4,0,0,0,0,1,4,71,72,71,25,4,0,0,0,0,0,0
txn_01159,3,2,0,237,1,1,1,1,1,0,0,1,0,1,0,1,1,8,2,1,0,242,242,242,82,2,0,0,0,0,0,0
txn_04825,0,2,5,105,0,0,0,1,1,2,3,1,2,1,3,0,0,0,0,1,3,112,112,112,39,4,0,0,0,0,0,0
txn_08233,0,2,2,119,0,0,0,1,1,1,1,1,1,1,1,0,0,0,0,1,1,123,123,123,42,2,0,0,0,0,0,0
txn_09409,5,18,6,24,2,1,2,8,10,2,4,7,1,10,4,2,1,9,1,10,4,48,53,48,16,12,0,0,0,0,0,0
txn_03996,3,8,2,62,1,1,1,4,4,1,1,3,1,4,1,1,1,3,3,4,1,74,75,74,25,5,0,0,0,0,0,0
txn_03555,3,14,10,87,1,1,1,6,8,5,5,6,4,8,5,1,1,4,4,8,5,112,114,112,39,12,0,0,0,0,0,0
txn_06200,4,11,3,62,1,1,2,5,6,1,2,4,0,6,2,1,0,4,0,6,2,75,80,75,25,6,0,0,0,0,0,0
txn_06215,7,12,4,129,1,2,4,3,9,2,2,2,1,9,2,1,1,2,1,9,2,145,152,145,46,9,0,0,0,0,0,0
txn_01295,0,7,0,66,0,0,0,3,4,0,0,3,0,3,0,0,0,0,0,3,0,72,73,72,24,4,0,0,0,0,0,0
txn_03615,0,12,0,134,0,0,0,5,7,0,0,5,0,7,0,0,0,0,0,7,0,146,146,146,49,7,0,0,0,0,0,0
txn_08701,0,8,2,98,0,0,0,4,4,1,1,4,1,4,1,0,0,0,0,4,1,108,108,108,37,5,0,0,0,0,0,0
txn_09020,7,16,0,57,1,2,4,6,10,0,0,5,0,10,0,1,2,5,4,10,0,76,80,76,24,10,0,0,0,0,0,0
txn_09868,3,12,5,57,1,1,1,5,7,2,3,4,2,7,3,1,1,4,3,7,3,75,77,75,25,9,0,0,0,0,0,0
txn_08798,3,10,8,65,1,1,1,5,5,3,5,4,2,5,5,1,1,4,2,5,5,83,86,83,28,9,0,0,0,0,0,0
txn_09824,3,6,2,108,1,1,1,3,3,1,1,2,0,3,1,1,0,2,0,3,1,116,119,116,39,3,0,0,0,0,0,0
txn_03341,5,8,13,59,1,2,2,3,5,5,8,2,5,5,8,1,2,2,4,5,8,82,85,82,26,12,0,0,0,0,0,0
txn_01787,4,14,6,136,1,1,2,7,7,3,3,7,3,7,3,1,1,4,2,7,3,158,160,158,56,10,0,0,0,0,0,0
txn_04010,6,8,2,138,1,2,3,4,4,1,1,4,1,4,1,1,2,3,5,4,1,153,154,153,51,7,0,0,0,0,0,0
txn_00358,0,4,0,54,0,0,0,2,2,0,0,2,0,2,0,0,0,0,0,2,0,58,58,58,20,2,0,0,0,0,0,0
txn_00260,4,13,6,71,1,1,2,6,7,2,4,5,1,7,4,1,1,5,1,7,4,89,94,89,30,9,0,0,0,0,0,0
txn_01452,0,7,2,36,0,0,0,3,4,1,1,3,1,4,1,0,0,0,0,4,1,45,45,45,16,5,0,0,0,0,0,0
txn_03601,0,7,5,120,0,0,0,3,4,3,2,3,3,4,2,0,0,0,0,4,2,132,132,132,46,6,0,0,0,0,0,0
txn_09994,0,3,2,45,0,0,0,1,2,1,1,1,1,2,1,0,0,0,0,2,1,50,50,50,17,3,0,0,0,0,0,0
txn_07143,0,4,0,55,0,0,0,2,2,0,0,2,0,2,0,0,0,0,0,2,0,59,59,59,21,2,0,0,0,0,0,0
txn_02059,5,14,6,68,1,2,2,6,8,3,3,5,2,8,2,1,2,5,5,8,2,86,93,86,29,9,0,0,0,0,0,0
txn_01613,3,6,10,58,1,1,1,3,3,3,7,2,3,3,7,1,1,2,2,3,7,75,77,75,25,9,0,0,0,0,0,0
txn_04426,4,7,0,86,1,1,2,3,4,0,0,3,0,4,0,1,1,5,1,4,0,97,97,97,32,6,0,0,0,0,0,0
txn_08493,0,17,2,80,0,0,0,8,9,1,1,8,1,9,1,0,0,0,0,9,1,98,99,98,35,10,0,0,0,0,0,0
txn_08975,3,5,8,141,1,1,1,2,3,4,4,2,3,3,4,1,1,4,3,3,4,156,157,156,52,7,0,0,0,0,0,0
txn_06108,0,23,6,113,0,0,0,10,13,3,3,10,3,12,3,0,0,0,0,12,3,139,142,139,49,15,0,0,0,0,0,0
txn_08609,5,15,2,240,1,2,2,6,9,1,1,5,1,8,1,1,2,5,6,8,1,258,262,258,87,10,0,0,0,0,0,0
txn_03883,0,7,4,242,0,0,0,3,4,2,2,3,2,4,2,0,0,0,0,4,2,253,253,253,88,6,0,0,0,0,0,0
txn_07057,6,8,6,54,2,2,2,4,4,3,3,3,2,4,3,2,2,4,5,4,3,71,74,71,23,7,0,0,0,0,0,0
txn_08205,3,3,0,60,1,1,1,1,2,0,0,1,0,2,0,1,1,5,1,2,0,66,66,66,21,3,0,0,0,0,0,0
txn_03371,3,6,2,36,1,1,1,3,3,1,1,2,1,3,1,1,1,2,1,3,1,46,47,46,15,4,0,0,0,0,0,0
txn_05683,3,4,7,66,1,1,1,2,2,3,4,1,2,2,4,1,1,1,2,2,4,77,80,77,25,5,0,0,0,0,0,0
txn_02315,0,4,4,39,0,0,0,2,2,2,2,2,2,2,2,0,0,0,0,2,2,47,47,47,17,4,0,0,0,0,0,0
txn_03564,0,8,0,77,0,0,0,4,4,0,0,4,0,4,0,0,0,0,0,4,0,85,85,85,30,4,0,0,0,0,0,0
txn_02037,0,11,6,158,0,0,0,5,6,3,3,5,3,6,3,0,0,0,0,6,3,174,175,174,60,9,0,0,0,0,0,0
txn_05405,3,13,2,42,1,1,1,5,8,1,1,4,0,8,1,1,0,4,0,8,1,57,60,57,18,8,0,0,0,0,0,0
txn_07914,6,16,2,60,2,2,2,7,9,1,1,6,1,8,1,2,1,16,2,8,1,79,84,79,26,11,0,0,0,0,0,0
txn_00575,5,5,2,144,1,2,2,2,3,1,1,2,1,3,1,1,2,2,4,3,1,156,156,156,51,6,0,0,0,0,0,0
txn_07439,3,7,6,73,1,1,1,3,4,3,3,3,3,4,3,1,1,3,2,4,3,89,89,89,31,8,0,0,0,0,0,0
txn_06495,0,10,0,139,0,0,0,4,6,0,0,4,0,6,0,0,0,0,0,6,0,149,149,149,51,6,0,0,0,0,0,0
txn_08429,0,6,4,27,0,0,0,3,3,1,3,3,1,3,3,0,0,0,0,3,3,36,37,36,13,5,0,0,0,0,0,0
txn_07716,6,12,7,89,2,2,2,5,7,3,4,4,2,7,4,2,2,8,3,7,4,111,114,111,36,11,0,0,0,0,0,0
txn_00160,0,6,2,126,0,0,0,3,3,1,1,3,1,3,1,0,0,0,0,3,1,134,134,134,46,4,0,0,0,0,0,0
txn_07240,0,2,2,74,0,0,0,1,1,1,1,1,1,1,1,0,0,0,0,1,1,78,78,78,27,2,0,0,0,0,0,0
txn_07270,4,7,3,76,1,1,2,3,4,1,2,2,0,4,2,1,0,2,0,4,2,85,90,85,28,4,0,0,0,0,0,0
txn_00989,3,11,4,62,1,1,1,5,6,2,2,4,1,6,2,1,1,4,1,6,2,77,80,77,26,7,0,0,0,0,0,0
txn_01479,0,7,8,85,0,0,0,3,4,3,5,3,3,4,5,0,0,0,0,4,5,100,100,100,35,9,0,0,0,0,0,0
txn_04517,3,8,4,161,1,1,1,4,4,2,2,3,1,3,2,1,1,3,1,3,2,171,176,171,55,5,0,0,0,0,0,0
txn_03923,3,11,2,70,1,1,1,5,6,1,1,4,0,6,1,1,0,4,0,6,1,83,86,83,28,6,0,0,0,0,0,0
txn_01970,6,7,6,92,2,1,3,3,4,2,4,3,1,4,4,2,1,7,1,4,4,108,111,108,35,8,0,0,0,0,0,0
txn_04587,5,4,5,63,2,1,2,2,2,2,3,1,1,2,3,2,1,4,1,2,3,73,77,73,23,4,0,0,0,0,0,0
txn_04649,3,8,2,67,1,1,1,4,4,1,1,4,1,4,1,1,1,2,3,4,1,80,80,80,28,6,0,0,0,0,0,0
txn_04704,4,11,13,53,1,1,2,5,6,5,8,4,4,6,8,1,1,4,4,6,8,76,81,76,26,12,0,0,0,0,0,0
txn_06876,0,9,5,57,0,0,0,3,6,2,3,3,2,6,3,0,0,0,0,6,3,71,71,71,24,9,0,0,0,0,0,0
txn_09297,0,3,3,101,0,0,0,1,2,1,2,1,1,2,2,0,0,0,0,2,2,107,107,107,35,4,0,0,0,0,0,0
txn_09471,6,11,9,92,1,1,4,4,7,3,6,3,2,7,6,1,1,3,2,7,6,109,118,109,36,9,0,0,0,0,0,0
txn_06588,6,12,9,131,2,1,3,5,7,3,6,4,2,6,6,2,1,7,2,6,6,150,158,150,50,11,0,0,0,0,0,0
txn_00961,0,9,17,96,0,0,0,3,6,7,10,3,7,6,10,0,0,0,0,6,10,122,122,122,42,16,0,0,0,0,0,0
txn_06079,0,0,5,65,0,0,0,0,0,2,3,0,2,0,3,0,0,0,0,0,3,70,70,70,24,3,0,0,0,0,0,0
txn_04254,3,12,9,137,1,1,1,6,6,4,5,5,3,6,5,1,1,5,3,6,5,157,161,157,52,10,0,0,0,0,0,0
txn_00075,7,12,12,163,1,3,3,7,5,7,5,7,7,5,4,1,1,5,3,5,4,192,194,192,65,13,0,0,0,0,0,0
txn_09126,0,10,4,133,0,0,0,5,5,2,2,5,2,4,2,0,0,0,0,4,2,146,147,146,52,7,0,0,0,0,0,0
txn_03556,3,6,6,142,1,1,1,3,3,3,3,2,2,3,3,1,1,2,2,3,3,153,157,153,52,4,0,0,0,0,0,0
txn_09204,5,12,0,132,1,2,2,5,7,0,0,4,0,7,0,1,1,4,3,7,0,147,149,147,48,7,0,0,0,0,0,0
txn_00296,5,4,6,245,1,1,3,1,3,2,4,0,1,3,4,0,1,0,1,3,4,253,260,253,85,4,0,0,0,0,0,0
txn_08393,4,14,3,228,1,1,2,5,9,1,2,4,0,9,2,1,0,4,0,9,2,244,249,244,82,9,0,0,0,0,0,0
txn_02121,0,10,2,111,0,0,0,4,6,1,1,4,1,6,1,0,0,0,0,6,1,123,123,123,43,7,0,0,0,0,0,0
txn_08357,3,3,4,119,1,1,1,1,2,2,2,1,1,2,2,1,1,5,1,2,2,128,129,128,43,4,0,0,0,0,0,0
txn_03565,4,11,9,161,1,1,2,4,7,4,5,4,3,6,5,1,1,2,3,6,5,182,185,182,60,12,0,0,0,0,0,0
txn_08916,5,13,5,114,2,1,2,4,9,2,3,3,1,9,3,2,1,4,1,9,3,133,137,133,43,11,0,0,0,0,0,0
txn_03554,0,9,9,135,0,0,0,4,5,4,5,4,4,5,5,0,0,0,0,5,5,153,153,153,53,10,0,0,0,0,0,0
txn_02968,0,3,0,115,0,0,0,1,2,0,0,1,0,2,0,0,0,0,0,2,0,118,118,118,40,2,0,0,0,0,0,0
txn_06551,4,10,3,117,1,1,2,5,5,1,2,5,0,5,2,1,0,2,0,5,2,131,134,131,45,7,0,0,0,0,0,0
txn_03933,0,7,6,59,0,0,0,3,4,3,3,3,3,4,3,0,0,0,0,4,3,71,72,71,26,6,0,0,0,0,0,0
txn_00789,0,6,9,69,0,0,0,3,3,4,5,3,4,3,5,0,0,0,0,3,5,83,84,83,29,8,0,0,0,0,0,0
txn_08017,4,7,2,21,1,1,2,3,4,1,1,2,1,4,1,1,1,2,3,4,1,32,34,32,10,5,0,0,0,0,0,0
txn_05778,3,8,8,145,1,1,1,4,4,3,5,3,2,4,5,1,1,3,2,4,5,160,164,160,54,7,0,0,0,0,0,0
txn_07734,0,4,3,75,0,0,0,2,2,1,2,2,1,2,2,0,0,0,0,2,2,82,82,82,28,4,0,0,0,0,0,0
txn_08344,3,6,3,140,1,1,1,2,4,1,2,2,1,4,2,0,1,0,2,4,2,152,152,152,49,7,0,0,0,0,0,0
txn_04927,4,7,11,111,1,1,2,3,4,4,7,2,3,4,7,1,1,2,3,4,7,127,133,127,43,8,0,0,0,0,0,0
txn_02012,4,5,3,120,1,1,2,2,3,1,2,2,0,3,2,1,0,3,0,3,2,129,132,129,43,4,0,0,0,0,0,0
txn_01539,0,9,3,248,0,0,0,3,6,1,2,3,1,6,2,0,0,0,0,6,2,259,260,259,89,7,0,0,0,0,0,0
txn_06499,6,6,0,57,2,1,3,3,3,0,0,2,0,3,0,2,1,6,2,3,0,68,69,68,21,5,0,0,0,0,0,0
txn_06187,4,13,9,95,1,1,2,4,9,4,5,3,3,9,5,1,1,3,3,9,5,115,121,115,38,11,0,0,0,0,0,0
txn_03338,3,3,0,107,1,1,1,1,2,0,0,1,0,2,0,1,1,2,2,2,0,113,113,113,37,3,0,0,0,0,0,0
txn_03813,6,9,2,90,2,2,2,4,5,1,1,3,0,5,1,2,1,6,4,5,1,104,107,104,33,6,0,0,0,0,0,0
txn_08800,0,14,0,72,0,0,0,7,7,0,0,7,0,7,0,0,0,0,0,7,0,86,86,86,31,7,0,0,0,0,0,0
txn_09206,0,2,2,104,0,0,0,1,1,1,1,1,1,1,1,0,0,0,0,1,1,108,108,108,36,2,0,0,0,0,0,0
txn_04223,3,8,5,60,1,1,1,4,4,2,3,3,1,3,3,1,1,3,1,3,3,71,76,71,23,6,0,0,0,0,0,0
txn_09390,5,8,2,122,1,2,2,4,4,1,1,4,0,4,1,1,1,4,3,4,1,136,137,136,46,6,0,0,0,0,0,0
txn_06766,4,13,6,123,1,1,2,5,8,2,4,4,2,8,4,1,0,4,0,8,4,143,146,143,48,11,0,0,0,0,0,0
txn_01014,5,11,14,99,2,1,2,5,6,6,8,4,5,6,8,2,1,8,5,6,8,125,129,125,42,13,0,0,0,0,0,0
txn_02103,3,6,4,87,1,1,1,3,3,2,2,3,1,3,1,1,1,2,1,3,1,96,100,96,32,5,0,0,0,0,0,0
txn_08252,0,3,6,57,0,0,0,1,2,2,4,1,2,2,4,0,0,0,0,2,4,66,66,66,22,6,0,0,0,0,0,0
txn_04882,5,10,5,102,1,2,2,5,5,2,3,4,1,4,3,1,2,4,4,4,3,114,122,114,38,6,0,0,0,0,0,0
txn_00234,0,2,5,73,0,0,0,1,1,2,3,1,2,1,3,0,0,0,0,1,3,80,80,80,28,4,0,0,0,0,0,0
txn_02038,5,9,2,148,1,2,2,4,5,1,1,3,0,5,1,1,1,3,3,5,1,160,164,160,53,5,0,0,0,0,0,0
txn_01036,3,9,6,163,1,1,1,4,5,3,3,3,2,5,3,1,1,3,2,5,3,178,181,178,60,7,0,0,0,0,0,0
txn_08894,3,6,10,24,1,1,1,3,3,5,5,2,4,3,5,1,1,2,4,3,5,40,43,40,14,7,0,0,0,0,0,0
txn_02000,6,9,4,231,2,1,3,4,5,1,3,4,0,5,3,2,0,4,0,5,3,247,250,247,83,8,0,0,0,0,0,0
txn_07871,5,3,2,98,1,2,2,1,2,1,1,0,0,2,1,0,1,0,1,2,1,104,108,104,33,2,0,0,0,0,0,0
txn_09433,5,14,7,65,2,1,2,6,8,3,4,5,2,8,4,2,1,9,2,8,4,86,91,86,29,10,0,0,0,0,0,0
txn_00871,0,2,2,106,0,0,0,1,1,1,1,1,1,1,1,0,0,0,0,1,1,110,110,110,38,2,0,0,0,0,0,0
txn_09112,0,8,7,60,0,0,0,3,5,3,4,3,3,5,4,0,0,0,0,5,4,74,75,74,26,8,0,0,0,0,0,0
txn_02229,0,9,4,12,0,0,0,4,5,2,2,4,2,5,2,0,0,0,0,5,2,25,25,25,10,7,0,0,0,0,0,0
txn_05469,3,9,7,45,1,1,1,4,5,3,4,4,2,5,4,1,1,4,2,5,4,63,64,63,21,9,0,0,0,0,0,0
txn_04556,3,9,11,48,1,1,1,4,5,5,6,3,4,5,6,1,1,3,4,5,6,68,71,68,23,10,0,0,0,0,0,0
txn_05156,0,4,2,102,0,0,0,2,2,1,1,2,1,2,1,0,0,0,0,2,1,108,108,108,38,3,0,0,0,0,0,0
txn_05772,4,12,5,69,1,1,2,5,7,2,3,4,1,7,3,1,1,4,1,7,3,83,90,83,27,7,0,0,0,0,0,0
txn_02749,3,11,9,103,1,1,1,5,6,4,5,4,3,6,5,1,1,4,3,6,5,123,126,123,41,10,0,0,0,0,0,0
txn_07142,3,9,8,77,1,1,1,3,6,4,4,3,4,6,4,1,1,1,2,6,4,97,97,97,33,11,0,0,0,0,0,0
txn_03672,5,8,0,72,1,1,3,3,5,0,0,2,0,5,0,1,0,2,0,5,0,82,85,82,26,5,0,0,0,0,0,0
txn_04108,5,11,7,66,1,2,2,4,7,3,4,3,2,7,4,1,2,3,3,7,4,85,89,85,27,10,0,0,0,0,0,0
txn_06961,3,22,0,44,1,1,1,9,13,0,0,8,0,13,0,1,1,8,3,13,0,68,69,68,22,13,0,0,0,0,0,0
txn_02812,3,15,4,234,1,1,1,6,9,2,2,5,2,8,2,1,1,5,1,8,2,253,256,253,86,11,0,0,0,0,0,0
txn_09986,3,9,2,30,1,1,1,4,5,1,1,3,0,5,1,1,0,3,0,5,1,41,44,41,13,5,0,0,0,0,0,0
txn_08943,0,7,0,80,0,0,0,3,4,0,0,3,0,4,0,0,0,0,0,4,0,87,87,87,30,4,0,0,0,0,0,0
txn_01247,3,11,6,251,1,1,1,5,6,3,3,4,3,5,3,1,1,4,2,5,3,266,271,266,91,9,0,0,0,0,0,0
txn_09375,0,9,7,236,0,0,0,3,6,3,4,3,3,6,4,0,0,0,0,6,4,252,252,252,87,10,0,0,0,0,0,0
txn_03528,3,10,12,126,1,1,1,4,6,6,6,3,5,6,6,1,1,3,5,6,6,148,151,148,51,11,0,0,0,0,0,0
txn_09984,4,9,3,93,1,1,2,4,5,1,2,3,0,5,2,1,0,3,0,5,2,104,109,104,34,5,0,0,0,0,0,0
txn_05721,0,5,2,239,0,0,0,2,3,1,1,2,1,3,1,0,0,0,0,3,1,246,246,246,85,4,0,0,0,0,0,0
txn_02436,0,0,8,33,0,0,0,0,0,2,6,0,2,0,6,0,0,0,0,0,6,41,41,41,13,6,0,0,0,0,0,0
txn_03975,13,16,3,47,5,4,4,7,9,1,2,6,0,9,2,5,3,20,7,9,2,75,79,75,21,12,0,0,0,0,0,0
txn_07152,0,4,0,62,0,0,0,1,3,0,0,1,0,3,0,0,0,0,0,3,0,66,66,66,21,3,0,0,0,0,0,0
txn_08396,3,15,4,122,1,1,1,7,8,2,2,6,1,8,2,1,1,6,1,8,2,140,144,140,48,8,0,0,0,0,0,0
txn_04794,0,9,7,151,0,0,0,5,4,3,4,5,3,4,4,0,0,0,0,4,4,166,167,166,59,7,0,0,0,0,0,0
txn_04251,13,5,11,242,5,5,3,2,3,4,7,1,3,3,7,5,5,15,9,3,7,265,271,265,87,9,0,0,0,0,0,0
txn_03884,3,12,2,245,1,1,1,5,7,1,1,4,0,7,1,1,0,4,0,7,1,259,262,259,88,7,0,0,0,0,0,0
txn_08080,3,14,6,39,1,1,1,6,8,3,3,5,2,8,3,1,1,5,2,8,3,58,62,58,20,9,0,0,0,0,0,0
txn_00882,14,17,4,138,5,4,5,7,10,1,3,6,0,10,3,5,3,20,7,10,3,167,173,167,52,13,0,0,0,0,0,0
txn_07027,6,12,15,78,2,1,3,5,7,6,9,4,5,7,9,2,1,8,5,7,9,105,111,105,35,14,0,0,0,0,0,0
txn_09698,5,14,9,83,1,2,2,6,8,4,5,5,3,7,4,1,2,5,4,7,4,103,111,103,35,11,0,0,0,0,0,0
txn_05348,5,11,10,107,1,2,2,4,7,5,5,3,4,7,5,1,2,3,5,7,5,129,133,129,42,11,0,0,0,0,0,0
txn_02353,3,10,2,253,1,1,1,4,6,1,1,4,0,6,1,1,0,4,0,6,1,267,268,267,91,7,0,0,0,0,0,0
txn_03533,0,6,7,125,0,0,0,2,4,3,4,2,3,4,4,0,0,0,0,4,4,138,138,138,47,8,0,0,0,0,0,0
txn_07677,3,5,2,95,1,1,1,2,3,1,1,1,1,3,1,1,1,1,2,3,1,104,105,104,34,4,0,0,0,0,0,0
txn_02157,0,5,4,165,0,0,0,2,3,2,2,2,2,3,2,0,0,0,0,3,2,173,174,173,58,4,0,0,0,0,0,0
txn_01845,0,7,10,66,0,0,0,3,4,4,6,3,4,4,6,0,0,0,0,4,6,83,83,83,29,10,0,0,0,0,0,0
txn_01724,0,12,2,68,0,0,0,4,8,1,1,4,1,8,1,0,0,0,0,8,1,82,82,82,28,9,0,0,0,0,0,0
txn_04850,0,6,2,81,0,0,0,3,3,1,1,3,1,3,1,0,0,0,0,3,1,89,89,89,31,4,0,0,0,0,0,0
txn_07827,3,11,0,88,1,1,1,6,5,0,0,5,0,5,0,1,0,5,0,5,0,101,102,101,34,5,0,0,0,0,0,0
txn_07799,3,4,7,248,1,1,1,2,2,3,4,1,2,2,4,1,1,1,2,2,4,259,262,259,88,5,0,0,0,0,0,0
txn_04424,3,13,2,105,1,1,1,6,7,1,1,5,0,7,1,1,0,5,0,7,1,120,123,120,41,7,0,0,0,0,0,0
txn_02681,6,13,9,42,2,2,2,6,7,4,5,5,3,7,5,2,2,12,8,7,5,67,70,67,22,12,0,0,0,0,0,0
txn_07350,3,15,6,82,1,1,1,7,8,3,3,6,2,8,3,1,1,6,2,8,3,103,106,103,36,10,0,0,0,0,0,0
txn_00493,0,6,8,48,0,0,0,3,3,3,5,3,3,3,5,0,0,0,0,3,5,61,62,61,22,7,0,0,0,0,0,0
txn_05271,5,4,9,101,1,1,3,1,3,3,6,0,2,3,6,0,1,0,2,3,6,112,119,112,36,6,0,0,0,0,0,0
txn_04862,0,13,2,27,0,0,0,5,8,1,1,5,1,8,1,0,0,0,0,8,1,42,42,42,15,9,0,0,0,0,0,0
txn_03830,3,24,5,141,1,1,1,11,13,2,3,10,1,13,3,1,1,10,1,13,3,170,173,170,58,15,0,0,0,0,0,0
txn_08451,3,6,6,76,1,1,1,3,3,3,3,3,2,3,2,1,1,4,2,3,2,87,91,87,29,6,0,0,0,0,0,0
txn_04058,3,15,4,125,1,1,1,7,8,2,2,6,1,8,2,1,1,6,1,8,2,144,147,144,50,9,0,0,0,0,0,0
txn_03281,4,8,0,135,1,1,2,3,5,0,0,2,0,5,0,1,1,2,5,5,0,145,147,145,49,5,0,0,0,0,0,0
txn_09899,0,8,0,32,0,0,0,4,4,0,0,4,0,4,0,0,0,0,0,4,0,40,40,40,15,4,0,0,0,0,0,0
txn_05101,0,0,5,168,0,0,0,0,0,2,3,0,2,0,3,0,0,0,0,0,3,173,173,173,57,3,0,0,0,0,0,0
txn_00824,3,6,2,129,1,1,1,3,3,1,1,2,1,3,1,1,1,2,3,3,1,139,140,139,47,4,0,0,0,0,0,0
txn_02281,4,5,7,110,1,1,2,2,3,3,4,1,2,3,4,1,1,1,2,3,4,121,126,121,40,5,0,0,0,0,0,0
txn_01687,0,4,0,166,0,0,0,2,2,0,0,2,0,2,0,0,0,0,0,2,0,170,170,170,58,2,0,0,0,0,0,0
txn_06951,0,6,2,75,0,0,0,3,3,1,1,3,1,3,1,0,0,0,0,3,1,82,83,82,29,3,0,0,0,0,0,0
txn_08171,0,16,7,144,0,0,0,8,8,3,4,8,3,8,3,0,0,0,0,8,3,166,167,166,58,12,0,0,0,0,0,0
txn_00481,3,9,8,45,1,1,1,4,5,3,5,3,2,5,5,1,1,3,2,5,5,61,65,61,20,8,0,0,0,0,0,0
txn_01408,8,12,5,61,2,2,4,5,7,2,3,4,1,6,3,2,2,7,2,6,3,79,86,79,24,11,0,0,0,0,0,0
txn_04512,4,15,9,56,1,1,2,7,8,4,5,7,3,8,5,1,1,4,3,8,5,81,84,81,29,12,0,0,0,0,0,0
txn_05356,4,2,7,9,1,1,2,1,1,3,4,1,2,1,4,1,1,6,2,1,4,19,22,19,6,4,0,0,0,0,0,0
txn_01987,3,6,8,171,1,1,1,3,3,4,4,2,4,3,4,1,1,2,2,3,4,186,188,186,62,6,0,0,0,0,0,0
txn_06518,4,15,7,96,1,1,2,7,8,3,4,6,2,8,4,1,1,6,2,8,4,117,122,117,40,10,0,0,0,0,0,0
txn_03662,6,9,7,169,1,2,3,3,6,3,4,2,3,6,4,1,1,2,2,6,4,188,191,188,62,10,0,0,0,0,0,0
txn_08485,5,10,11,109,2,1,2,4,6,4,7,3,3,6,7,2,1,7,3,6,7,131,135,131,43,12,0,0,0,0,0,0
txn_09326,0,14,4,114,0,0,0,6,8,2,2,6,2,8,2,0,0,0,0,8,2,132,132,132,47,10,0,0,0,0,0,0
txn_08072,0,25,5,143,0,0,0,11,14,2,3,11,2,14,3,0,0,0,0,14,3,172,173,172,60,16,0,0,0,0,0,0
txn_05746,3,10,8,52,1,1,1,5,5,4,4,4,3,5,4,1,1,4,3,5,4,68,73,68,24,7,0,0,0,0,0,0
txn_04444,3,9,0,12,1,1,1,4,5,0,0,3,0,5,0,1,0,3,0,5,0,23,24,23,7,5,0,0,0,0,0,0
txn_03396,3,4,9,36,1,1,1,2,2,4,5,1,3,2,5,1,1,1,3,2,5,49,52,49,16,6,0,0,0,0,0,0
txn_06662,0,0,4,68,0,0,0,0,0,2,2,0,2,0,2,0,0,0,0,0,2,72,72,72,25,2,0,0,0,0,0,0
txn_00831,0,6,2,78,0,0,0,2,4,1,1,2,1,4,1,0,0,0,0,4,1,86,86,86,29,5,0,0,0,0,0,0
txn_02645,3,5,8,91,1,1,1,2,3,4,4,1,3,3,4,1,1,1,3,3,4,104,107,104,34,6,0,0,0,0,0,0
txn_04178,3,11,4,75,1,1,1,4,7,2,2,4,1,7,2,1,1,6,1,7,2,92,93,92,30,9,0,0,0,0,0,0
txn_09754,5,10,6,172,2,1,2,5,5,3,3,4,3,5,3,2,1,5,4,5,3,192,193,192,65,9,0,0,0,0,0,0
txn_05763,3,7,15,174,1,1,1,3,4,6,9,3,6,4,9,1,1,4,1,4,9,196,199,196,65,13,0,0,0,0,0,0
txn_09627,4,8,8,83,1,1,2,3,5,3,5,2,2,5,5,1,1,2,2,5,5,97,103,97,32,7,0,0,0,0,0,0
txn_02220,3,4,4,177,1,1,1,2,2,2,2,2,1,2,2,1,1,3,1,2,2,187,188,187,61,4,0,0,0,0,0,0
txn_06740,0,8,2,69,0,0,0,3,5,1,1,3,1,5,1,0,0,0,0,5,1,79,79,79,27,6,0,0,0,0,0,0
txn_02482,4,15,14,110,1,1,2,6,9,5,9,5,4,9,9,1,1,5,4,9,9,138,143,138,45,16,0,0,0,0,0,0
txn_09075,3,9,7,68,1,1,1,4,5,3,4,3,2,5,4,1,1,3,2,5,4,84,87,84,28,8,0,0,0,0,0,0
txn_08797,8,6,5,48,3,1,4,3,3,1,4,2,0,3,4,3,0,8,0,3,4,61,67,61,18,6,0,0,0,0,0,0
txn_04446,3,10,9,42,1,1,1,4,6,4,5,3,3,6,5,1,1,3,3,6,5,59,64,59,20,8,0,0,0,0,0,0
txn_00136,3,13,2,12,1,1,1,5,8,1,1,4,0,8,1,1,0,4,0,8,1,27,30,27,8,8,0,0,0,0,0,0
txn_05988,3,6,4,147,1,1,1,3,3,2,2,2,2,3,2,1,1,2,3,3,2,159,160,159,53,5,0,0,0,0,0,0
txn_07136,3,0,10,38,1,1,1,0,0,4,6,0,4,0,6,1,1,1,3,0,6,51,51,51,17,7,0,0,0,0,0,0
txn_09530,0,12,4,65,0,0,0,5,7,2,2,5,2,7,2,0,0,0,0,7,2,81,81,81,28,9,0,0,0,0,0,0
txn_01406,4,5,4,81,1,1,2,2,3,2,2,2,2,3,2,1,1,3,1,3,2,94,94,94,31,7,0,0,0,0,0,0
txn_02970,4,5,15,118,1,1,2,2,3,6,9,1,5,3,9,1,1,1,5,3,9,136,142,136,45,10,0,0,0,0,0,0
txn_01569,3,11,4,256,1,1,1,5,6,2,2,4,1,5,2,1,1,4,1,5,2,268,274,268,91,7,0,0,0,0,0,0
txn_07276,7,6,5,60,2,2,3,2,4,2,3,1,1,4,3,2,2,4,2,4,3,73,78,73,22,6,0,0,0,0,0,0
txn_08314,3,6,2,128,1,1,1,3,3,1,1,2,0,3,1,1,0,2,0,3,1,136,139,136,46,3,0,0,0,0,0,0
txn_07983,6,8,10,36,1,2,3,3,5,4,6,2,3,5,6,1,2,2,4,5,6,53,60,53,17,8,0,0,0,0,0,0
txn_07447,0,14,2,39,0,0,0,6,8,1,1,6,1,8,1,0,0,0,0,8,1,55,55,55,20,9,0,0,0,0,0,0
txn_01684,0,7,4,80,0,0,0,3,4,2,2,3,2,4,2,0,0,0,0,4,2,91,91,91,32,6,0,0,0,0,0,0
txn_04739,5,4,7,81,1,2,2,2,2,4,3,2,3,2,3,1,2,2,4,2,3,96,97,96,32,6,0,0,0,0,0,0
txn_08604,5,17,5,258,2,1,2,7,10,2,3,6,1,10,3,2,1,10,1,10,3,279,285,279,96,10,0,0,0,0,0,0
txn_02713,5,7,7,15,1,2,2,3,4,2,5,3,1,4,5,1,1,1,1,4,5,32,34,32,9,9,0,0,0,0,0,0
txn_01016,3,8,12,41,1,1,1,4,4,4,8,3,3,4,8,1,1,3,3,4,8,61,64,61,19,11,0,0,0,0,0,0
txn_01413,4,3,13,104,1,1,2,1,2,5,8,1,4,2,8,1,1,11,4,2,8,122,124,122,40,10,0,0,0,0,0,0
txn_09384,6,6,5,85,1,2,3,2,4,2,3,1,1,4,3,1,2,1,3,4,3,96,102,96,31,5,0,0,0,0,0,0
txn_08416,8,7,8,251,2,3,3,3,4,4,4,2,3,4,4,2,3,4,5,4,4,271,274,271,91,9,0,0,0,0,0,0
txn_06525,6,6,5,175,1,2,3,2,4,2,3,1,1,4,3,1,2,1,4,4,3,187,192,187,61,6,0,0,0,0,0,0
txn_01086,3,4,7,261,1,1,1,2,2,2,5,2,2,2,5,1,1,3,1,2,5,273,275,273,93,8,0,0,0,0,0,0
txn_08792,5,14,3,254,2,1,2,6,8,1,2,5,0,7,2,2,0,8,0,7,2,269,276,269,91,9,0,0,0,0,0,0
txn_02934,3,12,6,68,1,1,1,5,7,3,3,4,2,7,3,1,1,4,2,7,3,85,89,85,28,8,0,0,0,0,0,0
txn_01775,5,10,9,84,2,1,2,5,5,4,5,4,3,5,5,2,1,6,3,5,5,104,108,104,35,9,0,0,0,0,0,0
txn_00835,5,12,9,30,1,2,2,5,7,3,6,5,2,7,6,1,2,5,4,7,6,55,56,55,17,14,0,0,0,0,0,0
txn_00330,5,10,8,138,1,2,2,4,6,3,5,3,3,5,5,1,2,3,4,5,5,156,161,156,53,11,0,0,0,0,0,0
txn_05774,0,17,12,87,0,0,0,8,9,5,7,8,5,9,7,0,0,0,0,9,7,114,116,114,42,14,0,0,0,0,0,0
txn_01913,5,2,6,256,1,2,2,1,1,3,3,1,2,1,3,1,1,3,2,1,3,268,269,268,91,5,0,0,0,0,0,0
txn_05986,5,25,2,58,2,2,1,8,17,1,1,7,0,17,1,2,1,10,1,17,1,87,90,87,27,17,0,0,0,0,0,0
txn_09223,14,4,8,108,5,5,4,2,2,4,4,1,3,2,4,5,5,19,15,2,4,130,134,130,41,8,0,0,0,0,0,0
txn_00708,3,11,2,63,1,1,1,5,6,1,1,4,0,6,1,1,0,4,0,6,1,76,79,76,26,6,0,0,0,0,0,0
txn_06231,3,9,9,88,1,1,1,3,6,4,5,2,4,6,5,1,1,2,3,6,5,108,109,108,36,11,0,0,0,0,0,0
txn_08097,0,6,5,113,0,0,0,2,4,2,3,2,2,4,3,0,0,0,0,4,3,123,124,123,41,6,0,0,0,0,0,0
txn_08343,0,5,6,146,0,0,0,2,3,2,4,2,2,3,4,0,0,0,0,3,4,157,157,157,53,7,0,0,0,0,0,0
txn_05269,3,13,9,50,1,1,1,5,8,4,5,4,3,8,5,1,1,4,3,8,5,72,75,72,23,12,0,0,0,0,0,0
txn_00047,5,8,4,263,1,2,2,3,5,2,2,2,1,5,2,1,2,2,3,5,2,276,280,276,93,6,0,0,0,0,0,0
txn_03612,3,2,10,9,1,1,1,1,1,5,5,1,4,1,5,1,1,1,4,1,5,23,24,23,8,6,0,0,0,0,0,0
txn_01594,3,13,2,84,1,1,1,6,7,1,1,5,1,7,1,1,1,5,1,7,1,101,102,101,34,8,0,0,0,0,0,0
txn_01094,3,10,4,90,1,1,1,4,6,2,2,3,2,6,2,1,1,3,1,6,2,105,107,105,35,7,0,0,0,0,0,0
txn_08218,0,9,0,99,0,0,0,4,5,0,0,4,0,5,0,0,0,0,0,5,0,108,108,108,37,5,0,0,0,0,0,0
txn_07004,7,12,10,51,1,1,5,4,8,3,7,3,2,8,7,1,1,3,2,8,7,69,80,69,22,10,0,0,0,0,0,0
txn_09348,0,16,7,86,0,0,0,7,9,3,4,7,3,9,4,0,0,0,0,9,4,109,109,109,39,13,0,0,0,0,0,0
txn_04343,5,8,2,51,1,2,2,3,5,1,1,3,1,4,1,1,2,3,7,4,1,65,66,65,20,8,0,0,0,0,0,0
txn_06088,4,4,9,140,1,1,2,2,2,3,6,2,2,2,6,1,1,3,2,2,6,154,157,154,53,7,0,0,0,0,0,0
txn_08410,0,7,5,78,0,0,0,3,4,2,3,3,2,4,3,0,0,0,0,4,3,90,90,90,32,7,0,0,0,0,0,0
txn_05564,0,9,0,72,0,0,0,4,5,0,0,4,0,5,0,0,0,0,0,5,0,81,81,81,28,5,0,0,0,0,0,0
txn_01337,3,7,7,83,1,1,1,3,4,3,4,2,3,4,4,1,0,2,0,4,4,99,100,99,33,8,0,0,0,0,0,0
txn_05887,0,11,0,93,0,0,0,4,7,0,0,4,0,7,0,0,0,0,0,7,0,104,104,104,35,7,0,0,0,0,0,0
txn_05477,3,7,10,61,1,1,1,4,3,4,6,3,3,3,6,1,1,3,3,3,6,78,81,78,27,8,0,0,0,0,0,0
txn_06995,4,13,9,79,1,1,2,6,7,4,5,5,4,7,5,1,1,5,3,7,5,101,105,101,35,11,0,0,0,0,0,0
txn_03869,6,17,8,132,2,2,2,7,10,3,5,7,2,10,5,2,2,6,4,10,5,161,163,161,54,15,0,0,0,0,0,0
txn_03757,0,5,9,94,0,0,0,2,3,3,6,2,3,3,6,0,0,0,0,3,6,108,108,108,36,9,0,0,0,0,0,0
txn_02940,0,6,4,9,0,0,0,3,3,2,2,3,2,3,2,0,0,0,0,3,2,19,19,19,8,5,0,0,0,0,0,0
txn_07242,4,8,3,69,1,1,2,3,5,1,2,3,0,5,2,1,0,5,0,5,2,81,84,81,26,6,0,0,0,0,0,0
txn_07724,0,6,7,154,0,0,0,3,3,3,4,3,3,3,4,0,0,0,0,3,4,166,167,166,58,6,0,0,0,0,0,0
txn_04982,6,18,3,75,2,2,2,8,10,1,2,7,1,10,2,2,2,11,2,10,2,100,102,100,33,12,0,0,0,0,0,0
txn_08635,5,6,9,113,2,1,2,3,3,4,5,2,3,3,5,2,1,5,3,3,5,128,133,128,43,7,0,0,0,0,0,0
txn_00105,0,9,0,178,0,0,0,4,5,0,0,4,0,5,0,0,0,0,0,5,0,187,187,187,64,5,0,0,0,0,0,0
txn_05562,5,13,5,116,1,2,2,4,9,2,3,3,2,9,3,1,2,3,4,9,3,137,139,137,43,12,0,0,0,0,0,0
txn_04995,0,11,6,107,0,0,0,5,6,3,3,5,3,6,3,0,0,0,0,6,3,123,124,123,43,9,0,0,0,0,0,0
txn_02381,4,7,9,12,1,1,2,3,4,4,5,2,3,4,5,1,1,2,3,4,5,27,32,27,9,7,0,0,0,0,0,0
txn_06295,0,5,6,116,0,0,0,2,3,3,3,2,3,3,3,0,0,0,0,3,3,127,127,127,44,6,0,0,0,0,0,0
txn_04575,3,5,2,146,1,1,1,2,3,1,1,2,1,3,1,1,1,5,2,3,1,156,156,156,51,5,0,0,0,0,0,0
txn_08825,4,9,6,111,1,1,2,4,5,2,4,3,1,5,4,1,1,3,1,5,4,125,130,125,42,7,0,0,0,0,0,0
txn_02098,6,6,4,119,2,2,2,3,3,2,2,3,2,3,2,2,2,9,7,3,2,135,135,135,45,7,0,0,0,0,0,0
txn_01102,3,10,4,123,1,1,1,4,6,2,2,3,1,6,2,1,1,3,1,6,2,137,140,137,45,7,0,0,0,0,0,0
txn_04475,4,10,14,78,1,1,2,4,6,6,8,3,5,6,8,1,1,3,5,6,8,101,106,101,34,12,0,0,0,0,0,0
txn_06145,7,10,12,129,2,1,4,3,7,4,8,2,3,7,8,2,1,4,3,7,8,150,158,150,48,12,0,0,0,0,0,0
txn_03980,3,6,4,44,1,1,1,2,4,2,2,2,1,4,2,1,1,1,1,4,2,55,57,55,17,5,0,0,0,0,0,0
txn_04776,3,8,6,126,1,1,1,4,4,3,3,3,2,4,3,1,1,3,2,4,3,140,143,140,47,6,0,0,0,0,0,0
txn_00765,3,6,5,81,1,1,1,3,3,2,3,2,2,3,2,1,0,2,0,3,2,93,95,93,30,6,0,0,0,0,0,0
txn_06228,6,8,6,149,2,1,3,4,4,2,4,4,1,4,4,2,1,6,1,4,4,166,169,166,54,8,0,0,0,0,0,0
txn_06126,3,2,6,71,1,1,1,1,1,3,3,0,2,1,3,0,1,0,2,1,3,79,82,79,26,3,0,0,0,0,0,0
txn_07575,0,4,6,129,0,0,0,2,2,3,3,2,3,2,3,0,0,0,0,2,3,139,139,139,48,5,0,0,0,0,0,0
txn_04697,0,2,6,117,0,0,0,1,1,3,3,1,3,1,2,0,0,0,0,1,2,124,125,124,43,4,0,0,0,0,0,0
txn_08176,3,4,5,81,1,1,1,2,2,2,3,2,2,2,3,1,0,3,0,2,3,93,93,93,32,6,0,0,0,0,0,0
txn_09281,3,10,4,71,1,1,1,4,6,2,2,4,1,6,2,1,1,4,1,6,2,87,88,87,28,8,0,0,0,0,0,0
txn_06530,0,2,0,15,0,0,0,1,1,0,0,1,0,1,0,0,0,0,0,1,0,17,17,17,6,1,0,0,0,0,0,0
txn_08671,3,9,2,114,1,1,1,4,5,1,1,4,0,5,1,1,0,1,0,5,1,127,128,127,43,6,0,0,0,0,0,0
txn_02239,6,15,6,42,1,2,3,5,10,3,3,4,2,10,3,1,2,4,3,10,3,64,69,64,20,12,0,0,0,0,0,0
txn_02042,3,16,8,157,1,1,1,7,9,4,4,6,3,9,4,1,1,6,3,9,4,180,184,180,62,11,0,0,0,0,0,0
txn_00952,4,10,5,30,1,1,2,5,5,2,3,4,1,5,3,1,1,4,1,5,3,44,49,44,15,6,0,0,0,0,0,0
txn_02603,4,13,3,97,1,1,2,5,8,1,2,4,0,8,2,1,0,4,0,8,2,112,117,112,36,8,0,0,0,0,0,0
txn_07916,0,8,7,30,0,0,0,3,5,3,4,3,3,5,4,0,0,0,0,5,4,44,45,44,16,8,0,0,0,0,0,0
txn_06232,3,15,5,128,1,1,1,7,8,2,3,7,1,8,3,1,1,2,1,8,3,148,151,148,49,11,0,0,0,0,0,0
txn_04081,0,0,8,117,0,0,0,0,0,2,6,0,2,0,6,0,0,0,0,0,6,125,125,125,42,6,0,0,0,0,0,0
txn_03118,4,7,2,106,1,1,2,3,4,1,1,3,1,4,0,1,1,2,1,4,0,117,119,117,38,6,0,0,0,0,0,0
txn_04550,3,18,5,266,1,1,1,7,11,2,3,6,2,11,3,1,1,6,1,11,3,291,292,291,99,14,0,0,0,0,0,0
txn_02807,4,7,4,62,1,1,2,3,4,2,2,2,2,3,2,1,0,2,0,3,2,73,77,73,24,6,0,0,0,0,0,0
txn_05937,3,11,2,119,1,1,1,5,6,1,1,4,0,6,1,1,0,4,0,6,1,132,135,132,45,6,0,0,0,0,0,0
txn_05511,0,7,4,87,0,0,0,3,4,2,2,3,2,3,2,0,0,0,0,3,2,97,98,97,33,6,0,0,0,0,0,0
txn_01309,0,12,10,269,0,0,0,5,7,4,6,5,4,7,6,0,0,0,0,7,6,290,291,290,101,12,0,0,0,0,0,0
txn_07107,6,6,10,59,2,2,2,3,3,3,7,2,2,3,7,2,2,5,5,3,7,78,81,78,24,10,0,0,0,0,0,0
txn_04772,3,8,5,149,1,1,1,4,4,2,3,3,1,4,3,1,1,3,1,4,3,162,165,162,54,6,0,0,0,0,0,0
txn_09788,0,8,2,53,0,0,0,4,4,1,1,4,1,4,1,0,0,0,0,4,1,63,63,63,23,5,0,0,0,0,0,0
txn_09402,0,2,5,150,0,0,0,1,1,2,3,1,2,1,3,0,0,0,0,1,3,156,157,156,53,3,0,0,0,0,0,0
txn_07198,0,6,4,143,0,0,0,2,4,2,2,2,2,4,2,0,0,0,0,4,2,153,153,153,54,6,0,0,0,0,0,0
txn_02980,5,19,3,181,2,1,2,8,11,1,2,7,0,10,2,2,0,11,0,10,2,200,208,200,66,12,0,0,0,0,0,0
txn_00850,0,10,0,183,0,0,0,4,6,0,0,4,0,5,0,0,0,0,0,5,0,192,193,192,65,6,0,0,0,0,0,0
txn_06279,0,6,0,108,0,0,0,3,3,0,0,3,0,3,0,0,0,0,0,3,0,114,114,114,39,3,0,0,0,0,0,0
txn_08198,0,2,5,110,0,0,0,1,1,2,3,1,2,1,3,0,0,0,0,1,3,116,117,116,40,3,0,0,0,0,0,0
txn_02005,3,9,4,112,1,1,1,4,5,2,2,3,1,5,2,1,1,3,1,5,2,125,128,125,42,6,0,0,0,0,0,0
txn_04680,0,6,8,63,0,0,0,3,3,3,5,3,3,3,5,0,0,0,0,3,5,77,77,77,27,8,0,0,0,0,0,0
txn_05137,4,3,9,152,1,1,2,1,2,4,5,0,3,2,5,0,1,0,3,2,5,163,168,163,54,5,0,0,0,0,0,0
txn_01347,3,12,11,33,1,1,1,5,7,5,6,4,4,7,6,1,1,4,4,7,6,54,59,54,19,10,0,0,0,0,0,0
txn_07266,6,15,8,48,1,2,3,6,9,3,5,5,2,9,5,1,2,5,9,9,5,71,77,71,23,12,0,0,0,0,0,0
txn_01236,3,10,0,153,1,1,1,5,5,0,0,4,0,5,0,1,1,4,1,5,0,165,166,165,55,5,0,0,0,0,0,0
txn_07066,3,8,2,120,1,1,1,3,5,1,1,2,0,4,1,1,0,2,0,4,1,128,133,128,42,5,0,0,0,0,0,0
txn_09585,3,10,2,135,1,1,1,5,5,1,1,4,0,5,1,1,0,4,0,5,1,147,150,147,50,5,0,0,0,0,0,0
txn_04395,3,4,4,33,1,1,1,2,2,2,2,2,1,2,2,1,1,6,1,2,2,43,44,43,14,4,0,0,0,0,0,0
txn_09461,3,15,2,74,1,1,1,6,9,1,1,6,0,9,1,1,0,4,0,9,1,92,94,92,30,10,0,0,0,0,0,0
txn_08579,0,7,12,62,0,0,0,4,3,5,7,4,5,3,7,0,0,0,0,3,7,81,81,81,30,10,0,0,0,0,0,0
txn_07899,0,5,5,64,0,0,0,2,3,2,3,2,2,3,3,0,0,0,0,3,3,74,74,74,26,6,0,0,0,0,0,0
txn_04118,4,14,3,132,1,1,2,6,8,1,2,5,0,8,2,1,0,5,0,8,2,148,153,148,49,8,0,0,0,0,0,0
txn_08586,4,3,6,102,1,1,2,1,2,3,3,0,3,2,3,0,1,0,2,2,3,113,115,113,37,5,0,0,0,0,0,0
txn_03471,3,9,2,53,1,1,1,4,5,1,1,4,0,5,1,1,0,4,0,5,1,66,67,66,21,6,0,0,0,0,0,0
txn_05008,0,13,8,180,0,0,0,6,7,3,5,6,3,7,5,0,0,0,0,7,5,200,201,200,68,11,0,0,0,0,0,0
txn_04650,5,7,4,259,1,2,2,3,4,2,2,2,1,4,2,1,2,2,3,4,2,271,275,271,92,5,0,0,0,0,0,0
txn_00087,3,8,5,272,1,1,1,3,5,2,3,3,1,5,3,1,1,7,1,5,3,286,288,286,97,8,0,0,0,0,0,0
txn_03146,5,6,6,152,1,1,3,2,4,2,4,2,1,4,4,1,1,4,1,4,4,166,169,166,53,8,0,0,0,0,0,0
txn_00359,4,12,5,48,1,1,2,5,7,2,3,4,1,7,3,1,1,4,1,7,3,64,69,64,21,8,0,0,0,0,0,0
txn_08822,0,5,4,96,0,0,0,2,3,1,3,2,1,3,3,0,0,0,0,3,3,105,105,105,35,6,0,0,0,0,0,0
txn_06587,0,12,2,39,0,0,0,5,7,1,1,5,1,6,1,0,0,0,0,6,1,52,53,52,18,8,0,0,0,0,0,0
txn_06792,3,9,4,275,1,1,1,4,5,2,2,4,1,5,2,1,1,3,1,5,2,290,291,290,99,7,0,0,0,0,0,0
txn_06896,3,13,2,122,1,1,1,5,8,1,1,5,0,8,1,1,0,6,0,8,1,139,140,139,47,9,0,0,0,0,0,0
txn_09821,3,8,5,146,1,1,1,4,4,2,3,3,1,4,3,1,1,3,1,4,3,159,162,159,55,6,0,0,0,0,0,0
txn_06540,0,6,0,33,0,0,0,3,3,0,0,3,0,3,0,0,0,0,0,3,0,39,39,39,14,3,0,0,0,0,0,0
txn_04368,3,4,5,122,1,1,1,2,2,2,3,1,2,2,3,1,1,1,3,2,3,133,134,133,45,5,0,0,0,0,0,0
txn_08444,5,10,9,185,2,1,2,5,5,3,6,5,2,5,6,2,1,8,2,5,6,207,209,207,70,11,0,0,0,0,0,0
txn_04192,3,10,4,83,1,1,1,3,7,2,2,2,1,7,2,1,1,2,1,7,2,97,100,97,31,8,0,0,0,0,0,0
txn_04912,3,14,14,83,1,1,1,4,10,6,8,4,6,9,8,1,1,2,4,9,8,112,114,112,37,18,0,0,0,0,0,0
txn_00494,3,6,10,78,1,1,1,3,3,4,6,3,3,3,6,1,1,5,3,3,6,95,97,95,32,9,0,0,0,0,0,0
txn_04571,0,11,4,86,0,0,0,5,6,2,2,5,2,5,2,0,0,0,0,5,2,100,101,100,35,8,0,0,0,0,0,0
txn_06430,3,13,5,71,1,1,1,5,8,2,3,4,2,8,3,1,1,4,1,8,3,89,92,89,30,9,0,0,0,0,0,0
txn_01542,3,14,14,111,1,1,1,5,9,6,8,4,5,9,8,1,1,4,5,9,8,137,142,137,46,14,0,0,0,0,0,0
txn_04053,5,4,6,155,1,2,2,2,2,3,3,2,2,2,3,1,2,2,4,2,3,168,170,168,54,6,0,0,0,0,0,0
txn_01915,4,11,5,156,1,2,1,6,5,2,3,6,1,5,3,1,2,4,3,5,3,175,176,175,59,8,0,0,0,0,0,0
txn_07646,0,8,0,138,0,0,0,3,5,0,0,3,0,5,0,0,0,0,0,5,0,146,146,146,50,5,0,0,0,0,0,0
txn_07079,5,6,9,125,2,1,2,3,3,4,5,2,3,3,5,2,1,4,3,3,5,140,145,140,47,7,0,0,0,0,0,0
txn_01747,6,26,3,91,1,2,3,8,18,1,2,7,0,17,1,1,1,7,2,17,1,117,126,117,37,18,0,0,0,0,0,0
txn_05436,0,7,6,60,0,0,0,3,4,2,4,3,2,4,4,0,0,0,0,4,4,73,73,73,25,8,0,0,0,0,0,0
txn_07338,0,10,7,131,0,0,0,5,5,2,5,5,2,5,5,0,0,0,0,5,5,147,148,147,52,9,0,0,0,0,0,0
txn_02483,6,5,11,262,1,1,4,1,4,3,8,0,2,4,7,0,1,0,2,4,7,273,284,273,91,8,0,0,0,0,0,0
txn_04622,3,11,4,113,1,1,1,5,6,2,2,5,1,6,2,1,1,3,1,6,2,130,131,130,44,8,0,0,0,0,0,0
txn_08620,5,8,11,159,2,1,2,4,4,4,7,4,3,4,7,2,1,8,3,4,7,180,183,180,60,10,0,0,0,0,0,0
txn_06224,3,12,5,160,1,1,1,5,7,2,3,5,1,7,3,1,1,9,1,7,3,179,180,179,60,10,0,0,0,0,0,0
txn_06743,0,8,8,135,0,0,0,4,4,4,4,4,4,4,4,0,0,0,0,4,4,150,151,150,53,7,0,0,0,0,0,0
txn_01100,3,11,6,119,1,1,1,4,7,3,3,3,3,7,3,1,1,3,4,7,3,137,139,137,45,9,0,0,0,0,0,0
txn_02133,3,8,13,67,1,1,1,3,5,6,7,2,5,5,7,1,1,2,5,5,7,88,91,88,30,11,0,0,0,0,0,0
txn_02085,3,8,12,86,1,1,1,3,5,5,7,2,5,5,7,1,1,2,1,5,7,108,109,108,36,12,0,0,0,0,0,0
txn_00719,0,6,2,116,0,0,0,3,3,1,1,3,1,2,1,0,0,0,0,2,1,123,124,123,42,4,0,0,0,0,0,0
txn_04124,3,12,7,105,1,1,1,5,7,3,4,4,2,7,4,1,1,4,2,7,4,124,127,124,41,10,0,0,0,0,0,0
txn_04581,3,11,4,84,1,1,1,5,6,2,2,4,1,6,2,1,1,4,1,6,2,99,102,99,33,7,0,0,0,0,0,0
txn_03878,5,8,0,163,1,2,2,4,4,0,0,4,0,4,0,1,2,4,3,4,0,175,176,175,59,6,0,0,0,0,0,0
txn_09782,3,15,0,36,1,1,1,6,9,0,0,5,0,9,0,1,1,5,1,9,0,53,54,53,17,9,0,0,0,0,0,0
txn_08057,7,12,16,71,2,2,3,5,7,6,10,4,5,7,9,2,2,6,6,7,9,93,106,93,30,14,0,0,0,0,0,0
txn_07305,5,13,2,141,1,1,3,5,8,1,1,4,1,8,1,1,1,4,3,8,1,158,161,158,53,9,0,0,0,0,0,0
txn_00329,3,5,2,56,1,1,1,2,3,1,1,2,0,3,1,1,0,6,0,3,1,64,66,64,20,3,0,0,0,0,0,0
txn_01106,0,4,2,36,0,0,0,2,2,1,1,2,1,2,1,0,0,0,0,2,1,42,42,42,15,3,0,0,0,0,0,0
txn_05233,3,27,2,128,1,1,1,12,15,1,1,12,0,15,1,1,0,2,0,15,1,158,160,158,56,16,0,0,0,0,0,0
txn_03733,5,9,8,39,2,1,2,4,5,4,4,3,3,5,4,2,1,6,3,5,4,57,61,57,19,8,0,0,0,0,0,0
txn_09567,0,5,4,162,0,0,0,2,3,1,3,2,1,3,3,0,0,0,0,3,3,171,171,171,57,6,0,0,0,0,0,0
txn_04405,0,4,9,149,0,0,0,2,2,4,5,2,4,2,5,0,0,0,0,2,5,162,162,162,58,7,0,0,0,0,0,0
txn_05462,0,12,3,64,0,0,0,5,7,1,2,5,1,7,2,0,0,0,0,7,2,79,79,79,28,9,0,0,0,0,0,0
txn_06235,0,4,3,108,0,0,0,2,2,1,2,2,1,2,2,0,0,0,0,2,2,115,115,115,39,4,0,0,0,0,0,0
txn_04519,3,13,8,72,1,1,1,5,8,4,4,4,3,8,4,1,1,4,3,8,4,93,96,93,31,11,0,0,0,0,0,0
txn_08872,0,7,4,115,0,0,0,2,5,1,3,2,1,5,3,0,0,0,0,5,3,125,126,125,42,7,0,0,0,0,0,0
txn_06484,3,12,2,84,1,1,1,5,7,1,1,4,0,7,1,1,0,4,0,7,1,98,101,98,33,7,0,0,0,0,0,0
txn_05105,5,26,7,63,1,2,2,8,18,3,4,7,3,18,4,1,2,7,4,18,4,97,101,97,31,20,0,0,0,0,0,0
txn_00084,6,11,11,18,1,2,3,4,7,5,6,3,5,7,6,1,2,3,3,7,6,43,46,43,14,13,0,0,0,0,0,0
txn_05053,3,4,6,278,1,1,1,2,2,3,3,1,2,2,2,1,1,1,2,2,2,285,291,285,97,3,0,0,0,0,0,0
txn_05532,7,15,2,41,1,3,3,5,10,1,1,4,0,10,1,1,1,4,3,10,1,60,65,60,18,10,0,0,0,0,0,0
txn_09056,0,12,7,51,0,0,0,6,6,3,4,6,3,6,3,0,0,0,0,6,3,69,70,69,25,10,0,0,0,0,0,0
txn_08360,0,8,7,138,0,0,0,4,4,3,4,4,3,4,4,0,0,0,0,4,4,151,153,151,52,7,0,0,0,0,0,0
txn_02075,3,6,4,100,1,1,1,3,3,2,2,3,1,3,2,1,1,5,1,3,2,112,113,112,37,5,0,0,0,0,0,0
txn_07634,4,11,7,51,1,1,2,5,6,3,4,4,2,6,4,1,1,4,2,6,4,68,73,68,23,8,0,0,0,0,0,0
txn_02658,0,14,8,125,0,0,0,6,8,3,5,6,3,8,5,0,0,0,0,8,5,146,147,146,52,12,0,0,0,0,0,0
txn_02704,5,7,8,280,2,1,2,3,4,3,5,2,3,3,5,2,1,8,4,3,5,296,300,296,100,10,0,0,0,0,0,0
txn_06990,6,9,6,128,2,1,3,4,5,2,4,3,1,5,4,2,1,9,1,5,4,142,149,142,47,7,0,0,0,0,0,0
txn_01253,6,13,7,85,1,2,3,5,8,3,4,4,2,8,4,1,2,4,5,8,4,105,111,105,35,10,0,0,0,0,0,0
txn_04684,5,5,5,132,2,1,2,2,3,2,3,2,1,3,3,1,1,3,1,3,3,145,147,145,47,6,0,0,0,0,0,0
txn_04521,0,9,9,183,0,0,0,4,5,4,5,4,4,5,4,0,0,0,0,5,4,200,201,200,67,10,0,0,0,0,0,0
txn_07532,7,11,8,56,2,2,3,5,6,3,5,4,2,6,5,2,2,6,5,6,5,78,82,78,25,11,0,0,0,0,0,0
txn_03507,3,9,0,122,1,1,1,4,5,0,0,4,0,5,0,1,0,3,0,5,0,134,134,134,45,6,0,0,0,0,0,0
txn_02151,0,14,4,282,0,0,0,6,8,2,2,6,2,8,1,0,0,0,0,8,1,299,300,299,104,10,0,0,0,0,0,0
txn_09225,3,15,11,141,1,1,1,6,9,4,7,5,3,9,7,1,1,5,3,9,7,166,170,166,55,14,0,0,0,0,0,0
txn_02589,3,14,8,36,1,1,1,6,8,3,5,6,2,8,5,1,1,7,2,8,5,60,61,60,20,13,0,0,0,0,0,0
txn_03756,3,14,0,125,1,1,1,5,9,0,0,5,0,9,0,1,1,4,4,9,0,142,142,142,47,10,0,0,0,0,0,0
txn_07599,0,7,7,155,0,0,0,3,4,2,5,3,2,4,5,0,0,0,0,4,5,169,169,169,57,9,0,0,0,0,0,0
txn_02865,0,18,11,70,0,0,0,7,11,3,8,7,3,10,8,0,0,0,0,10,8,97,99,97,33,18,0,0,0,0,0,0
txn_03516,6,9,8,131,1,2,3,3,6,3,5,2,2,6,5,1,2,2,5,6,5,148,154,148,49,9,0,0,0,0,0,0
txn_00224,3,7,4,185,1,1,1,3,4,2,2,3,1,4,1,1,1,2,1,4,1,196,199,196,64,6,0,0,0,0,0,0
txn_03208,3,4,2,72,1,1,1,2,2,1,1,2,1,2,1,1,1,2,1,2,1,81,81,81,27,4,0,0,0,0,0,0
txn_02207,0,13,2,118,0,0,0,6,7,1,1,6,1,7,1,0,0,0,0,7,1,133,133,133,47,8,0,0,0,0,0,0
txn_00933,4,9,7,41,1,1,2,4,5,3,4,4,2,5,4,1,1,4,2,5,4,58,61,58,20,8,0,0,0,0,0,0
txn_04219,0,4,2,118,0,0,0,2,2,1,1,2,1,2,1,0,0,0,0,2,1,124,124,124,43,3,0,0,0,0,0,0
txn_03245,3,6,7,284,1,1,1,3,3,3,4,2,3,2,4,1,1,2,4,2,4,295,300,295,102,6,0,0,0,0,0,0
txn_05397,3,8,5,103,1,1,1,4,4,2,3,4,1,4,3,1,1,3,1,4,3,117,119,117,39,6,0,0,0,0,0,0
txn_09465,3,16,2,59,1,1,1,7,9,1,1,7,0,9,1,1,0,6,0,9,1,79,80,79,27,10,0,0,0,0,0,0
txn_01297,3,14,10,122,1,1,1,7,7,3,7,6,2,7,7,1,1,6,2,7,7,144,149,144,46,13,0,0,0,0,0,0
txn_06092,0,21,2,134,0,0,0,10,11,1,1,10,1,11,1,0,0,0,0,11,1,157,157,157,57,12,0,0,0,0,0,0
txn_04070,3,8,10,144,1,1,1,4,4,4,6,4,3,4,6,1,1,4,3,4,6,164,165,164,55,10,0,0,0,0,0,0
txn_04436,3,11,4,65,1,1,1,5,6,2,2,4,1,6,2,1,1,4,1,6,2,79,83,79,26,7,0,0,0,0,0,0
txn_03828,5,4,12,55,2,1,2,2,2,5,7,1,4,2,7,2,1,5,4,2,7,72,76,72,24,8,0,0,0,0,0,0
txn_09156,5,7,3,6,2,1,2,3,4,1,2,2,0,4,2,2,0,8,0,4,2,16,21,16,4,4,0,0,0,0,0,0
txn_02642,0,8,2,152,0,0,0,4,4,1,1,4,1,4,1,0,0,0,0,4,1,161,162,161,57,5,0,0,0,0,0,0
txn_00529,3,9,6,131,1,1,1,3,6,3,3,3,2,6,3,0,1,0,2,6,3,148,149,148,49,9,0,0,0,0,0,0
txn_03774,8,11,2,166,2,3,3,5,6,1,1,4,1,5,1,2,3,9,6,5,1,183,187,183,60,8,0,0,0,0,0,0
txn_05133,3,7,10,187,1,1,1,2,5,5,5,2,4,5,5,1,1,2,4,5,5,206,207,206,68,10,0,0,0,0,0,0
txn_02288,3,15,17,144,1,1,1,6,9,7,10,6,6,9,9,1,1,2,6,9,9,175,179,175,59,19,0,0,0,0,0,0
txn_08926,4,14,3,121,1,1,2,6,8,1,2,5,0,8,2,1,0,5,0,8,2,137,142,137,46,8,0,0,0,0,0,0
txn_02232,3,6,6,125,1,1,1,3,3,3,3,3,2,3,3,1,1,7,2,3,3,139,140,139,46,6,0,0,0,0,0,0
txn_03050,3,7,9,75,1,1,1,3,4,4,5,3,3,4,5,1,1,2,3,4,5,93,94,93,31,9,0,0,0,0,0,0
txn_03652,3,16,0,89,1,1,1,7,9,0,0,6,0,9,0,1,1,6,1,9,0,107,108,107,36,9,0,0,0,0,0,0
txn_02689,0,2,2,285,0,0,0,1,1,1,1,1,1,1,1,0,0,0,0,1,1,289,289,289,100,2,0,0,0,0,0,0
txn_08995,0,0,0,128,0,0,0,0,0,0,0,0,0,0,0,0,0,0,0,0,0,128,128,128,43,0,0,0,0,0,0,0
txn_05602,3,5,2,168,1,1,1,2,3,1,1,2,1,3,1,1,1,5,2,3,1,178,178,178,60,5,0,0,0,0,0,0
txn_00262,4,13,8,99,1,1,2,6,7,4,4,6,3,7,4,1,1,2,3,7,4,122,124,122,42,11,0,0,0,0,0,0
txn_06210,5,10,4,190,1,2,2,4,6,2,2,4,1,6,2,1,2,6,3,6,2,208,209,208,68,9,0,0,0,0,0,0
txn_01591,0,8,5,63,0,0,0,3,5,2,3,3,2,5,3,0,0,0,0,5,3,76,76,76,26,8,0,0,0,0,0,0
txn_05098,4,3,3,56,1,1,2,1,2,1,2,0,0,2,2,0,0,0,0,2,2,61,66,61,19,2,0,0,0,0,0,0
txn_03852,7,18,13,36,3,1,3,8,10,5,8,7,4,10,8,3,1,15,4,10,8,67,74,67,22,16,0,0,0,0,0,0
txn_02287,5,19,0,66,2,1,2,7,12,0,0,6,0,12,0,2,1,11,5,12,0,89,90,89,28,13,0,0,0,0,0,0
txn_01352,0,10,4,134,0,0,0,4,6,2,2,4,2,6,2,0,0,0,0,6,2,148,148,148,52,8,0,0,0,0,0,0
txn_02684,3,2,2,137,1,1,1,1,1,1,1,0,0,1,1,0,0,0,0,1,1,141,144,141,47,1,0,0,0,0,0,0
txn_05131,5,8,8,140,2,1,2,4,4,3,5,3,2,4,5,2,1,9,2,4,5,156,161,156,53,7,0,0,0,0,0,0
txn_09756,3,12,8,135,1,1,1,5,7,4,4,5,3,6,4,1,1,2,3,6,4,156,158,156,52,11,0,0,0,0,0,0
txn_04246,6,16,8,45,2,2,2,8,8,4,4,7,3,8,4,2,2,11,7,8,4,72,75,72,25,12,0,0,0,0,0,0
txn_06178,0,4,2,131,0,0,0,1,3,1,1,1,1,3,1,0,0,0,0,3,1,137,137,137,46,4,0,0,0,0,0,0
txn_05791,3,2,6,74,1,1,1,1,1,3,3,1,2,1,3,1,1,6,2,1,3,84,85,84,28,4,0,0,0,0,0,0
txn_06118,3,15,5,68,1,1,1,7,8,2,3,6,2,8,3,1,1,6,2,8,3,89,91,89,30,11,0,0,0,0,0,0
txn_07954,0,14,7,188,0,0,0,6,8,3,4,6,3,8,4,0,0,0,0,8,4,209,209,209,73,12,0,0,0,0,0,0
txn_06055,6,12,9,155,2,2,2,5,7,4,5,4,3,7,5,2,2,8,4,7,5,178,182,178,61,12,0,0,0,0,0,0
txn_02955,0,11,2,171,0,0,0,5,6,1,1,5,1,6,1,0,0,0,0,6,1,184,184,184,64,7,0,0,0,0,0,0
txn_00692,3,8,2,92,1,1,1,3,5,1,1,3,1,5,1,1,0,1,0,5,1,105,105,105,35,7,0,0,0,0,0,0
txn_00557,5,0,4,131,1,1,3,0,0,1,3,0,0,0,3,1,0,4,0,0,3,137,140,137,45,3,0,0,0,0,0,0
txn_00791,3,14,11,174,1,1,1,6,8,3,8,5,2,8,8,1,1,5,2,8,8,199,202,199,66,15,0,0,0,0,0,0
txn_02403,6,12,16,58,2,1,3,5,7,6,10,4,5,7,9,2,1,9,5,7,9,84,92,84,28,16,0,0,0,0,0,0
txn_08628,5,7,4,121,1,2,2,3,4,2,2,3,1,4,2,1,1,1,1,4,2,136,137,136,45,7,0,0,0,0,0,0
txn_08907,3,9,4,193,1,1,1,4,5,2,2,4,1,5,2,1,1,4,1,5,2,208,209,208,69,7,0,0,0,0,0,0
txn_01646,4,9,9,74,1,1,2,4,5,3,6,4,2,5,6,1,1,4,2,5,6,94,96,94,31,11,0,0,0,0,0,0
txn_05192,0,10,4,111,0,0,0,4,6,2,2,4,2,6,2,0,0,0,0,6,2,125,125,125,43,8,0,0,0,0,0,0
txn_01676,0,3,11,42,0,0,0,1,2,5,6,1,5,2,6,0,0,0,0,2,6,55,56,55,20,7,0,0,0,0,0,0
txn_01606,3,5,5,21,1,1,1,2,3,2,3,2,1,3,3,1,1,4,1,3,3,33,34,33,10,6,0,0,0,0,0,0
txn_02653,0,16,5,264,0,0,0,8,8,2,3,8,2,8,2,0,0,0,0,8,2,284,285,284,100,11,0,0,0,0,0,0
txn_08105,7,8,9,74,2,1,4,4,4,3,6,3,2,3,5,2,1,7,2,3,5,87,98,87,28,8,0,0,0,0,0,0
txn_09077,0,9,9,143,0,0,0,4,5,4,5,4,4,5,5,0,0,0,0,5,5,161,161,161,57,10,0,0,0,0,0,0
txn_05818,3,16,10,146,1,1,1,7,9,4,6,6,3,9,6,1,1,6,3,9,6,172,175,172,59,14,0,0,0,0,0,0
txn_01529,4,7,2,45,1,1,2,3,4,1,1,2,1,4,1,1,1,2,2,4,1,56,58,56,18,5,0,0,0,0,0,0
txn_04135,7,9,4,124,1,2,4,3,6,2,2,2,1,6,2,1,2,2,4,6,2,138,144,138,45,7,0,0,0,0,0,0
txn_06216,8,13,14,134,3,2,3,5,8,5,9,4,4,8,9,3,2,8,7,8,9,164,169,164,53,17,0,0,0,0,0,0
txn_06511,0,18,6,128,0,0,0,9,9,2,4,9,2,9,4,0,0,0,0,9,4,152,152,152,53,13,0,0,0,0,0,0
txn_05077,5,13,9,35,2,1,2,5,8,4,5,4,3,8,5,2,1,8,3,8,5,58,62,58,19,12,0,0,0,0,0,0
txn_02951,3,23,4,87,1,1,1,11,12,2,2,10,2,12,2,1,0,10,0,12,2,116,117,116,41,14,0,0,0,0,0,0
txn_02899,3,9,0,66,1,1,1,4,5,0,0,4,0,5,0,1,1,4,1,5,0,78,78,78,26,6,0,0,0,0,0,0
txn_01695,5,14,3,137,2,1,2,6,8,1,2,5,0,8,2,2,0,11,0,8,2,154,159,154,52,8,0,0,0,0,0,0
txn_02131,7,16,5,158,2,2,3,7,9,2,3,6,1,9,3,2,2,10,8,9,3,181,186,181,62,11,0,0,0,0,0,0
txn_05296,3,7,6,48,1,1,1,3,4,2,4,2,1,4,4,1,1,2,1,4,4,61,64,61,19,7,0,0,0,0,0,0
txn_03823,7,6,12,114,2,2,3,3,3,5,7,2,4,3,7,2,2,5,6,3,7,132,139,132,43,8,0,0,0,0,0,0
txn_02219,7,14,4,177,1,3,3,4,10,2,2,3,1,10,2,1,3,3,6,10,2,196,202,196,64,11,0,0,0,0,0,0
txn_00271,3,15,3,158,1,1,1,6,9,1,2,5,1,9,2,1,0,5,0,9,2,178,179,178,59,11,0,0,0,0,0,0
txn_06008,4,9,3,54,1,1,2,4,5,1,2,3,0,5,2,1,0,3,0,5,2,65,70,65,21,5,0,0,0,0,0,0
txn_02051,3,10,2,77,1,1,1,4,6,1,1,4,0,6,1,1,0,4,0,6,1,91,92,91,30,7,0,0,0,0,0,0
txn_02412,3,2,10,134,1,1,1,1,1,5,5,0,4,1,5,0,1,0,4,1,5,146,149,146,49,5,0,0,0,0,0,0
txn_09941,3,13,0,161,1,1,1,3,10,0,0,2,0,9,0,1,1,2,1,9,0,174,177,174,55,10,0,0,0,0,0,0
txn_06557,3,11,5,80,1,1,1,5,6,2,3,4,1,6,3,1,1,4,1,6,3,96,99,96,32,8,0,0,0,0,0,0
txn_01526,0,8,0,146,0,0,0,4,4,0,0,4,0,4,0,0,0,0,0,4,0,154,154,154,54,4,0,0,0,0,0,0
txn_06689,4,8,2,196,1,1,2,3,5,1,1,2,1,5,1,1,0,2,0,5,1,208,210,208,68,6,0,0,0,0,0,0
txn_09180,7,15,6,88,1,3,3,6,9,3,3,5,2,9,3,1,3,5,9,9,3,111,116,111,37,11,0,0,0,0,0,0
txn_04764,3,2,5,266,1,1,1,1,1,2,3,0,1,1,3,0,1,0,1,1,3,273,276,273,93,3,0,0,0,0,0,0
txn_03483,5,4,14,149,2,1,2,2,2,5,9,1,4,2,9,2,1,2,4,2,9,168,172,168,56,10,0,0,0,0,0,0
txn_05065,0,9,0,106,0,0,0,4,5,0,0,4,0,5,0,0,0,0,0,5,0,115,115,115,39,5,0,0,0,0,0,0
txn_08290,3,8,2,39,1,1,1,4,4,1,1,4,1,4,1,1,1,4,1,4,1,52,52,52,18,6,0,0,0,0,0,0
txn_08227,3,7,0,158,1,1,1,3,4,0,0,2,0,4,0,1,1,2,1,4,0,167,168,167,54,4,0,0,0,0,0,0
txn_04188,0,7,2,68,0,0,0,3,4,1,1,3,1,4,1,0,0,0,0,4,1,77,77,77,27,5,0,0,0,0,0,0
txn_03694,0,9,11,89,0,0,0,3,6,5,6,3,5,6,6,0,0,0,0,6,6,109,109,109,38,12,0,0,0,0,0,0
txn_08220,9,11,8,74,2,2,5,5,6,3,5,4,2,6,5,2,2,7,5,6,5,96,102,96,31,11,0,0,0,0,0,0
txn_06994,4,10,10,288,1,1,2,5,5,4,6,4,3,5,6,1,1,4,3,5,6,307,312,307,106,9,0,0,0,0,0,0
txn_02677,12,6,6,152,3,4,5,2,4,3,3,1,2,4,2,3,4,8,10,4,2,169,176,169,54,8,0,0,0,0,0,0
txn_03243,3,12,0,69,1,1,1,4,8,0,0,4,0,8,0,0,0,0,0,8,0,84,84,84,27,9,0,0,0,0,0,0
txn_09844,7,16,3,90,2,2,3,6,10,1,2,5,0,10,2,2,1,9,2,10,2,111,116,111,35,11,0,0,0,0,0,0
txn_03055,3,13,6,66,1,1,1,5,8,3,3,4,2,8,3,1,1,4,2,8,3,85,88,85,29,10,0,0,0,0,0,0
txn_06523,3,8,10,154,1,1,1,4,4,4,6,3,3,4,6,1,1,3,3,4,6,172,175,172,59,9,0,0,0,0,0,0
txn_03431,3,10,16,137,1,1,1,4,6,6,10,3,5,6,10,1,1,3,5,6,10,162,166,162,54,14,0,0,0,0,0,0
txn_01068,0,8,15,180,0,0,0,4,4,6,9,4,6,4,9,0,0,0,0,4,9,203,203,203,71,13,0,0,0,0,0,0
txn_09400,4,12,8,71,1,1,2,5,7,3,5,4,3,7,5,1,1,4,1,7,5,92,95,92,31,11,0,0,0,0,0,0
txn_07944,3,4,4,59,1,1,1,2,2,2,2,1,2,2,2,1,0,1,0,2,2,69,70,69,22,4,0,0,0,0,0,0
txn_08678,3,10,8,114,1,1,1,4,6,3,5,4,2,6,5,0,1,0,2,6,5,134,135,134,44,11,0,0,0,0,0,0
txn_00862,5,7,0,88,1,2,2,3,4,0,0,2,0,4,0,1,2,2,5,4,0,98,100,98,32,4,0,0,0,0,0,0
txn_07333,3,19,4,45,1,1,1,8,11,2,2,8,1,11,2,1,1,6,1,11,2,70,71,70,24,13,0,0,0,0,0,0
txn_01933,0,2,4,165,0,0,0,1,1,1,3,1,1,1,3,0,0,0,0,1,3,171,171,171,57,4,0,0,0,0,0,0
txn_02417,0,7,10,91,0,0,0,3,4,4,6,3,4,4,6,0,0,0,0,4,6,107,108,107,38,9,0,0,0,0,0,0
txn_04725,0,19,3,269,0,0,0,8,11,1,2,8,1,10,2,0,0,0,0,10,2,289,291,289,100,13,0,0,0,0,0,0
txn_04456,3,5,4,36,1,1,1,2,3,2,2,1,1,3,2,1,1,1,1,3,2,45,48,45,14,4,0,0,0,0,0,0
txn_07938,3,11,4,127,1,1,1,5,6,2,2,4,2,5,2,1,0,4,0,5,2,142,145,142,48,8,0,0,0,0,0,0
txn_06965,3,3,6,271,1,1,1,1,2,3,3,1,2,2,3,1,1,3,2,2,3,281,283,281,97,5,0,0,0,0,0,0
txn_06833,4,5,8,95,1,1,2,2,3,3,5,1,3,3,5,1,1,1,2,3,5,110,112,110,36,8,0,0,0,0,0,0
txn_05390,0,10,4,18,0,0,0,5,5,2,2,5,2,5,2,0,0,0,0,5,2,32,32,32,13,7,0,0,0,0,0,0
txn_04955,3,10,5,161,1,1,1,5,5,2,3,4,2,4,3,1,1,4,2,4,3,176,179,176,61,8,0,0,0,0,0,0
txn_02794,3,10,9,274,1,1,1,5,5,4,5,4,3,5,5,1,1,4,3,5,5,292,296,292,102,8,0,0,0,0,0,0
txn_03437,0,11,3,277,0,0,0,5,6,1,2,5,1,6,1,0,0,0,0,6,1,290,291,290,101,8,0,0,0,0,0,0
txn_09280,7,11,0,82,3,1,3,5,6,0,0,4,0,6,0,3,1,13,3,6,0,99,100,99,32,8,0,0,0,0,0,0
txn_01641,3,7,3,279,1,1,1,3,4,1,2,2,1,4,2,1,0,2,0,4,2,291,292,291,100,6,0,0,0,0,0,0
txn_06348,6,14,13,168,2,1,3,5,9,5,8,4,4,9,8,2,1,10,4,9,8,192,201,192,63,14,0,0,0,0,0,0
txn_07652,4,5,11,140,1,1,2,2,3,5,6,1,4,3,6,1,1,1,4,3,6,155,160,155,52,7,0,0,0,0,0,0
txn_01921,3,2,4,291,1,1,1,1,1,2,2,1,2,1,2,1,1,4,3,1,2,300,300,300,103,4,0,0,0,0,0,0
txn_01065,9,8,4,94,2,3,4,3,5,2,2,3,1,4,2,2,3,4,5,4,2,113,115,113,35,10,0,0,0,0,0,0
txn_03434,6,13,10,117,2,2,2,5,8,5,5,5,4,8,5,2,1,9,4,8,5,143,146,143,48,13,0,0,0,0,0,0
txn_04166,6,15,4,117,2,2,2,4,11,2,2,3,1,11,2,2,2,9,2,11,2,139,142,139,43,13,0,0,0,0,0,0
txn_08908,0,11,2,140,0,0,0,5,6,1,1,5,1,6,1,0,0,0,0,6,1,152,153,152,53,7,0,0,0,0,0,0
txn_00955,3,4,8,77,1,1,1,2,2,3,5,1,2,2,5,1,1,1,2,2,5,89,92,89,28,6,0,0,0,0,0,0
txn_09034,6,7,10,294,2,1,3,3,4,4,6,2,3,4,6,2,1,4,3,4,6,312,317,312,106,9,0,0,0,0,0,0
txn_05542,13,7,2,54,3,3,7,3,4,1,1,2,0,4,1,3,2,11,4,4,1,71,76,71,20,8,0,0,0,0,0,0
txn_02342,0,2,0,91,0,0,0,1,1,0,0,1,0,1,0,0,0,0,0,1,0,93,93,93,32,1,0,0,0,0,0,0
txn_04141,3,12,9,72,1,1,1,6,6,3,6,6,3,6,6,1,1,6,3,6,6,92,96,92,33,9,0,0,0,0,0,0
txn_07130,3,14,10,297,1,1,1,8,6,4,6,7,4,6,5,1,1,7,1,6,5,320,324,320,111,11,0,0,0,0,0,0
txn_04642,5,9,3,137,2,1,2,4,5,1,2,4,1,5,2,2,0,5,0,5,2,154,154,154,51,9,0,0,0,0,0,0
txn_01191,3,5,2,143,1,1,1,2,3,1,1,2,1,3,1,1,1,3,1,3,1,153,153,153,52,5,0,0,0,0,0,0
txn_05794,5,23,5,98,2,1,2,9,14,2,3,8,1,14,3,2,1,14,1,14,3,127,131,127,42,16,0,0,0,0,0,0
txn_03100,3,20,0,163,1,1,1,9,11,0,0,8,0,11,0,1,1,8,1,11,0,185,186,185,63,11,0,0,0,0,0,0
txn_03152,5,10,4,102,1,1,3,4,6,1,3,3,0,6,3,1,0,3,0,6,3,114,121,114,37,6,0,0,0,0,0,0
txn_06844,0,12,2,83,0,0,0,6,6,1,1,6,1,6,1,0,0,0,0,6,1,97,97,97,35,7,0,0,0,0,0,0
txn_02437,6,6,4,147,2,2,2,3,3,2,2,3,2,3,2,2,2,7,4,3,2,162,163,162,54,7,0,0,0,0,0,0
txn_08399,4,3,6,57,1,1,2,1,2,3,3,1,3,2,3,1,1,4,2,2,3,70,70,70,23,7,0,0,0,0,0,0
txn_05037,3,11,7,140,1,1,1,5,6,2,5,4,2,6,4,1,1,4,3,6,4,156,161,156,52,8,0,0,0,0,0,0
txn_07863,4,8,3,105,1,1,2,4,4,1,2,3,0,4,2,1,0,3,0,4,2,115,120,115,38,4,0,0,0,0,0,0
txn_01668,7,16,7,166,1,2,4,5,11,3,4,4,2,11,4,1,2,4,3,11,4,189,196,189,62,13,0,0,0,0,0,0
txn_08133,3,7,3,120,1,1,1,3,4,1,2,3,1,4,2,1,1,4,3,4,2,133,133,133,44,7,0,0,0,0,0,0
txn_00802,0,0,5,143,0,0,0,0,0,2,3,0,2,0,3,0,0,0,0,0,3,148,148,148,50,3,0,0,0,0,0,0
txn_05603,3,4,4,86,1,1,1,2,2,2,2,1,2,2,2,1,0,1,0,2,2,96,97,96,32,4,0,0,0,0,0,0
txn_07972,5,11,8,131,1,2,2,5,6,4,4,5,3,6,4,1,2,4,5,6,4,154,155,154,51,11,0,0,0,0,0,0
txn_08860,5,17,2,120,1,2,2,7,10,1,1,7,1,10,1,1,1,2,1,10,1,143,144,143,47,13,0,0,0,0,0,0
txn_03159,3,2,6,77,1,1,1,1,1,3,3,1,2,1,3,1,1,4,2,1,3,87,88,87,29,4,0,0,0,0,0,0
txn_02481,6,8,4,121,2,1,3,3,5,1,3,2,0,5,3,2,0,8,0,5,3,132,139,132,43,5,0,0,0,0,0,0
txn_03786,0,12,4,59,0,0,0,5,7,2,2,5,2,7,2,0,0,0,0,7,2,75,75,75,27,9,0,0,0,0,0,0
txn_07804,0,7,7,39,0,0,0,2,5,3,4,2,3,5,4,0,0,0,0,5,4,53,53,53,18,9,0,0,0,0,0,0
txn_01984,6,10,11,69,2,2,2,5,5,5,6,4,4,5,6,2,1,8,4,5,6,93,96,93,31,11,0,0,0,0,0,0
txn_01186,0,9,4,150,0,0,0,3,6,2,2,3,2,6,2,0,0,0,0,6,2,163,163,163,55,8,0,0,0,0,0,0
txn_02957,3,19,6,169,1,1,1,8,11,3,3,8,2,11,3,1,1,1,2,11,3,196,197,196,67,14,0,0,0,0,0,0
txn_01863,3,11,8,123,1,1,1,5,6,4,4,4,4,6,4,1,1,4,2,6,4,143,145,143,49,9,0,0,0,0,0,0
txn_02267,5,8,2,199,1,2,2,3,5,1,1,3,0,5,1,1,1,5,1,5,1,213,214,213,69,7,0,0,0,0,0,0
txn_05206,3,13,4,299,1,1,1,5,8,2,2,4,2,7,2,1,0,4,0,7,2,315,319,315,108,9,0,0,0,0,0,0
txn_04831,0,4,2,183,0,0,0,1,3,1,1,1,1,3,1,0,0,0,0,3,1,189,189,189,64,4,0,0,0,0,0,0
txn_07091,0,7,0,89,0,0,0,3,4,0,0,3,0,4,0,0,0,0,0,4,0,96,96,96,33,4,0,0,0,0,0,0
txn_09686,3,10,2,129,1,1,1,4,6,1,1,3,0,6,1,1,0,3,0,6,1,141,144,141,47,6,0,0,0,0,0,0
txn_08660,9,8,13,85,3,3,3,3,5,8,5,3,7,5,4,3,3,10,10,5,4,111,115,111,37,12,0,0,0,0,0,0
txn_00483,5,17,5,60,2,1,2,7,10,2,3,7,1,10,3,2,1,7,1,10,3,83,87,83,28,12,0,0,0,0,0,0
txn_03428,5,12,8,171,1,1,3,5,7,3,5,4,2,7,5,1,1,4,2,7,5,189,196,189,63,9,0,0,0,0,0,0
txn_09773,0,11,9,172,0,0,0,5,6,3,6,5,3,6,6,0,0,0,0,6,6,190,192,190,66,10,0,0,0,0,0,0
txn_07352,3,14,4,175,1,1,1,6,8,2,2,5,1,8,2,1,1,5,1,8,2,193,196,193,65,9,0,0,0,0,0,0
txn_04543,4,15,13,70,1,1,2,6,9,6,7,5,5,9,7,1,1,5,5,9,7,96,102,96,34,13,0,0,0,0,0,0
txn_06013,0,8,2,59,0,0,0,4,4,1,1,4,1,4,1,0,0,0,0,4,1,69,69,69,25,5,0,0,0,0,0,0
txn_01928,8,10,8,124,3,1,4,5,5,2,6,4,1,5,6,3,1,12,1,5,6,142,150,142,47,9,0,0,0,0,0,0
txn_03409,3,4,6,33,1,1,1,2,2,3,3,1,3,2,3,1,1,1,1,2,3,45,46,45,15,5,0,0,0,0,0,0
txn_04754,3,11,6,65,1,1,1,4,7,2,4,3,1,7,3,1,1,3,1,7,3,79,85,79,25,9,0,0,0,0,0,0
txn_04678,3,7,4,62,1,1,1,3,4,2,2,2,1,4,2,1,1,2,1,4,2,73,76,73,24,5,0,0,0,0,0,0
txn_09643,3,10,6,178,1,1,1,5,5,3,3,5,2,5,3,1,1,3,2,5,3,196,197,196,67,8,0,0,0,0,0,0
txn_02673,0,8,0,202,0,0,0,3,5,0,0,3,0,5,0,0,0,0,0,5,0,210,210,210,70,5,0,0,0,0,0,0
txn_02513,3,14,12,39,1,1,1,6,8,5,7,5,4,8,7,1,1,5,4,8,7,64,68,64,22,13,0,0,0,0,0,0
txn_09943,3,10,6,282,1,1,1,5,5,2,4,4,1,4,3,1,1,4,1,4,3,293,301,293,101,7,0,0,0,0,0,0
txn_06695,6,12,7,283,2,2,2,5,7,3,4,4,2,7,4,2,2,10,3,7,4,303,308,303,105,9,0,0,0,0,0,0
txn_04396,4,29,12,123,1,1,2,13,16,3,9,12,3,15,9,1,1,12,2,15,9,161,168,161,55,22,0,0,0,0,0,0
txn_02986,5,2,6,93,2,1,2,1,1,2,4,0,1,1,4,1,1,1,1,1,4,102,106,102,32,4,0,0,0,0,0,0
txn_08018,3,18,4,174,1,1,1,9,9,2,2,9,2,9,2,1,0,5,0,9,2,198,199,198,69,11,0,0,0,0,0,0
txn_02744,3,6,14,45,1,1,1,3,3,6,8,2,5,3,8,1,1,2,5,3,8,64,68,64,22,9,0,0,0,0,0,0
txn_04784,4,19,5,96,1,1,2,8,11,2,3,7,1,10,3,1,1,7,1,10,3,117,124,117,40,12,0,0,0,0,0,0
txn_06721,0,6,5,78,0,0,0,3,3,2,3,3,2,3,3,0,0,0,0,3,3,88,89,88,31,5,0,0,0,0,0,0
txn_07343,6,12,2,108,1,2,3,4,8,1,1,3,1,8,1,1,2,3,8,8,1,125,128,125,40,9,0,0,0,0,0,0
txn_08216,6,2,6,124,2,2,2,1,1,2,4,0,1,1,4,1,2,3,2,1,4,135,138,135,43,5,0,0,0,0,0,0
txn_05108,6,6,6,181,1,2,3,2,4,3,3,1,2,4,3,1,1,1,2,4,3,194,199,194,64,6,0,0,0,0,0,0
txn_05478,0,21,2,87,0,0,0,9,12,1,1,9,1,12,1,0,0,0,0,12,1,110,110,110,40,13,0,0,0,0,0,0
txn_07095,0,10,5,90,0,0,0,5,5,2,3,5,2,5,3,0,0,0,0,5,3,105,105,105,38,8,0,0,0,0,0,0
txn_05135,3,15,3,91,1,1,1,7,8,1,2,7,1,8,2,1,1,3,4,8,2,111,112,111,39,11,0,0,0,0,0,0
txn_00956,3,15,5,137,1,1,1,5,10,2,3,4,1,10,3,1,1,4,1,10,3,157,160,157,52,12,0,0,0,0,0,0
txn_00466,7,9,5,81,2,1,4,3,6,1,4,2,0,6,4,2,0,8,0,6,4,93,102,93,29,6,0,0,0,0,0,0
txn_01499,0,12,10,42,0,0,0,5,7,3,7,5,3,7,7,0,0,0,0,7,7,63,64,63,22,13,0,0,0,0,0,0
txn_05911,0,12,6,161,0,0,0,5,7,3,3,5,3,7,3,0,0,0,0,7,3,178,179,178,61,9,0,0,0,0,0,0
txn_07964,3,9,8,48,1,1,1,3,6,4,4,3,3,6,3,1,1,3,3,6,3,65,68,65,21,10,0,0,0,0,0,0
txn_05076,0,11,5,74,0,0,0,4,7,2,3,4,2,7,3,0,0,0,0,7,3,90,90,90,31,10,0,0,0,0,0,0
txn_06781,3,11,6,177,1,1,1,4,7,2,4,4,2,7,4,1,1,4,1,7,4,196,197,196,65,11,0,0,0,0,0,0
txn_06034,0,15,0,180,0,0,0,6,9,0,0,6,0,9,0,0,0,0,0,9,0,195,195,195,66,9,0,0,0,0,0,0
txn_02123,8,13,8,205,3,3,2,6,7,4,4,5,3,7,4,3,3,16,7,7,4,229,234,229,76,10,0,0,0,0,0,0
txn_04051,3,12,2,44,1,1,1,6,6,1,1,5,0,6,1,1,0,5,0,6,1,58,61,58,20,6,0,0,0,0,0,0
txn_04338,3,8,5,48,1,1,1,4,4,2,3,4,1,4,3,1,1,6,1,4,3,63,64,63,21,7,0,0,0,0,0,0
txn_06019,0,4,2,42,0,0,0,2,2,1,1,2,1,2,1,0,0,0,0,2,1,48,48,48,17,3,0,0,0,0,0,0
txn_06482,5,13,5,73,1,2,2,5,8,2,3,4,1,8,3,1,2,4,2,8,3,92,96,92,30,10,0,0,0,0,0,0
txn_00867,4,14,5,157,1,1,2,5,9,2,3,4,1,9,3,1,1,4,1,9,3,175,180,175,59,10,0,0,0,0,0,0
txn_04510,7,20,12,132,2,2,3,10,10,4,8,9,3,10,8,2,2,13,6,10,8,165,171,165,57,17,0,0,0,0,0,0
txn_05187,4,13,5,286,1,1,2,5,8,2,3,4,1,7,2,1,1,4,1,7,2,300,308,300,104,9,0,0,0,0,0,0
txn_03499,5,5,6,160,1,2,2,2,3,3,3,1,2,3,3,1,1,1,2,3,3,172,176,172,58,5,0,0,0,0,0,0
txn_03920,0,3,6,301,0,0,0,1,2,2,4,1,2,2,3,0,0,0,0,2,3,309,310,309,106,6,0,0,0,0,0,0
txn_02227,0,11,2,127,0,0,0,5,6,1,1,5,1,6,1,0,0,0,0,6,1,140,140,140,49,7,0,0,0,0,0,0
txn_08644,3,15,2,184,1,1,1,7,8,1,1,6,0,7,1,1,0,6,0,7,1,199,204,199,67,8,0,0,0,0,0,0
txn_04818,0,12,6,36,0,0,0,4,8,3,3,4,3,8,3,0,0,0,0,8,3,53,54,53,19,10,0,0,0,0,0,0
txn_00167,9,10,2,88,2,3,4,4,6,1,1,3,0,6,1,2,1,11,2,6,1,106,109,106,33,9,0,0,0,0,0,0
txn_01248,3,12,6,149,1,1,1,5,7,3,3,5,3,7,3,1,1,1,2,7,3,169,170,169,59,11,0,0,0,0,0,0
txn_05883,0,9,4,127,0,0,0,4,5,1,3,4,1,5,3,0,0,0,0,5,3,140,140,140,48,8,0,0,0,0,0,0
txn_08333,6,6,5,208,2,2,2,2,4,1,4,1,1,4,3,2,2,4,7,4,3,222,225,222,70,9,0,0,0,0,0,0
txn_08124,8,11,7,47,2,3,3,5,6,3,4,4,2,6,4,2,2,8,3,6,4,70,73,70,22,11,0,0,0,0,0,0
txn_03520,0,7,7,62,0,0,0,3,4,3,4,3,3,4,4,0,0,0,0,4,4,76,76,76,27,8,0,0,0,0,0,0
txn_03087,0,29,4,50,0,0,0,13,16,1,3,13,1,16,3,0,0,0,0,16,3,81,83,81,30,18,0,0,0,0,0,0
txn_04121,0,14,9,92,0,0,0,4,10,3,6,4,3,10,6,0,0,0,0,10,6,114,115,114,38,15,0,0,0,0,0,0
txn_02272,9,16,4,24,2,3,4,5,11,2,2,4,1,11,2,2,3,9,6,11,2,47,53,47,13,12,0,0,0,0,0,0
txn_03937,6,23,2,183,2,2,2,10,13,1,1,9,0,12,1,2,1,16,5,12,1,207,214,207,68,14,0,0,0,0,0,0
txn_04986,3,7,5,92,1,1,1,3,4,2,3,2,2,3,3,1,1,2,3,3,3,104,107,104,34,7,0,0,0,0,0,0
txn_09169,6,11,7,186,2,2,2,5,6,3,4,4,2,6,4,2,2,5,4,6,4,207,210,207,69,10,0,0,0,0,0,0
txn_09330,0,13,5,130,0,0,0,6,7,2,3,6,2,6,3,0,0,0,0,6,3,147,148,147,51,10,0,0,0,0,0,0
txn_05585,3,11,4,63,1,1,1,4,7,2,2,4,1,7,2,1,1,4,1,7,2,80,81,80,26,9,0,0,0,0,0,0
txn_08953,0,10,5,163,0,0,0,4,6,2,3,4,2,6,3,0,0,0,0,6,3,177,178,177,63,8,0,0,0,0,0,0
txn_01505,3,6,10,75,1,1,1,3,3,4,6,3,4,3,6,1,0,7,0,3,6,94,94,94,32,10,0,0,0,0,0,0
txn_05866,6,4,2,45,2,2,2,2,2,1,1,1,0,2,1,2,1,4,1,2,1,54,57,54,16,3,0,0,0,0,0,0
txn_01464,0,5,4,98,0,0,0,2,3,2,2,2,2,3,2,0,0,0,0,3,2,107,107,107,37,5,0,0,0,0,0,0
txn_05180,0,5,4,130,0,0,0,2,3,2,2,2,2,3,2,0,0,0,0,3,2,139,139,139,48,5,0,0,0,0,0,0
txn_00399,5,8,13,142,1,2,2,3,5,5,8,3,4,5,8,1,2,2,7,5,8,165,168,165,54,13,0,0,0,0,0,0
txn_05744,7,23,3,166,2,2,3,10,13,1,2,9,0,13,2,2,1,16,5,13,2,194,199,194,67,14,0,0,0,0,0,0
txn_00444,0,6,4,62,0,0,0,3,3,2,2,3,2,3,2,0,0,0,0,3,2,71,72,71,26,4,0,0,0,0,0,0
txn_08813,5,10,7,72,1,1,3,4,6,2,5,3,1,6,5,1,1,3,1,6,5,87,94,87,28,8,0,0,0,0,0,0
txn_00679,0,14,4,134,0,0,0,6,8,2,2,6,2,8,2,0,0,0,0,8,2,152,152,152,52,10,0,0,0,0,0,0
txn_04663,5,9,3,185,2,1,2,4,5,1,2,3,0,5,2,2,0,5,0,5,2,198,202,198,65,6,0,0,0,0,0,0
txn_01066,0,8,2,81,0,0,0,4,4,1,1,4,1,4,1,0,0,0,0,4,1,91,91,91,32,5,0,0,0,0,0,0
txn_04962,3,19,6,169,1,1,1,9,10,3,3,8,2,10,3,1,1,8,2,10,3,192,197,192,67,12,0,0,0,0,0,0
txn_01345,3,13,5,76,1,1,1,6,7,2,3,5,1,7,3,1,1,5,1,7,3,94,97,94,32,9,0,0,0,0,0,0
txn_04210,4,19,11,189,1,1,2,8,11,4,7,7,3,11,7,1,1,7,3,11,7,218,223,218,74,16,0,0,0,0,0,0
txn_05411,0,5,0,66,0,0,0,2,3,0,0,2,0,3,0,0,0,0,0,3,0,71,71,71,24,3,0,0,0,0,0,0
txn_07912,6,14,2,153,1,2,3,5,9,1,1,4,1,8,1,1,2,4,9,8,1,170,175,170,55,10,0,0,0,0,0,0
txn_04347,5,16,8,137,2,1,2,6,10,3,5,5,3,10,5,2,1,10,2,10,5,164,166,164,53,15,0,0,0,0,0,0
txn_01803,4,14,12,65,1,1,2,5,9,4,8,5,4,9,8,1,0,4,0,9,8,92,95,92,31,16,0,0,0,0,0,0
txn_03204,3,9,5,303,1,1,1,4,5,2,3,3,1,5,3,1,1,3,1,5,3,317,320,317,109,7,0,0,0,0,0,0
txn_05376,4,14,3,65,1,1,2,5,9,1,2,4,0,9,2,1,0,4,0,9,2,81,86,81,26,9,0,0,0,0,0,0
txn_01230,8,15,8,89,1,2,5,5,10,4,4,4,3,10,4,1,2,4,4,10,4,113,120,113,37,13,0,0,0,0,0,0
txn_00561,5,8,11,92,2,1,2,3,5,5,6,2,4,5,6,2,1,11,4,5,6,111,116,111,37,9,0,0,0,0,0,0
txn_09522,0,14,10,80,0,0,0,5,9,4,6,5,4,9,6,0,0,0,0,9,6,103,104,103,35,14,0,0,0,0,0,0
txn_03829,0,6,11,192,0,0,0,3,3,5,6,3,5,3,6,0,0,0,0,3,6,209,209,209,73,9,0,0,0,0,0,0
txn_09418,8,13,3,101,3,2,3,6,7,1,2,5,0,7,2,3,1,12,1,7,2,120,125,120,39,8,0,0,0,0,0,0
txn_02752,8,15,0,94,3,2,3,6,9,0,0,5,0,9,0,3,1,14,4,9,0,115,117,115,37,10,0,0,0,0,0,0
txn_02722,0,7,6,69,0,0,0,3,4,3,3,3,3,4,3,0,0,0,0,4,3,82,82,82,29,7,0,0,0,0,0,0
txn_09089,3,9,2,77,1,1,1,4,5,1,1,4,0,5,1,1,0,4,0,5,1,90,91,90,30,6,0,0,0,0,0,0
txn_07148,0,7,5,191,0,0,0,3,4,2,3,3,2,4,3,0,0,0,0,4,3,203,203,203,70,7,0,0,0,0,0,0
txn_05389,4,11,9,135,1,1,2,4,7,3,6,3,3,6,6,1,0,3,0,6,6,154,159,154,51,13,0,0,0,0,0,0
txn_06955,3,6,3,146,1,1,1,3,3,1,2,3,1,3,2,1,1,2,1,3,2,158,158,158,54,6,0,0,0,0,0,0
txn_03627,3,10,5,33,1,1,1,5,5,2,3,4,1,5,3,1,1,4,1,5,3,48,51,48,16,7,0,0,0,0,0,0
txn_07547,3,15,0,72,1,1,1,8,7,0,0,7,0,7,0,1,1,7,1,7,0,89,90,89,31,7,0,0,0,0,0,0
txn_07879,3,6,11,133,1,1,1,2,4,5,6,2,4,4,6,1,1,3,4,4,6,151,153,151,51,9,0,0,0,0,0,0
txn_06421,0,5,0,80,0,0,0,2,3,0,0,2,0,3,0,0,0,0,0,3,0,85,85,85,29,3,0,0,0,0,0,0
txn_07113,3,9,4,75,1,1,1,5,4,2,2,4,1,4,2,1,1,4,1,4,2,88,91,88,30,5,0,0,0,0,0,0
txn_00805,0,2,7,98,0,0,0,1,1,2,5,1,2,1,5,0,0,0,0,1,5,107,107,107,37,6,0,0,0,0,0,0
txn_02304,0,2,4,140,0,0,0,1,1,2,2,1,2,1,2,0,0,0,0,1,2,146,146,146,51,3,0,0,0,0,0,0
txn_04185,0,2,2,94,0,0,0,1,1,1,1,1,1,1,1,0,0,0,0,1,1,98,98,98,34,2,0,0,0,0,0,0
txn_08722,3,11,7,104,1,1,1,3,8,3,4,3,2,8,4,1,1,4,2,8,4,124,125,124,40,12,0,0,0,0,0,0
txn_09306,4,9,3,164,1,1,2,4,5,1,2,3,0,5,2,1,0,3,0,5,2,175,180,175,57,5,0,0,0,0,0,0
txn_07970,3,16,2,79,1,1,1,5,11,1,1,4,0,11,1,1,0,4,0,11,1,97,100,97,31,11,0,0,0,0,0,0
txn_09565,4,12,5,62,1,1,2,5,7,2,3,4,1,7,2,1,1,4,1,7,2,76,83,76,24,8,0,0,0,0,0,0
txn_00450,6,17,9,163,1,1,4,5,12,3,6,4,2,12,6,1,1,4,2,12,6,186,195,186,62,14,0,0,0,0,0,0
txn_08573,7,16,8,95,2,2,3,6,10,4,4,5,3,10,4,2,2,6,5,10,4,122,126,122,40,14,0,0,0,0,0,0
txn_07962,5,7,6,69,2,1,2,3,4,2,4,2,1,4,4,2,1,5,1,4,4,83,87,83,27,7,0,0,0,0,0,0
txn_08984,6,0,7,166,1,2,3,0,0,3,4,0,3,0,4,1,1,3,6,0,4,179,179,179,60,7,0,0,0,0,0,0
txn_00267,3,7,5,145,1,1,1,3,4,2,3,3,1,4,3,1,1,6,1,4,3,159,160,159,53,7,0,0,0,0,0,0
txn_00846,3,2,8,306,1,1,1,1,1,3,5,1,2,1,4,1,1,4,2,1,4,316,319,316,108,6,0,0,0,0,0,0
txn_08562,3,9,12,152,1,1,1,3,6,5,7,3,4,6,7,1,1,3,4,6,7,175,176,175,59,13,0,0,0,0,0,0
txn_07664,4,10,9,72,1,1,2,4,6,4,5,3,3,6,5,1,1,3,3,6,5,90,95,90,31,9,0,0,0,0,0,0
txn_01614,0,19,7,64,0,0,0,8,11,3,4,8,3,11,4,0,0,0,0,11,4,90,90,90,32,15,0,0,0,0,0,0
txn_09090,0,7,2,210,0,0,0,3,4,1,1,3,1,4,1,0,0,0,0,4,1,219,219,219,74,5,0,0,0,0,0,0
txn_01773,5,11,2,136,2,1,2,5,6,1,1,4,1,5,1,2,1,9,3,5,1,147,154,147,49,7,0,0,0,0,0,0
txn_05975,3,21,4,195,1,1,1,9,12,2,2,8,1,12,2,1,1,8,1,12,2,220,223,220,75,13,0,0,0,0,0,0
txn_01940,6,12,7,286,1,1,4,5,7,2,5,4,1,7,5,1,1,4,1,7,5,302,311,302,105,8,0,0,0,0,0,0
txn_01260,3,6,4,289,1,1,1,3,3,2,2,3,2,3,2,1,0,8,0,3,2,300,302,300,104,6,0,0,0,0,0,0
txn_02578,0,10,0,48,0,0,0,5,5,0,0,5,0,5,0,0,0,0,0,5,0,58,58,58,21,5,0,0,0,0,0,0
txn_06737,3,0,11,98,1,1,1,0,0,4,7,0,3,0,7,1,1,5,3,0,7,111,112,111,36,7,0,0,0,0,0,0
txn_02604,3,11,4,213,1,1,1,5,6,2,2,4,1,6,2,1,1,4,1,6,2,228,231,228,76,7,0,0,0,0,0,0
txn_06780,7,2,5,75,2,1,4,1,1,1,4,0,0,1,4,1,0,4,0,1,4,83,89,83,25,4,0,0,0,0,0,0
txn_02475,10,11,2,198,2,3,5,5,6,1,1,4,0,6,1,2,2,8,2,6,1,216,221,216,71,10,0,0,0,0,0,0
txn_01832,3,17,3,38,1,1,1,6,11,2,1,5,1,11,1,1,1,5,1,11,1,58,61,58,19,11,0,0,0,0,0,0
txn_06862,6,17,10,109,2,1,3,7,10,4,6,6,3,10,6,2,1,14,3,10,6,136,142,136,45,14,0,0,0,0,0,0
txn_09504,3,12,2,186,1,1,1,6,6,1,1,5,1,5,1,1,1,5,2,5,1,200,203,200,68,7,0,0,0,0,0,0
txn_03158,0,4,2,137,0,0,0,2,2,1,1,2,1,2,1,0,0,0,0,2,1,141,143,141,48,2,0,0,0,0,0,0
txn_00580,4,16,0,146,1,1,2,7,9,0,0,6,0,9,0,1,1,6,1,9,0,164,166,164,55,9,0,0,0,0,0,0
txn_07878,0,6,4,308,0,0,0,3,3,2,2,3,2,3,2,0,0,0,0,3,2,317,318,317,111,5,0,0,0,0,0,0
txn_01760,0,7,0,216,0,0,0,3,4,0,0,3,0,4,0,0,0,0,0,4,0,223,223,223,75,4,0,0,0,0,0,0
txn_07999,0,13,3,78,0,0,0,5,8,1,2,5,1,7,2,0,0,0,0,7,2,92,94,92,31,9,0,0,0,0,0,0
txn_06590,6,9,5,167,2,2,2,4,5,2,3,3,1,4,2,1,2,3,3,4,2,181,187,181,58,8,0,0,0,0,0,0
txn_08914,8,12,13,67,1,3,4,4,8,6,7,3,5,8,7,1,3,3,8,8,7,94,100,94,31,14,0,0,0,0,0,0
txn_01143,6,13,10,82,1,2,3,5,8,4,6,4,3,8,6,1,2,4,4,8,6,105,111,105,35,12,0,0,0,0,0,0
txn_02997,6,14,4,91,2,2,2,6,8,2,2,6,1,8,2,2,2,8,4,8,2,113,115,113,38,10,0,0,0,0,0,0
txn_04567,5,6,8,126,1,1,3,2,4,3,5,1,2,4,5,1,1,1,2,4,5,137,145,137,44,6,0,0,0,0,0,0
txn_03407,0,24,2,83,0,0,0,10,14,1,1,10,1,14,0,0,0,0,0,14,0,108,109,108,38,15,0,0,0,0,0,0
txn_08551,7,10,5,71,2,2,3,4,6,2,3,4,1,6,3,2,2,9,2,6,3,90,93,90,29,9,0,0,0,0,0,0
txn_05158,6,20,10,112,1,2,3,7,13,3,7,6,2,13,7,1,2,6,3,13,7,141,148,141,45,17,0,0,0,0,0,0
txn_03960,0,8,5,94,0,0,0,3,5,2,3,3,2,5,3,0,0,0,0,5,3,106,107,106,37,7,0,0,0,0,0,0
txn_09869,6,12,6,194,2,2,2,5,7,3,3,5,2,7,2,2,2,5,3,7,2,215,218,215,72,11,0,0,0,0,0,0
txn_07570,0,7,7,96,0,0,0,3,4,3,4,3,3,4,4,0,0,0,0,4,4,110,110,110,38,8,0,0,0,0,0,0
txn_03782,0,10,10,292,0,0,0,4,6,4,6,4,4,6,6,0,0,0,0,6,6,311,312,311,110,11,0,0,0,0,0,0
txn_08811,7,8,9,149,2,2,3,3,5,2,7,2,1,5,7,2,1,5,1,5,7,168,173,168,54,11,0,0,0,0,0,0
txn_01392,0,16,7,136,0,0,0,6,10,2,5,6,2,10,5,0,0,0,0,10,5,159,159,159,54,15,0,0,0,0,0,0
txn_06051,3,18,8,169,1,1,1,8,10,4,4,7,3,10,4,1,1,7,3,10,4,195,198,195,68,13,0,0,0,0,0,0
txn_06969,3,12,7,143,1,1,1,6,6,3,4,5,2,6,4,1,1,5,2,6,4,162,165,162,56,9,0,0,0,0,0,0
txn_00394,4,9,7,172,1,1,2,4,5,3,4,3,2,5,4,1,1,3,2,5,4,186,192,186,63,7,0,0,0,0,0,0
txn_03773,3,9,4,140,1,1,1,4,5,2,2,3,2,4,2,1,1,3,5,4,2,153,156,153,51,7,0,0,0,0,0,0
txn_08973,6,9,6,101,2,2,2,4,5,3,3,4,2,5,3,2,1,5,2,5,3,120,122,120,41,8,0,0,0,0,0,0
txn_05458,0,10,6,57,0,0,0,4,6,2,4,4,2,6,4,0,0,0,0,6,4,73,73,73,25,10,0,0,0,0,0,0
txn_01482,3,10,10,148,1,1,1,5,5,4,6,4,3,5,5,1,1,4,3,5,5,166,171,166,56,10,0,0,0,0,0,0
txn_08020,7,9,6,68,2,2,3,3,6,2,4,2,1,6,4,2,2,12,3,6,4,86,90,86,26,10,0,0,0,0,0,0
txn_02193,6,8,4,311,2,2,2,4,4,2,2,3,1,4,2,2,2,5,3,4,2,326,329,326,112,6,0,0,0,0,0,0
txn_03228,6,14,2,314,2,2,2,6,8,1,1,5,0,8,1,2,1,13,5,8,1,332,336,332,114,8,0,0,0,0,0,0
txn_04515,5,16,13,42,1,2,2,6,10,5,8,5,4,10,7,1,2,5,5,10,7,70,76,70,22,17,0,0,0,0,0,0
txn_06784,4,10,9,175,1,1,2,4,6,4,5,3,3,6,5,1,1,3,3,6,5,193,198,193,66,9,0,0,0,0,0,0
txn_01547,6,31,6,201,2,2,2,14,17,3,3,13,3,16,3,2,1,17,4,16,3,238,244,238,82,20,0,0,0,0,0,0
txn_01883,3,9,10,94,1,1,1,4,5,4,6,4,3,5,6,1,1,6,3,5,6,114,116,114,39,10,0,0,0,0,0,0
txn_07891,3,6,5,51,1,1,1,3,3,3,2,2,2,3,2,1,1,2,2,3,2,62,65,62,21,4,0,0,0,0,0,0
txn_00870,3,8,2,51,1,1,1,4,4,1,1,3,0,4,1,1,0,3,0,4,1,61,64,61,20,4,0,0,0,0,0,0
txn_01448,4,13,0,41,1,1,2,5,8,0,0,4,0,8,0,1,1,4,1,8,0,56,58,56,18,8,0,0,0,0,0,0
txn_07882,6,7,9,66,1,1,4,2,5,3,6,1,2,5,6,1,1,1,2,5,6,79,88,79,25,7,0,0,0,0,0,0
txn_06258,3,14,9,104,1,1,1,5,9,4,5,5,3,9,5,1,1,3,3,9,5,128,130,128,44,13,0,0,0,0,0,0
txn_08585,4,7,0,67,1,1,2,3,4,0,0,3,0,4,0,1,1,3,3,4,0,78,78,78,26,6,0,0,0,0,0,0
txn_03388,3,12,2,44,1,1,1,5,7,1,1,4,0,7,1,1,0,4,0,7,1,58,61,58,19,7,0,0,0,0,0,0
txn_09617,5,13,7,39,2,1,2,6,7,3,4,5,2,7,4,2,1,9,2,7,4,60,64,60,20,10,0,0,0,0,0,0
txn_08013,0,17,4,155,0,0,0,7,10,2,2,7,2,10,2,0,0,0,0,10,2,176,176,176,61,12,0,0,0,0,0,0
txn_06471,0,5,6,152,0,0,0,2,3,3,3,2,3,3,3,0,0,0,0,3,3,161,163,161,56,5,0,0,0,0,0,0
txn_04425,5,9,7,54,2,1,2,4,5,3,4,3,2,5,4,2,1,12,2,5,4,71,75,71,23,8,0,0,0,0,0,0
txn_08517,0,10,0,48,0,0,0,4,6,0,0,4,0,6,0,0,0,0,0,6,0,58,58,58,20,6,0,0,0,0,0,0
txn_08069,9,12,10,97,3,1,5,5,7,2,8,4,1,7,8,3,1,12,1,7,8,119,128,119,38,12,0,0,0,0,0,0
txn_08462,0,14,11,155,0,0,0,5,9,4,7,5,4,9,7,0,0,0,0,9,7,180,180,180,62,16,0,0,0,0,0,0
txn_05004,3,10,4,295,1,1,1,5,5,2,2,4,1,5,2,1,1,4,1,5,2,309,312,309,108,6,0,0,0,0,0,0
txn_06943,3,9,4,84,1,1,1,4,5,2,2,3,1,5,2,1,1,3,1,5,2,96,100,96,32,5,0,0,0,0,0,0
txn_08779,0,8,10,83,0,0,0,2,6,4,6,2,4,6,5,0,0,0,0,6,5,99,101,99,32,11,0,0,0,0,0,0
txn_07877,6,11,6,155,2,1,3,5,6,2,4,4,1,6,4,2,1,14,1,6,4,173,178,173,58,9,0,0,0,0,0,0
txn_05141,0,0,7,87,0,0,0,0,0,3,4,0,3,0,4,0,0,0,0,0,4,94,94,94,33,4,0,0,0,0,0,0
txn_08778,3,8,2,317,1,1,1,4,4,1,1,4,0,4,1,1,0,3,0,4,1,329,330,329,114,5,0,0,0,0,0,0
txn_08969,4,7,9,298,1,1,2,3,4,4,5,3,3,3,5,1,1,5,3,3,5,314,318,314,109,8,0,0,0,0,0,0
txn_03292,4,7,6,158,1,1,2,3,4,3,3,2,2,4,3,1,1,2,2,4,3,170,175,170,58,5,0,0,0,0,0,0
txn_08482,3,12,2,196,1,1,1,5,7,1,1,5,0,7,1,1,0,2,0,7,1,211,213,211,72,7,0,0,0,0,0,0
txn_03814,3,13,6,101,1,1,1,5,8,3,3,5,2,8,3,1,1,5,2,8,3,122,123,122,41,11,0,0,0,0,0,0
txn_01794,5,15,9,77,2,1,2,7,8,3,6,6,2,8,6,2,1,11,2,8,6,101,106,101,34,12,0,0,0,0,0,0
txn_06677,6,17,2,320,1,2,3,7,10,1,1,6,0,10,1,1,1,6,1,10,1,340,345,340,117,10,0,0,0,0,0,0
txn_09766,0,5,0,97,0,0,0,2,3,0,0,2,0,3,0,0,0,0,0,3,0,102,102,102,35,3,0,0,0,0,0,0
txn_07361,7,12,7,158,2,1,4,5,7,2,5,4,1,6,5,2,1,14,1,6,5,175,184,175,57,10,0,0,0,0,0,0
txn_04054,0,9,10,140,0,0,0,4,5,3,7,4,3,5,7,0,0,0,0,5,7,159,159,159,53,12,0,0,0,0,0,0
txn_08379,3,9,5,100,1,1,1,3,6,2,3,2,1,6,3,1,1,2,1,6,3,114,117,114,37,8,0,0,0,0,0,0
txn_05813,5,9,9,323,2,1,2,4,5,4,5,3,3,5,5,2,1,8,3,5,5,342,346,342,118,9,0,0,0,0,0,0
txn_04605,0,2,6,70,0,0,0,1,1,2,4,1,2,1,4,0,0,0,0,1,4,78,78,78,27,5,0,0,0,0,0,0
txn_07569,0,16,3,97,0,0,0,6,10,1,2,6,1,10,2,0,0,0,0,10,2,116,116,116,40,12,0,0,0,0,0,0
txn_03617,4,10,3,42,1,1,2,4,6,1,2,4,0,6,2,1,0,3,0,6,2,56,59,56,18,7,0,0,0,0,0,0
txn_02308,3,13,12,172,1,1,1,5,8,4,8,4,4,8,8,1,1,4,2,8,8,197,200,197,68,14,0,0,0,0,0,0
txn_07690,3,8,9,300,1,1,1,3,5,3,6,3,2,5,6,1,1,9,2,5,6,319,320,319,110,11,0,0,0,0,0,0
txn_05334,4,9,10,178,1,1,2,3,6,4,6,2,3,6,6,1,1,2,3,6,6,196,201,196,66,10,0,0,0,0,0,0
txn_09076,4,6,6,70,1,1,2,2,4,2,4,1,1,4,4,1,1,1,1,4,4,81,86,81,26,6,0,0,0,0,0,0
txn_03416,4,14,10,78,1,1,2,5,9,4,6,4,3,9,6,1,1,4,3,9,6,101,106,101,33,13,0,0,0,0,0,0
txn_08989,6,6,15,125,2,1,3,3,3,6,9,2,5,3,9,2,1,7,5,3,9,147,152,147,49,11,0,0,0,0,0,0
txn_03681,5,6,6,53,2,1,2,3,3,2,4,2,1,3,4,2,1,5,1,3,4,66,70,66,21,6,0,0,0,0,0,0
txn_09598,8,9,15,303,3,2,3,4,5,5,10,3,4,5,10,3,2,14,6,5,10,330,335,330,113,15,0,0,0,0,0,0
txn_04320,5,11,4,326,1,1,3,5,6,2,2,4,2,6,2,1,1,4,5,6,2,341,346,341,117,8,0,0,0,0,0,0
txn_06611,4,9,6,329,1,1,2,4,5,2,4,3,1,5,4,1,1,3,1,5,4,343,348,343,118,7,0,0,0,0,0,0
txn_09716,7,12,8,101,2,2,3,6,6,4,4,6,3,6,4,2,2,7,6,6,4,125,128,125,43,10,0,0,0,0,0,0
txn_08179,3,7,2,129,1,1,1,2,5,1,1,2,1,5,1,1,1,4,1,5,1,141,141,141,46,7,0,0,0,0,0,0
txn_09557,0,12,3,160,0,0,0,5,7,1,2,5,1,7,2,0,0,0,0,7,2,175,175,175,60,9,0,0,0,0,0,0
txn_04428,0,11,2,18,0,0,0,4,7,1,1,4,1,7,1,0,0,0,0,7,1,31,31,31,11,8,0,0,0,0,0,0
txn_00598,6,11,10,47,2,1,3,4,7,4,6,3,3,7,6,2,1,10,3,7,6,68,74,68,21,11,0,0,0,0,0,0
txn_00189,0,5,4,142,0,0,0,2,3,2,2,2,2,3,2,0,0,0,0,3,2,151,151,151,52,5,0,0,0,0,0,0
txn_04468,0,14,6,73,0,0,0,5,9,3,3,5,3,9,3,0,0,0,0,9,3,93,93,93,33,12,0,0,0,0,0,0
txn_05052,4,7,14,188,1,1,2,3,4,5,9,2,4,4,8,1,1,2,4,4,8,206,213,206,68,11,0,0,0,0,0,0
txn_05171,3,7,2,181,1,1,1,3,4,1,1,2,0,4,1,1,0,2,0,4,1,190,193,190,64,4,0,0,0,0,0,0
txn_08899,3,13,7,132,1,1,1,6,7,3,4,5,2,7,4,1,1,5,2,7,4,151,155,151,51,10,0,0,0,0,0,0
txn_09791,3,16,6,139,1,1,1,7,9,3,3,7,2,9,3,1,1,6,2,9,3,162,164,162,56,11,0,0,0,0,0,0
txn_06311,3,11,5,203,1,1,1,5,6,2,3,4,1,6,3,1,1,4,1,6,3,218,222,218,74,7,0,0,0,0,0,0
txn_07127,3,4,2,73,1,1,1,2,2,1,1,1,0,2,1,1,0,1,0,2,1,79,82,79,26,2,0,0,0,0,0,0
txn_08228,0,6,10,76,0,0,0,3,3,4,6,3,4,3,6,0,0,0,0,3,6,92,92,92,33,9,0,0,0,0,0,0
txn_08030,5,15,7,84,1,2,2,6,9,3,4,5,2,9,4,1,2,5,3,9,4,106,111,106,35,11,0,0,0,0,0,0
txn_03788,3,16,6,161,1,1,1,6,10,3,3,6,3,10,3,1,1,3,3,10,3,186,186,186,64,14,0,0,0,0,0,0
txn_05678,0,14,5,62,0,0,0,5,9,2,3,5,2,9,3,0,0,0,0,9,3,81,81,81,28,12,0,0,0,0,0,0
txn_08992,5,9,5,306,1,2,2,4,5,2,3,3,2,5,2,1,1,3,3,5,2,322,325,322,111,8,0,0,0,0,0,0
txn_04928,3,11,2,188,1,1,1,5,6,1,1,4,0,5,0,1,0,4,0,5,0,197,204,197,66,6,0,0,0,0,0,0
txn_01203,3,12,6,167,1,1,1,5,7,3,3,5,3,7,3,1,1,5,1,7,3,187,188,187,63,11,0,0,0,0,0,0
txn_03290,0,10,7,45,0,0,0,5,5,3,4,5,3,4,4,0,0,0,0,4,4,61,62,61,22,9,0,0,0,0,0,0
txn_07830,6,16,7,150,1,2,3,5,11,3,4,4,3,11,4,1,1,4,3,11,4,175,179,175,58,14,0,0,0,0,0,0
txn_00941,6,14,4,190,2,2,2,6,8,2,2,5,1,8,2,2,2,11,4,8,2,210,214,210,70,10,0,0,0,0,0,0
txn_09552,0,4,4,104,0,0,0,2,2,2,2,2,2,2,2,0,0,0,0,2,2,112,112,112,39,4,0,0,0,0,0,0
txn_03487,0,9,4,184,0,0,0,4,5,1,3,4,1,5,3,0,0,0,0,5,3,196,197,196,68,7,0,0,0,0,0,0
txn_07126,5,11,7,308,1,2,2,5,6,3,4,4,2,6,4,1,2,4,5,6,4,326,331,326,114,9,0,0,0,0,0,0
txn_06313,7,18,3,97,1,2,4,7,11,1,2,6,0,11,2,1,1,6,1,11,2,118,125,118,39,11,0,0,0,0,0,0
txn_06934,5,11,2,332,1,2,2,5,6,1,1,4,1,6,1,1,1,4,2,6,1,348,350,348,120,7,0,0,0,0,0,0
txn_03915,3,11,9,100,1,1,1,5,6,3,6,4,2,6,6,1,1,4,2,6,6,120,123,120,40,11,0,0,0,0,0,0
txn_05639,5,10,2,163,1,1,3,3,7,1,1,2,1,7,1,1,1,2,3,7,1,177,180,177,58,8,0,0,0,0,0,0
txn_04878,3,8,2,47,1,1,1,3,5,1,1,2,0,5,1,1,0,2,0,5,1,57,60,57,18,5,0,0,0,0,0,0
txn_01595,4,9,0,199,1,1,2,4,5,0,0,3,0,5,0,1,0,3,0,5,0,210,212,210,71,5,0,0,0,0,0,0
txn_04317,0,9,9,311,0,0,0,4,5,3,6,4,3,5,6,0,0,0,0,5,6,329,329,329,116,11,0,0,0,0,0,0
txn_02522,0,13,4,158,0,0,0,5,8,1,3,5,1,8,3,0,0,0,0,8,3,175,175,175,60,11,0,0,0,0,0,0
txn_06137,3,9,5,107,1,1,1,4,5,2,3,4,2,5,3,1,1,2,1,5,3,124,124,124,43,9,0,0,0,0,0,0
txn_06627,6,11,12,79,2,1,3,5,6,4,8,4,3,6,8,2,1,7,3,6,8,102,108,102,34,12,0,0,0,0,0,0
txn_04452,6,9,7,87,2,1,3,3,6,2,5,2,1,6,5,2,1,8,1,6,5,102,109,102,32,9,0,0,0,0,0,0
txn_06344,5,24,14,100,1,2,2,9,15,5,9,8,4,15,9,1,1,8,4,15,9,138,143,138,46,22,0,0,0,0,0,0
txn_00458,5,19,8,132,2,1,2,8,11,3,5,7,3,11,5,2,0,13,0,11,5,163,164,163,54,17,0,0,0,0,0,0
txn_04922,0,18,8,175,0,0,0,5,13,3,5,5,3,12,5,0,0,0,0,12,5,200,201,200,68,18,0,0,0,0,0,0
txn_03530,4,19,7,44,1,1,2,7,12,2,5,6,1,12,5,1,1,6,1,12,5,67,74,67,22,13,0,0,0,0,0,0
txn_01212,0,4,10,314,0,0,0,2,2,4,6,2,4,2,6,0,0,0,0,2,6,327,328,327,116,7,0,0,0,0,0,0
txn_09776,0,6,6,164,0,0,0,3,3,2,4,3,2,3,4,0,0,0,0,3,4,176,176,176,61,7,0,0,0,0,0,0
txn_03125,4,11,12,72,1,1,2,4,7,5,7,3,4,7,7,1,1,3,4,7,7,94,99,94,32,12,0,0,0,0,0,0
txn_03726,0,10,2,134,0,0,0,3,7,1,1,3,1,7,1,0,0,0,0,7,1,146,146,146,49,8,0,0,0,0,0,0
txn_00715,5,4,11,103,2,1,2,2,2,4,7,1,3,2,7,2,1,2,3,2,7,119,123,119,39,8,0,0,0,0,0,0
txn_00153,5,9,9,76,1,1,3,3,6,3,6,2,2,6,6,1,1,2,2,6,6,91,99,91,30,8,0,0,0,0,0,0
txn_05703,13,7,9,104,3,4,6,2,5,4,5,1,3,5,5,3,4,9,11,5,5,126,133,126,39,10,0,0,0,0,0,0
txn_00829,0,6,2,67,0,0,0,3,3,1,1,3,1,3,1,0,0,0,0,3,1,75,75,75,26,4,0,0,0,0,0,0
txn_06846,3,7,9,128,1,1,1,3,4,4,5,2,3,3,4,1,1,2,3,3,4,139,147,139,46,7,0,0,0,0,0,0
txn_03779,6,11,6,206,2,1,3,4,7,2,4,3,1,7,4,2,1,7,1,7,4,223,229,223,74,9,0,0,0,0,0,0
txn_05155,3,11,8,57,1,1,1,5,6,4,4,4,4,6,4,1,1,4,2,6,4,78,79,78,27,10,0,0,0,0,0,0
txn_06466,3,12,5,177,1,1,1,5,7,2,3,4,2,7,3,1,1,4,2,7,3,196,197,196,68,10,0,0,0,0,0,0
txn_00181,3,9,13,107,1,1,1,4,5,6,7,3,5,5,7,1,1,3,5,5,7,129,132,129,44,11,0,0,0,0,0,0
txn_05845,4,15,0,317,1,1,2,7,8,0,0,6,0,7,0,1,1,6,3,7,0,329,336,329,114,8,0,0,0,0,0,0
txn_02994,0,16,7,318,0,0,0,7,9,3,4,7,3,8,4,0,0,0,0,8,4,340,341,340,120,13,0,0,0,0,0,0
txn_07743,3,18,7,56,1,1,1,7,11,3,4,6,3,11,4,1,1,6,4,11,4,82,84,82,28,14,0,0,0,0,0,0
txn_03680,3,8,4,36,1,1,1,4,4,2,2,3,1,4,2,1,1,3,1,4,2,48,51,48,16,5,0,0,0,0,0,0
txn_03114,4,12,6,107,1,1,2,5,7,2,4,4,1,6,3,1,1,4,1,6,3,120,129,120,40,8,0,0,0,0,0,0
txn_06654,3,14,4,142,1,1,1,5,9,2,2,4,1,9,2,1,1,4,1,9,2,160,163,160,53,10,0,0,0,0,0,0
txn_03727,0,20,0,68,0,0,0,7,13,0,0,7,0,13,0,0,0,0,0,13,0,88,88,88,30,13,0,0,0,0,0,0
txn_00227,0,14,2,103,0,0,0,6,8,1,1,6,1,8,1,0,0,0,0,8,1,119,119,119,42,9,0,0,0,0,0,0
txn_05012,0,9,4,71,0,0,0,4,5,2,2,4,2,5,2,0,0,0,0,5,2,84,84,84,30,7,0,0,0,0,0,0
txn_00486,4,14,11,187,1,1,2,5,9,5,6,4,4,9,6,1,1,4,4,9,6,210,216,210,72,12,0,0,0,0,0,0
txn_07527,4,5,6,135,1,1,2,2,3,2,4,1,1,3,4,1,1,1,1,3,4,145,150,145,47,5,0,0,0,0,0,0
txn_03091,5,15,7,106,2,1,2,7,8,3,4,6,2,8,4,2,1,7,2,8,4,129,133,129,44,11,0,0,0,0,0,0
txn_01011,0,17,9,320,0,0,0,6,11,3,6,6,3,10,6,0,0,0,0,10,6,344,346,344,120,16,0,0,0,0,0,0
txn_09403,3,9,0,153,1,1,1,3,6,0,0,2,0,5,0,1,1,2,1,5,0,162,165,162,53,6,0,0,0,0,0,0
txn_02238,0,9,3,107,0,0,0,4,5,1,2,4,1,5,2,0,0,0,0,5,2,119,119,119,41,7,0,0,0,0,0,0
txn_04805,5,17,4,80,1,1,3,5,12,1,3,4,0,12,3,1,0,4,0,12,3,99,106,99,31,12,0,0,0,0,0,0
txn_00355,5,9,6,74,2,1,2,4,5,3,3,3,2,5,3,2,1,5,2,5,3,90,94,90,30,7,0,0,0,0,0,0
txn_03140,0,8,4,188,0,0,0,4,4,2,2,4,2,4,2,0,0,0,0,4,2,200,200,200,70,6,0,0,0,0,0,0
txn_09220,3,10,12,138,1,1,1,4,6,5,7,3,4,6,7,1,1,3,4,6,7,159,163,159,52,12,0,0,0,0,0,0
txn_03851,0,15,2,51,0,0,0,6,9,1,1,6,1,9,1,0,0,0,0,9,1,68,68,68,24,10,0,0,0,0,0,0
txn_01458,6,4,8,322,2,2,2,2,2,4,4,2,3,2,3,2,2,10,4,2,3,336,340,336,117,7,0,0,0,0,0,0
txn_02016,3,17,4,146,1,1,1,7,10,2,2,6,1,10,2,1,1,6,1,10,2,166,170,166,56,11,0,0,0,0,0,0
txn_00324,8,22,5,143,1,2,5,8,14,2,3,7,1,14,3,1,2,7,2,14,3,170,178,170,55,15,0,0,0,0,0,0
txn_07526,0,17,11,50,0,0,0,5,12,5,6,5,5,12,6,0,0,0,0,12,6,77,78,77,26,17,0,0,0,0,0,0
txn_06857,3,20,4,166,1,1,1,9,11,2,2,9,2,11,2,1,1,4,4,11,2,191,193,191,66,13,0,0,0,0,0,0
txn_09427,6,31,7,209,1,2,3,14,17,3,4,13,2,16,3,1,2,13,5,16,3,241,253,241,83,18,0,0,0,0,0,0
txn_08101,5,12,7,83,2,1,2,5,7,3,4,5,3,7,4,2,1,9,1,7,4,107,107,107,36,13,0,0,0,0,0,0
txn_08612,0,10,3,169,0,0,0,4,6,1,2,4,1,6,2,0,0,0,0,6,2,181,182,181,62,7,0,0,0,0,0,0
txn_03251,4,10,2,47,1,1,2,4,6,1,1,4,1,6,1,1,1,2,1,6,1,62,63,62,21,8,0,0,0,0,0,0
txn_06676,3,13,2,146,1,1,1,5,8,1,1,4,0,8,1,1,0,4,0,8,1,161,164,161,52,8,0,0,0,0,0,0
txn_01213,8,16,8,85,3,2,3,6,10,4,4,5,3,10,4,3,1,10,3,10,4,113,117,113,36,14,0,0,0,0,0,0
txn_08641,3,10,8,109,1,1,1,4,6,3,5,3,2,6,5,1,1,3,2,6,5,127,130,127,42,10,0,0,0,0,0,0
txn_04845,5,16,13,135,1,1,3,4,12,5,8,3,4,12,8,1,1,3,4,12,8,160,169,160,53,15,0,0,0,0,0,0
txn_04182,0,9,4,145,0,0,0,4,5,1,3,4,1,5,3,0,0,0,0,5,3,158,158,158,54,8,0,0,0,0,0,0
txn_07328,10,8,5,71,3,3,4,4,4,2,3,3,1,4,3,3,3,12,6,4,3,91,94,91,28,9,0,0,0,0,0,0
txn_07644,6,6,9,110,2,2,2,2,4,4,5,1,4,4,4,2,2,5,2,4,4,128,131,128,41,9,0,0,0,0,0,0
txn_05707,4,3,10,45,1,1,2,1,2,3,7,0,2,2,7,0,1,0,2,2,7,57,62,57,17,7,0,0,0,0,0,0
txn_01084,6,8,11,65,2,2,2,3,5,4,7,2,3,5,7,2,2,8,6,5,7,87,90,87,27,12,0,0,0,0,0,0
txn_08732,4,14,8,90,1,1,2,6,8,2,6,5,1,8,6,1,1,5,1,8,6,110,116,110,36,11,0,0,0,0,0,0
txn_08890,5,21,2,167,1,2,2,9,12,1,1,8,0,12,1,1,1,8,1,12,1,190,195,190,65,12,0,0,0,0,0,0
txn_04925,3,12,5,81,1,1,1,5,7,2,3,4,1,7,3,1,1,4,1,7,3,97,101,97,32,8,0,0,0,0,0,0
txn_08277,5,15,5,202,2,1,2,6,9,2,3,5,1,9,3,2,1,9,1,9,3,223,227,223,75,11,0,0,0,0,0,0
txn_09497,0,6,4,335,0,0,0,3,3,2,2,3,2,3,2,0,0,0,0,3,2,344,345,344,120,5,0,0,0,0,0,0
txn_01434,3,8,9,338,1,1,1,4,4,4,5,3,3,4,4,1,1,3,3,4,4,352,358,352,122,7,0,0,0,0,0,0
txn_04240,3,4,2,47,1,1,1,1,3,1,1,1,1,3,1,1,1,1,2,3,1,56,56,56,18,5,0,0,0,0,0,0
txn_02739,3,12,0,111,1,1,1,5,7,0,0,4,0,7,0,1,1,4,1,7,0,125,126,125,41,7,0,0,0,0,0,0
txn_05521,3,5,2,33,1,1,1,2,3,1,1,2,1,3,1,1,1,6,3,3,1,43,43,43,14,5,0,0,0,0,0,0
txn_04132,3,11,6,68,1,1,1,5,6,3,3,4,2,6,3,1,1,4,2,6,3,85,88,85,29,8,0,0,0,0,0,0
txn_09183,3,10,8,340,1,1,1,4,6,3,5,4,2,5,5,1,1,3,2,5,5,359,361,359,123,11,0,0,0,0,0,0
txn_05341,4,7,3,115,1,1,2,3,4,1,2,2,0,4,2,1,0,2,0,4,2,124,129,124,40,4,0,0,0,0,0,0
txn_01635,3,22,9,170,1,1,1,9,13,4,5,8,3,13,5,1,1,8,3,13,5,199,204,199,66,16,0,0,0,0,0,0
txn_00096,0,11,3,172,0,0,0,4,7,1,2,4,1,6,2,0,0,0,0,6,2,185,186,185,62,9,0,0,0,0,0,0
txn_03709,0,4,3,193,0,0,0,2,2,1,2,2,1,2,2,0,0,0,0,2,2,200,200,200,68,4,0,0,0,0,0,0
txn_08417,3,21,8,149,1,1,1,10,11,3,5,9,2,10,5,1,1,9,2,10,5,175,181,175,60,14,0,0,0,0,0,0
txn_00484,5,15,4,48,1,1,3,5,10,1,3,4,0,9,3,1,0,4,0,9,3,63,72,63,19,10,0,0,0,0,0,0
txn_02815,0,14,6,39,0,0,0,5,9,3,3,5,3,9,3,0,0,0,0,9,3,59,59,59,21,12,0,0,0,0,0,0
txn_09610,7,12,8,137,2,2,3,5,7,3,5,4,2,7,5,2,2,5,4,7,5,159,164,159,52,11,0,0,0,0,0,0
txn_07783,0,13,13,205,0,0,0,4,9,8,5,4,8,9,5,0,0,0,0,9,5,228,231,228,81,12,0,0,0,0,0,0
txn_04520,6,14,4,93,2,1,3,7,7,1,3,6,0,7,3,2,0,8,0,7,3,112,117,112,38,9,0,0,0,0,0,0
txn_07973,6,8,6,33,2,2,2,3,5,3,3,3,3,5,3,2,2,8,5,5,3,53,53,53,17,10,0,0,0,0,0,0
txn_09990,0,11,4,342,0,0,0,5,6,2,2,5,2,6,1,0,0,0,0,6,1,356,357,356,125,8,0,0,0,0,0,0
txn_04173,7,21,2,80,2,2,3,10,11,1,1,9,0,11,1,2,1,13,2,11,1,106,110,106,36,12,0,0,0,0,0,0
txn_08965,4,7,5,174,1,1,2,3,4,2,3,3,2,4,3,1,0,4,0,4,3,189,190,189,64,8,0,0,0,0,0,0
txn_04024,3,10,2,36,1,1,1,4,6,1,1,4,1,6,1,1,1,5,1,6,1,50,51,50,17,7,0,0,0,0,0,0
txn_01378,3,14,8,190,1,1,1,7,7,3,5,6,2,7,5,1,1,6,2,7,5,212,215,212,73,11,0,0,0,0,0,0
txn_00532,3,7,4,51,1,1,1,3,4,2,2,3,1,4,2,1,1,4,1,4,2,64,65,64,21,6,0,0,0,0,0,0
txn_04229,3,11,14,145,1,1,1,5,6,6,8,5,5,6,8,1,1,4,5,6,8,172,173,172,59,14,0,0,0,0,0,0
txn_05202,3,4,9,75,1,1,1,2,2,5,4,2,5,2,4,1,1,3,2,2,4,90,91,90,32,6,0,0,0,0,0,0
txn_06526,3,16,4,50,1,1,1,6,10,2,2,5,1,10,2,1,1,5,1,10,2,70,73,70,23,11,0,0,0,0,0,0
txn_09870,5,18,10,151,2,1,2,7,11,4,6,6,3,11,6,2,1,9,3,11,6,179,184,179,60,15,0,0,0,0,0,0
txn_03425,6,6,8,50,2,1,3,3,3,3,5,2,2,3,5,2,1,8,2,3,5,64,70,64,21,6,0,0,0,0,0,0
txn_02084,3,12,11,71,1,1,1,5,7,5,6,5,4,7,6,1,1,4,4,7,6,95,97,95,33,12,0,0,0,0,0,0
txn_07349,0,10,9,85,0,0,0,4,6,4,5,4,4,6,5,0,0,0,0,6,5,103,104,103,37,10,0,0,0,0,0,0
txn_01742,6,13,6,85,2,1,3,6,7,2,4,5,1,7,4,2,1,8,1,7,4,104,110,104,35,9,0,0,0,0,0,0
txn_09037,7,14,7,88,1,2,4,5,9,3,4,4,2,9,4,1,2,4,3,9,4,109,116,109,36,11,0,0,0,0,0,0
txn_00732,5,13,12,196,2,1,2,6,7,4,8,5,3,7,8,1,1,5,3,7,8,220,226,220,74,12,0,0,0,0,0,0
txn_02654,3,6,8,344,1,1,1,3,3,4,4,3,3,3,3,1,1,5,3,3,3,356,361,356,125,6,0,0,0,0,0,0
txn_05963,5,9,4,173,1,2,2,4,5,2,2,3,2,5,2,1,2,3,7,5,2,189,191,189,62,7,0,0,0,0,0,0
txn_06615,0,6,6,154,0,0,0,3,3,1,5,3,1,3,5,0,0,0,0,3,5,165,166,165,56,7,0,0,0,0,0,0
txn_05790,10,13,10,96,2,4,4,5,8,5,5,5,5,8,5,2,2,13,11,8,5,124,129,124,41,15,0,0,0,0,0,0
txn_09890,5,17,3,324,2,1,2,8,9,1,2,7,0,9,2,2,0,13,0,9,2,345,349,345,121,10,0,0,0,0,0,0
txn_06709,0,3,10,346,0,0,0,1,2,4,6,1,4,2,6,0,0,0,0,2,6,359,359,359,126,8,0,0,0,0,0,0
txn_08217,4,14,9,77,1,1,2,6,8,4,5,5,3,8,5,1,1,5,3,8,5,99,104,99,34,11,0,0,0,0,0,0
txn_08331,3,4,4,208,1,1,1,2,2,2,2,2,1,2,2,1,1,5,1,2,2,218,219,218,74,4,0,0,0,0,0,0
txn_02343,3,13,5,82,1,1,1,5,8,2,3,5,2,8,3,1,1,6,1,8,3,103,103,103,35,12,0,0,0,0,0,0
txn_06722,6,8,7,148,1,2,3,4,4,3,4,4,2,4,4,1,2,3,5,4,4,167,169,167,56,9,0,0,0,0,0,0
txn_06116,3,12,9,349,1,1,1,5,7,3,6,4,3,7,6,1,1,4,2,7,6,371,373,371,129,12,0,0,0,0,0,0
txn_00990,4,22,5,54,1,1,2,9,13,2,3,8,1,13,3,1,1,8,1,13,3,80,85,80,27,14,0,0,0,0,0,0
txn_07573,3,5,8,80,1,1,1,2,3,3,5,1,2,3,5,1,1,1,2,3,5,92,96,92,30,6,0,0,0,0,0,0
txn_01766,0,14,3,74,0,0,0,6,8,1,2,6,1,8,2,0,0,0,0,8,2,91,91,91,32,10,0,0,0,0,0,0
txn_02426,3,11,4,69,1,1,1,5,6,2,2,4,1,6,2,1,1,4,1,6,2,84,87,84,28,7,0,0,0,0,0,0
txn_09892,3,7,6,118,1,1,1,3,4,3,3,3,2,4,2,1,1,8,2,4,2,131,134,131,43,7,0,0,0,0,0,0
txn_08242,3,17,14,90,1,1,1,8,9,6,8,7,5,8,7,1,1,7,5,8,7,115,124,115,41,14,0,0,0,0,0,0
txn_05092,3,8,3,170,1,1,1,3,5,1,2,3,1,5,1,1,0,6,0,5,1,183,184,183,61,8,0,0,0,0,0,0
txn_04880,6,11,5,148,2,2,2,5,6,2,3,4,2,6,3,2,1,8,1,6,3,168,170,168,55,10,0,0,0,0,0,0
txn_04547,3,6,5,210,1,1,1,3,3,2,3,3,1,3,3,1,1,4,1,3,3,222,224,222,76,5,0,0,0,0,0,0
txn_03381,5,17,6,86,1,1,3,7,10,2,4,6,1,10,4,1,1,6,1,10,4,105,114,105,35,10,0,0,0,0,0,0
txn_00991,3,16,6,211,1,1,1,8,8,3,3,8,2,8,3,1,1,9,2,8,3,235,236,235,82,11,0,0,0,0,0,0
txn_08238,7,6,8,83,2,2,3,3,3,4,4,2,3,3,4,2,2,6,5,3,4,101,104,101,33,8,0,0,0,0,0,0
txn_09668,0,12,2,327,0,0,0,6,6,1,1,6,1,5,1,0,0,0,0,5,1,339,341,339,120,7,0,0,0,0,0,0
txn_09898,0,17,4,114,0,0,0,6,11,2,2,6,2,11,2,0,0,0,0,11,2,135,135,135,46,13,0,0,0,0,0,0
txn_07219,0,14,2,172,0,0,0,6,8,1,1,6,1,8,1,0,0,0,0,8,1,188,188,188,66,9,0,0,0,0,0,0
txn_05006,3,8,6,129,1,1,1,4,4,3,3,3,2,4,3,1,1,3,2,4,3,143,146,143,49,6,0,0,0,0,0,0
txn_01874,0,10,0,86,0,0,0,5,5,0,0,5,0,5,0,0,0,0,0,5,0,96,96,96,34,5,0,0,0,0,0,0
txn_01601,5,17,4,60,1,2,2,7,10,2,2,6,1,10,2,1,1,6,1,10,2,82,86,82,27,11,0,0,0,0,0,0
txn_05716,4,4,9,138,1,1,2,1,3,3,6,1,2,3,6,1,1,3,2,3,6,153,155,153,50,9,0,0,0,0,0,0
txn_01071,0,18,4,89,0,0,0,9,9,2,2,9,2,9,2,0,0,0,0,9,2,111,111,111,41,11,0,0,0,0,0,0
txn_02773,3,10,4,175,1,1,1,5,5,2,2,4,1,5,2,1,1,4,1,5,2,189,192,189,65,6,0,0,0,0,0,0
txn_06528,6,11,4,50,2,2,2,5,6,2,2,4,1,6,2,2,2,12,3,6,2,68,71,68,22,8,0,0,0,0,0,0
txn_08377,9,9,5,107,3,2,4,4,5,2,3,3,1,5,3,3,1,12,1,5,3,126,130,126,40,9,0,0,0,0,0,0
txn_02895,3,6,6,149,1,1,1,3,3,3,3,2,3,3,3,1,1,2,1,3,3,163,164,163,56,6,0,0,0,0,0,0
txn_09843,3,12,2,110,1,1,1,5,7,1,1,4,1,7,1,1,1,4,3,7,1,126,127,126,43,8,0,0,0,0,0,0
txn_06875,3,14,6,74,1,1,1,5,9,3,3,5,2,9,3,1,1,1,2,9,3,96,97,96,32,12,0,0,0,0,0,0
txn_01249,4,2,12,352,1,1,2,1,1,5,7,1,4,1,6,1,1,3,4,1,6,365,370,365,126,8,0,0,0,0,0,0
txn_04877,6,8,4,79,1,2,3,2,6,2,2,1,1,5,2,1,2,1,2,5,2,89,97,89,28,7,0,0,0,0,0,0
txn_06411,3,7,6,132,1,1,1,3,4,3,3,3,2,4,3,1,1,2,2,4,3,147,148,147,50,7,0,0,0,0,0,0
txn_02211,0,17,0,191,0,0,0,4,13,0,0,4,0,12,0,0,0,0,0,12,0,207,208,207,68,13,0,0,0,0,0,0
txn_07192,5,5,9,110,2,1,2,2,3,4,5,1,3,3,5,2,1,6,3,3,5,125,129,125,41,7,0,0,0,0,0,0
txn_02770,3,16,17,80,1,1,1,6,10,7,10,5,6,10,9,1,1,5,6,10,9,110,116,110,37,18,0,0,0,0,0,0
txn_09542,5,9,0,87,2,1,2,4,5,0,0,4,0,5,0,2,0,12,0,5,0,101,101,101,33,7,0,0,0,0,0,0
txn_01663,5,11,16,176,1,2,2,4,7,7,9,3,6,7,9,1,1,3,6,7,9,202,208,202,67,13,0,0,0,0,0,0
txn_01175,8,12,4,329,2,3,3,5,7,2,2,4,1,7,2,2,3,10,6,7,2,349,353,349,121,9,0,0,0,0,0,0
txn_06433,0,6,10,78,0,0,0,3,3,5,5,3,5,3,5,0,0,0,0,3,5,93,94,93,34,7,0,0,0,0,0,0
txn_03963,0,16,2,106,0,0,0,5,11,1,1,5,1,11,1,0,0,0,0,11,1,124,124,124,42,12,0,0,0,0,0,0
txn_09637,3,4,7,332,1,1,1,2,2,3,4,2,2,2,3,1,1,2,2,2,3,342,346,342,120,6,0,0,0,0,0,0
txn_09174,5,13,9,213,2,1,2,5,8,4,5,4,3,8,5,2,1,9,3,8,5,236,240,236,80,12,0,0,0,0,0,0
txn_08904,4,2,10,157,1,1,2,1,1,4,6,1,3,1,6,1,1,4,3,1,6,171,173,171,57,7,0,0,0,0,0,0
txn_07306,0,10,6,199,0,0,0,4,6,3,3,4,3,6,3,0,0,0,0,6,3,214,215,214,74,8,0,0,0,0,0,0
txn_00750,4,5,8,120,1,1,2,2,3,4,4,1,4,3,4,1,1,1,1,3,4,135,137,135,45,7,0,0,0,0,0,0
txn_00899,3,9,9,99,1,1,1,4,5,4,5,3,4,5,5,1,1,3,3,5,5,118,120,118,39,10,0,0,0,0,0,0
txn_04852,0,10,3,140,0,0,0,3,7,1,2,3,1,7,2,0,0,0,0,7,2,153,153,153,51,9,0,0,0,0,0,0
txn_03336,5,8,7,135,2,1,2,4,4,3,4,3,2,4,4,2,1,6,2,4,4,151,155,151,51,7,0,0,0,0,0,0
txn_08291,3,5,8,39,1,1,1,2,3,3,5,1,2,3,5,1,1,1,2,3,5,52,55,52,16,7,0,0,0,0,0,0
txn_09968,0,9,5,91,0,0,0,5,4,2,3,5,2,4,3,0,0,0,0,4,3,105,105,105,39,7,0,0,0,0,0,0
txn_05824,6,13,10,60,2,1,3,5,8,4,6,5,3,8,6,2,1,6,3,8,6,85,89,85,28,13,0,0,0,0,0,0
txn_03803,5,7,11,88,2,1,2,3,4,4,7,3,3,4,6,2,1,8,3,4,6,107,111,107,35,11,0,0,0,0,0,0
txn_02557,6,14,4,93,2,2,2,6,8,2,2,5,1,8,2,2,2,9,4,8,2,114,117,114,37,10,0,0,0,0,0,0
txn_03383,0,18,11,94,0,0,0,7,11,5,6,7,5,11,6,0,0,0,0,11,6,122,123,122,45,16,0,0,0,0,0,0
txn_09625,4,11,5,113,1,1,2,6,5,2,3,6,1,5,3,1,1,4,1,5,3,131,133,131,46,8,0,0,0,0,0,0
txn_06701,3,6,2,219,1,1,1,3,3,1,1,3,0,2,1,1,0,1,0,2,1,228,230,228,75,4,0,0,0,0,0,0
txn_09124,0,11,6,216,0,0,0,4,7,3,3,4,3,7,3,0,0,0,0,7,3,232,233,232,81,9,0,0,0,0,0,0
txn_04819,3,17,4,113,1,1,1,6,11,2,2,5,2,11,2,1,1,5,3,11,2,136,137,136,45,13,0,0,0,0,0,0
txn_02818,5,16,9,177,2,2,1,7,9,3,6,6,2,9,6,2,2,10,4,9,6,203,207,203,68,13,0,0,0,0,0,0
txn_03503,8,9,15,221,2,2,4,4,5,9,6,4,8,5,5,2,2,12,9,5,5,248,253,248,83,14,0,0,0,0,0,0
txn_07701,7,27,10,109,1,3,3,8,19,4,6,7,3,19,6,1,3,7,7,19,6,145,153,145,47,21,0,0,0,0,0,0
txn_02027,8,11,2,39,2,3,3,5,6,1,1,4,0,6,1,2,2,8,3,6,1,57,60,57,17,8,0,0,0,0,0,0
txn_02224,11,16,12,223,4,4,3,7,9,6,6,7,5,9,5,4,4,17,17,9,5,253,262,253,84,17,0,0,0,0,0,0
txn_01909,0,10,0,112,0,0,0,5,5,0,0,5,0,5,0,0,0,0,0,5,0,122,122,122,43,5,0,0,0,0,0,0
txn_08023,3,10,6,75,1,1,1,5,5,3,3,4,2,5,3,1,1,4,2,5,3,89,94,89,31,6,0,0,0,0,0,0
txn_00467,3,13,8,224,1,1,1,6,7,3,5,5,2,6,5,1,1,5,2,6,5,243,248,243,81,11,0,0,0,0,0,0
txn_00452,4,16,11,161,1,1,2,7,9,3,8,6,2,9,8,1,1,6,2,9,8,187,192,187,63,15,0,0,0,0,0,0
txn_04528,3,4,4,149,1,1,1,2,2,2,2,1,1,2,2,1,1,1,1,2,2,157,160,157,51,3,0,0,0,0,0,0
txn_09312,6,11,3,151,1,2,3,5,6,1,2,4,0,6,2,1,1,4,3,6,2,165,171,165,55,6,0,0,0,0,0,0
txn_09551,3,13,6,180,1,1,1,6,7,3,3,6,2,7,3,1,1,6,2,7,3,200,202,200,69,9,0,0,0,0,0,0
txn_03563,6,9,7,92,2,1,3,4,5,3,4,3,3,5,4,2,1,4,4,5,4,112,114,112,37,10,0,0,0,0,0,0
txn_08414,3,11,5,354,1,1,1,4,7,2,3,3,1,7,3,1,1,3,1,7,3,370,373,370,128,9,0,0,0,0,0,0
txn_04281,4,18,9,357,1,1,2,8,10,3,6,7,3,10,5,1,1,7,3,10,5,384,388,384,134,15,0,0,0,0,0,0
txn_05153,0,8,2,112,0,0,0,4,4,1,1,4,1,4,1,0,0,0,0,4,1,121,122,121,43,4,0,0,0,0,0,0
txn_01312,3,4,0,72,1,1,1,2,2,0,0,2,0,2,0,1,1,5,3,2,0,79,79,79,26,3,0,0,0,0,0,0
txn_03078,3,12,4,102,1,1,1,5,7,1,3,4,1,7,3,1,1,4,4,7,3,119,121,119,38,10,0,0,0,0,0,0
txn_05935,3,7,8,154,1,1,1,3,4,3,5,2,2,4,5,1,1,2,2,4,5,169,172,169,56,8,0,0,0,0,0,0
txn_09331,4,5,11,152,1,1,2,2,3,4,7,1,3,3,6,1,1,1,3,3,6,165,172,165,53,8,0,0,0,0,0,0
txn_01064,0,2,9,83,0,0,0,1,1,4,5,1,4,1,4,0,0,0,0,1,4,93,94,93,32,6,0,0,0,0,0,0
txn_08294,5,13,6,117,1,1,3,4,9,2,4,3,1,9,4,1,1,3,1,9,4,134,141,134,43,10,0,0,0,0,0,0
txn_03561,3,4,9,65,1,1,1,2,2,4,5,2,3,2,5,0,1,0,3,2,5,80,81,80,27,7,0,0,0,0,0,0
txn_04352,3,11,12,359,1,1,1,5,6,5,7,5,4,6,7,1,1,4,4,6,7,383,385,383,135,12,0,0,0,0,0,0
txn_06259,6,6,10,88,2,2,2,3,3,4,6,2,3,3,6,1,2,2,8,3,6,106,110,106,34,8,0,0,0,0,0,0
txn_01911,10,13,4,155,2,4,4,5,8,2,2,5,2,8,2,2,4,10,7,8,2,179,182,179,58,14,0,0,0,0,0,0
txn_06493,9,18,13,157,3,2,4,8,10,5,8,8,5,10,8,3,2,14,6,10,8,190,197,190,64,18,0,0,0,0,0,0
txn_03542,11,13,2,159,4,3,4,6,7,1,1,6,1,7,1,4,3,21,11,7,1,180,185,180,59,11,0,0,0,0,0,0
txn_02291,9,11,14,161,3,2,4,5,6,5,9,5,5,6,8,3,1,13,2,6,8,189,195,189,60,17,0,0,0,0,0,0
txn_02860,9,12,13,163,3,3,3,5,7,6,7,5,6,7,7,3,3,9,6,7,7,194,197,194,64,15,0,0,0,0,0,0
txn_08998,6,11,10,166,1,1,4,5,6,4,6,5,4,6,6,1,1,6,1,6,6,188,193,188,64,13,0,0,0,0,0,0
txn_04561,6,15,4,193,2,1,3,5,10,1,3,5,0,10,3,2,0,13,0,10,3,214,218,214,71,12,0,0,0,0,0,0
txn_08726,6,16,4,169,2,2,2,7,9,2,2,7,2,9,2,2,1,7,2,9,2,195,195,195,65,13,0,0,0,0,0,0
txn_00752,12,7,8,172,3,5,4,3,4,4,4,3,4,4,3,3,5,15,9,4,3,191,199,191,61,10,0,0,0,0,0,0
txn_03965,6,4,4,179,2,2,2,2,2,2,2,2,2,2,2,2,2,11,6,2,2,191,193,191,62,5,0,0,0,0,0,0
txn_03628,6,5,6,173,2,2,2,3,2,3,3,3,3,2,3,2,2,6,2,2,3,189,190,189,63,6,0,0,0,0,0,0
txn_05184,13,5,8,176,5,4,4,2,3,4,4,2,4,3,3,5,4,27,12,3,3,193,202,193,62,9,0,0,0,0,0,0
txn_05507,9,14,8,182,3,3,3,6,8,2,6,6,2,8,6,3,3,13,10,8,6,209,213,209,66,16,0,0,0,0,0,0
txn_09771,7,15,7,184,2,2,3,6,9,3,4,6,3,9,4,2,2,14,10,9,4,210,213,210,69,16,0,0,0,0,0,0
txn_00026,9,10,7,154,3,3,3,4,6,3,4,4,3,6,4,3,3,13,8,6,4,180,180,180,58,13,0,0,0,0,0,0
txn_00497,14,10,9,157,4,6,4,4,6,4,5,4,4,6,4,4,6,18,13,6,4,185,190,185,59,12,0,0,0,0,0,0
txn_03998,9,10,4,177,3,3,3,5,5,2,2,5,2,5,2,3,3,9,5,5,2,197,200,197,64,9,0,0,0,0,0,0
txn_03596,14,16,9,159,5,5,4,6,10,3,6,6,3,9,6,5,5,20,12,9,6,192,198,192,60,16,0,0,0,0,0,0
txn_08559,3,6,6,161,1,1,1,2,4,3,3,2,3,4,3,1,1,5,4,4,3,174,176,174,58,8,0,0,0,0,0,0
txn_07500,14,22,10,179,3,4,7,10,12,5,5,10,5,12,4,3,4,10,12,12,4,214,225,214,70,17,0,0,0,0,0,0
txn_02848,15,15,9,164,6,5,4,6,9,3,6,6,3,9,6,6,5,29,16,9,6,197,203,197,63,17,0,0,0,0,0,0
txn_07465,17,9,7,180,5,7,5,4,5,3,4,4,3,5,4,5,7,22,19,5,4,205,213,205,64,13,0,0,0,0,0,0
txn_05727,3,13,4,167,1,1,1,5,8,2,2,5,2,8,2,1,1,4,1,8,2,184,187,184,62,9,0,0,0,0,0,0
txn_09002,3,5,7,170,1,1,1,2,3,2,5,2,2,3,5,1,1,5,3,3,5,185,185,185,61,9,0,0,0,0,0,0
txn_08209,15,10,9,182,5,5,5,4,6,3,6,4,3,6,5,5,5,23,17,6,5,203,216,203,62,12,0,0,0,0,0,0
txn_04248,9,10,10,187,3,3,3,3,7,3,7,3,3,7,7,3,2,14,4,7,7,207,216,207,66,11,0,0,0,0,0,0
txn_08762,10,23,3,183,3,3,4,9,14,1,2,9,1,14,2,3,3,20,13,14,2,214,219,214,66,18,0,0,0,0,0,0
txn_00243,12,13,6,185,4,4,4,5,8,2,4,5,2,7,4,4,3,17,7,7,4,207,216,207,62,12,0,0,0,0,0,0
txn_04780,3,10,8,173,1,1,1,3,7,4,4,3,4,7,4,0,1,0,1,7,4,194,194,194,65,12,0,0,0,0,0,0
txn_08865,6,5,8,77,1,1,4,1,4,3,5,0,2,4,5,0,1,0,2,4,5,87,96,87,28,5,0,0,0,0,0,0
txn_09661,0,10,4,193,0,0,0,4,6,1,3,4,1,6,3,0,0,0,0,6,3,207,207,207,71,9,0,0,0,0,0,0
txn_09606,3,7,6,115,1,1,1,3,4,2,4,3,1,4,3,1,1,7,1,4,3,127,131,127,42,8,0,0,0,0,0,0
txn_06385,5,20,6,116,2,1,2,9,11,2,4,8,1,10,3,2,1,13,1,10,3,140,147,140,48,14,0,0,0,0,0,0
txn_00366,6,7,9,152,2,2,2,3,4,4,5,3,3,4,5,2,2,7,5,4,5,173,174,173,58,10,0,0,0,0,0,0
txn_00012,7,9,17,160,2,2,3,4,5,6,11,3,5,5,10,2,2,6,7,5,10,184,193,184,60,14,0,0,0,0,0,0
txn_03160,7,10,11,75,2,2,3,3,7,4,7,2,4,7,7,2,2,5,6,7,7,100,103,100,32,14,0,0,0,0,0,0
txn_05933,6,18,5,116,1,2,3,7,11,2,3,6,1,10,3,1,1,6,1,10,3,136,145,136,45,12,0,0,0,0,0,0
txn_04885,4,13,6,141,1,1,2,5,8,2,4,4,1,7,4,1,1,4,1,7,4,156,164,156,51,9,0,0,0,0,0,0
txn_06966,3,18,2,85,1,1,1,8,10,1,1,8,1,10,1,1,1,8,2,10,1,108,108,108,38,12,0,0,0,0,0,0
txn_09550,3,12,12,155,1,1,1,5,7,5,7,4,4,7,6,1,1,4,4,7,6,177,182,177,60,13,0,0,0,0,0,0
txn_01317,3,6,3,123,1,1,1,3,3,1,2,2,1,3,2,1,1,2,3,3,2,134,135,134,44,5,0,0,0,0,0,0
txn_09676,4,11,6,226,1,1,2,5,6,2,4,5,2,6,4,1,1,5,1,6,4,247,247,247,83,12,0,0,0,0,0,0
txn_04695,3,12,7,74,1,1,1,5,7,3,4,4,2,7,4,1,1,4,2,7,4,93,96,93,31,10,0,0,0,0,0,0
txn_00681,5,6,4,176,1,2,2,2,4,2,2,2,1,4,2,1,2,2,4,4,2,190,191,190,62,7,0,0,0,0,0,0
txn_05692,4,14,6,103,1,1,2,6,8,2,4,5,1,8,4,1,1,5,1,8,4,122,127,122,41,10,0,0,0,0,0,0
txn_02599,5,10,3,115,2,1,2,5,5,1,2,4,0,5,2,2,0,7,0,5,2,129,133,129,43,6,0,0,0,0,0,0
txn_08931,3,11,2,162,1,1,1,5,6,1,1,5,1,6,1,1,1,5,1,6,1,177,178,177,60,8,0,0,0,0,0,0
txn_09491,6,31,14,151,2,2,2,14,17,6,8,14,6,16,8,2,2,8,5,16,8,193,202,193,68,22,0,0,0,0,0,0
txn_06793,3,3,5,214,1,1,1,1,2,2,3,1,1,2,3,1,1,2,1,2,3,224,225,224,75,5,0,0,0,0,0,0
txn_03070,3,13,12,116,1,1,1,6,7,5,7,5,4,7,7,1,1,5,4,7,7,138,144,138,49,10,0,0,0,0,0,0
txn_02241,6,13,6,334,2,1,3,6,7,2,4,5,1,7,4,2,1,6,1,7,4,353,359,353,124,9,0,0,0,0,0,0
txn_08408,3,8,5,80,1,1,1,4,4,2,3,3,1,4,3,1,1,3,1,4,3,93,96,93,31,6,0,0,0,0,0,0
txn_01866,0,14,0,117,0,0,0,6,8,0,0,6,0,8,0,0,0,0,0,8,0,131,131,131,45,8,0,0,0,0,0,0
txn_04362,0,15,3,21,0,0,0,6,9,2,1,6,2,9,1,0,0,0,0,9,1,38,39,38,15,9,0,0,0,0,0,0
txn_04507,3,7,10,89,1,1,1,3,4,4,6,2,3,4,6,1,1,2,3,4,6,106,109,106,35,9,0,0,0,0,0,0
txn_01583,0,5,4,92,0,0,0,2,3,2,2,2,2,3,2,0,0,0,0,3,2,101,101,101,35,5,0,0,0,0,0,0
txn_04933,8,15,17,143,3,1,4,6,9,7,10,5,6,9,10,3,1,14,6,9,10,176,183,176,59,17,0,0,0,0,0,0
txn_07985,0,2,3,96,0,0,0,1,1,1,2,1,1,1,2,0,0,0,0,1,2,101,101,101,34,3,0,0,0,0,0,0
txn_05804,3,12,5,120,1,1,1,4,8,2,3,4,1,8,3,1,1,2,1,8,3,138,140,138,45,10,0,0,0,0,0,0
txn_02409,7,17,4,153,2,2,3,6,11,2,2,6,1,10,2,2,1,10,1,10,2,176,181,176,58,12,0,0,0,0,0,0
txn_04857,0,6,0,54,0,0,0,3,3,0,0,3,0,3,0,0,0,0,0,3,0,60,60,60,21,3,0,0,0,0,0,0
txn_08510,0,10,2,24,0,0,0,5,5,1,1,5,1,5,1,0,0,0,0,5,1,36,36,36,14,6,0,0,0,0,0,0
txn_07718,0,7,2,146,0,0,0,3,4,1,1,3,1,4,1,0,0,0,0,4,1,155,155,155,53,5,0,0,0,0,0,0
txn_07997,0,8,6,157,0,0,0,4,4,2,4,4,2,3,4,0,0,0,0,3,4,169,171,169,59,7,0,0,0,0,0,0
txn_02611,7,13,2,186,2,2,3,6,7,1,1,5,0,7,1,2,1,6,7,7,1,204,208,204,62,9,0,0,0,0,0,0
txn_08590,0,8,10,91,0,0,0,3,5,5,5,3,5,5,5,0,0,0,0,5,5,109,109,109,39,10,0,0,0,0,0,0
txn_00286,0,8,9,179,0,0,0,4,4,3,6,4,3,4,5,0,0,0,0,4,5,194,196,194,66,9,0,0,0,0,0,0
txn_00245,4,11,5,183,1,1,2,4,7,2,3,3,1,7,3,1,1,3,1,7,3,198,203,198,66,8,0,0,0,0,0,0
txn_03273,5,5,2,50,2,1,2,2,3,1,1,2,1,3,1,2,1,7,1,3,1,62,62,62,20,6,0,0,0,0,0,0
txn_03044,0,11,2,119,0,0,0,5,6,1,1,5,1,6,1,0,0,0,0,6,1,131,132,131,47,6,0,0,0,0,0,0
txn_09538,3,4,7,105,1,1,1,2,2,3,4,2,2,2,4,1,1,1,2,2,4,118,119,118,39,6,0,0,0,0,0,0
txn_00449,7,16,17,186,2,1,4,6,10,6,11,5,5,10,11,2,1,10,5,10,11,217,226,217,73,17,0,0,0,0,0,0
txn_06883,5,25,9,181,1,1,3,9,16,4,5,8,4,15,5,1,1,8,2,15,5,212,220,212,72,19,0,0,0,0,0,0
txn_06318,3,16,8,108,1,1,1,7,9,3,5,6,3,9,5,1,1,6,1,9,5,133,135,133,45,13,0,0,0,0,0,0
txn_04639,0,6,10,165,0,0,0,3,3,4,6,3,4,3,6,0,0,0,0,3,6,181,181,181,63,9,0,0,0,0,0,0
txn_03527,3,16,2,50,1,1,1,7,9,1,1,6,0,9,1,1,0,6,0,9,1,68,71,68,23,9,0,0,0,0,0,0
txn_04524,4,12,4,168,1,1,2,5,7,2,2,4,2,7,2,1,1,4,1,7,2,184,188,184,62,8,0,0,0,0,0,0
txn_07067,3,11,4,141,1,1,1,6,5,2,2,5,1,5,2,1,1,5,1,5,2,156,159,156,54,6,0,0,0,0,0,0
txn_04342,0,8,11,229,0,0,0,3,5,4,7,3,4,5,7,0,0,0,0,5,7,248,248,248,84,12,0,0,0,0,0,0
txn_05362,0,23,3,78,0,0,0,9,14,1,2,9,1,14,2,0,0,0,0,14,2,104,104,104,37,16,0,0,0,0,0,0
txn_06218,0,6,4,88,0,0,0,2,4,2,2,2,2,4,2,0,0,0,0,4,2,98,98,98,34,6,0,0,0,0,0,0
txn_08885,5,9,14,164,1,2,2,4,5,6,8,3,6,4,8,1,2,3,4,4,8,187,192,187,64,13,0,0,0,0,0,0
txn_09119,5,17,11,232,2,1,2,7,10,6,5,6,5,10,5,2,1,13,5,10,5,259,265,259,89,13,0,0,0,0,0,0
txn_03821,0,9,6,159,0,0,0,5,4,3,3,5,3,3,3,0,0,0,0,3,3,172,174,172,61,7,0,0,0,0,0,0
txn_08571,3,9,4,196,1,1,1,4,5,2,2,3,1,5,2,1,1,3,1,5,2,209,212,209,71,6,0,0,0,0,0,0
txn_08760,3,14,10,90,1,1,1,6,8,4,6,5,3,8,6,1,1,5,3,8,6,113,117,113,38,12,0,0,0,0,0,0
txn_07012,11,4,5,42,4,3,4,2,2,2,3,1,1,2,3,4,3,16,11,2,3,58,62,58,16,7,0,0,0,0,0,0
txn_07490,0,10,2,95,0,0,0,4,6,1,1,4,1,6,1,0,0,0,0,6,1,107,107,107,37,7,0,0,0,0,0,0
txn_06564,0,3,5,235,0,0,0,1,2,2,3,1,2,2,3,0,0,0,0,2,3,243,243,243,82,5,0,0,0,0,0,0
txn_06769,3,18,7,98,1,1,1,7,11,2,5,7,2,11,5,1,1,6,2,11,5,126,126,126,42,17,0,0,0,0,0,0
txn_05651,4,15,0,190,1,1,2,6,9,0,0,5,0,9,0,1,1,5,3,9,0,206,209,206,67,9,0,0,0,0,0,0
txn_03778,0,10,2,26,0,0,0,4,6,1,1,4,1,6,1,0,0,0,0,6,1,38,38,38,14,7,0,0,0,0,0,0
txn_07847,3,8,6,199,1,1,1,3,5,3,3,3,2,5,2,1,1,2,2,5,2,213,216,213,72,8,0,0,0,0,0,0
txn_09443,5,13,14,165,1,2,2,5,8,6,8,5,5,8,8,1,2,5,6,8,8,194,197,194,66,15,0,0,0,0,0,0
txn_05919,5,8,5,9,2,1,2,4,4,2,3,4,2,4,3,2,1,7,2,4,3,27,27,27,9,9,0,0,0,0,0,0
txn_06383,5,16,10,77,1,2,2,6,10,4,6,5,3,9,6,1,2,5,4,9,6,101,108,101,32,15,0,0,0,0,0,0
txn_06947,0,8,3,337,0,0,0,2,6,1,2,2,1,6,2,0,0,0,0,6,2,346,348,346,121,7,0,0,0,0,0,0
txn_02857,0,7,6,15,0,0,0,2,5,2,4,2,2,5,4,0,0,0,0,5,4,28,28,28,9,9,0,0,0,0,0,0
txn_07131,8,18,10,157,1,3,4,5,13,4,6,4,3,13,6,1,3,4,7,13,6,186,193,186,60,17,0,0,0,0,0,0
txn_05157,3,14,15,196,1,1,1,6,8,6,9,5,5,8,9,1,1,5,5,8,9,224,228,224,77,15,0,0,0,0,0,0
txn_05148,0,8,10,202,0,0,0,3,5,4,6,3,4,5,6,0,0,0,0,5,6,219,220,219,75,10,0,0,0,0,0,0
txn_04311,0,15,2,27,0,0,0,6,9,1,1,6,1,9,1,0,0,0,0,9,1,44,44,44,16,10,0,0,0,0,0,0
txn_03327,0,13,2,99,0,0,0,5,8,1,1,5,1,8,1,0,0,0,0,8,1,114,114,114,39,9,0,0,0,0,0,0
txn_05051,3,2,9,180,1,1,1,1,1,4,5,0,3,1,5,0,1,0,3,1,5,191,194,191,66,5,0,0,0,0,0,0
txn_09341,3,14,8,340,1,1,1,6,8,4,4,5,3,8,4,1,1,5,3,8,4,362,365,362,128,11,0,0,0,0,0,0
txn_06845,3,11,2,189,1,1,1,5,6,1,1,4,1,5,1,1,1,4,4,5,1,201,205,201,62,7,0,0,0,0,0,0
txn_09272,7,15,15,144,2,2,3,6,9,6,9,5,5,9,9,2,2,10,6,9,9,175,181,175,59,16,0,0,0,0,0,0
txn_02941,7,11,2,116,2,2,3,5,6,1,1,4,0,6,1,2,1,10,2,6,1,133,136,133,43,8,0,0,0,0,0,0
txn_06461,7,16,10,189,2,2,3,6,10,4,6,5,3,9,6,2,2,13,5,9,6,216,222,216,71,17,0,0,0,0,0,0
txn_02365,6,25,15,82,1,2,3,9,16,5,10,8,4,16,10,1,1,8,4,16,10,121,128,121,40,23,0,0,0,0,0,0
txn_08838,5,17,16,85,1,1,3,6,11,6,10,5,5,10,9,1,1,5,5,10,9,111,123,111,37,17,0,0,0,0,0,0
txn_02913,3,4,9,95,1,1,1,2,2,4,5,2,4,2,5,1,1,4,4,2,5,111,111,111,38,8,0,0,0,0,0,0
txn_00376,5,7,10,201,1,2,2,3,4,4,6,3,3,4,6,1,2,6,6,4,6,221,223,221,75,10,0,0,0,0,0,0
txn_04465,6,12,17,205,1,2,3,4,8,7,10,3,6,8,10,1,1,3,6,8,10,231,240,231,77,14,0,0,0,0,0,0
txn_02740,4,16,9,39,1,1,2,6,10,4,5,5,4,10,5,1,1,5,1,10,5,66,68,66,22,15,0,0,0,0,0,0
txn_08292,6,19,5,160,1,2,3,6,13,2,3,5,1,12,2,1,2,5,2,12,2,181,190,181,59,14,0,0,0,0,0,0
txn_08061,6,13,10,42,2,1,3,6,7,3,7,5,2,7,7,2,1,9,2,7,7,65,71,65,21,12,0,0,0,0,0,0
txn_07199,6,9,4,118,2,2,2,3,6,2,2,2,1,6,2,2,2,6,2,6,2,134,137,134,43,8,0,0,0,0,0,0
txn_01897,4,14,3,183,1,1,2,7,7,1,2,7,1,6,2,1,1,3,4,6,2,202,204,202,71,10,0,0,0,0,0,0
txn_05606,3,14,4,101,1,1,1,5,9,2,2,4,2,9,2,1,1,4,1,9,2,119,122,119,40,9,0,0,0,0,0,0
txn_03620,6,8,4,168,2,2,2,4,4,2,2,4,1,4,2,2,2,7,2,4,2,185,186,185,62,7,0,0,0,0,0,0
txn_05338,4,8,9,219,1,1,2,3,5,3,6,2,2,5,6,1,1,2,2,5,6,235,240,235,79,9,0,0,0,0,0,0
txn_02053,4,24,2,93,1,1,2,11,13,1,1,10,1,13,1,1,1,10,2,13,1,121,123,121,42,14,0,0,0,0,0,0
txn_08631,4,14,5,362,1,1,2,5,9,2,3,4,1,9,3,1,1,4,1,9,3,379,385,379,131,10,0,0,0,0,0,0
txn_06208,4,17,9,119,1,1,2,7,10,4,5,6,4,10,5,1,1,6,3,10,5,145,149,145,49,14,0,0,0,0,0,0
txn_07977,0,12,8,122,0,0,0,6,6,4,4,6,4,6,4,0,0,0,0,6,4,141,142,141,52,9,0,0,0,0,0,0
txn_01435,5,9,3,143,1,2,2,4,5,1,2,4,0,5,2,1,1,3,3,5,2,158,160,158,52,7,0,0,0,0,0,0
txn_01962,5,13,4,111,1,2,2,6,7,2,2,5,2,7,2,1,2,5,3,7,2,131,133,131,44,9,0,0,0,0,0,0
txn_06358,3,4,14,238,1,1,1,2,2,5,9,2,4,2,9,1,1,4,4,2,9,256,259,256,86,9,0,0,0,0,0,0
txn_08436,3,10,15,191,1,1,1,3,7,6,9,2,6,7,8,1,1,2,4,7,8,216,219,216,71,16,0,0,0,0,0,0
txn_06086,3,12,10,99,1,1,1,4,8,4,6,3,3,8,6,1,1,3,3,8,6,121,124,121,40,13,0,0,0,0,0,0
txn_04253,3,18,7,78,1,1,1,7,11,3,4,6,2,11,4,1,1,6,2,11,4,103,106,103,35,14,0,0,0,0,0,0
txn_01431,3,15,14,121,1,1,1,6,9,5,9,5,4,9,9,1,1,5,4,9,9,150,153,150,50,17,0,0,0,0,0,0
txn_05062,5,15,11,59,1,1,3,5,10,4,7,4,3,10,7,1,1,4,3,10,7,83,90,83,27,14,0,0,0,0,0,0
txn_04834,0,6,3,222,0,0,0,3,3,1,2,3,1,3,2,0,0,0,0,3,2,230,231,230,79,5,0,0,0,0,0,0
txn_04606,7,15,2,6,2,2,3,7,8,1,1,6,1,8,1,2,1,13,4,8,1,29,30,29,9,11,0,0,0,0,0,0
txn_06111,3,5,11,97,1,1,1,2,3,4,7,2,3,3,6,1,1,1,3,3,6,112,116,112,38,10,0,0,0,0,0,0
txn_06536,3,18,6,99,1,1,1,7,11,3,3,7,3,11,3,1,1,3,1,11,3,125,126,125,45,14,0,0,0,0,0,0
txn_04346,8,25,9,122,2,2,4,11,14,3,6,10,2,14,6,2,1,14,2,14,6,157,164,157,53,18,0,0,0,0,0,0
txn_07246,0,16,0,125,0,0,0,7,9,0,0,7,0,9,0,0,0,0,0,9,0,141,141,141,50,9,0,0,0,0,0,0
txn_01781,0,7,7,53,0,0,0,3,4,3,4,3,3,4,4,0,0,0,0,4,4,65,67,65,23,7,0,0,0,0,0,0
txn_03653,3,8,5,100,1,1,1,3,5,2,3,3,2,5,3,1,1,6,3,5,3,116,116,116,39,9,0,0,0,0,0,0
txn_00413,6,7,9,147,2,2,2,3,4,4,5,2,3,4,5,2,2,10,4,4,5,166,169,166,55,9,0,0,0,0,0,0
txn_05568,0,2,2,78,0,0,0,1,1,1,1,1,1,1,1,0,0,0,0,1,1,82,82,82,28,2,0,0,0,0,0,0
txn_01639,0,18,9,365,0,0,0,5,13,4,5,5,4,12,5,0,0,0,0,12,5,390,392,390,136,17,0,0,0,0,0,0
txn_07703,4,14,5,110,1,1,2,6,8,2,3,5,1,8,3,1,1,5,1,8,3,127,133,127,42,9,0,0,0,0,0,0
txn_05567,6,12,6,208,2,1,3,5,7,2,4,5,1,7,4,2,1,11,1,7,4,228,232,228,76,11,0,0,0,0,0,0
txn_04759,0,5,4,126,0,0,0,2,3,2,2,2,2,3,2,0,0,0,0,3,2,135,135,135,46,5,0,0,0,0,0,0
txn_02916,3,28,4,193,1,1,1,8,20,2,2,7,2,20,2,1,1,7,1,20,2,226,228,226,72,21,0,0,0,0,0,0
txn_02931,3,8,5,102,1,1,1,4,4,2,3,4,1,4,3,1,1,3,1,4,3,117,118,117,39,7,0,0,0,0,0,0
txn_09294,3,13,12,343,1,1,1,6,7,5,7,5,4,7,7,1,1,5,4,7,7,368,371,368,130,13,0,0,0,0,0,0
txn_05851,5,13,6,95,2,1,2,6,7,1,5,5,1,7,5,2,1,15,3,7,5,118,119,118,38,13,0,0,0,0,0,0
txn_03889,3,9,7,128,1,1,1,4,5,3,4,3,3,5,4,1,1,3,1,5,4,146,147,146,50,9,0,0,0,0,0,0
txn_08650,4,8,3,53,1,1,2,3,5,1,2,2,0,5,2,1,0,2,0,5,2,63,68,63,20,5,0,0,0,0,0,0
txn_03254,3,6,7,60,1,1,1,3,3,3,4,2,3,3,4,1,0,2,0,3,4,75,76,75,25,7,0,0,0,0,0,0
txn_09572,6,14,4,204,2,1,3,6,8,1,3,5,0,8,3,2,0,8,0,8,3,222,228,222,75,9,0,0,0,0,0,0
txn_00832,5,7,5,79,2,1,2,4,3,2,3,3,1,3,3,2,1,5,1,3,3,92,96,92,31,5,0,0,0,0,0,0
txn_01815,7,22,3,105,2,2,3,10,12,1,2,9,0,12,2,2,1,14,5,12,2,132,137,132,44,13,0,0,0,0,0,0
txn_08780,0,12,2,199,0,0,0,5,7,1,1,5,1,6,1,0,0,0,0,6,1,212,213,212,73,8,0,0,0,0,0,0
txn_00985,3,6,7,217,1,1,1,3,3,3,4,2,2,3,4,1,1,2,2,3,4,230,233,230,78,6,0,0,0,0,0,0
txn_05881,5,14,6,367,1,2,2,6,8,3,3,6,2,7,3,1,2,3,3,7,3,390,392,390,136,12,0,0,0,0,0,0
txn_03329,3,9,7,53,1,1,1,4,5,2,5,3,2,5,5,1,0,3,0,5,5,70,72,70,23,9,0,0,0,0,0,0
txn_02175,5,17,0,15,2,1,2,7,10,0,0,6,0,10,0,2,1,9,3,10,0,36,37,36,11,11,0,0,0,0,0,0
txn_05437,3,14,3,241,1,1,1,6,8,1,2,5,1,8,2,1,1,5,1,8,2,260,261,260,87,10,0,0,0,0,0,0
txn_03978,3,6,9,75,1,1,1,3,3,4,5,2,3,3,5,1,1,2,3,3,5,90,93,90,30,7,0,0,0,0,0,0
txn_09116,5,7,8,131,1,2,2,3,4,4,4,2,3,4,3,1,2,2,5,4,3,144,151,144,49,6,0,0,0,0,0,0
txn_08636,4,15,0,56,1,1,2,6,9,0,0,5,0,9,0,1,1,5,1,9,0,73,75,73,24,9,0,0,0,0,0,0
txn_03560,8,10,5,201,2,2,4,4,6,2,3,4,1,6,3,2,2,5,2,6,3,223,224,223,74,12,0,0,0,0,0,0
txn_04713,4,7,11,155,1,1,2,3,4,4,7,2,3,4,7,1,1,2,3,4,7,171,177,171,58,8,0,0,0,0,0,0
txn_04375,3,6,11,83,1,1,1,3,3,6,5,3,5,3,5,1,1,7,5,3,5,101,103,101,36,7,0,0,0,0,0,0
txn_04950,3,10,4,56,1,1,1,4,6,1,3,4,1,6,3,1,1,4,3,6,3,71,73,71,23,10,0,0,0,0,0,0
txn_05665,3,10,4,346,1,1,1,4,6,2,2,4,2,6,2,1,1,14,4,6,2,363,363,363,128,9,0,0,0,0,0,0
txn_07178,6,20,8,171,2,2,2,8,12,3,5,7,2,12,5,2,2,11,6,12,5,202,205,202,67,17,0,0,0,0,0,0
txn_00415,3,5,3,196,1,1,1,2,3,1,2,1,1,3,2,1,1,1,1,3,2,206,207,206,66,5,0,0,0,0,0,0
txn_08008,7,7,9,103,2,2,3,3,4,3,6,3,2,4,6,2,2,4,6,4,6,123,126,123,39,11,0,0,0,0,0,0
txn_04887,3,14,4,27,1,1,1,6,8,2,2,5,1,8,2,1,1,5,1,8,2,45,48,45,15,9,0,0,0,0,0,0
txn_01967,4,10,9,211,1,1,2,3,7,4,5,3,4,7,5,1,1,5,2,7,5,233,234,233,78,14,0,0,0,0,0,0
txn_01829,3,5,2,53,1,1,1,2,3,1,1,2,1,3,1,1,1,9,2,3,1,63,63,63,21,5,0,0,0,0,0,0
txn_03129,5,15,0,204,2,1,2,7,8,0,0,7,0,8,0,2,1,7,2,8,0,224,224,224,77,10,0,0,0,0,0,0
txn_07902,5,14,13,54,1,2,2,6,8,5,8,6,4,8,8,1,2,2,7,8,8,83,86,83,28,15,0,0,0,0,0,0
txn_01201,3,12,2,82,1,1,1,5,7,1,1,4,0,7,1,1,0,4,0,7,1,96,99,96,32,7,0,0,0,0,0,0
txn_02159,5,17,11,149,1,1,3,7,10,4,7,6,3,10,7,1,1,6,3,10,7,175,182,175,59,14,0,0,0,0,0,0
txn_02205,3,4,0,152,1,1,1,2,2,0,0,1,0,2,0,1,1,1,5,2,0,157,159,157,52,2,0,0,0,0,0,0
txn_07518,5,9,7,207,1,2,2,4,5,3,4,3,2,5,4,1,2,3,5,5,4,223,228,223,76,7,0,0,0,0,0,0
txn_02202,3,12,19,138,1,1,1,4,8,8,11,3,7,7,10,1,1,3,7,7,10,166,172,166,56,18,0,0,0,0,0,0
txn_05422,0,5,12,220,0,0,0,2,3,4,8,2,4,3,8,0,0,0,0,3,8,237,237,237,81,11,0,0,0,0,0,0
txn_03896,5,12,9,369,2,1,2,5,7,5,4,4,5,7,4,2,1,5,2,7,4,392,395,392,139,10,0,0,0,0,0,0
txn_02200,0,11,2,98,0,0,0,4,7,1,1,4,1,7,1,0,0,0,0,7,1,110,111,110,38,7,0,0,0,0,0,0
txn_03613,5,6,9,57,2,1,2,3,3,4,5,3,3,3,5,2,1,10,3,3,5,75,77,75,25,8,0,0,0,0,0,0
txn_03424,9,2,9,155,2,3,4,1,1,4,5,0,3,1,5,1,2,3,9,1,5,171,175,171,55,8,0,0,0,0,0,0
txn_01441,5,0,2,158,1,2,2,0,0,1,1,0,0,0,1,1,1,3,2,0,1,164,165,164,53,2,0,0,0,0,0,0
txn_03748,6,7,10,207,2,2,2,4,3,4,6,3,3,3,5,2,1,10,3,3,5,224,230,224,76,9,0,0,0,0,0,0
txn_04391,0,17,10,56,0,0,0,7,10,4,6,7,4,10,6,0,0,0,0,10,6,79,83,79,29,13,0,0,0,0,0,0
txn_04126,4,7,6,112,1,1,2,3,4,2,4,2,2,4,4,1,1,2,4,4,4,125,129,125,42,7,0,0,0,0,0,0
txn_07958,6,2,6,21,2,2,2,1,1,3,3,0,2,1,3,1,1,4,2,1,3,32,35,32,9,4,0,0,0,0,0,0
txn_06789,6,11,9,104,1,1,4,4,7,2,7,3,1,7,7,1,1,3,1,7,7,121,130,121,39,10,0,0,0,0,0,0
txn_07437,9,12,8,113,3,3,3,5,7,4,4,4,3,7,4,3,3,11,7,7,4,138,142,138,45,12,0,0,0,0,0,0
txn_05635,3,16,0,62,1,1,1,7,9,0,0,6,0,9,0,1,1,6,1,9,0,80,81,80,27,9,0,0,0,0,0,0
txn_06868,3,13,11,209,1,1,1,6,7,5,6,5,5,7,6,1,1,5,2,7,6,234,236,234,82,12,0,0,0,0,0,0
txn_06678,6,12,11,44,2,1,3,6,6,4,7,5,3,5,7,2,1,6,3,5,7,66,73,66,22,12,0,0,0,0,0,0
txn_04380,5,4,4,223,1,2,2,2,2,2,2,2,1,2,2,1,2,1,4,2,2,235,236,235,79,5,0,0,0,0,0,0
txn_01880,0,8,5,158,0,0,0,4,4,1,4,4,1,4,4,0,0,0,0,4,4,171,171,171,59,8,0,0,0,0,0,0
txn_03413,5,12,8,123,2,1,2,4,8,3,5,3,2,8,5,2,1,12,2,8,5,144,148,144,46,12,0,0,0,0,0,0
txn_04333,5,13,10,65,1,2,2,5,8,4,6,4,4,8,6,1,2,4,7,8,6,90,93,90,30,13,0,0,0,0,0,0
txn_03286,6,17,6,244,2,2,2,8,9,1,5,7,1,9,5,2,2,10,6,9,5,272,273,272,90,15,0,0,0,0,0,0
txn_04865,5,12,11,199,2,1,2,6,6,5,6,5,4,6,6,2,1,8,4,6,6,222,227,222,74,10,0,0,0,0,0,0
txn_05311,9,7,10,68,2,2,5,2,5,4,6,2,3,5,6,2,2,9,5,5,6,91,94,91,28,13,0,0,0,0,0,0
txn_03866,3,2,8,57,1,1,1,1,1,3,5,1,2,1,5,1,1,2,2,1,5,69,70,69,22,6,0,0,0,0,0,0
txn_00202,3,11,4,212,1,1,1,5,6,2,2,5,1,6,2,1,1,6,1,6,2,228,230,228,78,8,0,0,0,0,0,0
txn_02284,11,5,3,349,4,3,4,2,3,1,2,2,0,3,2,3,2,15,10,3,2,365,368,365,125,7,0,0,0,0,0,0
txn_02416,4,9,7,202,1,1,2,4,5,3,4,3,3,5,4,1,1,3,2,5,4,219,222,219,72,8,0,0,0,0,0,0
txn_03262,3,13,4,84,1,1,1,6,7,2,2,5,1,7,2,1,1,5,1,7,2,101,104,101,34,8,0,0,0,0,0,0
txn_03697,7,12,16,215,1,2,4,5,7,6,10,4,5,7,10,1,2,4,7,7,10,240,250,240,83,12,0,0,0,0,0,0
txn_08188,6,8,8,214,1,2,3,3,5,3,5,2,2,5,5,1,2,2,6,5,5,230,236,230,76,8,0,0,0,0,0,0
txn_04898,8,15,6,85,1,2,5,5,10,2,4,4,1,10,4,1,2,4,3,10,4,106,114,106,34,12,0,0,0,0,0,0
txn_08758,3,14,2,178,1,1,1,6,8,1,1,5,0,8,1,1,0,5,0,8,1,194,197,194,66,8,0,0,0,0,0,0
txn_09333,4,8,4,161,1,1,2,3,5,2,2,2,2,5,2,1,1,2,1,5,2,174,177,174,59,6,0,0,0,0,0,0
txn_03784,5,12,6,106,1,2,2,5,7,3,3,4,3,7,3,1,2,4,7,7,3,127,129,127,43,10,0,0,0,0,0,0
txn_05994,6,16,3,114,1,2,3,6,10,1,2,5,1,10,2,1,1,5,3,10,2,136,139,136,44,12,0,0,0,0,0,0
txn_03165,5,11,7,70,2,1,2,3,8,3,4,2,3,8,4,2,1,4,2,8,4,91,93,91,28,12,0,0,0,0,0,0
txn_00118,4,6,5,109,1,1,2,3,3,2,3,2,1,3,3,1,1,2,1,3,3,119,124,119,40,4,0,0,0,0,0,0
txn_09338,3,20,5,247,1,1,1,9,11,2,3,9,2,10,3,1,1,5,2,10,3,273,275,273,93,15,0,0,0,0,0,0
txn_06665,0,8,4,174,0,0,0,3,5,2,2,3,2,5,2,0,0,0,0,5,2,186,186,186,64,7,0,0,0,0,0,0
txn_09457,6,15,9,106,2,2,2,6,9,3,6,5,3,9,6,2,2,12,4,9,6,135,136,135,44,16,0,0,0,0,0,0
txn_07836,0,14,17,80,0,0,0,5,9,6,11,5,6,8,11,0,0,0,0,8,11,107,111,107,37,17,0,0,0,0,0,0
txn_06448,0,4,4,191,0,0,0,2,2,2,2,2,2,2,2,0,0,0,0,2,2,199,199,199,64,4,0,0,0,0,0,0
txn_00218,0,9,11,63,0,0,0,4,5,4,7,4,4,5,7,0,0,0,0,5,7,83,83,83,29,12,0,0,0,0,0,0
txn_04496,3,9,4,138,1,1,1,4,5,2,2,3,1,5,2,1,1,3,1,5,2,151,154,151,51,6,0,0,0,0,0,0
txn_03513,5,6,7,108,1,1,3,2,4,2,5,1,1,4,5,1,1,1,1,4,5,119,126,119,38,6,0,0,0,0,0,0
txn_05264,6,7,10,225,2,2,2,3,4,5,5,3,5,3,5,2,2,10,7,3,5,244,248,244,84,8,0,0,0,0,0,0
txn_07626,0,2,0,372,0,0,0,1,1,0,0,1,0,1,0,0,0,0,0,1,0,374,374,374,132,1,0,0,0,0,0,0
txn_06472,0,17,2,9,0,0,0,6,11,1,1,6,1,11,1,0,0,0,0,11,1,28,28,28,10,12,0,0,0,0,0,0
txn_08211,6,19,4,9,1,2,3,6,13,2,2,5,1,13,2,1,2,5,2,13,2,33,38,33,9,14,0,0,0,0,0,0
txn_00564,3,10,12,57,1,1,1,4,6,5,7,4,4,6,6,1,1,4,4,6,6,79,82,79,26,13,0,0,0,0,0,0
txn_05908,5,12,4,133,1,1,3,5,7,2,2,4,2,7,2,1,1,4,2,7,2,151,154,151,52,9,0,0,0,0,0,0
txn_01325,5,7,4,73,1,2,2,3,4,2,2,3,1,4,2,1,2,5,4,4,2,88,89,88,28,7,0,0,0,0,0,0
txn_09477,3,12,6,352,1,1,1,4,8,2,4,3,1,7,3,1,1,3,1,7,3,365,373,365,126,10,0,0,0,0,0,0
txn_07927,8,14,13,193,3,1,4,5,9,4,9,4,3,8,8,3,1,10,3,8,8,215,228,215,71,15,0,0,0,0,0,0
txn_07708,4,10,10,63,1,1,2,4,6,3,7,3,2,6,6,1,1,3,2,6,6,80,87,80,25,11,0,0,0,0,0,0
txn_07044,9,17,9,77,3,3,3,7,10,4,5,6,3,10,5,3,3,18,14,10,5,108,112,108,35,15,0,0,0,0,0,0
txn_06177,3,9,4,182,1,1,1,4,5,2,2,3,1,5,2,1,1,3,1,5,2,194,198,194,64,6,0,0,0,0,0,0
txn_04972,3,12,7,194,1,1,1,5,7,3,4,4,2,7,4,1,1,4,2,7,4,213,216,213,67,10,0,0,0,0,0,0
txn_08933,5,13,4,59,1,2,2,7,6,2,2,7,1,6,2,1,2,6,3,6,2,80,81,80,28,9,0,0,0,0,0,0
txn_05859,3,13,8,68,1,1,1,5,8,4,4,4,3,8,4,1,1,4,3,8,4,89,92,89,30,11,0,0,0,0,0,0
txn_05607,4,10,5,115,1,1,2,4,6,2,3,4,1,6,3,1,1,3,1,6,3,130,134,130,44,7,0,0,0,0,0,0
txn_08287,5,10,3,197,2,1,2,5,5,1,2,4,0,5,2,2,0,6,0,5,2,211,215,211,66,6,0,0,0,0,0,0
txn_03233,5,15,6,352,1,1,3,6,9,2,4,5,1,9,4,1,1,5,1,9,4,371,378,371,130,10,0,0,0,0,0,0
txn_09448,5,11,4,88,1,1,3,5,6,1,3,5,0,6,3,1,0,4,0,6,3,105,108,105,35,9,0,0,0,0,0,0
txn_02881,3,24,5,81,1,1,1,11,13,2,3,10,2,12,3,1,1,10,1,12,3,109,113,109,38,16,0,0,0,0,0,0
txn_08163,3,4,11,46,1,1,1,2,2,5,6,2,4,2,6,1,1,4,4,2,6,62,64,62,22,7,0,0,0,0,0,0
txn_09976,5,6,10,141,1,1,3,2,4,3,7,1,3,4,7,1,0,1,0,4,7,158,162,158,52,10,0,0,0,0,0,0
txn_01491,3,8,8,161,1,1,1,3,5,3,5,2,2,5,4,1,1,2,2,5,4,175,180,175,59,9,0,0,0,0,0,0
txn_09059,8,15,12,59,2,3,3,6,9,4,8,6,3,9,8,2,3,9,7,9,8,92,94,92,29,18,0,0,0,0,0,0
txn_09106,6,13,12,144,2,1,3,6,7,5,7,5,4,7,7,2,1,8,4,7,7,168,175,168,58,11,0,0,0,0,0,0
txn_00822,7,6,13,90,1,1,5,1,5,4,9,0,3,4,8,0,1,0,3,4,8,102,116,102,33,9,0,0,0,0,0,0
txn_04828,5,15,2,71,2,1,2,7,8,1,1,6,1,8,1,2,1,11,1,8,1,91,93,91,31,9,0,0,0,0,0,0
txn_00579,0,15,7,171,0,0,0,8,7,2,5,8,2,7,5,0,0,0,0,7,5,191,193,191,68,10,0,0,0,0,0,0
txn_07179,0,12,6,375,0,0,0,5,7,2,4,5,2,7,4,0,0,0,0,7,4,392,393,392,138,11,0,0,0,0,0,0
txn_01423,5,7,4,210,2,1,2,2,5,2,2,1,2,4,2,2,1,6,2,4,2,222,226,222,74,8,0,0,0,0,0,0
txn_09286,5,9,7,53,2,1,2,4,5,3,4,3,2,5,4,2,1,6,2,5,4,70,74,70,23,8,0,0,0,0,0,0
txn_09893,5,12,2,49,2,1,2,6,6,1,1,5,1,6,1,2,1,10,6,6,1,67,68,67,23,8,0,0,0,0,0,0
txn_00131,5,29,2,18,1,2,2,8,21,1,1,7,0,21,1,1,1,7,3,21,1,50,54,50,13,21,0,0,0,0,0,0
txn_04191,3,12,3,42,1,1,1,4,8,1,2,4,1,8,2,1,1,5,5,8,2,59,60,59,19,11,0,0,0,0,0,0
txn_03657,8,8,15,21,3,1,4,4,4,5,10,3,4,4,9,3,1,15,4,4,9,44,52,44,13,13,0,0,0,0,0,0
txn_01907,0,12,4,33,0,0,0,5,7,2,2,5,2,7,2,0,0,0,0,7,2,49,49,49,18,9,0,0,0,0,0,0
txn_08679,4,17,0,117,1,1,2,6,11,0,0,5,0,11,0,1,1,5,3,11,0,136,138,136,44,11,0,0,0,0,0,0
txn_09529,7,8,8,94,2,2,3,3,5,4,4,2,3,5,4,2,2,4,4,5,4,114,117,114,37,10,0,0,0,0,0,0
txn_08224,7,14,7,227,2,1,4,6,8,2,5,5,1,8,5,2,1,8,1,8,5,246,255,246,84,10,0,0,0,0,0,0
txn_09561,3,17,6,181,1,1,1,6,11,2,4,5,1,11,4,1,1,5,1,11,4,204,207,204,68,14,0,0,0,0,0,0
txn_04826,4,11,4,378,1,1,2,5,6,2,2,4,2,6,2,1,1,4,3,6,2,393,397,393,139,7,0,0,0,0,0,0
txn_09759,5,18,6,226,1,2,2,6,12,3,3,5,2,11,3,1,2,5,5,11,3,249,255,249,83,14,0,0,0,0,0,0
txn_00767,3,10,10,63,1,1,1,4,6,4,6,3,3,6,6,1,1,3,3,6,6,83,86,83,27,11,0,0,0,0,0,0
txn_01258,7,14,9,185,2,1,4,6,8,3,6,5,2,7,6,2,1,8,2,7,6,205,215,205,67,12,0,0,0,0,0,0
txn_09657,3,17,7,355,1,1,1,8,9,3,4,7,2,9,4,1,1,7,2,9,4,378,382,378,133,12,0,0,0,0,0,0
txn_08158,3,18,11,161,1,1,1,6,12,4,7,6,3,12,7,1,1,6,3,12,7,191,193,191,63,18,0,0,0,0,0,0
txn_06595,3,2,3,102,1,1,1,1,1,1,2,1,1,1,2,1,1,6,3,1,2,110,110,110,37,4,0,0,0,0,0,0
txn_06809,6,10,11,112,2,1,3,4,6,4,7,3,3,6,7,2,1,7,3,6,7,133,139,133,44,11,0,0,0,0,0,0
txn_07111,7,17,0,218,2,2,3,6,11,0,0,5,0,10,0,2,2,10,3,10,0,238,242,238,79,12,0,0,0,0,0,0
txn_07859,4,12,6,12,1,1,2,4,8,2,4,3,1,8,4,1,1,3,1,8,4,29,34,29,8,10,0,0,0,0,0,0
txn_07775,5,23,5,129,1,1,3,8,15,1,4,7,1,15,4,1,1,7,1,15,4,159,162,159,51,19,0,0,0,0,0,0
txn_04917,5,12,9,164,1,2,2,5,7,4,5,5,3,7,5,1,2,6,5,7,5,188,190,188,62,13,0,0,0,0,0,0
txn_00319,0,6,8,228,0,0,0,3,3,4,4,3,4,3,3,0,0,0,0,3,3,241,242,241,84,7,0,0,0,0,0,0
txn_02668,8,8,8,205,2,1,5,4,4,2,6,3,1,4,6,2,1,8,1,4,6,221,229,221,71,8,0,0,0,0,0,0
txn_07784,3,2,6,230,1,1,1,1,1,2,4,1,1,1,4,1,1,6,1,1,4,240,241,240,81,5,0,0,0,0,0,0
txn_06109,9,9,6,358,3,3,3,4,5,2,4,3,2,5,4,3,3,23,11,5,4,380,382,380,131,10,0,0,0,0,0,0
txn_04406,3,7,11,45,1,1,1,2,5,5,6,2,4,5,6,1,1,4,4,5,6,65,66,65,21,11,0,0,0,0,0,0
txn_02112,12,7,6,120,4,3,5,3,4,2,4,2,1,4,4,4,3,17,11,4,4,139,145,139,43,9,0,0,0,0,0,0
txn_07638,3,11,8,184,1,1,1,5,6,3,5,4,3,6,5,1,1,4,3,6,5,205,206,205,70,11,0,0,0,0,0,0
txn_05929,7,30,8,174,2,2,3,8,22,3,5,7,2,21,5,2,1,10,2,21,5,213,219,213,67,27,0,0,0,0,0,0
txn_02405,3,4,4,187,1,1,1,1,3,2,2,1,2,3,2,1,1,4,1,3,2,198,198,198,67,6,0,0,0,0,0,0
txn_04534,3,9,6,51,1,1,1,4,5,2,4,4,2,5,4,1,1,6,8,5,4,69,69,69,23,10,0,0,0,0,0,0
txn_02532,3,10,0,62,1,1,1,5,5,0,0,4,0,5,0,1,1,4,6,5,0,74,75,74,25,5,0,0,0,0,0,0
txn_02471,3,11,2,177,1,1,1,5,6,1,1,4,0,5,1,1,0,4,0,5,1,188,193,188,63,6,0,0,0,0,0,0
txn_07132,0,3,9,217,0,0,0,1,2,3,6,1,3,2,6,0,0,0,0,2,6,229,229,229,77,8,0,0,0,0,0,0
txn_08193,3,2,2,86,1,1,1,1,1,1,1,1,0,1,1,1,0,5,0,1,1,92,93,92,30,2,0,0,0,0,0,0
txn_01818,5,11,5,107,1,2,2,5,6,2,3,4,2,6,3,1,2,4,3,6,3,126,128,126,42,9,0,0,0,0,0,0
txn_08123,5,10,8,110,1,1,3,4,6,2,6,3,1,6,6,1,1,3,1,6,6,126,133,126,41,9,0,0,0,0,0,0
txn_03479,7,14,4,249,2,2,3,6,8,2,2,5,1,8,2,2,2,14,5,8,2,269,274,269,90,10,0,0,0,0,0,0
txn_07422,9,14,5,85,3,2,4,6,8,2,3,5,1,7,3,3,2,18,2,7,3,107,113,107,34,12,0,0,0,0,0,0
txn_07943,3,10,5,48,1,1,1,5,5,2,3,5,2,5,3,1,1,5,1,5,3,66,66,66,23,9,0,0,0,0,0,0
txn_05899,3,10,3,91,1,1,1,4,6,1,2,3,1,6,2,1,1,3,3,6,2,106,107,106,35,8,0,0,0,0,0,0
txn_05365,3,2,0,230,1,1,1,1,1,0,0,0,0,1,0,0,1,0,3,1,0,234,235,234,79,1,0,0,0,0,0,0
txn_04000,7,20,12,233,2,1,4,8,12,4,8,7,3,12,8,2,1,15,3,12,8,263,272,263,90,17,0,0,0,0,0,0
txn_07493,5,13,8,236,1,1,3,5,8,3,5,4,2,8,5,1,1,4,2,8,5,255,262,255,87,10,0,0,0,0,0,0
txn_08643,3,24,4,381,1,1,1,11,13,1,3,10,1,13,3,1,1,10,2,13,3,410,412,410,145,15,0,0,0,0,0,0
txn_08617,7,14,14,98,2,2,3,7,7,6,8,6,5,7,8,2,1,12,5,7,8,128,133,128,44,14,0,0,0,0,0,0
txn_05947,4,5,3,176,1,1,2,2,3,1,2,1,0,3,2,1,0,1,0,3,2,183,188,183,61,3,0,0,0,0,0,0
txn_05930,3,16,4,252,1,1,1,7,9,2,2,6,1,9,2,1,1,6,1,9,2,271,275,271,92,9,0,0,0,0,0,0
txn_03877,3,12,5,120,1,1,1,5,7,2,3,4,1,7,3,1,1,4,1,7,3,137,140,137,45,9,0,0,0,0,0,0
txn_07937,5,9,11,211,1,1,3,3,6,2,9,2,2,6,9,1,1,2,4,6,9,231,236,231,76,13,0,0,0,0,0,0
txn_01259,4,11,7,97,1,1,2,3,8,3,4,2,2,8,4,1,1,2,2,8,4,114,119,114,37,10,0,0,0,0,0,0
txn_09197,6,14,2,185,2,2,2,6,8,1,1,6,0,8,1,2,1,14,2,8,1,205,207,205,71,9,0,0,0,0,0,0
txn_04269,0,16,9,187,0,0,0,8,8,3,6,8,3,8,6,0,0,0,0,8,6,211,212,211,74,13,0,0,0,0,0,0
txn_01057,3,21,15,53,1,1,1,10,11,9,6,10,9,11,6,1,1,5,5,11,6,87,92,87,36,15,0,0,0,0,0,0
txn_01543,0,13,13,78,0,0,0,5,8,6,7,5,6,8,7,0,0,0,0,8,7,103,104,103,37,14,0,0,0,0,0,0
txn_01239,5,13,8,125,1,1,3,5,8,3,5,4,2,8,5,1,1,4,2,8,5,144,151,144,48,10,0,0,0,0,0,0
txn_05586,3,10,7,190,1,1,1,4,6,2,5,4,2,6,5,1,1,3,2,6,5,210,210,210,70,12,0,0,0,0,0,0
txn_07428,3,10,8,146,1,1,1,5,5,4,4,4,3,5,4,1,1,4,3,5,4,163,167,163,56,7,0,0,0,0,0,0
txn_01722,3,15,7,361,1,1,1,6,9,3,4,6,2,9,4,1,1,4,2,9,4,384,386,384,135,12,0,0,0,0,0,0
txn_09040,6,20,8,42,1,2,3,7,13,4,4,6,3,13,4,1,2,6,5,13,4,71,76,71,23,16,0,0,0,0,0,0
txn_03638,6,2,2,163,2,2,2,1,1,1,1,0,0,1,1,1,1,5,1,1,1,170,173,170,57,2,0,0,0,0,0,0
txn_06513,5,10,10,136,2,1,2,4,6,4,6,3,3,6,6,2,1,6,3,6,6,157,161,157,53,11,0,0,0,0,0,0
txn_02846,7,15,11,164,2,1,4,6,9,4,7,6,3,9,7,2,1,6,3,9,7,192,197,192,64,16,0,0,0,0,0,0
txn_04698,3,14,10,208,1,1,1,5,9,5,5,5,4,9,4,1,1,2,4,9,4,228,235,228,73,13,0,0,0,0,0,0
txn_08467,3,19,2,190,1,1,1,8,11,1,1,8,1,11,1,1,1,4,4,11,1,214,214,214,74,13,0,0,0,0,0,0
txn_06389,4,5,8,111,1,1,2,2,3,3,5,1,2,3,5,1,1,1,2,3,5,123,128,123,40,6,0,0,0,0,0,0
txn_05442,0,6,6,210,0,0,0,3,3,3,3,3,3,3,3,0,0,0,0,3,3,222,222,222,75,6,0,0,0,0,0,0
txn_05410,3,32,4,255,1,1,1,15,17,2,2,14,2,17,2,1,1,14,4,17,2,293,294,293,102,19,0,0,0,0,0,0
txn_00080,4,10,11,109,1,1,2,4,6,4,7,3,4,5,7,1,1,3,1,5,7,130,134,130,43,13,0,0,0,0,0,0
txn_00361,5,25,6,167,1,2,2,11,14,2,4,10,1,14,4,1,2,10,3,14,4,198,203,198,67,16,0,0,0,0,0,0
txn_04591,0,10,9,87,0,0,0,5,5,4,5,5,4,5,5,0,0,0,0,5,5,106,106,106,38,10,0,0,0,0,0,0
txn_04692,3,12,6,111,1,1,1,5,7,3,3,4,2,6,3,1,1,4,2,6,3,126,132,126,43,8,0,0,0,0,0,0
txn_08153,3,16,12,132,1,1,1,6,10,5,7,6,5,9,7,1,1,5,4,9,7,160,163,160,54,17,0,0,0,0,0,0
txn_07211,3,14,2,74,1,1,1,6,8,1,1,6,1,8,1,1,1,4,2,8,1,93,93,93,32,10,0,0,0,0,0,0
txn_04967,10,17,13,12,3,3,4,7,10,4,9,6,3,10,9,3,3,15,7,10,9,47,52,47,13,19,0,0,0,0,0,0
txn_06354,4,23,7,170,1,1,2,11,12,3,4,10,2,12,4,1,1,10,2,12,4,198,204,198,68,14,0,0,0,0,0,0
txn_08141,5,13,8,193,1,2,2,3,10,4,4,2,4,10,4,1,1,2,3,10,4,216,219,216,72,13,0,0,0,0,0,0
txn_01393,4,18,5,81,1,1,2,7,11,2,3,6,1,11,3,1,1,6,1,11,3,103,108,103,34,12,0,0,0,0,0,0
txn_08223,3,10,4,58,1,1,1,4,6,2,2,4,2,6,2,1,1,2,3,6,2,75,75,75,25,9,0,0,0,0,0,0
txn_07010,5,12,8,167,1,2,2,5,7,3,5,4,3,7,5,1,2,4,6,7,5,188,192,188,63,11,0,0,0,0,0,0
txn_06680,3,15,7,239,1,1,1,8,7,3,4,7,2,7,4,1,1,7,2,7,4,260,264,260,91,9,0,0,0,0,0,0
txn_09739,0,13,10,179,0,0,0,6,7,4,6,6,4,7,6,0,0,0,0,7,6,199,202,199,69,12,0,0,0,0,0,0
txn_05952,0,4,3,80,0,0,0,2,2,1,2,2,1,1,2,0,0,0,0,1,2,86,87,86,29,4,0,0,0,0,0,0
txn_01318,7,12,6,384,2,2,3,6,6,2,4,6,1,6,4,2,2,10,3,6,4,404,409,404,141,11,0,0,0,0,0,0
txn_08356,5,8,8,147,2,1,2,4,4,3,5,3,3,4,5,2,1,9,2,4,5,166,168,166,56,9,0,0,0,0,0,0
txn_06563,5,11,6,115,2,1,2,5,6,2,4,4,1,6,4,2,1,9,1,6,4,133,137,133,44,9,0,0,0,0,0,0
txn_09082,4,12,5,91,1,1,2,6,6,2,3,6,1,6,3,1,1,6,1,6,3,109,112,109,38,8,0,0,0,0,0,0
txn_01372,3,12,6,139,1,1,1,5,7,3,3,5,2,7,3,1,1,5,2,7,3,158,160,158,55,9,0,0,0,0,0,0
txn_05500,3,6,10,66,1,1,1,3,3,3,7,2,3,3,7,1,1,2,1,3,7,84,85,84,27,10,0,0,0,0,0,0
txn_08184,3,9,2,96,1,1,1,3,6,1,1,2,1,6,1,1,1,2,1,6,1,109,110,109,35,7,0,0,0,0,0,0
txn_02948,5,7,10,173,1,2,2,3,4,3,7,3,2,4,7,1,2,5,3,4,7,193,195,193,63,12,0,0,0,0,0,0
txn_05830,0,8,8,258,0,0,0,3,5,3,5,3,3,5,5,0,0,0,0,5,5,274,274,274,93,10,0,0,0,0,0,0
txn_00683,5,18,11,90,1,1,3,7,11,4,7,6,3,11,7,1,1,6,3,11,7,117,124,117,39,15,0,0,0,0,0,0
txn_05522,4,3,12,386,1,1,2,1,2,5,7,0,4,2,7,0,1,0,4,2,7,400,405,400,139,7,0,0,0,0,0,0
txn_07051,4,12,8,150,1,1,2,4,8,3,5,3,2,8,5,1,1,3,2,8,5,169,174,169,56,11,0,0,0,0,0,0
txn_02336,3,15,4,261,1,1,1,7,8,2,2,7,2,8,2,0,1,0,3,8,2,282,283,282,97,10,0,0,0,0,0,0
txn_07996,12,12,4,170,5,4,3,5,7,2,2,5,1,7,2,5,4,26,17,7,2,197,198,197,64,11,0,0,0,0,0,0
txn_08264,4,7,13,364,1,1,2,3,4,5,8,2,5,3,8,1,1,2,1,3,8,383,388,383,134,12,0,0,0,0,0,0
txn_04101,3,8,5,128,1,1,1,3,5,2,3,3,2,5,3,1,1,6,1,5,3,144,144,144,48,9,0,0,0,0,0,0
txn_01246,4,18,6,188,1,1,2,9,9,2,4,9,1,9,4,1,1,3,1,9,4,212,216,212,75,12,0,0,0,0,0,0
txn_06442,5,16,12,214,2,1,2,6,10,5,7,5,4,10,7,2,1,11,4,10,7,242,247,242,82,15,0,0,0,0,0,0
txn_04824,4,17,5,176,1,1,2,7,10,2,3,6,1,10,3,1,1,6,1,10,3,195,202,195,65,10,0,0,0,0,0,0
txn_02665,8,14,4,242,3,2,3,6,8,2,2,5,1,7,2,3,2,12,5,7,2,261,268,261,88,9,0,0,0,0,0,0
txn_08963,3,13,10,114,1,1,1,5,8,4,6,5,3,8,6,1,1,3,3,8,6,137,140,137,45,13,0,0,0,0,0,0
txn_04956,7,5,11,12,2,2,3,2,3,4,7,2,4,3,6,2,2,7,3,3,6,33,35,33,9,12,0,0,0,0,0,0
txn_00932,4,17,6,131,1,1,2,6,11,2,4,6,1,11,4,1,1,9,1,11,4,156,158,156,51,15,0,0,0,0,0,0
txn_08248,3,10,16,173,1,1,1,4,6,6,10,3,5,6,9,1,1,3,5,6,9,197,202,197,66,15,0,0,0,0,0,0
txn_05820,4,15,19,91,1,1,2,6,9,7,12,5,6,9,12,1,1,5,6,9,12,123,129,123,41,18,0,0,0,0,0,0
txn_09005,5,13,6,179,1,2,2,5,8,2,4,4,1,8,4,1,2,4,5,8,4,199,203,199,66,11,0,0,0,0,0,0
txn_08082,6,26,8,233,2,2,2,11,15,4,4,11,3,15,4,2,2,5,7,15,4,270,273,270,94,18,0,0,0,0,0,0
txn_06923,3,9,10,153,1,1,1,3,6,4,6,2,4,6,6,1,1,2,4,6,6,174,175,174,58,12,0,0,0,0,0,0
txn_03973,6,18,11,365,2,2,2,7,11,3,8,6,2,11,8,2,2,11,4,11,8,391,400,391,135,15,0,0,0,0,0,0
txn_02579,8,5,2,66,3,2,3,3,2,1,1,2,1,2,1,3,2,19,6,2,1,79,81,79,24,5,0,0,0,0,0,0
txn_05771,0,2,8,160,0,0,0,1,1,4,4,1,4,1,4,0,0,0,0,1,4,170,170,170,59,5,0,0,0,0,0,0
txn_09096,5,21,7,163,2,1,2,9,12,3,4,8,2,12,4,2,1,9,2,12,4,192,196,192,65,15,0,0,0,0,0,0
txn_07791,3,8,15,83,1,1,1,4,4,6,9,4,5,4,9,1,1,5,5,4,9,105,109,105,37,11,0,0,0,0,0,0
txn_05181,3,14,8,244,1,1,1,5,9,4,4,5,3,8,4,1,1,5,3,8,4,267,269,267,91,13,0,0,0,0,0,0
txn_01682,8,12,9,24,1,3,4,3,9,4,5,2,3,9,4,1,3,2,6,9,4,45,53,45,12,13,0,0,0,0,0,0
txn_02393,7,5,18,124,2,2,3,2,3,7,11,1,6,3,11,2,2,2,10,3,11,149,154,149,49,13,0,0,0,0,0,0
txn_08665,5,17,5,65,2,1,2,9,8,2,3,8,1,8,3,2,1,10,1,8,3,88,92,88,31,10,0,0,0,0,0,0
txn_03334,5,17,2,220,1,2,2,7,10,1,1,6,0,9,1,1,1,6,1,9,1,238,244,238,81,10,0,0,0,0,0,0
txn_09468,4,2,13,51,1,1,2,1,1,5,8,1,4,1,8,1,1,6,4,1,8,68,70,68,22,9,0,0,0,0,0,0
txn_03141,3,10,6,69,1,1,1,4,6,3,3,3,2,6,3,1,1,3,2,6,3,85,88,85,28,8,0,0,0,0,0,0
txn_03134,3,11,15,150,1,1,1,4,7,7,8,3,6,7,8,1,1,3,6,7,8,175,179,175,60,13,0,0,0,0,0,0
txn_07147,6,9,15,113,2,1,3,4,5,5,10,4,4,5,10,2,1,16,4,5,10,139,143,139,46,14,0,0,0,0,0,0
txn_06712,0,15,2,81,0,0,0,6,9,1,1,6,1,9,1,0,0,0,0,9,1,98,98,98,34,10,0,0,0,0,0,0
txn_02888,13,19,17,56,3,5,5,7,12,10,7,7,9,12,7,3,3,20,14,12,7,97,105,97,33,19,0,0,0,0,0,0
txn_00351,0,12,2,193,0,0,0,4,8,1,1,4,1,8,1,0,0,0,0,8,1,207,207,207,71,9,0,0,0,0,0,0
txn_08060,7,26,5,153,2,2,3,11,15,2,3,11,1,15,3,2,2,8,4,15,3,186,191,186,63,17,0,0,0,0,0,0
txn_08959,6,10,7,116,2,1,3,4,6,2,5,3,1,6,5,2,1,7,1,6,5,133,139,133,43,9,0,0,0,0,0,0
txn_01053,8,10,11,236,2,2,4,4,6,5,6,3,5,6,6,2,2,6,8,6,6,263,265,263,89,14,0,0,0,0,0,0
txn_04283,3,9,11,100,1,1,1,4,5,4,7,3,4,5,7,1,1,3,1,5,7,122,123,122,41,12,0,0,0,0,0,0
txn_00500,3,10,15,72,1,1,1,5,5,5,10,4,4,5,10,1,1,4,4,5,10,97,100,97,32,14,0,0,0,0,0,0
txn_03343,5,10,4,76,1,2,2,4,6,2,2,3,1,5,2,1,2,3,2,5,2,89,95,89,28,7,0,0,0,0,0,0
txn_07731,7,28,5,196,1,2,4,12,16,2,3,11,2,16,3,1,2,11,3,16,3,231,236,231,80,18,0,0,0,0,0,0
txn_07993,0,8,7,78,0,0,0,4,4,2,5,4,2,4,5,0,0,0,0,4,5,93,93,93,32,9,0,0,0,0,0,0
txn_05093,6,19,16,134,1,1,4,5,14,5,11,4,4,14,11,1,1,4,4,14,11,164,175,164,53,19,0,0,0,0,0,0
txn_08477,4,11,13,149,1,1,2,3,8,5,8,3,4,7,8,1,1,5,4,7,8,174,177,174,56,16,0,0,0,0,0,0
txn_06112,10,6,18,29,3,2,5,3,3,10,8,3,9,3,7,3,2,16,10,3,7,57,63,57,20,14,0,0,0,0,0,0
txn_02703,3,12,4,220,1,1,1,5,7,2,2,5,1,7,2,1,1,4,1,7,2,238,239,238,80,9,0,0,0,0,0,0
txn_09277,3,11,10,113,1,1,1,5,6,5,5,5,4,6,5,1,1,6,4,6,5,134,137,134,48,9,0,0,0,0,0,0
txn_07950,3,10,4,116,1,1,1,4,6,2,2,3,2,6,2,1,1,3,3,6,2,132,133,132,44,8,0,0,0,0,0,0
txn_00997,8,13,6,68,3,2,3,6,7,2,4,5,1,7,4,3,2,10,4,7,4,92,95,92,29,12,0,0,0,0,0,0
txn_06282,5,8,6,21,2,1,2,3,5,3,3,3,2,5,3,2,1,12,2,5,3,37,40,37,12,7,0,0,0,0,0,0
txn_03086,3,22,6,14,1,1,1,9,13,2,4,9,2,13,4,1,1,2,1,13,4,44,45,44,16,17,0,0,0,0,0,0
txn_04050,3,16,6,368,1,1,1,6,10,2,4,5,1,10,4,1,1,5,1,10,4,389,393,389,135,12,0,0,0,0,0,0
txn_01470,3,11,10,371,1,1,1,4,7,2,8,3,2,6,7,1,1,3,1,6,7,389,395,389,133,13,0,0,0,0,0,0
txn_01350,6,15,8,81,2,2,2,6,9,4,4,5,3,9,4,2,2,6,5,9,4,107,110,107,36,13,0,0,0,0,0,0
txn_02811,5,17,8,82,2,1,2,6,11,4,4,5,3,11,4,2,1,8,3,11,4,107,112,107,36,13,0,0,0,0,0,0
txn_08638,6,6,10,222,1,2,3,2,4,5,5,1,4,4,5,1,2,1,5,4,5,239,244,239,82,8,0,0,0,0,0,0
txn_00800,4,16,12,21,1,1,2,7,9,4,8,6,4,9,8,1,1,6,2,9,8,49,53,49,17,15,0,0,0,0,0,0
txn_03004,6,12,2,372,2,2,2,5,7,1,1,5,0,6,1,2,1,7,2,6,1,388,392,388,134,9,0,0,0,0,0,0
txn_01785,3,11,0,182,1,1,1,4,7,0,0,3,0,7,0,1,0,3,0,7,0,195,196,195,65,7,0,0,0,0,0,0
txn_04239,0,7,4,94,0,0,0,3,4,2,2,3,2,4,2,0,0,0,0,4,2,105,105,105,37,6,0,0,0,0,0,0
txn_09167,6,14,4,93,2,2,2,6,8,2,2,6,1,7,2,2,1,9,1,7,2,113,117,113,37,10,0,0,0,0,0,0
txn_07942,0,13,8,213,0,0,0,5,8,4,4,5,4,8,3,0,0,0,0,8,3,233,234,233,78,12,0,0,0,0,0,0
txn_04770,0,24,0,101,0,0,0,10,14,0,0,10,0,13,0,0,0,0,0,13,0,124,125,124,43,14,0,0,0,0,0,0
txn_00446,3,8,7,166,1,1,1,4,4,3,4,4,2,4,4,1,1,7,2,4,4,183,184,183,62,8,0,0,0,0,0,0
txn_05846,3,11,17,246,1,1,1,5,6,7,10,4,6,6,10,1,1,4,6,6,10,274,277,274,95,15,0,0,0,0,0,0
txn_08014,0,8,5,103,0,0,0,3,5,2,3,3,2,5,3,0,0,0,0,5,3,116,116,116,40,8,0,0,0,0,0,0
txn_03414,3,6,9,179,1,1,1,2,4,4,5,2,4,4,5,1,1,4,2,4,5,197,197,197,66,10,0,0,0,0,0,0
txn_04403,4,17,5,84,1,1,2,8,9,2,3,8,1,9,3,1,1,9,1,9,3,108,110,108,37,12,0,0,0,0,0,0
txn_07140,6,10,11,166,2,2,2,4,6,5,6,3,4,6,6,2,2,6,6,6,6,188,193,188,64,11,0,0,0,0,0,0
txn_07221,3,12,11,239,1,1,1,5,7,5,6,4,4,7,6,1,1,4,4,7,6,262,265,262,90,12,0,0,0,0,0,0
txn_04584,7,17,16,217,2,2,3,7,10,5,11,6,4,10,11,2,1,12,4,10,11,253,257,253,84,21,0,0,0,0,0,0
txn_04187,8,13,19,52,2,3,3,5,8,7,12,4,6,8,12,2,3,7,8,8,12,86,92,86,27,19,0,0,0,0,0,0
txn_08578,11,12,5,374,3,3,5,4,8,2,3,3,1,8,3,3,3,8,7,8,3,395,402,395,135,13,0,0,0,0,0,0
txn_00211,3,13,2,71,1,1,1,6,7,1,1,6,0,7,1,1,0,4,0,7,1,88,89,88,30,8,0,0,0,0,0,0
txn_07812,3,9,6,82,1,1,1,4,5,3,3,3,2,5,3,1,1,3,2,5,3,97,100,97,33,7,0,0,0,0,0,0
txn_04667,3,15,2,101,1,1,1,7,8,1,1,6,0,8,1,1,0,6,0,8,1,118,121,118,40,8,0,0,0,0,0,0
txn_04786,3,14,12,389,1,1,1,7,7,4,8,6,3,7,7,1,1,6,3,7,7,412,418,412,144,13,0,0,0,0,0,0
txn_00979,0,9,4,220,0,0,0,4,5,2,2,4,2,5,2,0,0,0,0,5,2,233,233,233,81,7,0,0,0,0,0,0
txn_00900,8,16,6,85,2,2,4,6,10,2,4,5,1,10,4,2,2,10,6,10,4,108,115,108,34,13,0,0,0,0,0,0
txn_09357,4,15,11,42,1,1,2,7,8,4,7,6,4,8,7,1,1,6,2,8,7,70,72,70,24,15,0,0,0,0,0,0
txn_05621,4,9,5,223,1,1,2,3,6,2,3,2,1,6,3,1,1,2,1,6,3,236,241,236,78,7,0,0,0,0,0,0
txn_00228,3,9,2,97,1,1,1,4,5,1,1,3,1,5,1,1,1,3,4,5,1,110,111,110,37,6,0,0,0,0,0,0
txn_00907,6,17,7,86,1,1,4,6,11,2,5,5,1,11,5,1,1,5,1,11,5,107,116,107,36,12,0,0,0,0,0,0
txn_01168,7,8,7,242,2,1,4,4,4,2,5,3,1,4,5,2,1,8,1,4,5,258,264,258,87,8,0,0,0,0,0,0
txn_01882,3,7,8,142,1,1,1,3,4,4,4,2,3,4,4,1,1,2,3,4,4,157,160,157,54,7,0,0,0,0,0,0
txn_01736,10,12,3,94,2,3,5,4,8,1,2,3,0,8,2,2,1,13,2,8,2,114,119,114,34,11,0,0,0,0,0,0
txn_07808,0,11,5,376,0,0,0,4,7,2,3,4,2,7,3,0,0,0,0,7,3,392,392,392,138,10,0,0,0,0,0,0
txn_09726,3,13,9,75,1,1,1,5,8,3,6,4,3,8,6,1,0,4,0,8,6,99,100,99,32,14,0,0,0,0,0,0
txn_05925,3,28,5,119,1,1,1,12,16,1,4,11,1,16,4,1,1,11,3,16,4,152,155,152,52,18,0,0,0,0,0,0
txn_03870,4,9,4,391,1,1,2,3,6,2,2,2,2,5,2,1,1,2,4,5,2,404,408,404,140,8,0,0,0,0,0,0
txn_00120,5,16,12,74,1,2,2,6,10,5,7,6,4,10,7,1,2,2,8,10,7,105,107,105,35,17,0,0,0,0,0,0
txn_08772,3,12,12,393,1,1,1,5,7,5,7,4,4,7,7,1,1,4,4,7,7,416,420,416,146,12,0,0,0,0,0,0
txn_06858,7,17,9,45,1,2,4,7,10,4,5,6,4,10,4,1,2,6,12,10,4,72,78,72,24,14,0,0,0,0,0,0
txn_04531,3,4,4,185,1,1,1,2,2,2,2,1,1,2,2,1,1,1,1,2,2,193,196,193,65,3,0,0,0,0,0,0
txn_02630,5,16,0,97,2,1,2,8,8,0,0,7,0,7,0,2,1,16,3,7,0,115,118,115,38,9,0,0,0,0,0,0
txn_00052,3,19,4,126,1,1,1,7,12,2,2,7,1,11,2,1,1,3,1,11,2,149,152,149,49,13,0,0,0,0,0,0
txn_03232,3,15,16,134,1,1,1,6,9,7,9,5,6,9,9,1,1,5,6,9,9,164,168,164,56,16,0,0,0,0,0,0
txn_03880,0,14,0,215,0,0,0,3,11,0,0,3,0,11,0,0,0,0,0,11,0,229,229,229,74,11,0,0,0,0,0,0
txn_09508,6,18,11,249,2,2,2,9,9,4,7,9,3,9,7,2,2,11,5,9,7,282,284,282,97,17,0,0,0,0,0,0
txn_01986,4,13,6,61,1,1,2,7,6,2,4,6,1,6,4,1,1,6,1,6,4,79,84,79,27,8,0,0,0,0,0,0
txn_08177,15,12,7,156,5,4,6,5,7,2,5,4,1,7,5,5,4,22,10,7,5,184,190,184,58,13,0,0,0,0,0,0
txn_03269,3,4,5,169,1,1,1,2,2,2,3,2,2,2,3,1,1,4,2,2,3,181,181,181,63,6,0,0,0,0,0,0
txn_06501,6,16,12,193,1,2,3,7,9,5,7,6,4,9,7,1,2,6,7,9,7,218,227,218,72,14,0,0,0,0,0,0
txn_00382,4,7,8,159,1,1,2,3,4,3,5,2,2,4,5,1,1,2,2,4,5,172,178,172,57,7,0,0,0,0,0,0
txn_09170,0,10,12,117,0,0,0,4,6,5,7,4,5,6,7,0,0,0,0,6,7,138,139,138,48,12,0,0,0,0,0,0
txn_08454,4,12,6,99,1,1,2,4,8,2,4,3,1,8,4,1,1,3,1,8,4,116,121,116,37,10,0,0,0,0,0,0
txn_03534,5,9,2,127,2,1,2,4,5,1,1,3,1,5,1,2,1,7,1,5,1,141,143,141,46,7,0,0,0,0,0,0
txn_08588,5,18,11,59,1,1,3,8,10,4,7,7,3,10,7,1,1,7,3,10,7,86,93,86,30,14,0,0,0,0,0,0
txn_06900,4,5,5,30,1,1,2,2,3,2,3,1,1,3,3,1,1,1,1,3,3,39,44,39,12,4,0,0,0,0,0,0
txn_08083,8,7,6,225,2,3,3,2,5,2,4,1,1,4,4,2,3,4,8,4,4,240,246,240,79,9,0,0,0,0,0,0
txn_05050,7,15,4,188,2,2,3,7,8,2,2,6,1,8,2,1,2,6,4,8,2,210,214,210,71,11,0,0,0,0,0,0
txn_01101,17,9,11,89,6,6,5,3,6,4,7,2,3,6,7,6,6,30,22,6,7,120,126,120,35,13,0,0,0,0,0,0
txn_02680,4,18,3,252,1,1,2,7,11,1,2,6,1,10,2,1,1,6,5,10,2,271,277,271,92,12,0,0,0,0,0,0
txn_02396,0,15,7,137,0,0,0,6,9,4,3,6,4,9,3,0,0,0,0,9,3,158,159,158,56,11,0,0,0,0,0,0
txn_03797,3,20,5,245,1,1,1,6,14,2,3,5,2,14,3,1,1,5,3,14,3,272,273,272,91,17,0,0,0,0,0,0
txn_09085,0,4,5,156,0,0,0,2,2,2,3,2,2,2,3,0,0,0,0,2,3,165,165,165,57,5,0,0,0,0,0,0
txn_08466,8,4,5,103,2,2,4,2,2,2,3,1,2,2,3,2,2,2,10,2,3,119,120,119,38,8,0,0,0,0,0,0
txn_07929,3,7,16,226,1,1,1,3,4,7,9,2,6,4,9,1,1,2,6,4,9,249,252,249,84,12,0,0,0,0,0,0
txn_02359,13,17,12,264,5,3,5,7,10,6,6,7,5,10,5,4,2,20,10,10,5,298,306,298,98,18,0,0,0,0,0,0
txn_06744,4,0,16,92,1,1,2,0,0,6,10,0,5,0,10,1,1,4,5,0,10,109,112,109,35,10,0,0,0,0,0,0
txn_02961,3,12,8,81,1,1,1,4,8,2,6,3,1,8,6,1,1,3,1,8,6,100,104,100,31,12,0,0,0,0,0,0
txn_07801,7,10,13,379,2,2,3,3,7,5,8,2,4,7,8,2,2,8,8,7,8,403,409,403,138,14,0,0,0,0,0,0
txn_06227,3,20,9,159,1,1,1,10,10,3,6,9,2,9,5,1,1,9,2,9,5,182,191,182,63,13,0,0,0,0,0,0
txn_00869,6,17,6,85,2,1,3,7,10,2,4,6,1,10,4,2,1,15,1,10,4,107,114,107,36,11,0,0,0,0,0,0
txn_00722,6,12,10,130,1,2,3,5,7,4,6,4,3,7,6,1,2,4,6,7,6,150,158,150,51,10,0,0,0,0,0,0
txn_09965,6,13,7,89,1,2,3,5,8,3,4,4,2,8,4,1,2,4,8,8,4,108,115,108,37,9,0,0,0,0,0,0
txn_02496,5,12,2,175,1,2,2,5,7,1,1,5,0,6,1,1,1,3,1,6,1,192,194,192,64,9,0,0,0,0,0,0
txn_04415,4,11,6,137,1,1,2,5,6,3,3,4,2,6,3,1,1,4,2,6,3,153,158,153,52,7,0,0,0,0,0,0
txn_03240,4,29,5,248,1,1,2,12,17,2,3,11,1,16,3,1,1,11,1,16,3,279,286,279,96,18,0,0,0,0,0,0
txn_07971,4,7,8,118,1,1,2,3,4,3,5,3,2,4,5,1,1,5,2,4,5,134,137,134,45,8,0,0,0,0,0,0
txn_04863,4,8,13,121,1,1,2,3,5,6,7,3,5,5,7,1,1,7,5,5,7,144,146,144,49,12,0,0,0,0,0,0
txn_05090,5,7,7,94,2,1,2,3,4,3,4,2,3,4,4,2,0,6,0,4,4,112,113,112,37,9,0,0,0,0,0,0
txn_01133,8,30,13,60,1,2,5,8,22,4,9,7,3,22,9,1,2,7,6,22,9,101,111,101,30,27,0,0,0,0,0,0
txn_07639,3,17,11,169,1,1,1,6,11,3,8,6,3,11,8,1,1,5,3,11,8,200,200,200,66,20,0,0,0,0,0,0
txn_08106,5,19,12,229,1,2,2,7,12,4,8,6,3,12,8,1,2,6,8,12,8,260,265,260,86,18,0,0,0,0,0,0
txn_02917,4,10,8,118,1,1,2,4,6,3,5,4,2,6,5,1,1,6,2,6,5,136,140,136,46,9,0,0,0,0,0,0
txn_01979,0,14,2,45,0,0,0,5,9,1,1,5,1,9,1,0,0,0,0,9,1,61,61,61,21,10,0,0,0,0,0,0
txn_05991,0,15,2,100,0,0,0,6,9,1,1,6,1,9,1,0,0,0,0,9,1,117,117,117,41,10,0,0,0,0,0,0
txn_02817,8,6,6,99,2,2,4,2,4,3,3,1,2,4,3,2,2,5,5,4,3,116,119,116,36,9,0,0,0,0,0,0
txn_06303,6,8,5,232,1,2,3,4,4,2,3,4,1,4,2,1,2,6,6,4,2,247,251,247,82,8,0,0,0,0,0,0
txn_07419,3,8,6,69,1,1,1,3,5,3,3,3,2,5,3,1,1,7,2,5,3,85,86,85,28,8,0,0,0,0,0,0
txn_02709,0,10,4,227,0,0,0,5,5,1,3,5,1,5,3,0,0,0,0,5,3,241,241,241,85,8,0,0,0,0,0,0
txn_02926,5,12,10,250,1,2,2,5,7,4,6,5,3,7,6,1,2,4,7,7,6,273,277,273,94,12,0,0,0,0,0,0
txn_09634,9,11,10,218,3,3,3,5,6,5,5,4,4,6,5,3,3,13,9,6,5,243,248,243,80,11,0,0,0,0,0,0
txn_06725,6,12,6,92,2,2,2,4,8,2,4,3,1,7,4,2,1,10,1,7,4,109,116,109,35,11,0,0,0,0,0,0
txn_01008,5,18,6,382,1,1,3,7,11,2,4,6,1,10,4,1,1,6,1,10,4,400,411,400,139,11,0,0,0,0,0,0
txn_09048,3,8,8,105,1,1,1,4,4,4,4,4,3,4,4,1,1,1,3,4,4,123,124,123,43,8,0,0,0,0,0,0
txn_05323,6,11,6,254,1,2,3,4,7,3,3,3,2,6,3,1,1,3,2,6,3,268,277,268,91,8,0,0,0,0,0,0
txn_03021,5,17,6,172,1,1,3,6,11,2,4,5,1,11,4,1,1,5,1,11,4,193,200,193,66,12,0,0,0,0,0,0
txn_02052,6,9,2,95,2,2,2,4,5,1,1,4,1,5,1,2,1,10,5,5,1,112,112,112,37,8,0,0,0,0,0,0
txn_07335,4,19,5,160,1,1,2,7,12,2,3,6,1,12,3,1,1,6,1,12,3,183,188,183,62,13,0,0,0,0,0,0
txn_07025,3,21,7,256,1,1,1,8,13,3,4,8,3,12,4,1,1,7,3,12,4,285,287,285,99,17,0,0,0,0,0,0
txn_00100,0,17,0,77,0,0,0,7,10,0,0,7,0,10,0,0,0,0,0,10,0,94,94,94,33,10,0,0,0,0,0,0
txn_04280,7,13,12,45,2,2,3,5,8,5,7,4,4,8,7,2,2,7,6,8,7,70,77,70,22,13,0,0,0,0,0,0
txn_02117,0,16,2,62,0,0,0,7,9,1,1,7,1,9,1,0,0,0,0,9,1,80,80,80,29,10,0,0,0,0,0,0
txn_09977,17,11,5,60,6,6,5,4,7,2,3,4,2,7,3,6,6,30,16,7,3,93,93,93,26,15,0,0,0,0,0,0
txn_01081,8,15,10,95,3,2,3,6,9,5,5,5,4,9,5,3,2,18,7,9,5,124,128,124,41,14,0,0,0,0,0,0
txn_01798,0,12,5,266,0,0,0,5,7,2,3,5,2,7,3,0,0,0,0,7,3,282,283,282,97,9,0,0,0,0,0,0
txn_09647,3,9,6,172,1,1,1,4,5,2,4,3,1,5,4,1,1,3,1,5,4,187,190,187,62,8,0,0,0,0,0,0
txn_05035,3,13,13,230,1,1,1,6,7,4,9,5,3,6,8,1,1,5,3,6,8,251,259,251,87,13,0,0,0,0,0,0
txn_09308,5,19,5,396,2,1,2,8,11,2,3,7,2,11,3,2,1,11,2,11,3,423,425,423,148,14,0,0,0,0,0,0
txn_08315,3,8,4,97,1,1,1,4,4,2,2,4,1,4,2,1,1,5,1,4,2,111,112,111,38,6,0,0,0,0,0,0
txn_01605,6,25,5,399,1,2,3,10,15,2,3,9,1,15,3,1,2,9,3,15,3,428,435,428,149,16,0,0,0,0,0,0
txn_06710,7,6,8,384,2,2,3,2,4,3,5,1,2,3,4,2,2,5,7,3,4,396,405,396,137,9,0,0,0,0,0,0
txn_06533,4,21,2,87,1,1,2,7,14,1,1,6,1,14,1,1,1,6,1,14,1,112,114,112,37,15,0,0,0,0,0,0
txn_02696,3,13,7,191,1,1,1,6,7,3,4,5,2,6,3,1,1,5,2,6,3,207,214,207,73,9,0,0,0,0,0,0
txn_01804,7,9,9,196,2,2,3,4,5,4,5,3,3,5,5,2,2,9,6,5,5,218,221,218,73,11,0,0,0,0,0,0
txn_00965,3,16,4,100,1,1,1,6,10,2,2,6,1,10,2,1,1,4,1,10,2,122,123,122,41,12,0,0,0,0,0,0
txn_06475,3,12,2,223,1,1,1,6,6,1,1,6,1,6,1,1,1,7,2,6,1,239,240,239,83,8,0,0,0,0,0,0
txn_02527,0,7,2,402,0,0,0,3,4,1,1,3,1,4,1,0,0,0,0,4,1,410,411,410,144,5,0,0,0,0,0,0
txn_01574,5,21,3,103,2,1,2,7,14,1,2,6,0,14,2,2,0,10,0,14,2,128,132,128,41,15,0,0,0,0,0,0
txn_04439,3,19,3,88,1,1,1,7,12,1,2,7,1,11,2,1,1,6,2,11,2,111,113,111,36,15,0,0,0,0,0,0
txn_08375,6,14,12,151,2,1,3,5,9,5,7,4,4,9,7,2,1,9,4,9,7,176,183,176,59,14,0,0,0,0,0,0
txn_02501,3,4,2,65,1,1,1,2,2,1,1,1,0,2,1,1,0,1,0,2,1,71,74,71,23,2,0,0,0,0,0,0
txn_00325,6,6,2,199,2,2,2,3,3,1,1,2,0,3,1,2,1,7,4,3,1,210,213,210,70,4,0,0,0,0,0,0
txn_03476,3,13,10,191,1,1,1,5,8,5,5,4,4,8,5,1,1,4,4,8,5,213,217,213,75,11,0,0,0,0,0,0
txn_03579,5,12,20,194,1,2,2,5,7,7,13,5,6,7,13,1,2,5,8,7,13,230,231,230,79,21,0,0,0,0,0,0
txn_07850,6,15,10,405,2,1,3,7,8,3,7,7,2,7,7,2,1,5,2,7,7,430,436,430,150,14,0,0,0,0,0,0
txn_06820,0,20,0,226,0,0,0,10,10,0,0,10,0,10,0,0,0,0,0,10,0,246,246,246,87,10,0,0,0,0,0,0
txn_01954,3,12,9,200,1,1,1,5,7,3,6,5,2,7,6,1,1,4,2,7,6,221,224,221,70,11,0,0,0,0,0,0
txn_03423,4,16,3,122,1,1,2,6,10,1,2,5,0,10,2,1,0,5,0,10,2,140,145,140,46,10,0,0,0,0,0,0
txn_08398,6,22,4,71,2,1,3,7,15,1,3,6,0,15,3,2,0,10,0,15,3,97,103,97,30,16,0,0,0,0,0,0
txn_08386,6,14,8,175,2,1,3,6,8,3,5,5,2,8,5,2,1,10,2,8,5,197,203,197,68,11,0,0,0,0,0,0
txn_02190,5,26,6,104,1,2,2,9,17,3,3,9,2,17,3,1,2,3,3,17,3,138,141,138,45,20,0,0,0,0,0,0
txn_03746,3,13,12,56,1,1,1,6,7,6,6,5,6,7,6,1,1,5,3,7,6,83,84,83,30,13,0,0,0,0,0,0
txn_08304,3,13,11,234,1,1,1,5,8,6,5,5,5,8,5,1,1,4,5,8,5,259,261,259,89,12,0,0,0,0,0,0
txn_03315,0,7,13,407,0,0,0,3,4,5,8,3,5,3,7,0,0,0,0,3,7,423,427,423,148,11,0,0,0,0,0,0
txn_06892,8,4,3,384,3,2,3,2,2,1,2,1,1,2,2,3,1,9,2,2,2,398,399,398,137,6,0,0,0,0,0,0
txn_08530,7,18,7,253,2,1,4,8,10,2,5,7,1,10,5,2,1,11,1,10,5,278,285,278,95,13,0,0,0,0,0,0
txn_01098,5,20,4,203,1,1,3,8,12,1,3,8,0,12,3,1,0,2,0,12,3,226,232,226,70,14,0,0,0,0,0,0
txn_00408,0,19,6,94,0,0,0,8,11,3,3,8,3,11,3,0,0,0,0,11,3,118,119,118,44,13,0,0,0,0,0,0
txn_03368,5,24,6,229,2,1,2,11,13,3,3,11,2,13,3,2,1,6,2,13,3,259,264,259,89,15,0,0,0,0,0,0
txn_04603,4,14,3,72,1,1,2,5,9,1,2,4,0,9,2,1,0,4,0,9,2,88,93,88,28,9,0,0,0,0,0,0
txn_08051,6,18,8,65,2,1,3,7,11,3,5,6,2,11,5,2,1,7,2,11,5,91,97,91,30,14,0,0,0,0,0,0
txn_03472,5,15,12,408,2,1,2,6,9,6,6,5,5,8,5,2,1,9,5,8,5,430,440,430,152,13,0,0,0,0,0,0
txn_03183,3,13,14,232,1,1,1,4,9,6,8,4,5,9,8,1,1,7,5,9,8,260,262,260,88,17,0,0,0,0,0,0
txn_05086,3,14,4,145,1,1,1,5,9,2,2,4,2,9,2,1,1,4,2,9,2,163,166,163,55,10,0,0,0,0,0,0
txn_03120,3,14,13,54,1,1,1,7,7,5,8,6,4,7,8,1,1,6,4,7,8,79,84,79,28,12,0,0,0,0,0,0
txn_01522,6,20,4,78,2,2,2,8,12,2,2,7,2,12,2,2,2,13,6,12,2,107,108,107,35,15,0,0,0,0,0,0
txn_06718,5,13,7,140,1,1,3,4,9,2,5,3,1,9,5,1,1,3,1,9,5,158,165,158,51,11,0,0,0,0,0,0
txn_06895,5,10,3,163,2,1,2,4,6,1,2,4,0,6,2,2,0,6,0,6,2,178,181,178,60,8,0,0,0,0,0,0
txn_03614,6,16,6,68,1,2,3,6,10,2,4,5,1,9,4,1,2,5,2,9,4,88,96,88,28,13,0,0,0,0,0,0
txn_09582,4,10,12,269,1,1,2,4,6,4,8,4,4,6,7,1,1,2,2,6,7,293,295,293,98,15,0,0,0,0,0,0
txn_01720,6,12,10,81,2,1,3,5,7,4,6,5,3,7,6,2,1,9,3,7,6,106,109,106,35,13,0,0,0,0,0,0
txn_09293,0,13,18,197,0,0,0,5,8,7,11,5,7,7,11,0,0,0,0,7,11,226,228,226,80,18,0,0,0,0,0,0
txn_08372,7,17,6,116,1,3,3,7,10,3,3,6,2,10,3,1,3,6,4,10,3,141,146,141,48,12,0,0,0,0,0,0
txn_08245,7,14,10,140,1,1,5,5,9,3,7,4,2,9,7,1,1,4,2,9,7,159,171,159,53,10,0,0,0,0,0,0
txn_01410,9,18,11,121,1,3,5,7,11,5,6,6,4,11,6,1,3,6,16,11,6,151,159,151,51,15,0,0,0,0,0,0
txn_05350,5,10,3,98,1,2,2,4,6,1,2,4,1,6,2,1,2,5,5,6,2,116,116,116,38,10,0,0,0,0,0,0
txn_00013,3,9,4,119,1,1,1,4,5,2,2,4,2,5,2,1,1,5,3,5,2,134,135,134,47,7,0,0,0,0,0,0
txn_01364,8,19,2,206,3,2,3,8,11,1,1,7,1,11,1,3,2,16,3,11,1,232,235,232,73,12,0,0,0,0,0,0
txn_07007,0,11,12,221,0,0,0,5,6,3,9,5,3,6,9,0,0,0,0,6,9,244,244,244,81,15,0,0,0,0,0,0
txn_01553,6,9,4,53,2,1,3,4,5,1,3,4,0,5,3,2,0,11,0,5,3,69,72,69,21,8,0,0,0,0,0,0
txn_08567,0,18,11,69,0,0,0,7,11,4,7,7,4,11,7,0,0,0,0,11,7,98,98,98,34,18,0,0,0,0,0,0
txn_09793,7,12,5,88,2,2,3,5,7,2,3,4,1,7,3,2,2,10,5,7,3,106,112,106,35,9,0,0,0,0,0,0
txn_02221,6,10,4,106,1,3,2,4,6,2,2,3,1,6,2,1,3,3,10,6,2,122,126,122,40,7,0,0,0,0,0,0
txn_07756,5,25,4,175,1,1,3,10,15,2,2,10,2,15,2,1,0,4,0,15,2,208,209,208,71,19,0,0,0,0,0,0
txn_07924,5,4,9,271,2,1,2,2,2,4,5,1,3,2,4,2,1,6,3,2,4,282,289,282,95,6,0,0,0,0,0,0
txn_00649,3,18,12,199,1,1,1,6,12,5,7,6,5,11,6,1,1,1,6,11,6,228,232,228,78,19,0,0,0,0,0,0
txn_03019,8,13,9,108,2,2,4,5,8,3,6,4,2,8,6,2,2,7,5,8,6,132,138,132,43,13,0,0,0,0,0,0
txn_06803,4,10,3,237,1,1,2,3,7,1,2,2,0,6,1,1,0,2,0,6,1,246,254,246,81,7,0,0,0,0,0,0
txn_08093,3,10,9,59,1,1,1,5,5,3,6,4,2,5,6,1,1,4,2,5,6,78,81,78,26,10,0,0,0,0,0,0
txn_08725,3,20,4,133,1,1,1,9,11,2,2,9,2,11,2,1,0,8,0,11,2,159,160,159,56,13,0,0,0,0,0,0
txn_00239,3,12,8,128,1,1,1,6,6,3,5,5,2,6,5,1,1,5,2,6,5,147,151,147,50,9,0,0,0,0,0,0
txn_04708,5,9,16,68,2,1,2,3,6,7,9,2,6,6,9,2,1,6,6,6,9,93,98,93,30,14,0,0,0,0,0,0
txn_05835,6,8,8,74,1,1,4,3,5,2,6,3,1,5,6,1,1,3,1,5,6,91,96,91,29,10,0,0,0,0,0,0
txn_00062,8,7,7,111,3,2,3,3,4,3,4,2,2,4,4,3,1,12,2,4,4,130,133,130,42,9,0,0,0,0,0,0
txn_09836,0,11,0,209,0,0,0,5,6,0,0,5,0,6,0,0,0,0,0,6,0,220,220,220,71,6,0,0,0,0,0,0
txn_04357,0,15,6,182,0,0,0,5,10,2,4,5,2,10,4,0,0,0,0,10,4,203,203,203,69,14,0,0,0,0,0,0
txn_08599,6,14,6,143,1,2,3,5,9,2,4,4,1,9,4,1,2,4,2,9,4,163,169,163,53,11,0,0,0,0,0,0
txn_04599,0,10,0,272,0,0,0,4,6,0,0,4,0,6,0,0,0,0,0,6,0,282,282,282,96,6,0,0,0,0,0,0
txn_09859,3,22,7,200,1,1,1,9,13,2,5,8,2,13,5,1,1,8,2,13,5,229,232,229,81,16,0,0,0,0,0,0
txn_09301,6,0,4,178,2,1,3,0,0,1,3,0,0,0,3,2,0,10,0,0,3,185,188,185,60,3,0,0,0,0,0,0
txn_06706,5,8,4,36,2,1,2,4,4,2,2,3,2,4,2,2,1,8,2,4,2,52,53,52,17,7,0,0,0,0,0,0
txn_08191,6,15,6,106,1,2,3,6,9,3,3,5,2,9,3,1,2,5,3,9,3,127,133,127,43,10,0,0,0,0,0,0
txn_08889,7,18,13,230,2,1,4,7,11,4,9,6,3,11,9,2,1,10,3,11,9,260,268,260,89,17,0,0,0,0,0,0
txn_05803,0,11,4,101,0,0,0,4,7,2,2,4,2,7,2,0,0,0,0,7,2,115,116,115,40,8,0,0,0,0,0,0
txn_07234,9,14,2,185,3,2,4,6,8,1,1,5,0,8,1,3,1,17,3,8,1,206,210,206,68,11,0,0,0,0,0,0
txn_04626,5,6,13,203,1,1,3,2,4,5,8,1,4,4,8,1,1,1,4,4,8,220,227,220,77,9,0,0,0,0,0,0
txn_09114,5,13,2,45,1,2,2,5,8,1,1,4,0,8,1,1,0,4,0,8,1,61,65,61,19,8,0,0,0,0,0,0
txn_06679,4,19,9,177,2,1,1,9,10,3,6,8,3,10,6,2,1,13,1,10,6,208,209,208,72,16,0,0,0,0,0,0
txn_07728,3,9,7,409,1,1,1,3,6,3,4,2,3,6,4,1,1,2,6,6,4,427,428,427,150,10,0,0,0,0,0,0
txn_02912,0,14,2,196,0,0,0,5,9,1,1,5,1,9,1,0,0,0,0,9,1,212,212,212,72,10,0,0,0,0,0,0
txn_00396,3,17,5,199,1,1,1,7,10,2,3,6,2,10,3,1,1,6,4,10,3,223,224,223,75,13,0,0,0,0,0,0
txn_06917,7,15,7,237,1,3,3,6,9,3,4,5,2,9,4,1,3,5,6,9,4,261,266,261,87,12,0,0,0,0,0,0
txn_06949,3,9,13,148,1,1,1,4,5,4,9,3,3,5,9,1,1,3,3,5,9,170,173,170,57,13,0,0,0,0,0,0
txn_00032,6,14,12,256,2,1,3,7,7,5,7,6,4,7,7,2,1,10,4,7,7,280,288,280,97,11,0,0,0,0,0,0
txn_06982,8,11,13,27,2,2,4,3,8,5,8,2,4,8,8,2,2,8,8,8,8,53,59,53,15,15,0,0,0,0,0,0
txn_03992,5,10,6,30,1,2,2,4,6,3,3,3,3,6,3,1,2,3,6,6,3,49,51,49,16,9,0,0,0,0,0,0
txn_03153,9,16,7,387,1,2,6,5,11,2,5,4,1,11,5,1,2,4,3,11,5,409,419,409,141,13,0,0,0,0,0,0
txn_05913,3,13,4,191,1,1,1,5,8,2,2,4,2,7,2,1,0,4,0,7,2,208,211,208,70,10,0,0,0,0,0,0
txn_07342,8,27,6,81,2,2,4,11,16,3,3,10,2,15,3,2,1,14,2,15,3,116,122,116,38,20,0,0,0,0,0,0
txn_05987,6,11,4,212,2,2,2,5,6,1,3,4,1,6,3,2,2,12,5,6,3,232,233,232,72,10,0,0,0,0,0,0
txn_07063,3,20,11,106,1,1,1,8,12,5,6,7,5,12,6,1,1,7,6,12,6,137,140,137,48,16,0,0,0,0,0,0
txn_00425,6,19,4,202,2,2,2,7,12,1,3,7,1,12,3,2,2,6,5,12,3,228,231,228,75,17,0,0,0,0,0,0
txn_01711,3,19,14,215,1,1,1,7,12,4,10,7,4,12,10,1,1,6,2,12,10,250,251,250,79,22,0,0,0,0,0,0
txn_02118,6,20,2,218,2,2,2,8,12,1,1,8,1,12,1,2,2,9,7,12,1,242,246,242,77,13,0,0,0,0,0,0
txn_01996,16,16,11,221,5,4,7,8,8,5,6,8,5,8,6,5,4,23,10,8,6,258,264,258,82,19,0,0,0,0,0,0
txn_08035,12,15,10,204,4,3,5,6,9,3,7,6,3,9,7,4,2,20,8,9,7,228,241,228,75,13,0,0,0,0,0,0
txn_04870,14,7,2,224,5,5,4,3,4,1,1,3,1,4,1,5,4,26,11,4,1,242,247,242,77,9,0,0,0,0,0,0
txn_08773,11,9,11,226,4,4,3,4,5,4,7,4,4,5,6,4,4,14,9,5,6,252,257,252,80,14,0,0,0,0,0,0
txn_04926,18,16,3,206,6,5,7,7,9,1,2,7,1,8,2,6,5,31,15,8,2,232,243,232,72,14,0,0,0,0,0,0
txn_01552,6,10,10,223,2,2,2,5,5,4,6,5,4,5,6,2,2,10,3,5,6,245,249,245,78,10,0,0,0,0,0,0
txn_01587,18,10,6,207,6,6,6,4,6,2,4,4,2,6,4,6,6,31,22,6,4,236,241,236,73,15,0,0,0,0,0,0
txn_06959,6,14,4,154,2,1,3,6,8,1,3,5,0,7,3,2,0,11,0,7,3,170,178,170,56,9,0,0,0,0,0,0
txn_05259,8,21,2,227,3,2,3,8,13,1,1,8,1,13,1,3,2,12,5,13,1,257,258,257,83,16,0,0,0,0,0,0
txn_06985,4,10,5,84,1,1,2,3,7,2,3,2,1,7,3,1,1,2,1,7,3,98,103,98,32,8,0,0,0,0,0,0
txn_03056,12,15,13,230,4,4,4,6,9,6,7,6,6,8,7,4,4,15,12,8,7,264,270,264,85,17,0,0,0,0,0,0
txn_04487,14,10,7,226,5,5,4,4,6,3,4,4,3,6,4,5,5,19,18,6,4,252,257,252,77,12,0,0,0,0,0,0
txn_07144,12,20,6,228,4,4,4,7,13,2,4,7,2,13,4,4,4,31,17,13,4,256,266,256,78,17,0,0,0,0,0,0
txn_05114,12,12,4,209,4,4,4,4,8,1,3,4,1,8,3,4,4,18,13,8,3,234,237,234,72,14,0,0,0,0,0,0
txn_02647,9,7,7,211,3,3,3,3,4,3,4,3,3,4,4,3,3,15,7,4,4,230,234,230,73,11,0,0,0,0,0,0
txn_06043,19,12,12,213,6,8,5,5,7,5,7,5,5,7,7,6,8,29,24,7,7,250,256,250,77,17,0,0,0,0,0,0
txn_08587,20,15,9,215,7,7,6,7,8,3,6,7,3,8,6,7,7,33,18,8,6,252,259,252,76,16,0,0,0,0,0,0
txn_02244,18,3,14,231,7,6,5,1,2,5,9,1,5,2,9,7,6,37,22,2,9,262,266,262,81,14,0,0,0,0,0,0
txn_03488,11,26,8,230,4,4,3,10,16,3,5,10,3,15,5,4,4,21,12,15,5,270,275,270,83,22,0,0,0,0,0,0
txn_09411,22,18,8,217,8,8,6,7,11,3,5,7,3,11,5,8,8,40,20,11,5,256,265,256,76,18,0,0,0,0,0,0
txn_00755,6,17,11,219,2,2,2,8,9,4,7,8,4,8,6,2,2,13,6,8,6,246,253,246,77,14,0,0,0,0,0,0
txn_04030,21,21,9,220,7,9,5,6,15,4,5,6,4,15,4,7,9,33,29,15,4,261,271,261,77,22,0,0,0,0,0,0
txn_04435,11,19,7,221,4,3,4,8,11,3,4,8,3,11,4,4,3,20,6,11,4,254,258,254,78,18,0,0,0,0,0,0
txn_06038,9,14,12,232,3,3,3,6,8,5,7,6,5,8,7,3,3,21,10,8,7,257,267,257,79,14,0,0,0,0,0,0
txn_08565,9,22,9,223,3,3,3,8,14,4,5,8,4,14,5,3,3,25,9,14,5,260,263,260,80,21,0,0,0,0,0,0
txn_09806,7,16,5,109,2,2,3,7,9,2,3,6,1,9,3,2,2,13,2,9,3,132,137,132,44,11,0,0,0,0,0,0
txn_03684,4,15,15,259,1,1,2,5,10,6,9,4,5,10,8,1,1,4,5,10,8,284,293,284,97,15,0,0,0,0,0,0
txn_09038,4,16,14,83,1,1,2,7,9,4,10,6,3,9,10,1,1,6,3,9,10,111,117,111,36,17,0,0,0,0,0,0
txn_02078,14,11,13,226,5,4,5,4,7,5,8,4,5,7,8,5,3,26,11,7,8,255,264,255,77,18,0,0,0,0,0,0
txn_05276,9,13,14,228,2,2,5,5,8,7,7,5,7,8,7,2,2,11,5,8,7,261,264,261,82,17,0,0,0,0,0,0
txn_05882,9,22,5,72,3,3,3,9,13,2,3,9,2,12,3,3,3,23,13,12,3,105,108,105,34,17,0,0,0,0,0,0
txn_04802,7,10,9,231,2,2,3,4,6,4,5,4,4,6,5,2,2,8,8,6,5,254,257,254,78,13,0,0,0,0,0,0
txn_03976,3,18,9,233,1,1,1,7,11,4,5,7,3,11,5,1,1,8,3,11,5,262,263,262,91,16,0,0,0,0,0,0
txn_03335,6,15,12,390,2,1,3,6,9,4,8,6,3,8,8,2,1,12,3,8,8,418,423,418,145,16,0,0,0,0,0,0
txn_03288,3,22,7,64,1,1,1,10,12,2,5,9,2,12,5,1,1,9,5,12,5,92,96,92,32,14,0,0,0,0,0,0
txn_02567,3,25,12,102,1,1,1,11,14,5,7,11,5,14,7,1,0,4,0,14,7,140,142,140,52,20,0,0,0,0,0,0
txn_04740,0,18,13,234,0,0,0,6,12,5,8,6,5,12,8,0,0,0,0,12,8,265,265,265,83,20,0,0,0,0,0,0
txn_06866,6,21,9,392,2,2,2,9,12,4,5,8,3,12,5,2,2,13,5,12,5,422,428,422,148,16,0,0,0,0,0,0
txn_09492,5,12,15,87,1,2,2,5,7,7,8,4,6,7,8,1,1,4,6,7,8,113,119,113,39,12,0,0,0,0,0,0
txn_02298,5,21,4,80,1,1,3,8,13,1,3,7,0,13,3,1,0,7,0,13,3,103,110,103,34,13,0,0,0,0,0,0
txn_08015,7,28,4,202,1,2,4,10,18,2,2,9,1,18,2,1,2,9,5,18,2,235,241,235,79,19,0,0,0,0,0,0
txn_05391,3,14,7,412,1,1,1,6,8,3,4,5,2,7,4,1,1,5,2,7,4,431,436,431,152,11,0,0,0,0,0,0
txn_00813,5,17,2,237,2,1,2,6,11,1,1,5,1,11,1,2,1,12,5,11,1,260,261,260,79,13,0,0,0,0,0,0
txn_04157,5,8,13,75,2,1,2,4,4,5,8,3,4,4,8,2,1,7,4,4,8,97,101,97,32,11,0,0,0,0,0,0
txn_02455,3,14,8,395,1,1,1,6,8,4,4,5,4,8,3,1,1,5,1,8,3,416,420,416,146,12,0,0,0,0,0,0
txn_08997,0,11,7,240,0,0,0,5,6,3,4,5,3,6,4,0,0,0,0,6,4,257,258,257,82,9,0,0,0,0,0,0
txn_05868,3,18,8,206,1,1,1,7,11,3,5,6,2,11,5,1,1,6,2,11,5,231,235,231,81,14,0,0,0,0,0,0
txn_03456,3,16,11,97,1,1,1,4,12,4,7,3,4,12,7,1,0,3,0,12,7,126,127,126,41,19,0,0,0,0,0,0
txn_06305,0,12,5,112,0,0,0,4,8,2,3,4,2,8,3,0,0,0,0,8,3,129,129,129,44,11,0,0,0,0,0,0
txn_01797,5,15,6,33,1,1,3,5,10,2,4,4,1,10,4,1,1,4,1,10,4,52,59,52,16,11,0,0,0,0,0,0
txn_01713,0,4,5,240,0,0,0,2,2,2,3,2,2,2,2,0,0,0,0,2,2,248,249,248,84,5,0,0,0,0,0,0
txn_04769,7,10,9,87,1,2,4,3,7,4,5,2,3,7,5,1,2,2,6,7,5,106,113,106,35,10,0,0,0,0,0,0
txn_06586,5,14,5,24,1,2,2,5,9,2,3,4,1,9,3,1,2,4,5,9,3,44,48,44,13,11,0,0,0,0,0,0
txn_05981,4,8,4,125,2,1,1,4,4,2,2,3,1,4,2,2,1,7,1,4,2,138,141,138,46,5,0,0,0,0,0,0
txn_03481,3,19,5,90,1,1,1,8,11,2,3,8,1,11,2,1,1,6,1,11,2,112,117,112,39,12,0,0,0,0,0,0
txn_04084,3,4,10,90,1,1,1,2,2,4,6,1,4,2,6,1,1,1,3,2,6,106,107,106,36,8,0,0,0,0,0,0
txn_03177,3,11,11,236,1,1,1,4,7,4,7,3,3,7,7,1,1,3,3,7,7,258,261,258,88,13,0,0,0,0,0,0
txn_04749,6,7,8,162,1,1,4,2,5,2,6,1,1,5,6,1,1,1,1,5,6,174,183,174,57,7,0,0,0,0,0,0
txn_07326,5,14,4,165,1,1,3,6,8,1,3,5,0,8,3,1,0,5,0,8,3,181,188,181,61,8,0,0,0,0,0,0
txn_04100,6,12,13,151,2,2,2,5,7,4,9,4,4,7,8,2,2,12,5,7,8,175,182,175,59,14,0,0,0,0,0,0
txn_01573,3,16,11,414,1,1,1,7,9,5,6,6,5,9,6,1,1,6,2,9,6,443,444,443,158,15,0,0,0,0,0,0
txn_06998,3,29,4,12,1,1,1,12,17,2,2,11,2,17,2,1,1,11,1,17,2,46,48,46,17,18,0,0,0,0,0,0
txn_06538,8,20,11,261,2,2,4,7,13,4,7,6,3,13,7,2,2,11,4,13,7,295,300,295,99,20,0,0,0,0,0,0
txn_08319,7,20,15,417,1,3,3,8,12,6,9,8,5,11,9,1,3,3,9,11,9,454,459,454,159,21,0,0,0,0,0,0
txn_03981,7,12,14,193,2,2,3,5,7,6,8,4,5,7,8,2,2,8,6,7,8,221,226,221,75,14,0,0,0,0,0,0
txn_00743,3,20,8,15,1,1,1,7,13,2,6,6,2,13,6,1,1,6,5,13,6,42,46,42,13,17,0,0,0,0,0,0
txn_05698,9,13,8,48,3,1,5,5,8,2,6,4,1,8,6,3,1,14,1,8,6,69,78,69,21,12,0,0,0,0,0,0
txn_02901,3,15,0,123,1,1,1,6,9,0,0,5,0,9,0,1,1,5,2,9,0,140,141,140,46,9,0,0,0,0,0,0
txn_05349,5,18,4,104,1,2,2,6,12,2,2,5,2,12,2,1,2,5,6,12,2,128,131,128,42,13,0,0,0,0,0,0
txn_04001,8,21,14,47,2,3,3,9,12,5,9,8,4,12,9,2,3,12,9,12,9,83,90,83,28,18,0,0,0,0,0,0
txn_09079,5,15,4,199,1,1,3,5,10,1,3,4,0,10,3,1,0,4,0,10,3,216,223,216,72,10,0,0,0,0,0,0
txn_07709,7,4,10,107,3,1,3,2,2,4,6,1,3,2,6,3,1,7,3,2,6,123,128,123,40,7,0,0,0,0,0,0
txn_08964,5,16,6,242,2,1,2,7,9,2,4,6,2,9,4,2,1,11,2,9,4,267,269,267,90,13,0,0,0,0,0,0
txn_06172,3,11,13,93,1,1,1,5,6,6,7,4,5,6,7,1,1,4,5,6,7,116,120,116,41,11,0,0,0,0,0,0
txn_02660,3,16,8,209,1,1,1,6,10,4,4,5,3,10,4,1,1,5,3,10,4,233,236,233,82,13,0,0,0,0,0,0
txn_08993,3,16,14,17,1,1,1,6,10,6,8,6,5,10,8,1,1,3,5,10,8,48,50,48,17,17,0,0,0,0,0,0
txn_00868,8,5,2,181,2,3,3,2,3,1,1,1,0,3,1,2,2,4,5,3,1,190,196,190,62,4,0,0,0,0,0,0
txn_03631,15,19,4,202,6,3,6,7,12,1,3,6,0,12,3,5,2,29,10,12,3,233,240,233,75,17,0,0,0,0,0,0
txn_09774,4,4,7,143,1,1,2,2,2,3,4,2,2,2,4,1,1,6,2,2,4,154,158,154,52,5,0,0,0,0,0,0
txn_07247,0,13,0,36,0,0,0,4,9,0,0,4,0,9,0,0,0,0,0,9,0,49,49,49,16,9,0,0,0,0,0,0
txn_05973,3,6,8,90,1,1,1,2,4,3,5,2,2,4,5,1,1,5,2,4,5,106,107,106,34,9,0,0,0,0,0,0
txn_09454,5,27,8,51,1,2,2,11,16,3,5,10,2,16,5,1,2,10,4,16,5,85,91,85,28,19,0,0,0,0,0,0
txn_05612,8,29,5,258,1,2,5,10,19,2,3,9,1,19,3,1,2,9,5,19,3,292,300,292,100,20,0,0,0,0,0,0
txn_04271,9,13,13,115,3,2,4,6,7,4,9,5,3,7,9,3,2,17,8,7,9,143,150,143,47,15,0,0,0,0,0,0
txn_02998,0,14,2,239,0,0,0,6,8,1,1,6,1,8,1,0,0,0,0,8,1,255,255,255,90,9,0,0,0,0,0,0
txn_05188,4,10,7,62,1,1,2,4,6,2,5,3,1,6,5,1,1,3,1,6,5,78,83,78,25,9,0,0,0,0,0,0
txn_06512,6,14,6,114,2,2,2,6,8,3,3,5,2,8,3,2,2,10,6,8,3,137,140,137,46,11,0,0,0,0,0,0
txn_02797,4,11,7,86,1,1,2,3,8,3,4,2,3,8,4,1,0,2,0,8,4,106,108,106,34,12,0,0,0,0,0,0
txn_05183,7,13,11,65,1,1,5,4,9,3,8,3,2,9,8,1,1,3,2,9,8,85,96,85,27,12,0,0,0,0,0,0
txn_03710,3,8,9,48,1,1,1,2,6,5,4,2,4,6,4,1,1,3,4,6,4,67,68,67,22,10,0,0,0,0,0,0
txn_03604,5,14,5,166,2,1,2,6,8,2,3,5,1,8,3,2,1,9,1,8,3,186,190,186,63,10,0,0,0,0,0,0
txn_02303,6,10,11,264,2,1,3,3,7,4,7,2,3,6,7,2,1,4,3,6,7,284,291,284,95,13,0,0,0,0,0,0
txn_00640,5,23,3,153,2,1,2,10,13,1,2,9,0,13,2,2,0,13,0,13,2,179,184,179,62,13,0,0,0,0,0,0
txn_09731,7,10,3,275,3,2,2,5,5,1,2,4,0,5,1,3,1,13,2,5,1,288,295,288,96,6,0,0,0,0,0,0
txn_06921,4,33,6,242,1,1,2,15,18,2,4,14,1,18,4,1,1,14,1,18,4,280,285,280,99,20,0,0,0,0,0,0
txn_03971,5,34,7,84,1,1,3,15,19,2,5,14,1,19,5,1,1,14,1,19,5,123,130,123,43,21,0,0,0,0,0,0
txn_01473,7,10,15,77,2,1,4,5,5,6,9,4,5,5,9,2,1,9,5,5,9,102,109,102,35,12,0,0,0,0,0,0
txn_06171,0,11,3,196,0,0,0,5,6,1,2,5,1,6,2,0,0,0,0,6,2,210,210,210,73,8,0,0,0,0,0,0
txn_07315,5,16,7,122,1,1,3,7,9,3,4,6,2,9,4,1,1,6,2,9,4,143,150,143,50,10,0,0,0,0,0,0
txn_01540,3,18,4,124,1,1,1,7,11,1,3,6,1,11,3,1,1,6,1,11,3,147,149,147,49,13,0,0,0,0,0,0
txn_01992,6,12,12,397,2,2,2,5,7,6,6,4,5,7,6,2,2,13,8,7,6,423,427,423,149,12,0,0,0,0,0,0
txn_00996,5,6,6,102,1,1,3,2,4,2,4,1,1,4,4,1,1,1,1,4,4,112,119,112,36,5,0,0,0,0,0,0
txn_01362,4,14,11,18,1,1,2,5,9,4,7,5,3,9,7,1,1,4,3,9,7,43,47,43,14,14,0,0,0,0,0,0
txn_08820,0,23,9,168,0,0,0,9,14,4,5,9,4,14,5,0,0,0,0,14,5,200,200,200,70,19,0,0,0,0,0,0
txn_03361,0,7,7,59,0,0,0,2,5,3,4,2,3,5,4,0,0,0,0,5,4,73,73,73,25,9,0,0,0,0,0,0
txn_08794,8,30,6,419,2,1,5,12,18,3,3,11,3,17,3,2,1,15,1,17,3,456,463,456,161,23,0,0,0,0,0,0
txn_05049,7,16,10,212,3,1,3,6,10,4,6,5,3,10,6,3,1,14,3,10,6,239,245,239,83,14,0,0,0,0,0,0
txn_00407,5,21,6,26,1,1,3,7,14,2,4,6,1,14,4,1,1,6,1,14,4,51,58,51,16,15,0,0,0,0,0,0
txn_03234,5,27,6,245,2,1,2,12,15,2,4,11,1,15,4,2,1,19,1,15,4,279,283,279,95,18,0,0,0,0,0,0
txn_07885,6,21,14,188,1,2,3,8,13,5,9,7,4,12,9,1,2,7,5,12,9,219,229,219,74,19,0,0,0,0,0,0
txn_01937,0,10,0,146,0,0,0,4,6,0,0,4,0,6,0,0,0,0,0,6,0,156,156,156,53,6,0,0,0,0,0,0
txn_01326,7,6,8,420,2,2,3,3,3,4,4,2,3,3,4,2,2,5,4,3,4,437,441,437,154,7,0,0,0,0,0,0
txn_07660,3,13,7,235,1,1,1,5,8,3,4,5,2,7,3,1,1,3,2,7,3,253,258,253,85,11,0,0,0,0,0,0
txn_07085,0,12,5,180,0,0,0,5,7,2,3,5,2,6,3,0,0,0,0,6,3,195,197,195,67,10,0,0,0,0,0,0
txn_05718,5,14,5,126,2,1,2,4,10,2,3,3,1,10,3,2,1,6,1,10,3,145,150,145,46,11,0,0,0,0,0,0
txn_07675,3,9,13,105,1,1,1,4,5,5,8,4,4,5,8,1,1,1,4,5,8,129,130,129,45,13,0,0,0,0,0,0
txn_07915,5,22,6,276,2,1,2,7,15,3,3,6,3,15,3,2,1,14,4,15,3,306,309,306,102,18,0,0,0,0,0,0
txn_05165,5,12,11,68,1,2,2,5,7,5,6,4,4,7,6,1,2,4,5,7,6,90,96,90,30,11,0,0,0,0,0,0
txn_02275,7,15,6,23,2,2,3,7,8,3,3,6,3,8,3,2,2,10,5,8,3,49,51,49,17,12,0,0,0,0,0,0
txn_04072,0,11,2,248,0,0,0,5,6,1,1,5,1,5,1,0,0,0,0,5,1,259,261,259,89,6,0,0,0,0,0,0
txn_04275,7,16,9,169,2,1,4,7,9,3,6,6,2,9,6,2,1,9,2,9,6,194,201,194,66,13,0,0,0,0,0,0
txn_03429,3,14,7,30,1,1,1,6,8,3,4,5,2,8,4,1,1,5,2,8,4,51,54,51,17,11,0,0,0,0,0,0
txn_03796,5,15,12,250,2,1,2,6,9,5,7,5,4,9,7,2,1,19,4,9,7,278,282,278,94,15,0,0,0,0,0,0
txn_05519,5,20,11,129,2,1,2,5,15,5,6,5,4,15,5,2,1,14,4,15,5,160,165,160,50,21,0,0,0,0,0,0
txn_06014,7,15,14,234,1,3,3,6,9,5,9,5,4,9,9,1,3,5,11,9,9,263,270,263,81,16,0,0,0,0,0,0
txn_08270,3,20,7,118,1,1,1,10,10,2,5,9,2,10,5,1,1,9,2,10,5,147,148,147,51,15,0,0,0,0,0,0
txn_04738,7,7,13,85,1,2,4,2,5,6,7,1,5,5,7,1,2,1,6,5,7,105,112,105,35,10,0,0,0,0,0,0
txn_01383,4,14,3,18,1,1,2,6,8,1,2,6,0,8,2,1,0,6,0,8,2,37,39,37,12,10,0,0,0,0,0,0
txn_09430,3,12,4,105,1,1,1,6,6,2,2,5,1,6,2,1,1,5,1,6,2,120,124,120,41,6,0,0,0,0,0,0
txn_02983,7,14,8,423,2,2,3,6,8,4,4,5,3,8,4,2,2,11,6,8,4,449,452,449,158,13,0,0,0,0,0,0
txn_03961,6,8,0,279,2,1,3,4,4,0,0,3,0,3,0,2,1,7,2,3,0,287,293,287,95,5,0,0,0,0,0,0
txn_06987,5,11,8,253,2,1,2,4,7,4,4,3,3,7,4,2,1,8,3,7,4,272,277,272,92,9,0,0,0,0,0,0
txn_00925,3,10,12,87,1,1,1,3,7,6,6,3,6,7,6,1,1,7,1,7,6,111,112,111,38,13,0,0,0,0,0,0
txn_01895,7,17,0,110,2,2,3,5,12,0,0,4,0,12,0,2,2,13,6,12,0,132,134,132,41,13,0,0,0,0,0,0
txn_05917,0,8,17,127,0,0,0,4,4,7,10,4,7,4,10,0,0,0,0,4,10,151,152,151,54,13,0,0,0,0,0,0
txn_02867,7,13,5,184,2,2,3,5,8,2,3,4,2,8,3,2,2,6,2,8,3,205,209,205,67,13,0,0,0,0,0,0
txn_02090,3,16,5,90,1,1,1,6,10,2,3,5,2,10,3,1,1,5,1,10,3,112,114,112,38,12,0,0,0,0,0,0
txn_07281,0,16,7,77,0,0,0,7,9,3,4,7,3,9,4,0,0,0,0,9,4,98,100,98,36,11,0,0,0,0,0,0
txn_00706,6,11,12,280,2,1,3,5,6,4,8,4,3,6,8,2,1,7,3,6,8,304,309,304,101,13,0,0,0,0,0,0
txn_04923,7,30,13,123,1,2,4,10,20,3,10,10,2,20,10,1,2,2,6,20,10,168,173,168,53,29,0,0,0,0,0,0
txn_00883,5,13,15,33,2,1,2,4,9,6,9,3,5,9,9,2,1,9,5,9,9,62,66,62,19,17,0,0,0,0,0,0
txn_08070,0,15,7,215,0,0,0,6,9,3,4,6,3,9,4,0,0,0,0,9,4,236,237,236,85,12,0,0,0,0,0,0
txn_08698,6,17,12,31,2,2,2,7,10,6,6,7,5,10,6,2,2,16,10,10,6,62,66,62,22,16,0,0,0,0,0,0
txn_02718,12,15,18,117,4,2,6,6,9,10,8,6,9,9,7,4,2,22,10,9,7,152,162,152,51,19,0,0,0,0,0,0
txn_09449,9,18,2,245,2,3,4,5,13,1,1,4,0,12,1,2,2,13,6,12,1,267,274,267,88,14,0,0,0,0,0,0
txn_06751,3,16,6,236,1,1,1,5,11,3,3,5,3,11,3,1,1,5,5,11,3,260,261,260,89,15,0,0,0,0,0,0
txn_03242,3,11,4,15,1,1,1,3,8,2,2,3,1,8,2,1,1,8,1,8,2,32,33,32,9,10,0,0,0,0,0,0
txn_02556,6,7,16,126,1,2,3,3,4,5,11,3,4,4,11,1,2,2,6,4,11,152,155,152,49,16,0,0,0,0,0,0
txn_01564,6,16,9,121,2,2,2,7,9,3,6,6,2,9,5,2,2,10,6,9,5,146,152,146,48,14,0,0,0,0,0,0
txn_05722,3,4,6,156,1,1,1,2,2,2,4,1,1,2,4,1,1,1,1,2,4,166,169,166,56,5,0,0,0,0,0,0
txn_06025,4,19,9,123,1,1,2,8,11,3,6,7,2,11,6,1,1,7,2,11,6,149,155,149,51,14,0,0,0,0,0,0
txn_03450,4,19,12,118,1,1,2,8,11,5,7,7,4,11,7,1,1,7,4,11,7,148,153,148,51,16,0,0,0,0,0,0
txn_08212,0,17,0,71,0,0,0,6,11,0,0,6,0,11,0,0,0,0,0,11,0,88,88,88,30,11,0,0,0,0,0,0
txn_01636,6,9,14,130,1,1,4,3,6,5,9,2,4,6,9,1,1,2,4,6,9,150,159,150,50,11,0,0,0,0,0,0
txn_09807,3,10,5,131,1,1,1,5,5,2,3,5,2,5,3,1,0,11,0,5,3,149,149,149,51,9,0,0,0,0,0,0
txn_09138,8,9,7,56,3,2,3,3,6,3,4,2,3,6,4,3,2,14,3,6,4,78,80,78,24,11,0,0,0,0,0,0
txn_00410,5,11,7,205,1,1,3,4,7,2,5,3,1,7,5,1,1,3,1,7,5,220,228,220,74,8,0,0,0,0,0,0
txn_05106,8,12,11,109,1,2,5,3,9,4,7,2,3,9,7,1,2,2,6,9,7,130,140,130,42,13,0,0,0,0,0,0
txn_07393,5,19,11,63,1,2,2,6,13,5,6,5,4,13,6,1,2,5,9,13,6,93,98,93,30,17,0,0,0,0,0,0
txn_09813,0,31,5,119,0,0,0,8,23,2,3,8,2,22,3,0,0,0,0,22,3,153,155,153,49,25,0,0,0,0,0,0
txn_07906,6,21,8,247,2,2,2,9,12,4,4,8,3,12,3,2,2,10,4,12,3,275,282,275,96,15,0,0,0,0,0,0
txn_03401,5,20,7,199,2,1,2,10,10,3,4,9,2,10,4,2,1,18,2,10,4,226,231,226,79,13,0,0,0,0,0,0
txn_07105,0,7,6,243,0,0,0,2,5,2,4,2,2,5,4,0,0,0,0,5,4,256,256,256,79,9,0,0,0,0,0,0
txn_03345,9,17,8,239,2,3,4,7,10,4,4,6,3,9,4,2,3,13,6,9,4,265,273,265,90,13,0,0,0,0,0,0
txn_09349,3,16,17,218,1,1,1,6,10,7,10,6,6,10,10,1,1,9,6,10,10,251,254,251,89,19,0,0,0,0,0,0
txn_09148,0,3,16,121,0,0,0,1,2,6,10,1,6,2,10,0,0,0,0,2,10,140,140,140,48,12,0,0,0,0,0,0
txn_00834,5,5,12,172,1,2,2,2,3,4,8,1,3,3,8,1,2,1,7,3,8,190,194,190,63,10,0,0,0,0,0,0
txn_07030,0,9,13,246,0,0,0,4,5,6,7,4,6,5,7,0,0,0,0,5,7,268,268,268,86,12,0,0,0,0,0,0
txn_00633,6,22,10,57,1,2,3,9,13,4,6,8,3,13,6,1,2,8,6,13,6,89,95,89,30,17,0,0,0,0,0,0
txn_07579,5,12,14,256,1,1,3,4,8,5,9,4,4,7,9,1,1,5,4,7,9,280,287,280,94,14,0,0,0,0,0,0
txn_05647,0,8,8,121,0,0,0,3,5,2,6,3,2,5,6,0,0,0,0,5,6,135,137,135,46,9,0,0,0,0,0,0
txn_06835,3,28,5,62,1,1,1,12,16,2,3,12,2,16,3,1,1,10,1,16,3,97,98,97,35,19,0,0,0,0,0,0
txn_05412,5,4,8,149,1,1,3,1,3,3,5,0,2,3,5,0,1,0,2,3,5,159,166,159,52,5,0,0,0,0,0,0
txn_09057,4,16,8,89,1,1,2,6,10,3,5,5,2,10,5,1,1,5,2,10,5,112,117,112,37,13,0,0,0,0,0,0
txn_05398,3,21,9,190,1,1,1,8,13,4,5,7,3,13,5,1,1,7,3,13,5,219,223,219,75,16,0,0,0,0,0,0
txn_03053,0,14,2,234,0,0,0,5,9,1,1,5,1,8,1,0,0,0,0,8,1,249,250,249,81,10,0,0,0,0,0,0
txn_06731,0,14,8,258,0,0,0,5,9,3,5,5,3,9,5,0,0,0,0,9,5,280,280,280,96,14,0,0,0,0,0,0
txn_08682,3,19,15,88,1,1,1,8,11,6,9,7,5,11,9,1,1,7,5,11,9,120,125,120,42,17,0,0,0,0,0,0
txn_02830,5,10,14,182,2,1,2,4,6,5,9,3,4,6,9,2,1,6,4,6,9,207,211,207,70,14,0,0,0,0,0,0
txn_09539,3,5,4,261,1,1,1,2,3,2,2,2,1,3,2,1,1,1,1,3,2,272,273,272,94,5,0,0,0,0,0,0
txn_06299,0,20,10,98,0,0,0,10,10,3,7,10,3,10,7,0,0,0,0,10,7,125,128,125,44,16,0,0,0,0,0,0
txn_06819,8,6,3,133,3,2,3,3,3,1,2,2,0,3,2,3,1,11,1,3,2,146,150,146,47,5,0,0,0,0,0,0
txn_03236,12,22,0,113,4,4,4,9,13,0,0,9,0,13,0,4,4,33,14,13,0,146,147,146,47,16,0,0,0,0,0,0
txn_05273,11,16,5,182,3,2,6,6,10,1,4,5,1,10,4,3,2,11,5,10,4,210,214,210,67,16,0,0,0,0,0,0
txn_00686,5,6,2,283,2,1,2,3,3,1,1,2,1,3,1,2,1,8,1,3,1,295,296,295,98,5,0,0,0,0,0,0
txn_04197,4,13,18,152,1,1,2,5,8,7,11,5,6,8,11,1,1,4,6,8,11,185,187,185,62,19,0,0,0,0,0,0
txn_07264,0,12,0,249,0,0,0,6,6,0,0,6,0,6,0,0,0,0,0,6,0,261,261,261,93,6,0,0,0,0,0,0
txn_07355,3,15,4,266,1,1,1,6,9,2,2,5,1,8,2,1,1,5,1,8,2,283,288,283,97,10,0,0,0,0,0,0
txn_07763,5,17,11,261,1,1,3,7,10,4,7,6,3,10,7,1,1,6,3,10,7,286,294,286,97,14,0,0,0,0,0,0
txn_02575,3,12,7,202,1,1,1,5,7,3,4,4,2,7,4,1,1,4,2,7,4,221,224,221,75,10,0,0,0,0,0,0
txn_04179,6,9,13,171,2,2,2,4,5,6,7,4,5,5,6,2,2,7,9,5,6,196,199,196,66,13,0,0,0,0,0,0
txn_05810,6,8,10,65,2,1,3,4,4,4,6,4,3,4,6,2,1,13,3,4,6,86,89,86,29,10,0,0,0,0,0,0
txn_06480,3,6,9,36,1,1,1,3,3,3,6,3,3,3,6,1,1,5,3,3,6,54,54,54,18,10,0,0,0,0,0,0
txn_07032,6,24,4,264,2,1,3,10,14,1,3,9,0,14,3,2,0,13,0,14,3,291,298,291,99,14,0,0,0,0,0,0
txn_04747,3,18,0,128,1,1,1,8,10,0,0,8,0,10,0,1,1,5,7,10,0,149,149,149,51,11,0,0,0,0,0,0
txn_03201,3,17,5,124,1,1,1,6,11,2,3,6,2,11,3,1,1,9,3,11,3,147,149,147,50,14,0,0,0,0,0,0
txn_01976,7,11,5,91,2,1,4,5,6,1,4,5,0,6,4,2,0,9,0,6,4,109,114,109,36,9,0,0,0,0,0,0
txn_06783,0,6,6,208,0,0,0,3,3,3,3,3,3,3,3,0,0,0,0,3,3,220,220,220,77,6,0,0,0,0,0,0
txn_02891,4,13,8,136,1,1,2,5,8,3,5,4,2,8,5,1,1,4,2,8,5,156,161,156,52,11,0,0,0,0,0,0
txn_08442,8,26,8,156,1,2,5,12,14,4,4,12,3,14,4,1,2,4,9,14,4,194,198,194,68,19,0,0,0,0,0,0
txn_03580,3,22,2,63,1,1,1,11,11,1,1,11,0,11,1,1,0,7,0,11,1,89,90,89,32,12,0,0,0,0,0,0
txn_09339,5,18,15,426,2,1,2,8,10,7,8,7,6,10,7,2,1,12,6,10,7,454,464,454,161,15,0,0,0,0,0,0
txn_09945,5,6,11,155,1,2,2,3,3,4,7,3,3,3,7,1,2,3,7,3,7,175,177,175,58,11,0,0,0,0,0,0
txn_05249,7,8,7,268,3,1,3,3,5,2,5,2,1,5,5,3,1,8,1,5,5,285,290,285,96,9,0,0,0,0,0,0
txn_06598,0,13,0,186,0,0,0,5,8,0,0,5,0,8,0,0,0,0,0,8,0,199,199,199,67,8,0,0,0,0,0,0
txn_07694,0,13,2,400,0,0,0,5,8,1,1,5,1,8,1,0,0,0,0,8,1,415,415,415,147,9,0,0,0,0,0,0
txn_07608,3,10,7,271,1,1,1,6,4,3,4,5,3,4,4,1,1,5,2,4,4,290,291,290,102,8,0,0,0,0,0,0
txn_04530,6,17,10,107,1,1,4,4,13,3,7,3,2,13,7,1,1,3,2,13,7,131,140,131,41,16,0,0,0,0,0,0
txn_01524,6,14,0,66,2,2,2,6,8,0,0,5,0,8,0,2,2,10,3,8,0,85,86,85,27,9,0,0,0,0,0,0
txn_00123,3,12,9,286,1,1,1,5,7,5,4,5,4,7,4,1,1,3,4,7,4,307,310,307,104,10,0,0,0,0,0,0
txn_06612,3,15,9,193,1,1,1,7,8,2,7,6,1,8,7,1,1,6,1,8,7,217,220,217,73,14,0,0,0,0,0,0
txn_09734,6,23,4,403,1,2,3,7,16,2,2,6,1,16,2,1,2,6,2,16,2,430,436,430,148,17,0,0,0,0,0,0
txn_02756,5,12,11,108,1,2,2,5,7,5,6,4,4,6,6,1,2,4,6,6,6,130,136,130,43,12,0,0,0,0,0,0
txn_02571,8,18,11,92,3,1,4,7,11,4,7,6,3,11,7,3,1,17,3,11,7,120,129,120,41,15,0,0,0,0,0,0
txn_07445,3,13,0,221,1,1,1,6,7,0,0,5,0,7,0,1,1,5,2,7,0,236,237,236,83,7,0,0,0,0,0,0
txn_03279,3,16,6,102,1,1,1,6,10,3,3,6,2,10,3,1,1,11,2,10,3,126,127,126,42,13,0,0,0,0,0,0
txn_08231,3,4,11,252,1,1,1,2,2,4,7,1,3,2,7,1,1,1,3,2,7,267,270,267,92,8,0,0,0,0,0,0
txn_06371,3,14,5,189,1,1,1,5,9,1,4,5,1,9,4,1,1,8,5,9,4,211,211,211,69,14,0,0,0,0,0,0
txn_06143,0,8,7,224,0,0,0,3,5,3,4,3,3,5,4,0,0,0,0,5,4,239,239,239,85,9,0,0,0,0,0,0
txn_05749,5,18,18,158,2,1,2,7,11,7,11,6,6,11,10,2,1,15,6,11,10,191,199,191,64,20,0,0,0,0,0,0
txn_07549,5,22,8,131,2,1,2,9,13,3,5,8,2,13,5,2,1,13,2,13,5,162,166,162,54,17,0,0,0,0,0,0
txn_07623,3,4,7,192,1,1,1,2,2,3,4,2,3,2,4,1,0,8,0,2,4,206,206,206,69,7,0,0,0,0,0,0
txn_07287,5,19,10,178,1,1,3,7,12,3,7,6,2,11,7,1,1,6,2,11,7,202,212,202,69,15,0,0,0,0,0,0
txn_09318,3,17,2,195,1,1,1,8,9,1,1,8,1,8,1,1,1,9,3,8,1,216,217,216,73,11,0,0,0,0,0,0
txn_01275,8,14,5,236,1,2,5,5,9,2,3,4,1,9,3,1,2,4,5,9,3,254,263,254,81,10,0,0,0,0,0,0
txn_01972,6,20,8,227,2,1,3,7,13,2,6,6,1,13,5,2,1,15,1,13,5,254,261,254,86,18,0,0,0,0,0,0
txn_00538,6,4,13,428,2,2,2,1,3,4,9,1,3,3,9,2,2,11,6,3,9,448,451,448,156,13,0,0,0,0,0,0
txn_09912,3,4,5,175,1,1,1,2,2,2,3,1,1,2,3,1,1,1,1,2,3,184,187,184,62,4,0,0,0,0,0,0
txn_01581,5,12,11,431,1,1,3,4,8,4,7,3,3,8,7,1,1,3,3,8,7,452,459,452,159,12,0,0,0,0,0,0
txn_06063,4,18,8,134,1,1,2,7,11,3,5,7,2,11,5,1,1,6,2,11,5,160,164,160,54,14,0,0,0,0,0,0
txn_05424,5,15,13,74,1,1,3,5,10,5,8,4,4,10,8,1,1,4,4,10,8,99,107,99,33,14,0,0,0,0,0,0
txn_00769,6,16,9,109,1,2,3,6,10,4,5,6,3,10,5,1,2,5,4,10,5,139,140,139,46,17,0,0,0,0,0,0
txn_06911,8,19,5,94,1,2,5,6,13,2,3,5,1,13,3,1,2,5,3,13,3,118,126,118,38,14,0,0,0,0,0,0
txn_08257,3,8,11,134,1,1,1,4,4,5,6,4,4,4,6,1,1,1,4,4,6,155,156,155,53,10,0,0,0,0,0,0
txn_00878,5,17,9,267,2,1,2,7,10,4,5,6,3,9,5,2,1,7,3,9,5,291,298,291,99,13,0,0,0,0,0,0
txn_04494,4,14,6,289,1,1,2,6,8,3,3,5,3,8,3,1,1,5,3,8,3,311,313,311,105,11,0,0,0,0,0,0
txn_04066,7,19,9,434,2,1,4,7,12,3,6,6,2,11,6,2,1,7,2,11,6,459,469,459,161,15,0,0,0,0,0,0
txn_02464,3,19,2,185,1,1,1,7,12,1,1,6,1,12,1,1,1,6,2,12,1,208,209,208,71,13,0,0,0,0,0,0
txn_02215,7,17,3,60,2,2,3,8,9,2,1,7,1,9,1,2,2,12,3,9,1,83,87,83,28,10,0,0,0,0,0,0
txn_01181,4,21,19,436,1,1,2,7,14,7,12,6,6,14,12,1,1,6,6,14,12,473,480,473,166,23,0,0,0,0,0,0
txn_04608,8,15,9,274,3,2,3,5,10,4,5,4,3,9,5,3,2,18,4,9,5,298,306,298,100,15,0,0,0,0,0,0
txn_02119,4,14,3,24,1,1,2,6,8,1,2,6,1,8,2,1,0,7,0,8,2,45,45,45,15,12,0,0,0,0,0,0
txn_05081,6,20,6,54,2,1,3,8,12,2,4,7,1,11,4,2,1,14,1,11,4,79,86,79,25,15,0,0,0,0,0,0
txn_09462,3,20,15,439,1,1,1,9,11,5,10,9,5,11,9,1,1,1,2,11,9,474,477,474,169,20,0,0,0,0,0,0
txn_04560,3,13,9,124,1,1,1,4,9,4,5,3,3,9,5,1,1,3,3,9,5,145,149,145,48,12,0,0,0,0,0,0
txn_06688,5,19,4,241,1,1,3,7,12,1,3,6,0,12,3,1,0,6,0,12,3,262,269,262,89,12,0,0,0,0,0,0
txn_05095,3,18,13,116,1,1,1,4,14,5,8,4,4,14,8,1,1,3,4,14,8,149,150,149,47,22,0,0,0,0,0,0
txn_09165,4,15,11,275,1,1,2,6,9,4,7,5,4,9,7,1,1,5,4,9,7,302,305,302,104,15,0,0,0,0,0,0
txn_03768,6,15,10,129,1,1,4,5,10,3,7,5,2,10,7,1,1,3,2,10,7,154,160,154,50,15,0,0,0,0,0,0
txn_08117,5,23,9,188,1,2,2,10,13,4,5,10,4,12,5,1,2,9,7,12,5,221,225,221,77,19,0,0,0,0,0,0
txn_08787,4,16,8,93,1,1,2,5,11,3,5,4,2,11,5,1,1,4,2,11,5,116,121,116,38,14,0,0,0,0,0,0
txn_07441,8,20,10,249,2,2,4,7,13,4,6,6,3,12,6,2,2,9,7,12,6,279,287,279,85,19,0,0,0,0,0,0
txn_09149,7,9,9,441,2,2,3,4,5,3,6,3,2,5,6,2,2,8,5,5,6,462,466,462,162,11,0,0,0,0,0,0
txn_04661,6,10,5,264,1,2,3,4,6,2,3,3,1,6,3,1,2,3,2,6,3,279,285,279,96,7,0,0,0,0,0,0
txn_07858,6,12,15,54,2,1,3,5,7,5,10,5,4,7,10,2,1,6,4,7,10,83,87,83,27,16,0,0,0,0,0,0
txn_09137,5,11,6,131,1,1,3,3,8,2,4,2,1,8,4,1,1,2,1,8,4,146,153,146,47,9,0,0,0,0,0,0
txn_00372,0,5,6,120,0,0,0,2,3,2,4,2,2,2,4,0,0,0,0,2,4,129,131,129,43,6,0,0,0,0,0,0
txn_05837,3,14,6,126,1,1,1,6,8,3,3,5,2,8,3,1,1,5,2,8,3,145,149,145,50,9,0,0,0,0,0,0
txn_01154,3,15,15,74,1,1,1,5,10,6,9,4,5,10,9,1,1,4,5,10,9,100,107,100,33,15,0,0,0,0,0,0
txn_01922,3,20,4,100,1,1,1,8,12,2,2,7,1,12,2,1,1,7,1,12,2,124,127,124,43,13,0,0,0,0,0,0
txn_06963,8,13,18,90,2,1,5,6,7,6,12,5,5,7,12,2,1,10,5,7,12,121,129,121,41,17,0,0,0,0,0,0
txn_01017,8,21,3,159,3,2,3,10,11,1,2,9,0,10,2,3,1,20,2,10,2,184,191,184,62,12,0,0,0,0,0,0
txn_01343,4,14,20,444,1,1,2,7,7,8,12,6,7,6,12,1,1,6,7,6,12,475,482,475,170,17,0,0,0,0,0,0
txn_01492,3,15,4,159,1,1,1,5,10,2,2,4,2,10,2,1,1,4,1,10,2,180,181,180,61,12,0,0,0,0,0,0
txn_09624,5,16,6,197,1,2,2,5,11,3,3,4,3,11,3,1,2,4,4,11,3,222,224,222,73,14,1,1,1,0,0,0
txn_08958,0,13,2,90,0,0,0,7,6,1,1,7,1,6,1,0,0,0,0,6,1,105,105,105,38,7,0,0,0,0,0,0
txn_07717,14,19,6,108,3,3,8,8,11,2,4,7,1,11,4,3,3,14,5,11,4,141,147,141,46,18,0,0,0,0,0,0
txn_06648,5,10,5,110,2,1,2,4,6,2,3,4,1,6,3,2,1,12,1,6,3,128,130,128,42,9,0,0,0,0,0,0
txn_02506,3,17,9,80,1,1,1,7,10,4,5,6,3,10,5,1,1,6,3,10,5,104,109,104,35,13,0,0,0,0,0,0
txn_05758,4,5,10,56,1,1,2,2,3,3,7,1,2,3,7,1,1,1,2,3,7,70,75,70,21,8,0,0,0,0,0,0
txn_09532,3,22,6,190,1,1,1,8,14,2,4,7,1,14,4,1,1,7,1,14,4,217,221,217,74,16,0,0,0,0,0,0
txn_04600,4,11,16,446,1,1,2,4,7,6,10,3,5,7,10,1,1,3,5,7,10,472,477,472,167,15,0,0,0,0,0,0
txn_00328,6,20,8,185,2,2,2,8,12,4,4,7,3,12,4,2,2,10,5,12,4,215,219,215,72,16,0,0,0,0,0,0
txn_02884,5,24,7,113,1,2,2,12,12,3,4,11,3,12,4,1,1,11,2,12,4,143,149,143,51,14,0,0,0,0,0,0
txn_02925,5,8,0,137,2,1,2,3,5,0,0,2,0,5,0,2,1,8,6,5,0,148,150,148,48,6,0,0,0,0,0,0
txn_02296,8,6,8,96,2,2,4,3,3,3,5,3,3,3,5,2,2,16,5,3,5,117,118,117,39,11,0,0,0,0,0,0
txn_09246,6,20,3,406,1,2,3,8,12,1,2,7,0,12,2,1,1,7,1,12,2,429,435,429,150,12,0,0,0,0,0,0
txn_06253,3,17,6,66,1,1,1,7,10,3,3,6,2,10,3,1,1,6,2,10,3,88,92,88,29,12,0,0,0,0,0,0
txn_08250,3,16,9,84,1,1,1,7,9,4,5,6,3,9,5,1,1,6,3,9,5,108,112,108,37,12,0,0,0,0,0,0
txn_02180,5,16,6,127,1,2,2,6,10,3,3,5,2,9,3,1,1,5,2,9,3,148,154,148,49,12,0,0,0,0,0,0
txn_00507,8,16,9,292,1,3,4,6,10,4,5,5,3,10,5,1,3,5,12,10,5,318,325,318,106,14,0,0,0,0,0,0
txn_08664,3,9,4,409,1,1,1,4,5,2,2,4,1,5,2,1,1,7,1,5,2,424,425,424,149,7,0,0,0,0,0,0
txn_01039,0,10,10,111,0,0,0,4,6,4,6,4,4,6,6,0,0,0,0,6,6,131,131,131,47,12,0,0,0,0,0,0
txn_09160,3,19,16,412,1,1,1,7,12,5,11,6,5,12,11,1,1,6,4,12,11,447,450,447,156,21,0,0,0,0,0,0
txn_07822,5,18,6,278,2,1,2,7,11,3,3,6,3,11,3,2,1,12,1,11,3,305,307,305,105,14,0,0,0,0,0,0
txn_05459,4,19,12,196,1,1,2,7,12,5,7,6,4,12,7,1,1,6,4,12,7,224,231,224,75,17,0,0,0,0,0,0
txn_02039,3,8,14,24,1,1,1,3,5,5,9,2,4,5,9,1,1,2,4,5,9,46,49,46,14,13,0,0,0,0,0,0
txn_05672,3,14,7,114,1,1,1,5,9,2,5,5,2,9,5,1,1,8,1,9,5,136,138,136,47,13,0,0,0,0,0,0
txn_01671,3,20,11,21,1,1,1,7,13,4,7,7,4,13,7,1,1,2,2,13,7,51,55,51,18,17,0,0,0,0,0,0
txn_02158,3,16,13,24,1,1,1,6,10,5,8,6,5,10,7,1,1,6,3,10,7,53,56,53,18,17,0,0,0,1,1,1
txn_09332,0,22,14,77,0,0,0,8,14,6,8,8,6,13,8,0,0,0,0,13,8,107,113,107,38,18,0,0,0,1,1,1
txn_07314,6,16,7,27,2,2,2,6,10,3,4,6,3,10,4,2,2,10,8,10,4,54,56,54,18,14,0,0,0,0,0,0
txn_07245,3,18,9,117,1,1,1,7,11,4,5,7,4,10,4,1,1,8,6,10,4,141,147,141,49,14,1,1,1,1,1,1
txn_05275,3,16,9,26,1,1,1,6,10,3,6,6,3,10,6,1,1,2,2,10,6,52,54,52,18,15,0,0,0,0,0,0
txn_01951,5,19,11,30,2,1,2,8,11,4,7,8,4,10,7,2,1,12,3,10,7,60,65,60,20,17,0,0,0,1,1,1
txn_08382,6,18,10,18,2,2,2,7,11,5,5,7,5,11,5,2,2,8,6,11,5,50,52,50,18,16,0,0,0,0,0,0
txn_05045,6,20,12,21,2,2,2,8,12,6,6,8,6,11,5,2,2,16,5,11,5,53,59,53,19,16,1,1,1,1,1,1
txn_04789,6,23,13,146,1,2,3,9,14,7,6,9,7,14,6,1,2,3,3,14,6,186,188,186,63,23,0,0,0,0,0,0
txn_05245,3,25,13,29,1,1,1,10,15,5,8,10,5,14,7,1,1,5,2,14,7,64,70,64,23,20,1,1,1,0,0,0
txn_05255,5,26,15,103,2,1,2,11,15,8,7,11,8,15,7,2,1,8,4,15,7,145,149,145,51,23,2,2,2,1,1,1
txn_00632,3,21,16,106,1,1,1,9,12,7,9,9,7,12,9,1,1,2,1,12,9,141,146,141,51,18,0,0,0,0,0,0
txn_07602,0,18,14,22,0,0,0,7,11,6,8,7,6,11,8,0,0,0,0,11,8,49,54,49,18,17,0,0,0,1,1,1
txn_03907,6,23,18,109,2,2,2,10,13,8,10,10,7,12,9,2,2,18,14,12,9,145,156,145,51,20,1,1,1,1,1,1
txn_02410,5,13,14,415,2,1,2,6,7,5,9,5,5,7,9,2,1,9,1,7,9,444,447,444,155,16,0,0,0,0,0,0
txn_08686,4,24,17,110,1,1,2,11,13,9,8,11,9,12,7,1,1,6,1,12,7,146,155,146,52,20,0,0,0,0,0,0
txn_08066,6,28,18,30,1,1,4,12,16,10,8,12,10,15,8,1,0,6,0,15,8,73,82,73,26,26,0,0,0,1,1,1
txn_02586,8,15,11,116,2,1,5,6,9,3,8,6,2,9,8,2,1,9,2,9,8,144,150,144,47,17,0,0,0,0,0,0
txn_07959,9,25,20,79,3,3,3,12,13,11,9,11,10,13,9,3,3,20,17,13,9,122,133,122,44,19,0,0,0,0,0,0
txn_04221,3,20,21,111,1,1,1,9,11,11,10,9,11,11,9,1,1,7,1,11,9,145,155,145,53,18,0,0,0,1,1,1
txn_03972,3,29,22,149,1,1,1,13,16,12,10,13,12,15,9,1,1,4,1,15,9,191,203,191,69,22,0,0,0,2,2,2
txn_05420,4,28,10,71,1,1,2,11,17,4,6,10,3,17,6,1,1,10,3,17,6,107,113,107,37,20,0,0,0,0,0,0
txn_03938,6,26,23,25,2,2,2,12,14,13,10,11,13,13,9,2,2,13,8,13,9,66,80,66,27,19,1,1,1,3,3,3
txn_07968,3,22,24,26,1,1,1,10,12,14,10,10,14,12,9,1,1,7,6,12,9,61,75,61,26,18,1,1,1,4,4,4
txn_06906,4,24,25,32,1,1,2,11,13,15,10,11,15,12,9,1,1,5,3,12,9,72,85,72,30,19,0,0,0,0,0,0
txn_03147,6,30,18,32,1,2,3,14,16,8,10,14,8,15,9,1,2,6,2,15,9,73,86,73,28,22,0,0,0,0,0,0
txn_09595,6,26,19,113,2,2,2,12,14,9,10,11,8,13,9,2,2,17,11,13,9,150,164,150,54,20,0,0,0,0,0,0
txn_03013,9,20,26,118,2,2,5,8,12,16,10,8,15,12,9,2,1,20,15,12,9,163,173,163,60,23,0,0,0,0,0,0
txn_09370,6,26,16,120,2,2,2,12,14,7,9,12,6,14,8,2,2,19,8,14,8,159,168,159,57,21,1,1,1,0,0,0
txn_09172,8,25,26,114,3,2,3,12,13,16,10,11,16,12,9,3,2,23,9,12,9,155,173,155,57,20,0,0,0,1,1,1
txn_09579,3,28,9,180,1,1,1,13,15,4,5,12,3,15,5,1,1,12,3,15,5,217,220,217,78,19,2,2,2,0,0,0
txn_01960,6,31,16,27,2,2,2,15,16,7,9,15,7,16,8,2,2,18,4,16,8,71,80,71,27,23,0,0,0,1,1,1
txn_06622,8,25,19,115,2,3,3,12,13,9,10,12,8,12,9,2,3,14,23,12,9,153,167,153,55,22,0,0,0,0,0,0
txn_04414,7,26,17,150,1,1,5,13,13,8,9,13,8,13,9,1,1,2,2,13,9,192,200,192,69,22,0,0,0,0,0,0
txn_04195,10,33,19,122,3,3,4,16,17,9,10,16,8,17,9,3,3,22,23,17,9,165,184,165,62,22,0,0,0,1,1,1
txn_03211,9,35,19,82,3,3,3,17,18,9,10,16,9,17,10,3,3,30,24,17,10,126,145,126,47,21,1,1,1,2,2,2
txn_02552,7,22,19,153,2,2,3,9,13,9,10,9,8,13,9,2,2,18,11,13,9,195,201,195,68,22,0,0,0,0,0,0
txn_04457,3,24,27,84,1,1,1,10,14,17,10,10,17,14,9,1,1,3,5,14,9,127,138,127,50,20,1,1,1,0,0,0
txn_06684,6,26,28,86,2,2,2,11,15,18,10,11,17,14,9,2,2,20,18,14,9,129,146,129,50,20,2,2,2,1,1,1
txn_09460,10,35,19,29,3,3,4,17,18,9,10,17,9,17,10,3,3,25,25,17,10,75,93,75,30,24,1,1,1,1,1,1
txn_04687,5,14,8,68,1,2,2,6,8,3,5,5,3,8,5,1,2,5,4,8,5,93,95,93,31,13,0,0,0,0,0,0
txn_04057,0,10,7,92,0,0,0,3,7,2,5,3,2,7,5,0,0,0,0,7,5,108,109,108,36,11,0,0,0,0,0,0
txn_07779,6,12,4,244,2,1,3,4,8,2,2,4,2,8,2,2,1,15,5,8,2,264,266,264,90,12,0,0,0,0,0,0
txn_06082,3,10,4,29,1,1,1,5,5,2,2,4,1,5,2,1,1,4,1,5,2,43,46,43,15,6,0,0,0,0,0,0
txn_02561,9,10,13,418,2,2,5,4,6,5,8,3,4,6,8,2,2,9,7,6,8,443,450,443,154,13,0,0,0,0,0,0
txn_05923,6,17,11,74,2,1,3,6,11,5,6,5,5,11,6,2,1,9,4,11,6,106,108,106,35,18,0,0,0,0,0,0
txn_06084,0,14,7,267,0,0,0,5,9,2,5,5,2,9,5,0,0,0,0,9,5,288,288,288,100,14,0,0,0,0,0,0
txn_08037,0,14,2,247,0,0,0,6,8,1,1,6,1,7,1,0,0,0,0,7,1,262,263,262,91,9,0,0,0,0,0,0
txn_09638,6,11,13,173,2,1,3,4,7,5,8,3,4,7,8,2,1,15,4,7,8,197,203,197,66,13,0,0,0,0,0,0
txn_05656,6,19,14,178,2,1,3,7,12,4,10,6,3,12,10,2,1,11,3,12,10,209,217,209,68,20,0,0,0,0,0,0
txn_05954,7,6,9,96,2,2,3,3,3,4,5,2,3,3,5,2,2,10,5,3,5,114,118,114,38,8,0,0,0,0,0,0
txn_02024,4,12,16,95,1,1,2,5,7,6,10,4,6,7,10,1,1,4,2,7,10,121,127,121,42,14,0,0,0,0,0,0
txn_01936,7,21,4,98,1,2,4,8,13,2,2,7,1,13,2,1,1,7,1,13,2,124,130,124,41,14,0,0,0,0,0,0
txn_06850,3,22,9,80,1,1,1,9,13,4,5,9,3,13,5,1,1,3,3,13,5,112,114,112,39,17,0,0,0,0,0,0
txn_09937,8,17,8,101,1,3,4,5,12,4,4,4,3,12,4,1,3,4,8,12,4,128,134,128,41,15,0,0,0,0,0,0
txn_06161,7,11,19,239,2,2,3,4,7,6,13,4,5,7,13,2,2,8,6,7,13,274,276,274,87,21,0,0,0,0,0,0
txn_01400,4,16,10,84,1,1,2,7,9,2,8,6,1,9,8,1,1,6,1,9,8,109,114,109,35,15,0,0,0,0,0,0
txn_02988,0,23,2,132,0,0,0,7,16,1,1,7,1,16,1,0,0,0,0,16,1,157,157,157,52,17,0,0,0,0,0,0
txn_09049,5,17,7,229,1,1,3,7,10,2,5,7,1,10,5,1,1,2,1,10,5,255,258,255,89,15,0,0,0,0,0,0
txn_06873,9,20,14,242,3,3,3,8,12,6,8,7,5,12,8,3,2,14,6,12,8,280,285,280,90,20,0,0,0,0,0,0
txn_06422,3,14,28,104,1,1,1,5,9,18,10,4,17,9,10,1,1,4,17,9,10,146,149,146,56,18,0,0,0,0,0,0
txn_03395,7,32,7,101,2,2,3,9,23,2,5,8,1,23,5,2,1,11,1,23,5,139,147,139,43,24,0,0,0,0,0,0
txn_01305,5,14,7,59,2,1,2,7,7,2,5,6,2,7,5,2,1,12,2,7,5,82,85,82,27,11,0,0,0,0,0,0
txn_01401,5,7,6,245,1,2,2,3,4,2,4,2,1,4,4,1,1,2,1,4,4,259,263,259,83,7,0,0,0,0,0,0
txn_06423,4,27,5,269,1,1,2,12,15,2,3,11,2,15,3,1,1,11,2,15,3,301,305,301,105,16,0,0,0,0,0,0
txn_04260,3,21,15,124,1,1,1,8,13,7,8,8,6,13,8,1,1,7,6,13,8,158,163,158,54,19,0,0,0,0,0,0
txn_01750,3,9,6,249,1,1,1,4,5,2,4,3,1,5,4,1,1,3,1,5,4,264,267,264,90,8,0,0,0,0,0,0
txn_07451,11,16,2,119,2,3,6,5,11,1,1,4,0,11,1,2,1,14,2,11,1,143,148,143,44,14,0,0,0,0,0,0
txn_07516,0,13,4,199,0,0,0,5,8,2,2,5,2,8,2,0,0,0,0,8,2,216,216,216,75,10,0,0,0,0,0,0
txn_00276,4,12,13,129,1,1,2,5,7,4,9,4,3,7,9,1,1,4,3,7,9,153,158,153,51,14,0,0,0,0,0,0
txn_02245,5,11,12,93,2,1,2,4,7,4,8,3,3,7,8,2,1,7,3,7,8,115,121,115,38,12,0,0,0,0,0,0
txn_07571,3,6,4,77,1,1,1,3,3,3,1,3,2,3,1,1,1,5,2,3,1,89,90,89,31,4,0,0,0,0,0,0
txn_04751,6,17,12,95,1,1,4,5,12,4,8,4,3,12,8,1,1,4,3,12,8,121,130,121,40,16,0,0,0,0,0,0
txn_00651,0,10,16,183,0,0,0,4,6,6,10,4,6,6,10,0,0,0,0,6,10,208,209,208,74,15,0,0,0,0,0,0
txn_02370,5,9,7,205,1,2,2,3,6,3,4,2,2,6,4,1,2,2,5,6,4,222,226,222,74,9,0,0,0,0,0,0
txn_03095,8,6,11,255,2,2,4,3,3,5,6,2,4,3,6,2,2,6,8,3,6,274,280,274,94,11,0,0,0,0,0,0
txn_05439,7,7,11,31,2,2,3,3,4,4,7,2,4,4,7,2,2,11,4,4,7,54,56,54,18,12,0,0,0,0,0,0
txn_05530,6,13,2,188,2,2,2,5,8,1,1,4,0,8,1,2,1,16,5,8,1,204,209,204,67,9,0,0,0,0,0,0
txn_07576,9,13,6,257,1,3,5,3,10,2,4,2,1,10,4,1,3,2,8,10,4,277,285,277,92,12,0,0,0,0,0,0
txn_02184,6,18,10,211,2,2,2,6,12,3,7,5,2,11,7,2,2,9,3,11,7,239,245,239,78,18,0,0,0,0,0,0
txn_08925,9,18,5,181,1,3,5,5,13,2,3,4,1,12,3,1,3,4,8,12,3,203,213,203,66,14,0,0,0,0,0,0
txn_06285,3,12,15,208,1,1,1,5,7,5,10,5,4,7,10,1,1,6,4,7,10,236,238,236,80,17,0,0,0,0,0,0
txn_03712,0,20,10,87,0,0,0,8,12,5,5,8,5,12,5,0,0,0,0,12,5,116,117,116,42,16,0,0,0,0,0,0
txn_02330,3,11,4,104,1,1,1,4,7,2,2,3,1,7,2,1,1,3,1,7,2,119,122,119,39,8,0,0,0,0,0,0
txn_08401,6,17,10,59,1,2,3,6,11,4,6,5,4,11,5,1,2,5,7,11,5,87,92,87,28,16,0,0,0,0,0,0
txn_00589,4,12,6,449,1,1,2,5,7,2,4,4,2,7,4,1,0,4,0,7,4,468,471,468,166,10,0,0,0,0,0,0
txn_04699,14,19,4,96,5,5,4,9,10,2,2,8,1,10,2,5,5,23,14,10,2,130,133,130,42,14,0,0,0,0,0,0
txn_02607,7,9,15,69,2,2,3,4,5,4,11,3,3,5,11,2,1,9,3,5,11,96,100,96,29,16,0,0,0,0,0,0
txn_08634,0,13,9,93,0,0,0,6,7,4,5,6,4,7,5,0,0,0,0,7,5,114,115,114,40,12,0,0,0,0,0,0
txn_07469,3,12,10,295,1,1,1,4,8,4,6,3,3,8,6,1,1,3,3,8,6,317,320,317,105,13,0,0,0,0,0,0
txn_01300,5,12,6,202,1,2,2,5,7,3,3,4,2,7,3,1,1,4,2,7,3,221,225,221,75,9,0,0,0,0,0,0
txn_02572,10,10,13,93,3,3,4,3,7,4,9,2,3,7,9,3,3,12,13,7,9,120,126,120,36,15,0,0,0,0,0,0
txn_02644,4,22,3,91,1,1,2,9,13,1,2,8,0,13,2,1,0,8,0,13,2,115,120,115,39,13,0,0,0,0,0,0
txn_00016,7,21,3,213,1,2,4,7,14,1,2,7,0,13,1,1,1,3,3,13,1,236,244,236,78,17,0,0,0,0,0,0
txn_03266,3,8,7,55,1,1,1,4,4,3,4,4,2,4,4,1,1,4,2,4,4,72,73,72,25,8,0,0,0,0,0,0
txn_02447,0,10,2,97,0,0,0,5,5,1,1,5,1,5,1,0,0,0,0,5,1,109,109,109,39,6,0,0,0,0,0,0
txn_05841,3,15,11,110,1,1,1,7,8,4,7,7,4,8,7,1,1,7,2,8,7,137,139,137,48,14,0,0,0,0,0,0
txn_09902,3,20,16,205,1,1,1,6,14,6,10,5,5,14,10,1,1,5,5,14,10,238,244,238,79,21,0,0,0,0,0,0
txn_02337,3,14,9,107,1,1,1,6,8,3,6,5,2,8,6,1,1,5,2,8,6,130,133,130,43,13,0,0,0,0,0,0
txn_08110,3,18,19,139,1,1,1,8,10,8,11,7,7,10,11,1,1,7,7,10,11,175,179,175,61,19,0,0,0,0,0,0
txn_04183,3,17,4,140,1,1,1,7,10,2,2,6,1,9,2,1,1,6,1,9,2,159,164,159,53,11,0,0,0,0,0,0
txn_06534,6,17,9,137,2,2,2,7,10,4,5,7,3,10,5,2,2,16,6,10,5,166,169,166,56,15,0,0,0,0,0,0
txn_07821,3,15,9,281,1,1,1,6,9,5,4,5,4,9,4,1,1,5,4,9,4,304,308,304,106,11,0,0,0,0,0,0
txn_02064,7,10,2,100,2,2,3,4,6,1,1,3,0,5,1,2,1,7,3,5,1,112,119,112,36,7,0,0,0,0,0,0
txn_07236,3,10,9,124,1,1,1,4,6,4,5,3,4,6,5,1,1,3,2,6,5,144,146,144,52,10,0,0,0,0,0,0
txn_05972,4,21,6,87,1,1,2,6,15,2,4,5,1,15,4,1,1,5,1,15,4,113,118,113,35,17,0,0,0,0,0,0
txn_08012,4,2,12,48,1,1,2,1,1,4,8,1,3,1,8,1,1,7,3,1,8,64,66,64,20,9,0,0,0,0,0,0
txn_03143,7,14,4,90,2,2,3,6,8,2,2,5,1,8,2,2,2,17,3,8,2,112,115,112,36,11,0,0,0,0,0,0
txn_00380,0,15,2,63,0,0,0,5,10,1,1,5,1,10,1,0,0,0,0,10,1,80,80,80,27,11,0,0,0,0,0,0
txn_02767,7,6,12,66,2,2,3,3,3,5,7,2,5,3,7,2,2,8,6,3,7,89,91,89,29,11,0,0,0,0,0,0
txn_07592,3,13,6,103,1,1,1,5,8,3,3,5,2,8,3,1,1,6,2,8,3,124,125,124,43,11,0,0,0,0,0,0
txn_05712,3,15,12,213,1,1,1,6,9,4,8,5,4,9,8,1,1,5,3,9,8,241,243,241,82,16,0,0,0,0,0,0
txn_01145,5,18,7,176,1,2,2,6,12,3,4,5,2,12,4,1,2,5,5,12,4,202,206,202,67,15,0,0,0,0,0,0
txn_09191,4,17,7,113,1,1,2,8,9,3,4,7,2,9,4,1,1,7,2,9,4,134,141,134,46,10,0,0,0,0,0,0
txn_00604,0,13,6,140,0,0,0,5,8,3,3,5,3,8,3,0,0,0,0,8,3,159,159,159,55,11,0,0,0,0,0,0
txn_08347,3,16,2,112,1,1,1,7,9,1,1,7,0,9,1,1,0,7,0,9,1,132,133,132,45,10,0,0,0,0,0,0
txn_00710,5,24,6,127,1,2,2,9,15,3,3,8,2,15,3,1,2,8,4,15,3,158,162,158,56,17,0,0,0,0,0,0
txn_02317,6,18,9,186,2,1,3,6,12,4,5,5,3,12,5,2,1,8,3,12,5,212,219,212,73,14,0,0,0,0,0,0
txn_03894,3,10,8,101,1,1,1,5,5,4,4,4,3,5,4,1,1,4,3,5,4,119,122,119,41,8,0,0,0,0,0,0
txn_05069,3,14,7,191,1,1,1,7,7,3,4,6,3,7,4,1,1,6,1,7,4,212,215,212,71,11,0,0,0,0,0,0
txn_05481,3,18,4,260,1,1,1,7,11,2,2,6,1,11,2,1,1,6,1,11,2,281,285,281,97,11,0,0,0,0,0,0
txn_00320,3,16,4,421,1,1,1,6,10,2,2,5,2,10,2,1,1,5,3,10,2,441,444,441,154,12,0,0,0,0,0,0
txn_08299,5,18,2,71,2,1,2,7,11,1,1,7,1,11,1,2,1,10,2,11,1,96,96,96,32,14,0,0,0,0,0,0
txn_05211,3,20,2,160,1,1,1,8,12,1,1,7,1,12,1,1,1,7,2,12,1,184,185,184,62,13,0,0,0,0,0,0
txn_06463,7,15,9,74,1,3,3,6,9,5,4,5,4,9,4,1,3,5,10,9,4,100,105,100,34,12,0,0,0,0,0,0
txn_05357,5,16,11,142,2,1,2,6,10,4,7,5,3,10,7,2,1,12,3,10,7,170,174,170,56,16,0,0,0,0,0,0
txn_03162,5,22,7,284,1,1,3,6,16,2,5,5,1,15,5,1,1,5,1,15,5,309,318,309,103,18,0,0,0,0,0,0
txn_08893,3,30,5,286,1,1,1,12,18,2,3,11,1,17,3,1,1,11,1,17,3,317,324,317,109,19,0,0,0,0,0,0
txn_01817,10,17,3,69,3,2,5,7,10,1,2,6,0,10,2,3,1,18,5,10,2,95,99,95,29,14,0,0,0,0,0,0
txn_05501,6,18,4,56,2,1,3,6,12,1,3,6,0,12,3,2,0,9,0,12,3,79,84,79,25,14,0,0,0,0,0,0
txn_06790,11,17,6,134,3,4,4,7,10,3,3,7,2,10,3,3,4,30,30,10,3,166,168,166,54,16,0,0,0,0,0,0
txn_05293,3,14,8,27,1,1,1,6,8,4,4,5,4,8,4,1,1,5,2,8,4,51,52,51,18,12,0,0,0,0,0,0
txn_06816,4,21,8,163,1,1,2,8,13,3,5,7,2,13,5,1,1,7,2,13,5,190,196,190,63,16,0,0,0,0,0,0
txn_04020,0,8,0,263,0,0,0,4,4,0,0,4,0,4,0,0,0,0,0,4,0,271,271,271,95,4,0,0,0,0,0,0
txn_03458,6,11,9,105,2,1,3,5,6,3,6,4,2,6,6,2,1,9,2,6,6,125,131,125,41,10,0,0,0,0,0,0
txn_04767,3,18,9,136,1,1,1,8,10,3,6,7,3,9,6,1,0,7,0,9,6,163,166,163,55,16,0,0,0,0,0,0
txn_09573,3,16,2,106,1,1,1,7,9,1,1,6,0,9,1,1,0,6,0,9,1,124,127,124,43,9,0,0,0,0,0,0
txn_02798,7,6,12,122,2,2,3,2,4,4,8,1,3,4,8,2,2,9,8,4,8,141,147,141,45,10,0,0,0,0,0,0
txn_07028,5,4,2,104,2,1,2,2,2,1,1,1,1,2,1,2,1,4,3,2,1,114,115,114,37,4,0,0,0,0,0,0
txn_04495,7,9,3,424,1,2,4,3,6,1,2,2,0,6,2,1,1,2,2,6,2,436,443,436,151,6,0,0,0,0,0,0
txn_03716,3,18,7,266,1,1,1,7,11,3,4,6,3,11,3,1,1,6,1,11,3,290,294,290,99,14,0,0,0,0,0,0
txn_07296,4,4,10,194,1,1,2,2,2,3,7,2,2,2,7,1,1,2,2,2,7,210,212,210,69,9,0,0,0,0,0,0
txn_04734,3,15,9,205,1,1,1,6,9,4,5,6,3,9,5,1,1,3,3,9,5,229,232,229,79,12,0,0,0,0,0,0
txn_01947,3,12,11,115,1,1,1,5,7,3,8,4,2,7,8,1,1,4,2,7,8,136,141,136,48,12,0,0,0,0,0,0
txn_05242,3,6,13,211,1,1,1,3,3,5,8,2,4,3,7,1,1,2,4,3,7,228,233,228,77,10,0,0,0,0,0,0
txn_02543,5,24,6,427,1,1,3,10,14,2,4,9,1,13,3,1,1,9,1,13,3,449,462,449,157,14,0,0,0,0,0,0
txn_03184,5,14,8,125,1,1,3,6,8,3,5,5,2,8,5,1,1,5,2,8,5,145,152,145,49,10,0,0,0,0,0,0
txn_06238,0,11,0,272,0,0,0,5,6,0,0,5,0,6,0,0,0,0,0,6,0,283,283,283,98,6,0,0,0,0,0,0
txn_02380,3,11,10,119,1,1,1,5,6,5,5,4,4,6,5,1,1,4,4,6,5,138,143,138,47,9,0,0,0,0,0,0
txn_00301,8,15,8,252,2,1,5,6,9,2,6,6,1,8,6,1,1,7,1,8,6,274,283,274,92,14,0,0,0,0,0,0
txn_02972,0,7,10,135,0,0,0,4,3,5,5,4,5,3,5,0,0,0,0,3,5,150,152,150,53,7,0,0,0,0,0,0
txn_04329,6,12,12,270,2,1,3,5,7,5,7,4,4,7,7,2,1,12,4,7,7,293,300,293,102,11,0,0,0,0,0,0
txn_02649,0,14,2,275,0,0,0,6,8,1,1,6,1,8,1,0,0,0,0,8,1,289,291,289,100,8,0,0,0,0,0,0
txn_08197,6,16,9,122,1,2,3,7,9,4,5,7,4,8,5,1,2,5,5,8,5,152,153,152,51,17,0,0,0,0,0,0
txn_09208,3,2,8,254,1,1,1,1,1,3,5,1,3,1,5,1,1,14,2,1,5,267,267,267,92,7,0,0,0,0,0,0
txn_09032,3,11,4,118,1,1,1,5,6,2,2,4,2,6,2,1,1,4,1,6,2,135,136,135,49,8,0,0,0,0,0,0
txn_01523,5,3,14,161,2,1,2,1,2,5,9,1,4,2,9,2,1,8,4,2,9,181,183,181,60,11,0,0,0,0,0,0
txn_09936,3,10,2,428,1,1,1,4,6,1,1,3,1,5,1,1,1,3,2,5,1,440,443,440,154,7,0,0,0,0,0,0
txn_06182,7,17,9,143,2,1,4,7,10,3,6,6,2,10,6,2,1,11,2,10,6,168,176,168,56,13,0,0,0,0,0,0
txn_00377,5,12,4,232,1,2,2,6,6,2,2,5,1,6,2,1,2,5,3,6,2,249,253,249,88,7,0,0,0,0,0,0
txn_05924,8,13,10,452,3,2,3,6,7,4,6,5,3,7,6,3,2,12,5,7,6,478,483,478,168,13,0,0,0,0,0,0
txn_00103,8,21,5,278,2,2,4,8,13,2,3,7,1,12,3,2,2,11,3,12,3,305,312,305,102,16,0,0,0,0,0,0
txn_04658,7,12,4,166,1,3,3,5,7,2,2,4,1,7,2,1,3,4,6,7,2,184,189,184,61,8,0,0,0,0,0,0
txn_07021,0,13,6,138,0,0,0,4,9,2,4,4,2,8,4,0,0,0,0,8,4,155,157,155,51,12,0,0,0,0,0,0
txn_09300,0,3,5,430,0,0,0,1,2,2,3,1,2,2,2,0,0,0,0,2,2,437,438,437,154,5,0,0,0,0,0,0
txn_05816,3,27,5,107,1,1,1,11,16,2,3,10,1,16,3,1,1,10,1,16,3,137,142,137,46,17,0,0,0,0,0,0
txn_09209,8,22,12,248,3,2,3,11,11,4,8,10,3,11,8,3,2,21,5,11,8,286,290,286,94,19,0,0,0,0,0,0
txn_01336,0,9,7,169,0,0,0,4,5,2,5,4,2,5,5,0,0,0,0,5,5,184,185,184,63,9,0,0,0,0,0,0
txn_09379,3,8,4,124,1,1,1,3,5,2,2,2,1,5,2,1,1,2,1,5,2,136,139,136,45,6,0,0,0,0,0,0
txn_05321,3,15,18,146,1,1,1,6,9,7,11,5,6,8,11,1,1,5,6,8,11,176,182,176,59,18,0,0,0,0,0,0
txn_05209,6,11,8,172,2,2,2,5,6,2,6,4,1,5,6,2,2,16,3,5,6,192,197,192,62,12,0,0,0,0,0,0
txn_09071,0,5,12,112,0,0,0,2,3,5,7,2,5,3,7,0,0,0,0,3,7,128,129,128,45,9,0,0,0,0,0,0
txn_06486,8,15,5,455,2,3,3,6,9,3,2,6,2,9,2,2,3,11,7,9,2,480,483,480,170,12,0,0,0,0,0,0
txn_08498,4,18,6,98,1,1,2,7,11,3,3,6,2,11,3,1,1,6,2,11,3,121,126,121,42,12,0,0,0,0,0,0
txn_02355,4,12,8,127,1,1,2,5,7,2,6,4,1,7,6,1,1,4,1,7,6,145,151,145,48,10,0,0,0,0,0,0
txn_09192,10,20,14,108,3,1,6,8,12,3,11,7,2,12,11,3,1,17,2,12,11,141,152,141,45,19,0,0,0,0,0,0
txn_02514,3,11,7,216,1,1,1,4,7,3,4,3,2,7,4,1,1,3,2,7,4,234,237,234,79,10,0,0,0,0,0,0
txn_01090,0,30,9,257,0,0,0,12,18,3,6,12,3,18,6,0,0,0,0,18,6,295,296,295,104,23,0,0,0,0,0,0
txn_03307,3,7,10,268,1,1,1,3,4,4,6,2,3,4,6,1,1,2,3,4,6,285,288,285,98,9,0,0,0,0,0,0
txn_07521,7,10,10,200,2,2,3,4,6,4,6,3,4,6,6,2,1,7,3,6,6,225,227,225,74,13,0,0,0,0,0,0
txn_05361,3,8,6,127,1,1,1,3,5,3,3,3,2,4,3,1,1,2,2,4,3,142,144,142,47,8,0,0,0,0,0,0
txn_04709,9,11,0,34,3,3,3,5,6,0,0,4,0,6,0,3,3,13,14,6,0,53,54,53,17,8,0,0,0,0,0,0
txn_04976,7,33,12,67,2,2,3,9,24,6,6,8,5,24,6,2,1,9,5,24,6,112,119,112,35,27,0,0,0,0,0,0
txn_09350,3,23,12,129,1,1,1,9,14,5,7,9,4,14,7,1,1,4,4,14,7,163,167,163,57,18,0,0,0,0,0,0
txn_07353,5,22,6,33,1,2,2,6,16,3,3,6,2,16,3,1,2,9,5,16,3,65,66,65,21,20,0,0,0,0,0,0
txn_00948,6,5,6,99,2,2,2,2,3,3,3,2,2,3,3,2,2,6,5,3,3,114,116,114,38,7,0,0,0,0,0,0
txn_09505,5,17,16,148,1,2,2,6,11,6,10,6,5,11,10,1,2,2,7,11,10,185,186,185,61,22,0,0,0,0,0,0
txn_02422,21,15,17,125,8,7,6,6,9,5,12,5,4,9,12,8,7,41,30,9,12,170,178,170,52,21,0,0,0,0,0,0
txn_05294,4,15,8,110,1,1,2,7,8,3,5,7,2,7,5,1,1,8,2,7,5,132,137,132,44,12,0,0,0,0,0,0
txn_05087,5,15,14,179,2,1,2,6,9,6,8,5,5,9,8,2,1,9,5,9,8,209,213,209,71,16,0,0,0,0,0,0
txn_03037,3,12,5,140,1,1,1,5,7,2,3,5,1,7,3,1,1,3,1,7,3,159,160,159,53,10,0,0,0,0,0,0
txn_03041,9,12,7,78,2,3,4,4,8,2,5,3,1,8,5,2,3,20,20,8,5,100,106,100,30,12,0,0,0,0,0,0
txn_02879,9,14,8,203,3,2,4,6,8,3,5,5,2,8,5,3,1,13,2,8,5,229,234,229,75,13,0,0,0,0,0,0
txn_08076,8,13,17,189,2,2,4,6,7,5,12,5,4,7,12,2,2,10,6,7,12,220,227,220,75,17,0,0,0,0,0,0
txn_09544,3,3,2,61,1,1,1,1,2,1,1,1,1,2,1,1,1,7,3,2,1,69,69,69,23,4,0,0,0,0,0,0
txn_08568,9,18,14,121,2,3,4,7,11,6,8,6,5,11,8,2,3,14,8,11,8,159,162,159,55,21,0,0,0,0,0,0
txn_02136,5,7,5,271,2,1,2,3,4,2,3,2,1,4,3,2,1,3,1,4,3,283,288,283,96,6,0,0,0,0,0,0
txn_06517,3,8,20,99,1,1,1,4,4,6,14,3,5,4,13,1,1,3,5,4,13,125,130,125,41,17,0,0,0,0,0,0
txn_08249,3,12,5,208,1,1,1,5,7,2,3,5,2,6,3,1,1,10,4,6,3,227,228,227,77,11,0,0,0,0,0,0
txn_05002,3,15,2,260,1,1,1,5,10,1,1,4,0,10,1,1,0,4,0,10,1,277,280,277,94,10,0,0,0,0,0,0
txn_07329,0,12,0,15,0,0,0,4,8,0,0,4,0,8,0,0,0,0,0,8,0,27,27,27,9,8,0,0,0,0,0,0
txn_07926,6,7,4,155,2,2,2,3,4,2,2,2,1,4,2,2,2,6,2,4,2,168,172,168,56,6,0,0,0,0,0,0
txn_07990,7,6,5,138,2,1,4,2,4,2,3,2,2,4,3,2,1,15,4,4,3,154,156,154,51,10,0,0,0,0,0,0
txn_10000,7,19,14,90,2,2,3,8,11,5,9,7,4,11,9,2,2,12,6,11,9,122,130,122,40,18,0,0,0,0,0,0
txn_08505,0,7,6,21,0,0,0,3,4,2,4,3,2,4,4,0,0,0,0,4,4,34,34,34,12,8,0,0,0,0,0,0
txn_02786,0,10,2,129,0,0,0,4,6,1,1,4,1,6,1,0,0,0,0,6,1,140,141,140,48,7,0,0,0,0,0,0
txn_01320,6,32,5,64,2,2,2,11,21,2,3,10,1,21,3,2,2,14,2,21,3,103,107,103,33,23,0,0,0,0,0,0
txn_05658,7,24,10,116,1,2,4,7,17,4,6,6,3,17,6,1,2,6,5,17,6,148,157,148,47,20,0,0,0,0,0,0
txn_02809,3,4,6,132,1,1,1,2,2,3,3,2,2,2,3,1,1,4,2,2,3,144,145,144,49,5,0,0,0,0,0,0
txn_00364,6,11,7,77,2,2,2,5,6,3,4,4,2,6,4,2,2,7,4,6,4,98,101,98,32,10,0,0,0,0,0,0
txn_00068,7,2,13,193,2,2,3,1,1,5,8,0,4,1,8,1,2,2,10,1,8,211,215,211,71,9,0,0,0,0,0,0
txn_02149,6,13,13,183,1,2,3,5,8,5,8,4,4,8,8,1,2,4,5,8,8,207,215,207,70,13,0,0,0,0,0,0
txn_07974,11,17,5,219,4,4,3,7,10,1,4,6,1,10,4,4,4,27,16,10,4,251,252,251,82,16,0,0,0,0,0,0
txn_04557,7,11,12,51,2,1,4,3,8,4,8,2,3,8,8,2,1,4,3,8,8,74,81,74,22,14,0,0,0,0,0,0
txn_08752,8,15,10,39,2,1,5,5,10,3,7,4,2,10,7,2,1,7,2,10,7,63,72,63,19,14,0,0,0,0,0,0
txn_00727,0,15,15,34,0,0,0,6,9,6,9,6,6,9,9,0,0,0,0,9,9,64,64,64,24,18,0,0,0,0,0,0
txn_04592,15,19,11,298,4,5,6,7,12,5,6,6,4,12,6,4,3,31,15,12,6,331,343,331,109,19,0,0,0,0,0,0
txn_01156,3,15,11,110,1,1,1,7,8,5,6,6,4,8,6,1,1,6,4,8,6,135,139,135,47,12,0,0,0,0,0,0
txn_00082,3,11,10,130,1,1,1,5,6,4,6,4,3,6,6,1,1,4,3,6,6,149,154,149,50,10,0,0,0,0,0,0
txn_04209,5,11,7,273,2,1,2,4,7,3,4,3,2,7,4,2,1,10,2,7,4,291,296,291,100,10,0,0,0,0,0,0
txn_04577,6,16,7,276,2,1,3,7,9,2,5,6,1,9,5,2,1,12,1,9,5,299,305,299,103,12,0,0,0,0,0,0
txn_07815,6,24,6,142,1,1,4,10,14,2,4,9,1,14,4,1,1,9,1,14,4,169,178,169,58,14,0,0,0,0,0,0
txn_00242,9,7,2,251,2,3,4,3,4,1,1,3,0,4,1,2,1,13,6,4,1,267,269,267,84,8,0,0,0,0,0,0
txn_03771,0,14,13,83,0,0,0,6,8,5,8,6,5,8,8,0,0,0,0,8,8,108,110,108,39,14,0,0,0,0,0,0
txn_08298,4,17,7,174,1,1,2,7,10,3,4,7,2,10,4,1,1,6,2,10,4,198,202,198,67,13,0,0,0,0,0,0
txn_03763,3,13,8,182,1,1,1,6,7,3,5,5,2,7,5,1,1,5,2,7,5,203,206,203,69,11,0,0,0,0,0,0
txn_01349,3,17,17,93,1,1,1,7,10,7,10,6,6,10,10,1,1,6,6,10,10,126,130,126,42,19,0,0,0,0,0,0
txn_01498,3,12,2,94,1,1,1,5,7,1,1,4,0,7,1,1,0,4,0,7,1,108,111,108,36,7,0,0,0,0,0,0
txn_09485,6,15,10,432,1,2,3,6,9,4,6,5,3,9,6,1,2,5,6,9,6,454,463,454,160,11,0,0,0,0,0,0
txn_05089,4,18,6,111,1,1,2,6,12,3,3,5,2,12,3,1,1,5,2,12,3,134,139,134,44,13,0,0,0,0,0,0
txn_07019,6,13,3,80,1,2,3,5,8,1,2,4,0,7,2,1,1,4,2,7,2,94,102,94,30,8,0,0,0,0,0,0
txn_04096,0,11,6,122,0,0,0,5,6,2,4,5,2,6,4,0,0,0,0,6,4,139,139,139,48,10,0,0,0,0,0,0
txn_00626,5,17,12,32,2,1,2,8,9,5,7,7,4,9,7,2,1,11,4,9,7,61,66,61,22,14,0,0,0,0,0,0
txn_00841,9,24,5,274,3,2,4,8,16,2,3,7,1,16,3,3,2,16,3,16,3,308,312,308,103,20,0,0,0,0,0,0
txn_01512,8,36,11,83,2,2,4,18,18,4,7,17,3,18,7,2,2,23,7,18,7,130,138,130,48,22,0,0,0,0,0,0
txn_00405,5,19,12,77,1,1,3,7,12,3,9,6,2,12,9,1,1,6,2,12,9,105,113,105,34,17,0,0,0,0,0,0
txn_08694,3,16,12,145,1,1,1,8,8,4,8,7,4,8,8,1,1,7,3,8,8,174,176,174,60,15,0,0,0,0,0,0
txn_05709,3,18,10,235,1,1,1,6,12,4,6,5,4,12,6,1,1,5,2,12,6,265,266,265,92,18,0,0,0,0,0,0
txn_03212,3,7,7,213,1,1,1,3,4,2,5,2,1,4,5,1,1,2,1,4,5,227,230,227,76,8,0,0,0,0,0,0
txn_00110,3,13,2,196,1,1,1,5,8,1,1,4,1,8,1,1,0,4,0,8,1,212,214,212,72,9,0,0,0,0,0,0
txn_05877,0,14,0,216,0,0,0,7,7,0,0,7,0,7,0,0,0,0,0,7,0,230,230,230,81,7,0,0,0,0,0,0
txn_03117,5,19,3,300,2,1,2,6,13,1,2,5,0,13,2,2,0,9,0,13,2,323,327,323,105,14,0,0,0,0,0,0
txn_07396,4,8,8,96,1,1,2,3,5,2,6,2,1,5,6,1,1,2,1,5,6,111,116,111,35,9,0,0,0,0,0,0
txn_07054,0,18,5,36,0,0,0,6,12,2,3,6,2,12,3,0,0,0,0,12,3,59,59,59,20,15,0,0,0,0,0,0
txn_00065,3,11,14,254,1,1,1,5,6,6,8,4,5,6,8,1,1,4,5,6,8,279,282,279,92,13,0,0,0,0,0,0
txn_08260,8,26,9,257,2,2,4,11,15,4,5,10,3,14,5,2,2,15,6,14,5,291,300,291,95,19,0,0,0,0,0,0
txn_05535,8,34,13,133,1,3,4,9,25,5,8,8,4,24,7,1,3,8,8,24,7,173,188,173,55,27,0,0,0,0,0,0
txn_07758,0,33,9,458,0,0,0,11,22,3,6,11,3,22,6,0,0,0,0,22,6,495,500,495,174,26,0,0,0,0,0,0
txn_06183,5,13,3,99,1,1,3,5,8,1,2,4,1,8,2,1,1,4,1,8,2,117,120,117,38,10,0,0,0,0,0,0
txn_09367,5,15,2,277,2,1,2,4,11,1,1,3,1,11,1,2,1,7,6,11,1,298,299,298,100,13,0,0,0,0,0,0
txn_04371,6,20,4,238,2,1,3,6,14,1,3,5,0,14,3,2,0,9,0,14,3,262,268,262,89,15,0,0,0,0,0,0
txn_06637,3,17,7,192,1,1,1,6,11,2,5,5,2,11,5,1,1,5,2,11,5,217,219,217,74,15,0,0,0,0,0,0
txn_02360,0,6,11,222,0,0,0,2,4,4,7,2,4,4,7,0,0,0,0,4,7,238,239,238,82,10,0,0,0,0,0,0
txn_03598,8,14,4,115,2,3,3,6,8,2,2,5,1,8,2,2,2,10,3,8,2,138,141,138,45,11,0,0,0,0,0,0
txn_08736,3,14,12,158,1,1,1,5,9,5,7,5,4,9,7,1,1,3,4,9,7,185,187,185,62,16,0,0,0,0,0,0
txn_01366,6,16,11,118,2,1,3,4,12,4,7,3,4,12,6,2,1,12,2,12,6,146,151,146,46,18,0,0,0,0,0,0
txn_00148,8,16,8,251,2,1,5,6,10,2,6,5,1,9,6,2,1,12,1,9,6,270,283,270,83,11,0,0,0,0,0,0
txn_06925,0,10,4,206,0,0,0,4,6,2,2,4,2,6,2,0,0,0,0,6,2,220,220,220,75,8,0,0,0,0,0,0
txn_09245,4,20,12,237,1,1,2,8,12,4,8,7,4,12,8,1,1,7,5,12,8,270,273,270,84,19,0,0,0,0,0,0
txn_08828,3,15,7,461,1,1,1,7,8,3,4,6,2,8,4,1,1,6,2,8,4,482,486,482,171,11,0,0,0,0,0,0
txn_02975,0,17,12,279,0,0,0,5,12,6,6,5,6,12,6,0,0,0,0,12,6,307,308,307,108,17,0,0,0,0,0,0
txn_08935,3,7,16,42,1,1,1,3,4,7,9,2,6,3,9,1,1,2,6,3,9,62,68,62,21,11,0,0,0,0,0,0
txn_04733,3,6,5,209,1,1,1,2,4,2,3,1,1,4,3,1,1,1,1,4,3,220,223,220,72,6,0,0,0,0,0,0
txn_06255,4,10,5,208,1,1,2,5,5,2,3,5,1,5,3,1,1,2,1,5,3,224,227,224,77,7,0,0,0,0,0,0
txn_00572,0,20,9,151,0,0,0,7,13,4,5,7,4,13,5,0,0,0,0,13,5,177,180,177,61,16,0,0,0,0,0,0
txn_03131,5,24,4,87,1,2,2,10,14,2,2,9,1,14,2,1,2,9,4,14,2,116,120,116,41,15,0,0,0,0,0,0
txn_06841,4,13,10,80,1,1,2,4,9,4,6,3,4,9,6,1,1,3,3,9,6,104,107,104,34,14,0,0,0,0,0,0
txn_08232,3,20,11,288,1,1,1,8,12,5,6,8,4,12,6,1,1,5,4,12,6,320,322,320,112,17,0,0,0,0,0,0
txn_02892,7,23,6,177,2,2,3,9,14,3,3,8,2,14,3,2,2,13,5,14,3,205,213,205,68,15,0,0,0,0,0,0
txn_01330,4,17,5,185,1,1,2,7,10,2,3,6,1,10,3,1,1,6,1,10,3,205,211,205,70,10,0,0,0,0,0,0
txn_02584,6,17,12,241,1,1,4,7,10,4,8,6,3,10,8,1,1,6,3,10,8,264,276,264,92,13,0,0,0,0,0,0
txn_03026,3,6,6,50,1,1,1,3,3,3,3,2,2,3,3,1,1,2,2,3,3,62,65,62,21,5,0,0,0,0,0,0
txn_09603,10,4,17,464,2,3,5,2,2,7,10,2,6,1,10,2,3,10,13,1,10,488,495,488,171,12,0,0,0,0,0,0
txn_05657,3,21,10,253,1,1,1,10,11,4,6,9,3,11,5,1,1,9,3,11,5,280,287,280,90,14,0,0,0,0,0,0
txn_09888,4,19,2,162,1,1,2,7,12,1,1,6,1,12,1,1,1,6,1,12,1,184,187,184,63,12,0,0,0,0,0,0
txn_03033,3,16,14,15,1,1,1,6,10,6,8,5,5,10,8,1,1,5,5,10,8,43,48,43,15,15,0,0,0,0,0,0
txn_03405,5,12,6,125,1,2,2,5,7,3,3,5,2,7,3,1,2,5,5,7,3,146,148,146,49,10,0,0,0,0,0,0
txn_03928,5,13,3,263,1,2,2,3,10,1,2,2,1,10,2,1,2,2,6,10,2,281,284,281,94,11,0,0,0,0,0,0
txn_09599,5,21,4,197,1,2,2,8,13,2,2,7,1,13,2,1,2,7,3,13,2,222,227,222,73,14,0,0,0,0,0,0
txn_04673,3,17,6,154,1,1,1,6,11,3,3,5,2,11,3,1,1,5,2,11,3,177,180,177,59,13,0,0,0,0,0,0
txn_03577,7,25,5,97,1,2,4,7,18,2,3,6,1,18,3,1,2,6,2,18,3,127,134,127,40,19,0,0,0,0,0,0
txn_08345,0,17,17,280,0,0,0,8,9,5,12,8,5,9,12,0,0,0,0,9,12,313,314,313,109,20,0,0,0,0,0,0
txn_04901,6,13,21,283,1,1,4,4,9,10,11,3,9,9,11,1,1,3,9,9,11,314,323,314,109,16,0,0,0,0,0,0
txn_06360,3,23,15,303,1,1,1,10,13,6,9,10,5,12,9,1,1,3,5,12,9,336,344,336,113,18,0,0,0,0,0,0
txn_09243,0,16,15,157,0,0,0,7,9,6,9,7,6,9,9,0,0,0,0,9,9,185,188,185,65,16,0,0,0,0,0,0
txn_05618,8,34,13,244,2,2,4,9,25,6,7,8,5,24,7,2,1,9,5,24,7,288,299,288,98,28,0,0,0,0,0,0
txn_00460,3,11,6,119,1,1,1,5,6,3,3,4,2,6,3,1,1,4,2,6,3,136,139,136,46,8,0,0,0,0,0,0
txn_01114,5,12,14,128,1,1,3,3,9,5,9,2,4,9,9,1,1,2,4,9,9,151,159,151,49,14,0,0,0,0,0,0
txn_05941,0,10,11,133,0,0,0,4,6,3,8,4,3,6,8,0,0,0,0,6,8,153,154,153,52,13,0,0,0,0,0,0
txn_00621,6,22,12,128,1,2,3,6,16,6,6,5,5,16,6,1,2,5,8,16,6,161,168,161,53,20,0,0,0,0,0,0
txn_01942,5,19,9,24,1,2,2,8,11,4,5,8,3,11,5,1,1,1,3,11,5,55,57,55,19,16,0,0,0,0,0,0
txn_00205,3,23,2,36,1,1,1,6,17,1,1,5,0,17,1,1,0,5,0,17,1,61,64,61,19,17,0,0,0,0,0,0
txn_03220,4,16,16,291,1,1,2,5,11,6,10,4,5,11,10,1,1,4,5,11,10,318,327,318,109,16,0,0,0,0,0,0
txn_03223,4,13,13,115,1,1,2,4,9,4,9,3,3,9,9,1,1,3,3,9,9,139,145,139,45,15,0,0,0,0,0,0
txn_01830,6,22,7,180,1,1,4,7,15,2,5,6,1,15,5,1,1,6,1,15,5,206,215,206,68,16,0,0,0,0,0,0
txn_07853,3,19,0,188,1,1,1,7,12,0,0,6,0,12,0,1,1,6,3,12,0,209,210,209,70,12,0,0,0,0,0,0
txn_06072,6,14,7,186,2,2,2,5,9,3,4,5,2,9,4,2,2,10,6,9,4,210,213,210,71,12,0,0,0,0,0,0
txn_00588,3,12,2,20,1,1,1,6,6,1,1,5,1,6,1,1,1,5,1,6,1,36,37,36,13,7,0,0,0,0,0,0
txn_01254,6,9,13,161,2,1,3,3,6,4,9,2,3,6,8,2,1,4,3,6,8,180,189,180,59,12,0,0,0,0,0,0
txn_08251,6,17,16,280,2,1,3,6,11,6,10,5,5,11,10,2,1,9,5,11,10,313,319,313,107,19,0,0,0,0,0,0
txn_03446,3,14,13,101,1,1,1,4,10,5,8,4,5,10,8,1,1,5,2,10,8,130,131,130,44,18,0,0,0,0,0,0
txn_08384,8,7,5,102,3,3,2,2,5,2,3,1,1,5,3,3,3,13,8,5,3,118,122,118,36,7,0,0,0,0,0,0
txn_01238,0,21,0,120,0,0,0,9,12,0,0,9,0,12,0,0,0,0,0,12,0,141,141,141,50,12,0,0,0,0,0,0
txn_03193,6,20,9,294,2,2,2,6,14,3,6,6,3,14,5,2,2,14,6,14,5,323,329,323,109,20,0,0,0,0,0,0
txn_04859,0,18,3,435,0,0,0,6,12,1,2,6,1,12,1,0,0,0,0,12,1,455,456,455,160,14,0,0,0,0,0,0
txn_01176,5,21,16,286,2,1,2,8,13,7,9,7,6,12,8,2,1,15,6,12,8,320,328,320,110,20,0,0,0,0,0,0
txn_04230,3,13,2,219,1,1,1,3,10,1,1,3,1,10,1,1,1,9,3,10,1,236,237,236,79,12,0,0,0,0,0,0
txn_07919,0,17,2,191,0,0,0,7,10,1,1,7,1,10,1,0,0,0,0,10,1,209,210,209,73,10,0,0,0,0,0,0
txn_07994,5,18,8,86,1,1,3,8,10,3,5,7,2,10,5,1,1,7,2,10,5,108,117,108,37,11,0,0,0,0,0,0
txn_01926,5,18,7,96,1,1,3,6,12,2,5,5,1,12,5,1,1,5,1,12,5,118,126,118,38,13,0,0,0,0,0,0
txn_04441,10,24,5,282,2,3,5,7,17,2,3,6,1,17,3,2,3,11,7,17,3,312,321,312,105,18,0,0,0,0,0,0
txn_06664,9,22,7,130,2,3,4,8,14,3,4,7,2,14,4,2,3,9,11,14,4,162,168,162,55,18,0,0,0,0,0,0
txn_04892,3,13,8,466,1,1,1,6,7,4,4,6,3,7,4,1,1,8,3,7,4,488,490,488,175,10,0,0,0,0,0,0
txn_04585,5,13,16,212,1,1,3,4,9,6,10,3,5,8,10,1,1,3,5,8,10,236,246,236,77,16,0,0,0,0,0,0
txn_02311,6,4,3,148,2,1,3,2,2,1,2,1,1,2,2,2,1,7,3,2,2,160,161,160,52,6,0,0,0,0,0,0
txn_02369,3,14,29,295,1,1,1,7,7,18,11,6,17,7,10,1,1,6,17,7,10,336,341,336,124,17,0,0,0,0,0,0
txn_02616,3,16,11,132,1,1,1,6,10,4,7,5,3,9,7,1,1,5,3,9,7,157,162,157,52,16,0,0,0,0,0,0
txn_07667,6,20,12,469,1,1,4,7,13,4,8,6,3,12,7,1,1,6,3,12,7,492,507,492,172,17,0,0,0,0,0,0
txn_09830,9,19,6,222,3,2,4,8,11,3,3,7,3,11,3,3,2,29,12,11,3,252,256,252,86,15,0,0,0,0,0,0
txn_08441,0,13,9,163,0,0,0,5,8,4,5,5,4,8,5,0,0,0,0,8,5,184,185,184,65,12,0,0,0,0,0,0
txn_04957,8,13,11,437,3,1,4,5,8,3,8,4,2,7,8,3,1,13,2,7,8,459,469,459,160,14,0,0,0,0,0,0
txn_02762,5,13,2,255,1,2,2,5,8,1,1,4,0,7,1,1,1,4,4,7,1,269,275,269,83,8,0,0,0,0,0,0
txn_00586,3,21,8,305,1,1,1,8,13,4,4,8,3,13,4,1,1,9,3,13,4,335,337,335,112,17,0,0,0,0,0,0
txn_05701,3,14,4,240,1,1,1,6,8,2,2,6,1,8,2,1,1,7,1,8,2,260,261,260,81,10,0,0,0,0,0,0
txn_08167,3,3,4,30,1,1,1,1,2,2,2,1,2,2,2,1,1,6,1,2,2,40,40,40,13,5,0,0,0,0,0,0
txn_08367,3,12,4,469,1,1,1,6,6,2,2,5,2,6,2,1,1,5,1,6,2,487,488,487,174,8,0,0,0,0,0,0
txn_08663,5,8,16,194,2,1,2,3,5,7,9,3,6,4,9,2,1,11,6,4,9,220,223,220,74,14,0,0,0,0,0,0
txn_08001,5,15,2,439,1,2,2,6,9,1,1,5,1,8,1,1,2,5,5,8,1,456,461,456,160,10,0,0,0,0,0,0
txn_01179,8,7,13,165,2,2,4,2,5,4,9,1,3,5,8,2,2,9,8,5,8,182,193,182,60,11,0,0,0,0,0,0
txn_03957,6,11,8,225,2,2,2,4,7,4,4,3,3,7,4,2,2,11,5,7,4,247,250,247,83,11,0,0,0,0,0,0
txn_02903,6,21,8,286,1,1,4,8,13,3,5,7,2,13,5,1,1,7,2,13,5,311,321,311,106,14,0,0,0,0,0,0
txn_06230,6,13,2,257,2,2,2,5,8,1,1,4,1,8,1,2,2,7,6,8,1,277,278,277,86,10,0,0,0,0,0,0
txn_09141,5,15,2,132,1,2,2,6,9,1,1,5,1,9,1,1,2,5,3,9,1,152,154,152,51,10,0,0,0,0,0,0
txn_05280,4,13,10,160,1,1,2,5,8,4,6,4,3,8,6,1,1,4,3,8,6,181,187,181,60,12,0,0,0,0,0,0
txn_02671,3,26,13,228,1,1,1,7,19,5,8,6,4,19,8,1,1,6,4,19,8,266,270,266,88,25,0,0,0,0,0,0
txn_07188,5,9,13,441,2,1,2,4,5,4,9,3,4,5,8,2,1,8,2,5,8,464,468,464,162,14,0,0,0,0,0,0
txn_00157,5,20,16,297,1,1,3,7,13,6,10,6,5,12,9,1,1,6,5,12,9,325,338,325,112,18,0,0,0,0,0,0
txn_04112,4,10,18,141,1,1,2,4,6,6,12,3,5,6,12,1,1,3,5,6,12,168,173,168,56,16,0,0,0,0,0,0
txn_07392,6,18,7,27,2,1,3,6,12,2,5,5,1,12,5,2,1,12,1,12,5,52,58,52,15,15,0,0,0,0,0,0
txn_05302,7,22,7,266,2,1,4,8,14,2,5,7,1,13,4,2,1,17,1,13,4,289,302,289,98,15,0,0,0,0,0,0
txn_00849,3,12,4,246,1,1,1,3,9,2,2,2,2,9,2,1,1,2,4,9,2,264,265,264,91,11,0,0,0,0,0,0
txn_01301,3,18,7,89,1,1,1,7,11,3,4,7,2,11,4,1,1,6,2,11,4,114,117,114,38,14,0,0,0,0,0,0
txn_05186,6,21,5,127,1,2,3,8,13,2,3,7,2,13,3,1,2,7,9,13,3,155,159,155,51,16,0,0,0,0,0,0
txn_00265,9,15,5,267,2,3,4,6,9,2,3,5,1,9,3,2,2,10,3,9,3,291,296,291,99,12,0,0,0,0,0,0
txn_06133,4,7,14,131,1,1,2,3,4,6,8,2,5,4,8,1,1,2,5,4,8,151,156,151,52,10,0,0,0,0,0,0
txn_02438,6,22,11,270,1,1,4,8,14,4,7,7,3,13,7,1,1,7,3,13,7,297,309,297,102,17,0,0,0,0,0,0
txn_09847,8,12,13,211,2,1,5,3,9,4,9,2,3,9,9,2,1,4,3,9,9,235,244,235,77,15,0,0,0,0,0,0
txn_01097,3,12,8,272,1,1,1,5,7,4,4,4,3,7,4,1,1,4,3,7,4,292,295,292,102,10,0,0,0,0,0,0
txn_01451,4,6,14,122,1,1,2,2,4,5,9,1,5,4,9,1,1,1,2,4,9,143,146,143,47,12,0,0,0,0,0,0
txn_07581,7,19,6,69,2,2,3,8,11,2,4,7,1,11,4,2,2,10,2,11,4,95,101,95,31,13,0,0,0,0,0,0
txn_09541,8,22,7,297,3,2,3,8,14,3,4,7,2,14,4,3,2,17,4,14,4,329,334,329,112,17,0,0,0,0,0,0
txn_08919,4,15,10,210,1,1,2,6,9,3,7,5,2,9,7,1,1,5,2,9,7,234,239,234,79,14,0,0,0,0,0,0
txn_03432,3,13,9,214,1,1,1,5,8,2,7,5,2,8,7,1,1,8,1,8,7,237,239,237,80,14,0,0,0,0,0,0
txn_05009,7,18,5,225,2,2,3,5,13,2,3,5,1,13,3,2,2,6,2,13,3,253,255,253,83,18,0,0,0,0,0,0
txn_01073,7,19,10,130,2,2,3,6,13,4,6,6,3,13,5,2,1,9,3,13,5,160,166,160,52,18,0,0,0,0,0,0
txn_04940,6,17,14,109,2,1,3,6,11,4,10,5,3,11,10,2,1,9,3,11,10,139,146,139,46,18,0,0,0,0,0,0
txn_00698,0,10,3,228,0,0,0,3,7,1,2,3,1,7,2,0,0,0,0,7,2,241,241,241,82,9,0,0,0,0,0,0
txn_00901,3,10,6,137,1,1,1,5,5,3,3,4,2,5,3,1,1,4,2,5,3,153,156,153,52,7,0,0,0,0,0,0
txn_05572,5,13,9,283,2,1,2,6,7,3,6,5,2,7,6,2,1,15,2,7,6,305,310,305,105,12,0,0,0,0,0,0
txn_02574,5,2,12,443,2,1,2,1,1,4,8,0,3,1,8,1,1,7,3,1,8,457,462,457,160,8,0,0,0,0,0,0
txn_03020,3,17,12,217,1,1,1,7,10,5,7,6,4,10,7,1,1,6,4,10,7,245,249,245,83,16,0,0,0,0,0,0
txn_05151,0,14,2,83,0,0,0,6,8,1,1,6,1,8,1,0,0,0,0,8,1,99,99,99,35,9,0,0,0,0,0,0
txn_05543,3,18,5,213,1,1,1,9,9,2,3,9,1,9,3,1,1,6,1,9,3,238,239,238,83,12,0,0,0,0,0,0
txn_00553,6,5,9,231,1,1,4,1,4,3,6,0,2,4,6,0,1,0,2,4,6,242,251,242,81,6,0,0,0,0,0,0
txn_04242,8,20,16,105,2,3,3,7,13,6,10,6,5,13,10,2,3,10,7,13,10,145,149,145,46,23,0,0,0,0,0,0
txn_00482,9,13,14,300,2,1,6,3,10,4,10,2,3,9,9,2,1,4,3,9,9,321,336,321,107,16,0,0,0,0,0,0
txn_05268,8,18,6,446,3,2,3,7,11,2,4,6,1,11,3,3,2,16,2,11,3,471,478,471,165,14,0,0,0,0,0,0
txn_06439,8,29,12,200,2,2,4,13,16,3,9,12,2,15,8,2,2,17,3,15,8,237,249,237,79,23,0,0,0,0,0,0
txn_02278,7,13,8,30,1,2,4,5,8,3,5,4,2,8,5,1,1,4,2,8,5,51,58,51,16,11,0,0,0,0,0,0
txn_08236,5,11,9,216,2,1,2,5,6,4,5,4,4,6,5,2,1,8,2,6,5,239,241,239,82,11,0,0,0,0,0,0
txn_02523,5,16,3,220,2,1,2,6,10,1,2,5,1,10,2,2,0,7,0,10,2,242,244,242,81,12,0,0,0,0,0,0
txn_07582,5,12,13,108,2,1,2,5,7,5,8,4,4,7,7,2,1,13,4,7,7,132,138,132,43,14,0,0,0,0,0,0
txn_09274,6,20,2,195,2,1,3,7,13,1,1,6,1,13,1,2,1,12,6,13,1,221,223,221,75,15,0,0,0,0,0,0
txn_09688,6,19,14,199,2,2,2,8,11,7,7,7,6,11,7,2,2,10,7,11,7,234,238,234,82,18,0,0,0,0,0,0
txn_01411,6,18,20,219,2,1,3,8,10,7,13,8,6,10,13,2,1,9,6,10,13,257,263,257,89,20,0,0,0,0,0,0
txn_04304,5,19,6,113,1,2,2,7,12,3,3,7,2,12,3,1,2,3,6,12,3,140,143,140,47,14,0,0,0,0,0,0
txn_07567,4,15,29,144,1,1,2,5,10,18,11,4,17,9,11,1,1,4,17,9,11,185,192,185,69,19,0,0,0,0,0,0
txn_06404,5,10,10,134,1,1,3,3,7,3,7,2,2,7,7,1,1,2,2,7,7,152,159,152,50,11,0,0,0,0,0,0
txn_03489,3,6,18,289,1,1,1,3,3,7,11,3,6,3,11,1,1,5,6,3,11,314,316,314,108,14,0,0,0,0,0,0
txn_04921,3,12,9,57,1,1,1,5,7,4,5,4,4,7,5,1,1,4,4,7,5,78,81,78,26,11,0,0,0,0,0,0
txn_01303,0,16,6,104,0,0,0,6,10,1,5,6,1,10,5,0,0,0,0,10,5,125,126,125,42,15,0,0,0,0,0,0
txn_07651,6,19,11,472,1,1,4,7,12,3,8,6,2,12,8,1,1,6,2,12,8,498,508,498,176,15,0,0,0,0,0,0
txn_03838,0,17,9,475,0,0,0,6,11,3,6,6,3,11,6,0,0,0,0,11,6,500,501,500,178,16,0,0,0,0,0,0
txn_01608,0,19,2,72,0,0,0,8,11,1,1,8,1,11,1,0,0,0,0,11,1,93,93,93,33,12,0,0,0,0,0,0
txn_03384,6,5,8,128,1,2,3,2,3,3,5,2,2,3,5,1,2,3,5,3,5,145,147,145,47,9,0,0,0,0,0,0
txn_04029,5,9,12,214,1,1,3,5,4,4,8,5,3,4,8,1,1,6,3,4,8,233,240,233,79,9,0,0,0,0,0,0
txn_00492,4,5,5,166,1,1,2,2,3,2,3,1,1,3,3,1,1,1,1,3,3,175,180,175,59,4,0,0,0,0,0,0
txn_00770,6,14,16,231,1,2,3,5,9,5,11,4,4,9,10,1,1,4,4,9,10,259,267,259,86,18,0,0,0,0,0,0
txn_04065,9,35,6,202,3,3,3,15,20,3,3,15,3,19,3,3,3,36,13,19,3,246,252,246,84,25,0,0,0,0,0,0
txn_03378,16,6,2,136,6,6,4,3,3,1,1,2,0,3,1,6,5,33,16,3,1,155,160,155,48,6,0,0,0,0,0,0
txn_01353,3,8,11,39,1,1,1,4,4,4,7,3,3,4,7,1,1,3,3,4,7,57,61,57,19,9,0,0,0,0,0,0
txn_09414,8,9,7,93,2,3,3,3,6,3,4,2,2,6,4,2,3,14,5,6,4,113,117,113,35,10,0,0,0,0,0,0
txn_01466,6,8,11,163,2,2,2,3,5,3,8,2,3,5,8,2,2,9,2,5,8,186,188,186,60,14,0,0,0,0,0,0
txn_02563,3,11,4,448,1,1,1,4,7,2,2,4,1,7,2,1,1,6,1,7,2,462,466,462,164,8,0,0,0,0,0,0
txn_02634,5,28,12,451,1,1,3,13,15,5,7,12,4,15,7,1,1,12,4,15,7,486,496,486,175,18,0,0,0,0,0,0
txn_01681,6,30,7,259,2,1,3,13,17,2,5,12,1,17,5,2,1,21,1,17,5,294,302,294,96,20,0,0,0,0,0,0
txn_00255,6,21,4,286,2,1,3,7,14,1,3,6,0,14,3,2,0,13,0,14,3,311,317,311,105,15,0,0,0,0,0,0
txn_05693,6,19,11,308,2,1,3,8,11,4,7,7,3,10,7,2,1,9,3,10,7,334,344,334,112,14,0,0,0,0,0,0
txn_03967,3,7,12,262,1,1,1,3,4,4,8,3,4,4,8,1,1,5,4,4,8,283,284,283,92,13,0,0,0,0,0,0
txn_01748,4,5,6,118,1,1,2,2,3,3,3,1,2,3,3,1,1,1,2,3,3,127,133,127,43,3,0,0,0,0,0,0
txn_02631,0,14,5,234,0,0,0,5,9,2,3,5,2,9,3,0,0,0,0,9,3,253,253,253,87,12,0,0,0,0,0,0
txn_02956,3,9,11,135,1,1,1,4,5,2,9,4,2,5,9,1,1,5,1,5,9,158,158,158,52,15,0,0,0,0,0,0
txn_04245,5,23,6,60,1,2,2,7,16,3,3,6,3,16,3,1,1,6,1,16,3,92,94,92,29,19,0,0,0,0,0,0
txn_04760,5,14,14,151,2,1,2,6,8,5,9,5,4,8,9,2,1,7,4,8,9,180,184,180,60,16,0,0,0,0,0,0
txn_05705,7,24,18,132,1,1,5,6,18,5,13,5,4,18,13,1,1,5,4,18,13,168,181,168,54,24,0,0,0,0,0,0
txn_03611,0,7,8,166,0,0,0,2,5,4,4,2,4,5,4,0,0,0,0,5,4,181,181,181,62,9,0,0,0,0,0,0
txn_04688,8,7,5,289,2,2,4,3,4,2,3,2,1,4,3,2,2,5,4,4,3,304,309,304,103,7,0,0,0,0,0,0
txn_07752,10,18,8,154,3,2,5,7,11,3,5,6,2,11,5,3,2,21,4,11,5,183,190,183,60,16,0,0,0,0,0,0
txn_04656,3,25,2,124,1,1,1,8,17,1,1,7,1,17,1,1,0,7,0,17,1,153,154,153,53,18,0,0,0,0,0,0
txn_05118,4,14,12,42,1,1,2,5,9,5,7,4,4,9,7,1,1,4,4,9,7,67,72,67,22,14,0,0,0,0,0,0
txn_08262,4,20,12,121,1,1,2,7,13,3,9,7,2,13,9,1,1,6,2,13,9,153,157,153,50,20,0,0,0,0,0,0
txn_02357,0,0,4,135,0,0,0,0,0,2,2,0,2,0,2,0,0,0,0,0,2,139,139,139,48,2,0,0,0,0,0,0
txn_06368,9,21,13,169,1,2,6,8,13,5,8,7,4,13,8,1,2,7,6,13,8,202,212,202,69,18,0,0,0,0,0,0
txn_04336,6,15,3,123,2,2,2,7,8,1,2,6,1,8,2,2,2,13,4,8,2,145,147,145,49,10,0,0,0,0,0,0
txn_09949,3,23,7,243,1,1,1,10,13,3,4,10,2,13,4,1,1,12,2,13,4,272,276,272,86,16,0,0,0,0,0,0
txn_02662,0,7,6,189,0,0,0,3,4,3,3,3,3,4,3,0,0,0,0,4,3,201,202,201,71,6,0,0,0,0,0,0
txn_05304,6,13,4,133,2,2,2,5,8,2,2,4,1,8,2,2,2,8,3,8,2,153,156,153,53,10,0,0,0,0,0,0
txn_03411,10,19,12,217,1,3,6,7,12,4,8,6,3,12,8,1,3,6,16,12,8,246,258,246,81,17,0,0,0,0,0,0
txn_04763,8,22,4,237,1,3,4,8,14,2,2,7,1,13,2,1,3,7,7,13,2,260,271,260,86,14,0,0,0,0,0,0
txn_05029,0,10,17,222,0,0,0,4,6,6,11,4,6,6,11,0,0,0,0,6,11,248,249,248,86,16,0,0,0,0,0,0
txn_01013,3,7,12,198,1,1,1,3,4,4,8,3,3,4,8,1,1,5,3,4,8,219,220,219,75,12,0,0,0,0,0,0
txn_09887,6,9,12,86,2,2,2,4,5,5,7,3,4,5,6,2,2,7,7,5,6,108,113,108,35,12,0,0,0,0,0,0
txn_02044,3,19,2,300,1,1,1,7,12,1,1,7,0,11,1,1,0,3,0,11,1,321,324,321,110,12,0,0,0,0,0,0
txn_06369,6,12,4,127,2,1,3,5,7,1,3,4,0,7,3,2,0,7,0,7,3,143,149,143,50,8,0,0,0,0,0,0
txn_07340,7,17,10,220,2,1,4,7,10,3,7,6,2,10,7,2,1,11,2,10,7,246,254,246,81,15,0,0,0,0,0,0
txn_03924,4,13,2,239,1,1,2,6,7,1,1,6,1,6,1,1,1,5,4,6,1,255,258,255,87,10,0,0,0,0,0,0
txn_03127,8,12,6,196,2,2,4,5,7,2,4,4,1,7,4,2,2,6,4,7,4,217,222,217,72,11,0,0,0,0,0,0
txn_09853,6,11,13,302,2,1,3,4,7,4,9,3,3,7,9,2,1,7,3,7,9,326,332,326,111,14,0,0,0,0,0,0
txn_05408,3,2,17,137,1,1,1,1,1,6,11,1,5,1,11,1,1,9,5,1,11,158,159,158,53,12,0,0,0,0,0,0
txn_01622,3,11,6,166,1,1,1,5,6,3,3,5,2,6,3,1,1,5,2,6,3,185,186,185,64,9,0,0,0,0,0,0
txn_01211,0,9,8,45,0,0,0,3,6,3,5,3,3,6,5,0,0,0,0,6,5,62,62,62,21,11,0,0,0,0,0,0
txn_05193,5,14,11,292,2,1,2,6,8,4,7,5,3,7,6,2,1,9,3,7,6,312,322,312,105,13,0,0,0,0,0,0
txn_01209,6,31,8,241,2,2,2,13,18,4,4,13,3,18,4,2,2,19,7,18,4,279,286,279,99,20,0,0,0,0,0,0
txn_00921,5,16,3,138,1,1,3,6,10,1,2,5,1,10,2,1,1,5,2,10,2,159,162,159,53,12,0,0,0,0,0,0
txn_04640,6,11,9,454,1,1,4,3,8,3,6,2,3,8,5,1,1,2,2,8,5,475,480,475,166,14,0,0,0,0,0,0
txn_05270,0,16,2,183,0,0,0,7,9,1,1,7,1,9,1,0,0,0,0,9,1,201,201,201,70,10,0,0,0,0,0,0
txn_02015,4,12,8,223,1,1,2,5,7,2,6,4,2,7,6,1,1,4,2,7,6,244,247,244,82,12,0,0,0,0,0,0
txn_04471,6,20,15,233,2,1,3,8,12,5,10,7,4,12,10,2,1,14,4,12,10,267,274,267,91,19,0,0,0,0,0,0
txn_02453,3,12,7,37,1,1,1,5,7,3,4,5,3,7,4,1,0,11,0,7,4,57,59,57,20,11,0,0,0,0,0,0
txn_06132,5,17,9,112,1,1,3,6,11,3,6,5,2,10,5,1,1,5,2,10,5,133,143,133,44,14,0,0,0,0,0,0
txn_08623,0,8,9,169,0,0,0,4,4,2,7,4,2,4,7,0,0,0,0,4,7,186,186,186,63,11,0,0,0,0,0,0
txn_02170,3,23,9,62,1,1,1,8,15,4,5,7,3,15,5,1,1,7,3,15,5,94,97,94,30,19,0,0,0,0,0,0
txn_09600,8,23,19,192,2,2,4,9,14,6,13,9,5,14,13,2,2,14,6,14,13,235,242,235,80,24,0,0,0,0,0,0
txn_09611,6,8,6,140,2,2,2,3,5,3,3,3,2,5,3,2,2,13,3,5,3,158,160,158,52,9,0,0,0,0,0,0
txn_09027,4,11,9,90,1,1,2,4,7,3,6,3,2,7,6,1,1,3,2,7,6,109,114,109,37,11,0,0,0,0,0,0
txn_00147,5,12,13,157,1,2,2,3,9,6,7,2,5,9,7,1,2,2,6,9,7,182,187,182,60,14,0,0,0,0,0,0
txn_00314,9,22,7,265,1,3,5,8,14,3,4,7,2,14,4,1,3,7,7,14,4,296,303,296,96,17,0,0,0,0,0,0
txn_05827,11,20,13,199,1,3,7,7,13,4,9,6,3,13,9,1,3,6,16,13,9,231,243,231,77,18,0,0,0,0,0,0
txn_09849,6,14,17,456,2,1,3,4,10,6,11,3,5,10,10,2,1,9,5,10,10,485,493,485,170,19,0,0,0,0,0,0
txn_05074,3,17,6,126,1,1,1,6,11,3,3,5,2,11,3,1,1,5,2,11,3,149,152,149,50,13,0,0,0,0,0,0
txn_04727,7,25,2,59,2,2,3,10,15,1,1,10,0,14,1,2,1,8,6,14,1,91,93,91,29,18,0,0,0,0,0,0
txn_05394,7,22,12,135,1,2,4,8,14,4,8,7,3,14,8,1,2,7,6,14,8,166,176,166,56,18,0,0,0,0,0,0
txn_02819,0,15,6,143,0,0,0,6,9,3,3,6,3,9,3,0,0,0,0,9,3,164,164,164,57,12,0,0,0,0,0,0
txn_03948,4,10,17,116,1,1,2,3,7,6,11,3,5,7,11,1,1,6,5,7,11,142,147,142,47,15,0,0,0,0,0,0
txn_08956,4,9,11,146,1,1,2,3,6,5,6,3,4,6,6,1,1,7,4,6,6,166,170,166,56,10,0,0,0,0,0,0
txn_09388,8,16,15,134,3,2,3,6,10,7,8,6,6,10,7,3,2,24,11,10,7,164,173,164,55,18,0,0,0,0,0,0
txn_07940,16,15,11,236,4,5,7,6,9,5,6,5,5,9,6,4,5,28,21,9,6,269,278,269,91,16,0,0,0,0,0,0
txn_06653,5,6,12,75,2,1,2,3,3,5,7,2,4,3,7,2,1,5,4,3,7,94,98,94,31,9,0,0,0,0,0,0
txn_08917,0,18,5,51,0,0,0,7,11,1,4,7,1,11,4,0,0,0,0,11,4,74,74,74,25,15,0,0,0,0,0,0
txn_01436,0,14,5,86,0,0,0,5,9,2,3,5,2,9,3,0,0,0,0,9,3,104,105,104,36,11,0,0,0,0,0,0
txn_02945,3,23,2,96,1,1,1,9,14,1,1,8,0,14,1,1,0,8,0,14,1,121,124,121,40,14,0,0,0,0,0,0
txn_08721,8,18,11,478,2,1,5,6,12,3,8,5,2,12,8,2,1,8,2,12,8,506,515,506,177,17,0,0,0,0,0,0
txn_06843,3,9,4,246,1,1,1,4,5,1,3,3,1,5,3,1,1,3,3,5,3,260,262,260,80,7,0,0,0,0,0,0
txn_09517,8,11,4,143,2,3,3,6,5,2,2,6,2,4,2,2,3,16,8,4,2,163,166,163,54,10,0,0,0,0,0,0
txn_03822,4,12,15,225,1,1,2,5,7,6,9,4,5,6,9,1,1,4,5,6,9,248,256,248,84,14,0,0,0,0,0,0
txn_09363,4,19,6,458,1,1,2,6,13,2,4,6,2,12,4,1,1,5,1,12,4,482,487,482,170,16,0,0,0,0,0,0
txn_07819,3,4,6,293,1,1,1,2,2,3,3,1,2,2,3,1,1,1,2,2,3,303,306,303,104,4,0,0,0,0,0,0
txn_01637,6,12,2,89,2,2,2,6,6,1,1,5,0,6,1,2,1,18,2,6,1,106,109,106,35,7,0,0,0,0,0,0
txn_09885,6,10,4,140,2,2,2,3,7,2,2,2,1,7,2,2,2,7,4,7,2,157,160,157,51,9,0,0,0,0,0,0
txn_04043,7,20,10,61,2,2,3,7,13,4,6,6,3,13,5,2,2,8,9,13,5,90,98,90,29,17,0,0,0,0,0,0
txn_04771,7,21,8,54,1,3,3,6,15,3,5,5,2,15,5,1,3,5,9,15,5,83,90,83,25,17,0,0,0,0,0,0
txn_06309,4,14,4,460,1,1,2,5,9,2,2,5,2,8,2,1,1,4,2,8,2,481,482,481,171,13,0,0,0,0,0,0
txn_02142,0,6,12,99,0,0,0,2,4,5,7,2,5,4,6,0,0,0,0,4,6,114,117,114,39,9,0,0,0,0,0,0
txn_06075,5,13,7,138,1,1,3,5,8,2,5,5,1,8,5,1,1,8,1,8,5,160,163,160,53,13,0,0,0,0,0,0
txn_09917,0,17,2,129,0,0,0,6,11,1,1,6,1,11,1,0,0,0,0,11,1,148,148,148,51,12,0,0,0,0,0,0
txn_01469,6,9,4,92,2,2,2,3,6,2,2,3,1,6,2,2,2,13,4,6,2,109,111,109,35,8,0,0,0,0,0,0
txn_07861,3,10,14,58,1,1,1,5,5,7,7,5,6,5,7,1,1,7,6,5,7,83,85,83,31,11,0,0,0,0,0,0
txn_07725,8,17,5,65,2,2,4,7,10,2,3,7,1,10,3,2,2,17,3,10,3,92,95,92,29,14,0,0,0,0,0,0
txn_02632,3,7,5,42,1,1,1,3,4,2,3,3,1,4,3,1,1,9,1,4,3,55,57,55,18,6,0,0,0,0,0,0
txn_05482,9,29,6,462,2,2,5,11,18,2,4,10,1,18,4,2,2,14,3,18,4,499,506,499,176,22,0,0,0,0,0,0
txn_02292,3,25,2,99,1,1,1,11,14,1,1,10,0,14,1,1,0,10,0,14,1,126,129,126,44,14,0,0,0,0,0,0
txn_01471,7,29,7,131,3,1,3,13,16,3,4,12,2,15,4,3,1,18,2,15,4,166,174,166,57,18,0,0,0,0,0,0
txn_04665,8,10,5,143,3,2,3,4,6,2,3,3,1,6,3,3,2,16,3,6,3,162,166,162,53,9,0,0,0,0,0,0
txn_00418,5,14,7,249,2,1,2,5,9,3,4,5,2,9,4,2,1,18,2,9,4,271,275,271,84,13,0,0,0,0,0,0
txn_09967,6,18,6,164,2,2,2,7,11,3,3,6,2,11,3,2,2,9,4,11,3,190,194,190,63,14,0,0,0,0,0,0
txn_07185,13,17,12,124,3,3,7,6,11,5,7,5,4,11,7,3,3,11,10,11,7,157,166,157,51,17,0,0,0,0,0,0
txn_06363,5,15,16,195,1,2,2,5,10,6,10,5,5,10,10,1,1,6,5,10,10,229,231,229,77,20,0,0,0,0,0,0
txn_08276,7,24,10,125,2,2,3,11,13,4,6,10,3,13,6,2,2,14,5,13,6,161,166,161,55,18,0,0,0,0,0,0
txn_08693,6,6,7,252,1,2,3,2,4,3,4,1,3,4,4,1,2,1,5,4,4,268,271,268,82,8,0,0,0,0,0,0
txn_07163,5,8,4,102,2,1,2,2,6,2,2,2,2,6,2,2,1,5,3,6,2,117,119,117,39,8,0,0,0,0,0,0
txn_05596,3,14,10,268,1,1,1,6,8,5,5,5,4,8,4,1,1,5,4,8,4,289,295,289,96,11,0,0,0,0,0,0
txn_01417,10,5,5,169,3,3,4,2,3,2,3,1,1,3,3,3,2,18,4,3,3,182,189,182,59,7,0,0,0,0,0,0
txn_00104,3,16,16,33,1,1,1,6,10,5,11,6,4,10,11,1,1,7,4,10,11,65,68,65,21,19,0,0,0,0,0,0
txn_00006,6,8,7,481,1,1,4,2,6,2,5,1,1,6,5,1,1,1,1,6,5,493,502,493,173,7,0,0,0,0,0,0
txn_04750,5,24,9,130,1,1,3,9,15,3,6,8,2,15,6,1,1,8,2,15,6,161,168,161,57,18,0,0,0,0,0,0
txn_02521,6,18,10,133,2,1,3,7,11,3,7,6,2,10,6,2,1,11,2,10,6,157,167,157,55,15,0,0,0,0,0,0
txn_00678,16,8,18,136,6,3,7,3,5,10,8,3,9,5,7,5,2,33,11,5,7,167,178,167,54,17,0,0,0,0,0,0
txn_07358,10,7,21,83,4,2,4,2,5,7,14,2,7,5,13,4,2,30,11,5,13,112,121,112,35,19,0,0,0,0,0,0
txn_09850,3,12,2,61,1,1,1,5,7,1,1,4,1,7,1,1,1,4,2,7,1,77,78,77,26,8,0,0,0,0,0,0
txn_07653,0,12,6,171,0,0,0,4,8,2,4,4,2,8,4,0,0,0,0,8,4,187,189,187,64,10,0,0,0,0,0,0
txn_08289,3,9,4,136,1,1,1,4,5,2,2,4,1,5,2,1,1,5,1,5,2,151,152,151,54,7,0,0,0,0,0,0
txn_02864,3,13,14,198,1,1,1,6,7,4,10,5,4,7,10,1,1,5,2,7,10,226,228,226,77,16,0,0,0,0,0,0
txn_05769,7,6,5,138,1,1,5,1,5,2,3,0,2,5,3,0,1,0,3,5,3,151,156,151,49,8,0,0,0,0,0,0
txn_06503,5,21,15,305,1,1,3,8,13,6,9,7,5,13,9,1,1,7,5,13,9,337,346,337,116,19,0,0,0,0,0,0
txn_07120,6,23,6,174,2,1,3,7,16,2,4,6,1,16,4,2,1,8,1,16,4,203,209,203,66,18,0,0,0,0,0,0
txn_09749,14,13,9,200,5,5,4,5,8,4,5,4,3,8,5,5,5,32,16,8,5,229,236,229,74,14,0,0,0,0,0,0
txn_02716,5,17,13,139,2,1,2,7,10,4,9,6,3,10,8,2,1,9,3,10,8,168,174,168,55,18,0,0,0,0,0,0
txn_06496,6,19,9,270,1,2,3,6,13,3,6,5,2,13,6,1,2,5,8,13,6,298,304,298,96,17,0,0,0,0,0,0
txn_00379,3,21,5,292,1,1,1,7,14,2,3,6,1,13,3,1,1,6,1,13,3,315,321,315,107,15,0,0,0,0,0,0
txn_09091,8,30,7,132,2,1,5,11,19,2,5,10,1,18,4,2,1,17,1,18,4,166,177,166,55,22,0,0,0,0,0,0
txn_08100,3,11,9,201,1,1,1,4,7,3,6,3,2,7,6,1,1,3,2,7,6,221,224,221,75,12,0,0,0,0,0,0
txn_06307,6,16,4,119,1,1,4,6,10,2,2,5,2,10,2,1,1,5,3,10,2,141,145,141,47,12,0,0,0,0,0,0
txn_07292,3,6,8,255,1,1,1,3,3,4,4,2,3,3,4,1,1,2,3,3,4,268,272,268,83,6,0,0,0,0,0,0
txn_05900,5,15,5,296,2,1,2,8,7,2,3,7,1,6,3,2,1,13,1,6,3,314,321,314,108,9,0,0,0,0,0,0
txn_01698,0,13,3,227,0,0,0,5,8,2,1,5,2,8,1,0,0,0,0,8,1,243,243,243,85,9,0,0,0,0,0,0
txn_00030,0,18,12,294,0,0,0,7,11,5,7,7,5,10,7,0,0,0,0,10,7,321,324,321,112,17,0,0,0,0,0,0
txn_06910,5,22,0,275,2,1,2,8,14,0,0,7,0,13,0,2,1,14,2,13,0,297,302,297,101,15,0,0,0,0,0,0
txn_01686,6,16,4,93,2,2,2,6,10,2,2,6,1,10,2,2,2,7,7,10,2,118,119,118,40,13,0,0,0,0,0,0
txn_08830,4,28,6,92,1,1,2,11,17,2,4,10,1,17,4,1,1,10,1,17,4,124,130,124,42,18,0,0,0,0,0,0
txn_01558,6,20,8,296,1,2,3,10,10,3,5,10,2,10,5,1,2,4,4,10,5,327,330,327,114,16,0,0,0,0,0,0
txn_03703,4,15,19,131,1,1,2,7,8,5,14,6,4,8,14,1,1,6,4,8,14,162,169,162,54,18,0,0,0,0,0,0
txn_02325,5,17,4,134,1,2,2,6,11,1,3,5,1,11,3,1,2,5,3,11,3,157,160,157,51,13,0,0,0,0,0,0
txn_05115,0,5,9,239,0,0,0,3,2,4,5,3,4,2,5,0,0,0,0,2,5,252,253,252,89,6,0,0,0,0,0,0
txn_05842,8,12,9,465,2,2,4,4,8,3,6,4,2,7,6,2,1,12,2,7,6,488,494,488,171,15,0,0,0,0,0,0
txn_07956,7,19,19,258,1,3,3,8,11,6,13,7,5,11,12,1,3,7,14,11,12,294,303,294,91,21,0,0,0,0,0,0
txn_01995,0,15,4,226,0,0,0,5,10,2,2,5,2,9,2,0,0,0,0,9,2,243,245,243,83,11,0,0,0,0,0,0
txn_06690,0,5,7,137,0,0,0,2,3,2,5,2,2,3,5,0,0,0,0,3,5,149,149,149,50,8,0,0,0,0,0,0
txn_03255,5,14,2,102,1,2,2,6,8,1,1,5,0,8,1,1,1,5,5,8,1,119,123,119,40,8,0,0,0,0,0,0
txn_05742,3,12,9,308,1,1,1,4,8,4,5,3,3,8,5,1,1,3,3,8,5,328,332,328,112,12,0,0,0,0,0,0
txn_05435,6,29,4,146,2,2,2,13,16,2,2,12,2,16,2,2,2,23,5,16,2,184,185,184,64,19,0,0,0,0,0,0
txn_03780,7,14,7,122,2,2,3,6,8,3,4,5,2,8,4,2,2,10,5,8,4,144,150,144,48,11,0,0,0,0,0,0
txn_05730,3,12,19,285,1,1,1,5,7,7,12,4,6,7,12,1,1,4,6,7,12,315,319,315,109,17,0,0,0,0,0,0
txn_08727,3,7,10,299,1,1,1,3,4,4,6,3,3,4,6,1,1,8,3,4,6,318,319,318,110,10,0,0,0,0,0,0
txn_01935,0,19,4,63,0,0,0,7,12,2,2,7,2,12,2,0,0,0,0,12,2,86,86,86,31,14,0,0,0,0,0,0
txn_02126,6,23,7,160,2,1,3,11,12,2,5,10,1,12,5,2,1,12,1,12,5,187,196,187,64,14,0,0,0,0,0,0
txn_06115,3,25,4,228,1,1,1,10,15,2,2,10,1,15,2,1,1,7,1,15,2,258,260,258,89,16,0,0,0,0,0,0
txn_03230,3,12,11,146,1,1,1,6,6,4,7,6,3,6,7,1,1,10,3,6,7,171,172,171,59,13,0,0,0,0,0,0
txn_01738,3,13,8,202,1,1,1,5,8,3,5,5,3,8,5,1,0,3,0,8,5,224,226,224,76,13,0,0,0,0,0,0
txn_04214,3,15,7,273,1,1,1,7,8,3,4,7,3,8,4,1,1,7,2,8,4,296,298,296,98,13,0,0,0,0,0,0
txn_06244,0,14,0,260,0,0,0,5,9,0,0,5,0,9,0,0,0,0,0,9,0,274,274,274,86,9,0,0,0,0,0,0
txn_07225,5,10,14,141,2,1,2,4,6,5,9,3,4,6,9,2,1,4,4,6,9,166,170,166,55,14,0,0,0,0,0,0
txn_01043,4,5,7,484,1,1,2,2,3,3,4,1,2,3,4,1,1,1,2,3,4,495,500,495,175,5,0,0,0,0,0,0
txn_00826,4,16,3,260,1,1,2,6,10,1,2,5,1,10,2,1,0,5,0,10,2,280,283,280,88,11,0,0,0,0,0,0
txn_00300,6,15,2,68,2,2,2,6,9,1,1,5,0,9,1,2,1,8,3,9,1,88,91,88,27,10,0,0,0,0,0,0
txn_02404,8,9,11,204,3,1,4,4,5,4,7,3,3,5,7,3,1,11,3,5,7,226,232,226,77,11,0,0,0,0,0,0
txn_03856,0,16,11,145,0,0,0,5,11,5,6,5,5,11,6,0,0,0,0,11,6,171,172,171,59,16,0,0,0,0,0,0
txn_04247,3,17,4,128,1,1,1,5,12,2,2,5,1,12,2,1,1,5,1,12,2,150,152,150,49,13,0,0,0,0,0,0
txn_09378,6,18,14,244,1,1,4,7,11,5,9,6,4,11,8,1,1,6,4,11,8,271,282,271,93,16,0,0,0,0,0,0
txn_09066,9,12,9,205,2,2,5,4,8,4,5,3,3,8,5,2,2,5,5,8,5,230,235,230,76,14,0,0,0,0,0,0
txn_03264,3,15,2,114,1,1,1,6,9,1,1,5,0,9,1,1,0,5,0,9,1,130,134,130,42,9,0,0,0,0,0,0
txn_07633,0,7,7,110,0,0,0,3,4,4,3,3,4,4,3,0,0,0,0,4,3,123,124,123,44,6,0,0,0,0,0,0
txn_02301,4,13,5,72,1,1,2,5,8,2,3,4,1,8,3,1,1,4,1,8,3,89,94,89,29,9,0,0,0,0,0,0
txn_00731,0,15,5,40,0,0,0,4,11,2,3,4,2,11,3,0,0,0,0,11,3,60,60,60,20,14,0,0,0,0,0,0
txn_00116,4,25,20,277,1,1,2,10,15,7,13,10,6,14,12,1,1,4,6,14,12,318,326,318,111,25,0,0,0,0,0,0
txn_03115,0,27,10,107,0,0,0,11,16,3,7,11,3,16,7,0,0,0,0,16,7,142,144,142,50,21,0,0,0,0,0,0
txn_05931,5,13,6,149,1,2,2,5,8,3,3,4,2,8,3,1,2,4,3,8,3,169,173,169,56,10,0,0,0,0,0,0
txn_07851,3,11,9,148,1,1,1,4,7,4,5,4,4,7,5,1,1,3,3,7,5,171,171,171,58,13,0,0,0,0,0,0
txn_00974,3,7,14,201,1,1,1,3,4,5,9,2,5,4,9,1,1,2,2,4,9,223,225,223,76,12,0,0,0,0,0,0
txn_04683,7,21,8,467,2,1,4,10,11,2,6,9,1,10,6,2,1,16,1,10,6,494,503,494,177,15,0,0,0,0,0,0
txn_07494,11,15,11,125,2,3,6,6,9,3,8,5,2,9,8,2,3,11,7,9,8,157,162,157,49,19,0,0,0,0,0,0
txn_06762,3,21,19,208,1,1,1,9,12,7,12,8,6,12,11,1,1,8,6,12,11,245,251,245,84,22,0,0,0,0,0,0
txn_04958,5,18,17,230,2,1,2,8,10,6,11,7,6,10,11,2,1,13,2,10,11,264,270,264,92,18,0,0,0,0,0,0
txn_08515,9,7,22,163,2,3,4,2,5,10,12,1,9,5,12,2,3,5,18,5,12,195,201,195,65,16,0,0,0,0,0,0
txn_03607,8,17,4,311,2,2,4,7,10,2,2,6,1,10,2,2,2,12,7,10,2,336,340,336,115,13,0,0,0,0,0,0
txn_01691,0,21,9,112,0,0,0,7,14,3,6,7,3,14,6,0,0,0,0,14,6,141,142,141,49,19,0,0,0,0,0,0
txn_08086,7,12,7,137,2,1,4,4,8,2,5,4,1,8,5,2,1,13,1,8,5,158,163,158,52,12,0,0,0,0,0,0
txn_02182,3,9,11,204,1,1,1,4,5,5,6,3,4,5,5,1,1,3,4,5,5,221,227,221,76,9,0,0,0,0,0,0
txn_03474,7,15,15,145,2,2,3,6,9,6,9,5,5,9,9,2,2,12,7,9,9,177,182,177,59,17,0,0,0,0,0,0
txn_06004,0,15,4,96,0,0,0,8,7,2,2,8,2,7,2,0,0,0,0,7,2,115,115,115,42,9,0,0,0,0,0,0
txn_09925,3,19,4,140,1,1,1,6,13,1,3,5,1,13,3,1,1,5,4,13,3,165,166,165,53,16,0,0,0,0,0,0
txn_06310,5,20,9,132,1,2,2,7,13,3,6,6,2,12,6,1,2,6,4,12,6,159,166,159,52,17,0,0,0,0,0,0
txn_02979,3,22,10,302,1,1,1,8,14,3,7,7,3,14,7,1,1,7,1,14,7,333,337,333,115,19,0,0,0,0,0,0
txn_07071,3,13,19,112,1,1,1,5,8,7,12,5,6,8,12,1,1,1,6,8,12,145,147,145,49,19,0,0,0,0,0,0
txn_07774,3,18,0,101,1,1,1,8,10,0,0,7,0,10,0,1,1,7,2,10,0,121,122,121,42,10,0,0,0,0,0,0
txn_02949,5,16,4,246,1,2,2,7,9,2,2,6,2,9,2,1,2,6,4,9,2,269,271,269,93,11,0,0,0,0,0,0
txn_05873,15,20,5,276,5,5,5,9,11,2,3,8,1,11,3,5,5,25,15,11,3,306,316,306,98,15,0,0,0,0,0,0
txn_00185,0,18,19,110,0,0,0,8,10,8,11,8,8,10,11,0,0,0,0,10,11,144,147,144,53,18,0,0,0,0,0,0
txn_08445,3,13,7,249,1,1,1,6,7,3,4,5,2,7,4,1,1,5,2,7,4,269,272,269,93,10,0,0,0,0,0,0
txn_00095,9,22,10,469,1,2,6,7,15,4,6,6,3,14,6,1,2,6,5,14,6,498,510,498,177,18,0,0,0,0,0,0
txn_07034,5,17,11,99,1,2,2,6,11,4,7,5,3,11,7,1,2,5,5,11,7,127,132,127,41,16,0,0,0,0,0,0
txn_09970,3,12,2,63,1,1,1,6,6,1,1,5,0,6,1,1,0,5,0,6,1,77,80,77,26,6,0,0,0,0,0,0
txn_06592,0,25,13,100,0,0,0,10,15,6,7,10,6,15,7,0,0,0,0,15,7,137,138,137,50,21,0,0,0,0,0,0
txn_00866,3,22,14,288,1,1,1,10,12,5,9,9,4,12,9,1,1,9,4,12,9,322,327,322,113,18,0,0,0,0,0,0
txn_07846,7,23,16,43,2,2,3,9,14,6,10,8,5,14,10,2,2,14,6,14,10,82,89,82,28,21,0,0,0,0,0,0
txn_04506,5,23,14,278,1,1,3,8,15,5,9,7,4,14,8,1,1,7,4,14,8,307,320,307,106,20,0,0,0,0,0,0
txn_09948,6,17,7,172,2,2,2,8,9,3,4,7,3,8,4,2,2,10,3,8,4,199,202,199,68,14,0,0,0,0,0,0
txn_03295,15,14,10,95,5,5,5,5,9,4,6,4,3,9,6,5,5,32,16,9,6,127,134,127,39,15,0,0,0,0,0,0
txn_07438,8,8,7,487,1,2,5,2,6,2,5,1,1,6,4,1,2,1,6,6,4,500,510,500,174,9,0,0,0,0,0,0
txn_01521,4,7,17,242,1,1,2,3,4,7,10,2,6,4,9,1,1,2,6,4,9,262,270,262,90,11,0,0,0,0,0,0
txn_02289,0,3,7,134,0,0,0,1,2,2,5,1,2,2,5,0,0,0,0,2,5,144,144,144,49,7,0,0,0,0,0,0
txn_01131,11,15,4,252,3,2,6,6,9,1,3,5,0,8,3,3,1,18,5,8,3,274,282,274,91,13,0,0,0,0,0,0
txn_08833,4,12,8,101,1,1,2,5,7,3,5,4,2,7,5,1,1,4,2,7,5,119,125,119,39,10,0,0,0,0,0,0
txn_04023,11,13,14,141,3,3,5,3,10,4,10,2,3,10,10,3,3,13,13,10,10,170,179,170,53,17,0,0,0,0,0,0
txn_06887,3,14,15,489,1,1,1,6,8,5,10,5,4,8,9,1,1,5,4,8,9,516,521,516,182,17,0,0,0,0,0,0
txn_04485,0,16,4,305,0,0,0,6,10,2,2,6,2,9,2,0,0,0,0,9,2,324,325,324,113,12,0,0,0,0,0,0
txn_08729,6,18,13,278,2,1,3,7,11,4,9,6,3,10,8,2,1,9,3,10,8,306,315,306,99,18,0,0,0,0,0,0
txn_02559,8,21,13,279,3,1,4,7,14,4,9,6,3,14,9,3,1,14,3,14,9,312,321,312,108,19,0,0,0,0,0,0
txn_00663,7,15,6,70,2,2,3,6,9,2,4,5,1,8,4,2,2,9,7,8,4,91,98,91,28,12,0,0,0,0,0,0
txn_02318,3,15,6,282,1,1,1,6,9,2,4,5,2,9,4,1,1,5,4,9,4,304,306,304,106,13,0,0,0,0,0,0
txn_07280,4,19,10,72,1,1,2,7,12,4,6,6,3,12,6,1,1,6,3,12,6,98,105,98,32,15,0,0,0,0,0,0
txn_02878,0,0,8,140,0,0,0,0,0,2,6,0,2,0,5,0,0,0,0,0,5,147,148,147,49,6,0,0,0,0,0,0
txn_05785,3,12,13,105,1,1,1,5,7,4,9,4,3,7,9,1,1,4,3,7,9,129,133,129,43,14,0,0,0,0,0,0
txn_01659,6,13,17,84,1,1,4,4,9,6,11,3,5,9,11,1,1,3,5,9,11,111,120,111,36,16,0,0,0,0,0,0
txn_07897,5,23,12,107,1,2,2,8,15,4,8,7,3,15,8,1,2,7,4,15,8,141,147,141,47,20,0,0,0,0,0,0
txn_00924,4,9,6,249,1,1,2,3,6,2,4,2,1,6,4,1,1,2,1,6,4,263,268,263,91,8,0,0,0,0,0,0
txn_07714,4,22,19,207,1,1,2,9,13,7,12,8,6,13,12,1,1,8,6,13,12,245,252,245,85,22,0,0,0,0,0,0
txn_01638,4,15,10,149,1,1,2,5,10,4,6,5,3,9,6,1,1,4,3,9,6,173,178,173,56,16,0,0,0,0,0,0
txn_00625,3,23,11,210,1,1,1,8,15,4,7,7,3,14,7,1,1,7,3,14,7,239,247,239,81,19,0,0,0,0,0,0
txn_01653,5,13,5,148,1,2,2,5,8,2,3,4,1,8,3,1,2,4,4,8,3,166,171,166,54,10,0,0,0,0,0,0
txn_07864,0,17,5,96,0,0,0,5,12,1,4,5,1,11,4,0,0,0,0,11,4,117,118,117,39,16,0,0,0,0,0,0
txn_00059,5,15,7,186,2,1,2,7,8,3,4,6,3,7,4,2,1,16,4,7,4,209,213,209,70,13,0,0,0,0,0,0
txn_00772,6,25,13,254,1,2,3,7,18,6,7,6,5,18,7,1,2,6,10,18,7,291,298,291,98,23,0,0,0,0,0,0
txn_02795,0,22,12,471,0,0,0,7,15,4,8,7,4,14,8,0,0,0,0,14,8,501,505,501,180,20,0,0,0,0,0,0
txn_03989,11,15,9,310,3,3,5,6,9,4,5,5,3,9,5,3,3,11,7,9,5,340,345,340,112,15,0,0,0,0,0,0
txn_03825,12,14,21,491,3,3,6,3,11,7,14,2,7,10,13,3,3,13,13,10,13,523,538,523,181,23,0,0,0,0,0,0
txn_06838,3,16,2,263,1,1,1,6,10,1,1,6,0,10,1,1,0,6,0,10,1,283,284,283,89,11,0,0,0,0,0,0
txn_00794,3,6,8,81,1,1,1,2,4,3,5,1,2,4,5,1,1,1,2,4,5,95,98,95,30,8,0,0,0,0,0,0
txn_09315,5,19,11,285,1,2,2,7,12,3,8,6,2,12,8,1,2,6,4,12,8,315,320,315,109,18,0,0,0,0,0,0
txn_07672,3,7,3,104,1,1,1,4,3,1,2,3,1,3,2,1,1,3,1,3,2,115,117,115,40,4,0,0,0,0,0,0
txn_09760,5,9,6,288,2,1,2,4,5,3,3,3,3,5,3,2,0,10,0,5,3,306,308,306,108,9,0,0,0,0,0,0
txn_07957,3,19,8,141,1,1,1,8,11,4,4,7,3,11,4,1,1,7,3,11,4,164,171,164,56,12,0,0,0,0,0,0
txn_06078,8,34,8,492,2,2,4,9,25,2,6,8,1,24,6,2,1,11,1,24,6,528,542,528,183,26,0,0,0,0,0,0
txn_02992,3,20,6,149,1,1,1,7,13,3,3,6,2,13,3,1,1,6,2,13,3,175,178,175,59,15,0,0,0,0,0,0
txn_07087,7,15,5,494,2,2,3,6,9,2,3,6,1,9,3,2,2,8,2,9,3,518,521,518,184,12,0,0,0,0,0,0
txn_00570,12,18,7,291,3,3,6,7,11,2,5,6,1,11,5,3,3,19,12,11,5,314,328,314,108,12,0,0,0,0,0,0
txn_04938,7,22,8,127,3,1,3,9,13,3,5,8,2,13,5,3,1,20,2,13,5,158,164,158,53,16,0,0,0,0,0,0
txn_05489,3,22,16,84,1,1,1,10,12,6,10,9,5,12,10,1,1,9,5,12,10,118,125,118,41,18,0,0,0,0,0,0
txn_09920,0,12,11,87,0,0,0,5,7,4,7,5,4,7,7,0,0,0,0,7,7,109,110,109,38,13,0,0,0,0,0,0
txn_03659,0,18,2,223,0,0,0,6,12,1,1,6,1,12,1,0,0,0,0,12,1,242,243,242,82,12,0,0,0,0,0,0
txn_00648,7,21,17,473,1,2,4,8,13,6,11,7,5,13,10,1,2,7,6,13,10,507,518,507,182,20,0,0,0,0,0,0
txn_04573,6,22,10,151,2,2,2,7,15,4,6,6,3,15,6,2,2,16,6,15,6,184,189,184,60,19,0,0,0,0,0,0
txn_04942,6,16,6,313,1,2,3,6,10,3,3,5,2,10,3,1,2,5,5,10,3,335,341,335,112,11,0,0,0,0,0,0
txn_03802,3,21,13,278,1,1,1,8,13,5,8,7,4,13,8,1,1,7,4,13,8,310,315,310,101,19,0,0,0,0,0,0
txn_08857,3,14,9,475,1,1,1,5,9,4,5,5,3,9,4,1,1,5,3,9,4,497,501,497,178,14,0,0,0,0,0,0
txn_06707,5,9,6,80,1,2,2,4,5,2,4,3,2,5,4,1,2,3,6,5,4,98,100,98,32,9,0,0,0,0,0,0
txn_01270,8,9,2,39,2,2,4,4,5,1,1,3,1,5,1,2,2,5,7,5,1,57,58,57,19,9,0,0,0,0,0,0
txn_01298,13,11,4,90,4,3,6,4,7,1,3,3,1,7,3,4,3,21,12,7,3,115,118,115,34,13,0,0,0,0,0,0
txn_04202,5,22,13,133,2,1,2,8,14,5,8,7,4,14,8,2,1,12,4,14,8,167,173,167,59,19,0,0,0,0,0,0
txn_00473,6,18,14,45,1,2,3,6,12,5,9,5,4,12,9,1,2,5,5,12,9,77,83,77,24,19,0,0,0,0,0,0
txn_08537,4,32,6,167,1,1,2,13,19,2,4,12,1,19,3,1,1,12,1,19,3,201,209,201,69,20,0,0,0,0,0,0
txn_05767,4,13,5,477,1,1,2,5,8,2,3,4,1,7,3,1,1,4,1,7,3,492,499,492,177,9,0,0,0,0,0,0
txn_09727,3,12,8,93,1,1,1,5,7,4,4,5,4,7,4,1,1,2,2,7,4,115,116,115,40,11,0,0,0,0,0,0
txn_00999,0,10,10,291,0,0,0,3,7,3,7,3,3,7,7,0,0,0,0,7,7,311,311,311,107,14,0,0,0,0,0,0
txn_09263,7,25,2,231,2,2,3,12,13,1,1,11,1,13,1,2,1,18,3,13,1,263,265,263,91,15,0,0,0,0,0,0
txn_01991,7,14,18,169,1,1,5,4,10,6,12,3,5,10,12,1,1,3,5,10,12,197,208,197,66,17,0,0,0,0,0,0
txn_00121,7,10,7,57,2,2,3,3,7,3,4,2,2,7,4,2,2,8,4,7,4,76,81,76,23,10,0,0,0,0,0,0
txn_05811,5,18,15,166,1,2,2,6,12,5,10,5,4,12,10,1,2,5,8,12,10,199,204,199,65,20,0,0,0,0,0,0
txn_08637,4,23,11,479,1,1,2,8,15,4,7,7,3,14,7,1,1,7,3,14,7,509,517,509,183,19,0,0,0,0,0,0
txn_03195,3,23,12,144,1,1,1,10,13,3,9,9,3,13,9,1,1,9,2,13,9,178,182,178,61,19,0,0,0,0,0,0
txn_08165,8,5,10,481,2,1,5,2,3,3,7,1,2,3,7,2,1,7,2,3,7,496,504,496,178,9,0,0,0,0,0,0
txn_03142,0,17,3,484,0,0,0,6,11,1,2,6,1,10,2,0,0,0,0,10,2,502,504,502,181,13,0,0,0,0,0,0
txn_07089,7,17,13,9,2,1,4,7,10,4,9,7,3,10,9,2,1,7,3,10,9,37,46,37,13,14,0,0,0,0,0,0
txn_01359,0,24,0,18,0,0,0,9,15,0,0,9,0,15,0,0,0,0,0,15,0,42,42,42,15,15,0,0,0,0,0,0
txn_04369,6,16,10,486,2,2,2,7,9,3,7,7,2,9,7,2,2,7,6,9,7,515,518,515,186,16,0,0,0,0,0,0
txn_05760,7,15,4,139,1,3,3,6,9,2,2,5,1,9,2,1,3,5,8,9,2,159,165,159,55,10,0,0,0,0,0,0
txn_07649,4,22,14,33,1,1,2,8,14,5,9,7,4,14,9,1,1,7,4,14,9,67,73,67,22,20,0,0,0,0,0,0
txn_06429,0,3,6,151,0,0,0,1,2,3,3,1,3,2,3,0,0,0,0,2,3,160,160,160,56,5,0,0,0,0,0,0
txn_03649,10,18,11,18,1,2,7,5,13,4,7,4,3,13,7,1,2,4,4,13,7,45,57,45,13,16,0,0,0,0,0,0
txn_07187,3,2,2,489,1,1,1,1,1,1,1,1,1,1,0,1,1,6,3,1,0,495,496,495,179,3,0,0,0,0,0,0
txn_04621,5,16,9,281,2,1,2,8,8,3,6,7,2,8,6,2,1,14,2,8,6,305,311,305,101,11,0,0,0,0,0,0
txn_04634,3,25,11,233,1,1,1,9,16,5,6,8,4,16,6,1,1,8,4,16,6,267,272,267,91,20,0,0,0,0,0,0
txn_07088,0,15,15,263,0,0,0,6,9,5,10,6,5,8,9,0,0,0,0,8,9,289,293,289,91,17,0,0,0,0,0,0
txn_02711,4,7,13,316,1,1,2,3,4,5,8,2,4,4,8,1,1,2,4,4,8,335,340,335,112,10,0,0,0,0,0,0
txn_04832,3,7,4,177,1,1,1,3,4,2,2,2,1,4,2,1,1,2,1,4,2,188,191,188,63,5,0,0,0,0,0,0
txn_01432,3,8,11,298,1,1,1,3,5,4,7,3,3,4,7,1,1,4,3,4,7,317,320,317,108,11,0,0,0,0,0,0
txn_08879,5,15,3,284,2,1,2,6,9,1,2,5,0,8,2,2,0,6,0,8,2,301,307,301,97,10,0,0,0,0,0,0
txn_06212,5,26,4,83,1,1,3,11,15,1,3,10,0,15,3,1,0,10,0,15,3,110,118,110,37,15,0,0,0,0,0,0
txn_08853,3,19,11,110,1,1,1,7,12,5,6,6,4,11,6,1,1,6,4,11,6,138,143,138,47,17,0,0,0,0,0,0
txn_04810,0,15,12,12,0,0,0,6,9,4,8,6,4,9,8,0,0,0,0,9,8,38,39,38,14,16,0,0,0,0,0,0
txn_02781,8,10,11,141,3,2,3,4,6,5,6,3,5,6,6,3,2,13,8,6,6,166,170,166,56,12,0,0,0,0,0,0
txn_01777,4,27,4,180,1,1,2,11,16,2,2,10,2,16,2,1,1,10,4,16,2,211,215,211,72,17,0,0,0,0,0,0
txn_02638,6,11,13,210,2,2,2,5,6,3,10,4,2,6,9,2,2,9,3,6,9,235,240,235,77,16,0,0,0,0,0,0
txn_05743,6,21,14,236,2,2,2,7,14,5,9,7,4,14,9,2,2,16,6,14,9,274,277,274,92,22,0,0,0,0,0,0
txn_06605,5,13,8,491,1,2,2,5,8,3,5,5,3,7,5,1,1,7,3,7,5,510,517,510,185,12,0,0,0,0,0,0
txn_04722,4,14,9,142,1,1,2,6,8,3,6,5,2,8,6,1,1,5,2,8,6,164,169,164,58,12,0,0,0,0,0,0
txn_03194,3,4,2,492,1,1,1,2,2,1,1,1,0,2,1,1,0,1,0,2,1,498,501,498,180,2,0,0,0,0,0,0
txn_08607,5,14,14,188,1,2,2,6,8,6,8,6,6,8,8,1,2,5,6,8,8,219,221,219,76,16,0,0,0,0,0,0
txn_04569,4,15,15,497,1,1,2,6,9,6,9,5,6,9,9,1,1,5,3,9,9,526,531,526,187,17,0,0,0,0,0,0
txn_09456,0,10,4,145,0,0,0,5,5,2,2,5,2,5,2,0,0,0,0,5,2,159,159,159,59,7,0,0,0,0,0,0
txn_05974,0,12,13,203,0,0,0,4,8,5,8,4,5,8,8,0,0,0,0,8,8,226,228,226,76,15,0,0,0,0,0,0
txn_09765,8,2,5,143,3,1,4,1,1,1,4,0,0,1,4,2,0,12,0,1,4,151,158,151,48,4,0,0,0,0,0,0
txn_08011,7,20,7,300,2,2,3,6,14,2,5,5,1,14,5,2,2,8,2,14,5,329,334,329,110,18,0,0,0,0,0,0
txn_05761,7,22,9,174,2,2,3,11,11,4,5,10,3,11,5,2,2,16,7,11,5,209,212,209,73,17,0,0,0,0,0,0
txn_07577,0,18,7,172,0,0,0,6,12,3,4,6,3,12,3,0,0,0,0,12,3,195,197,195,66,15,0,0,0,0,0,0
txn_07254,7,16,12,136,2,2,3,6,10,5,7,5,4,10,7,2,2,10,7,10,7,164,171,164,58,14,0,0,0,0,0,0
txn_01805,5,13,4,144,1,2,2,3,10,2,2,2,1,10,2,1,2,2,2,10,2,162,166,162,52,11,0,0,0,0,0,0
txn_08284,6,17,7,257,1,1,4,7,10,2,5,6,1,10,5,1,1,6,1,10,5,277,287,277,95,11,0,0,0,0,0,0
txn_03752,5,13,7,264,1,2,2,6,7,3,4,5,2,7,4,1,2,5,3,7,4,284,289,284,90,9,0,0,0,0,0,0
txn_01810,4,37,11,191,1,1,2,18,19,5,6,17,4,19,6,1,1,17,4,19,6,237,243,237,86,22,0,0,0,0,0,0
txn_09545,3,4,11,137,1,1,1,1,3,3,8,1,2,3,8,1,1,2,2,3,8,154,155,154,50,11,0,0,0,0,0,0
txn_08285,13,19,8,44,3,3,7,7,12,2,6,6,1,12,6,3,3,20,13,12,6,70,84,70,21,13,0,0,0,0,0,0
txn_04335,3,24,12,174,1,1,1,11,13,4,8,10,3,13,8,1,1,10,3,13,8,209,213,209,72,19,0,0,0,0,0,0
txn_04321,3,11,6,154,1,1,1,3,8,2,4,3,2,8,4,1,1,5,4,8,4,171,174,171,56,11,0,0,0,0,0,0
txn_01390,0,12,2,294,0,0,0,5,7,1,1,5,1,6,1,0,0,0,0,6,1,307,308,307,109,8,0,0,0,0,0,0
txn_03956,7,26,10,303,2,1,4,11,15,3,7,10,2,15,6,2,1,23,2,15,6,335,346,335,116,19,0,0,0,0,0,0
txn_01450,3,20,23,204,1,1,1,9,11,10,13,8,10,11,13,1,1,8,8,11,13,247,250,247,89,22,0,0,0,0,0,0
txn_03221,7,13,5,206,2,1,4,5,8,1,4,4,0,8,4,2,0,7,0,8,4,223,231,223,75,9,0,0,0,0,0,0
txn_05178,3,16,11,172,1,1,1,5,11,5,6,5,4,10,6,1,1,6,4,10,6,197,202,197,67,15,0,0,0,0,0,0
txn_01375,0,11,6,144,0,0,0,5,6,2,4,5,2,6,4,0,0,0,0,6,4,160,161,160,56,9,0,0,0,0,0,0
txn_09001,6,16,7,239,1,1,4,5,11,2,5,4,1,11,5,1,1,4,1,11,5,259,268,259,87,12,0,0,0,0,0,0
txn_08405,3,14,7,242,1,1,1,6,8,3,4,5,2,8,4,1,1,5,2,8,4,263,266,263,90,11,0,0,0,0,0,0
txn_08946,7,14,25,286,1,1,5,4,10,11,14,3,10,10,14,1,1,3,10,10,14,321,332,321,107,19,0,0,0,0,0,0
txn_06474,11,20,5,266,3,2,6,7,13,1,4,6,0,13,4,3,1,32,17,13,4,292,302,292,89,15,0,0,0,0,0,0
txn_06134,3,13,9,53,1,1,1,6,7,4,5,5,3,7,5,1,1,5,3,7,5,75,78,75,26,11,0,0,0,0,0,0
txn_03678,3,10,11,294,1,1,1,5,5,3,8,4,2,5,8,1,1,4,2,5,8,315,318,315,108,12,0,0,0,0,0,0
txn_04539,3,19,5,307,1,1,1,7,12,2,3,7,2,12,3,1,1,11,1,12,3,331,334,331,116,13,0,0,0,0,0,0
txn_01129,3,29,15,169,1,1,1,12,17,5,10,11,4,16,10,1,1,11,4,16,10,208,216,208,71,23,0,0,0,0,0,0
txn_02890,10,18,9,177,1,3,6,5,13,4,5,4,3,13,5,1,3,4,8,13,5,205,214,205,67,16,0,0,0,0,0,0
txn_06206,3,11,6,66,1,1,1,6,5,3,3,5,3,5,3,1,1,5,4,5,3,84,86,84,31,7,0,0,0,0,0,0
txn_02424,5,19,8,319,1,2,2,8,11,2,6,8,1,10,6,1,2,3,4,10,6,348,351,348,115,18,0,0,0,0,0,0
txn_06832,3,23,4,314,1,1,1,8,15,2,2,7,2,15,2,1,1,7,4,15,2,342,344,342,117,17,0,0,0,0,0,0
txn_09094,11,20,15,142,3,1,7,7,13,3,12,6,2,13,12,3,1,19,2,13,12,174,188,174,57,20,0,0,0,0,0,0
txn_08596,5,14,15,289,1,1,3,5,9,6,9,4,6,9,9,1,1,4,2,9,9,319,323,319,105,17,0,0,0,0,0,0
txn_08692,5,17,16,151,1,1,3,7,10,5,11,7,4,9,11,1,1,3,4,9,11,183,189,183,61,20,0,0,0,0,0,0
txn_08764,4,13,7,212,1,1,2,6,7,3,4,5,3,7,4,1,0,5,0,7,4,234,236,234,81,11,0,0,0,0,0,0
txn_08626,5,18,5,174,1,2,2,7,11,2,3,6,1,11,3,1,2,6,5,11,3,196,202,196,67,11,0,0,0,0,0,0
txn_03847,6,14,6,215,2,1,3,5,9,2,4,4,1,9,4,2,1,5,1,9,4,235,241,235,79,11,0,0,0,0,0,0
txn_06558,4,17,7,56,1,1,2,7,10,3,4,6,2,10,4,1,1,6,2,10,4,79,84,79,27,12,0,0,0,0,0,0
txn_07619,3,15,16,218,1,1,1,6,9,6,10,5,5,8,9,1,1,5,5,8,9,243,252,243,83,16,0,0,0,0,0,0
txn_04746,0,10,6,260,0,0,0,4,6,2,4,4,2,6,4,0,0,0,0,6,4,276,276,276,96,10,0,0,0,0,0,0
txn_06052,9,28,4,317,2,3,4,14,14,2,2,13,1,13,2,2,3,16,9,13,2,350,358,350,122,17,0,0,0,0,0,0
txn_06036,5,10,12,495,1,2,2,4,6,5,7,3,4,6,7,1,2,3,5,6,7,518,522,518,187,12,0,0,0,0,0,0
txn_05528,9,23,15,310,2,2,5,8,15,7,8,7,6,14,8,2,2,13,7,14,8,347,357,347,120,21,0,0,0,0,0,0
txn_00629,12,29,21,33,4,3,5,13,16,10,11,12,10,16,11,4,3,38,25,16,11,78,95,78,29,22,0,0,0,0,0,0
txn_04774,0,5,2,117,0,0,0,2,3,1,1,2,1,3,1,0,0,0,0,3,1,123,124,123,42,3,0,0,0,0,0,0
txn_07462,4,38,30,148,1,1,2,18,20,18,12,18,18,19,11,1,1,4,3,19,11,200,220,200,75,28,0,0,0,0,0,0
txn_06968,3,28,26,36,1,1,1,12,16,11,15,12,11,16,14,1,1,6,4,16,14,81,93,81,31,25,0,0,0,0,0,0
txn_08313,12,39,31,42,3,2,7,19,20,19,12,18,18,19,11,3,1,34,18,19,11,99,124,99,39,31,0,0,0,0,0,0
txn_07259,12,39,31,42,4,4,4,19,20,19,12,18,19,19,11,4,4,51,18,19,11,101,124,101,39,29,1,1,1,1,1,1
txn_08496,12,28,32,98,3,2,7,14,14,20,12,14,19,14,11,3,1,34,19,14,11,145,170,145,55,25,0,0,0,1,1,1
txn_06487,6,39,27,100,2,2,2,19,20,12,15,19,11,19,14,2,2,18,15,19,14,150,172,150,55,28,2,2,2,0,0,0
txn_08221,8,30,27,43,3,2,3,13,17,12,15,13,11,16,14,3,2,34,15,16,14,88,108,88,33,26,0,0,0,0,0,0
txn_06301,14,30,32,37,4,2,8,13,17,20,12,12,19,16,11,4,1,44,19,16,11,88,113,88,35,27,0,0,0,0,0,0
txn_01072,0,30,23,38,0,0,0,13,17,11,12,13,11,16,11,0,0,0,0,16,11,79,91,79,32,23,1,1,1,0,0,0
txn_02294,8,30,32,44,3,2,3,15,15,20,12,14,19,15,11,3,2,38,26,15,11,87,114,87,39,20,0,0,0,1,1,1
txn_00161,9,31,32,38,3,2,4,14,17,20,12,13,19,16,11,3,2,38,26,16,11,82,110,82,36,22,1,1,1,1,1,1
txn_04364,7,31,32,149,2,2,3,15,16,20,12,15,19,15,11,2,2,19,20,15,11,193,219,193,73,22,1,1,1,2,2,2
txn_07862,9,16,10,177,2,2,5,6,10,3,7,5,2,10,7,2,2,8,5,10,7,203,212,203,67,15,0,0,0,0,0,0
txn_08875,9,40,24,180,3,3,3,20,20,12,12,20,11,19,11,3,3,29,27,19,11,231,253,231,84,25,0,0,0,0,0,0
txn_06150,4,41,32,101,1,1,2,21,20,20,12,21,20,19,11,1,0,1,0,19,11,153,178,153,59,28,1,1,1,0,0,0
txn_07106,0,4,2,150,0,0,0,2,2,1,1,2,1,2,1,0,0,0,0,2,1,156,156,156,58,3,0,0,0,0,0,0
txn_06754,13,42,24,153,4,4,5,22,20,12,12,21,11,19,12,4,4,41,35,19,12,204,232,204,78,24,0,0,0,0,0,0
txn_07613,13,42,33,139,4,4,5,22,20,21,12,21,20,19,11,4,4,46,36,19,11,196,227,196,74,28,1,1,1,0,0,0
txn_06425,14,31,27,102,4,5,5,14,17,12,15,14,11,16,14,4,5,54,33,16,14,151,174,151,54,26,0,0,0,0,0,0
txn_05104,5,32,27,39,2,2,1,15,17,12,15,14,11,16,14,2,2,28,26,16,14,80,103,80,32,24,1,1,1,1,1,1
txn_03054,7,31,33,39,2,2,3,14,17,21,12,14,20,16,11,2,2,25,23,16,11,91,110,91,39,24,0,0,0,1,1,1
txn_08733,7,32,25,40,2,2,3,16,16,12,13,16,12,15,12,2,1,22,20,15,12,84,104,84,35,22,0,0,0,0,0,0
txn_01040,14,33,26,39,4,4,6,17,16,13,13,16,12,15,12,4,4,41,35,15,12,81,112,81,32,22,1,1,1,1,1,1
txn_09304,16,32,27,103,5,5,6,15,17,12,15,15,11,16,14,5,5,64,33,16,14,154,178,154,56,27,0,0,0,0,0,0
txn_06384,9,42,26,139,3,2,4,22,20,13,13,21,13,19,12,3,2,34,23,19,12,188,216,188,72,25,0,0,0,2,2,2
txn_05537,8,42,27,140,3,2,3,22,20,14,13,21,14,19,12,3,2,36,22,19,12,189,217,189,72,24,1,1,1,2,2,2
txn_03913,17,42,28,40,6,5,6,22,20,15,13,21,15,19,12,6,5,71,33,19,12,92,127,92,36,26,2,2,2,2,2,2
txn_04848,10,33,33,181,4,2,4,16,17,21,12,15,21,17,11,4,2,45,15,17,11,232,257,232,88,23,0,0,0,0,0,0
txn_03132,7,34,27,46,2,2,3,16,18,12,15,16,12,17,14,2,2,21,24,17,14,89,114,89,35,25,1,1,1,0,0,0
txn_03154,11,32,28,40,3,3,5,15,17,13,15,14,13,16,14,3,3,34,21,16,14,87,111,87,33,27,0,0,0,1,1,1
txn_06979,10,32,34,141,2,2,6,15,17,22,12,15,22,17,11,2,2,19,15,17,11,191,217,191,73,26,1,1,1,1,1,1
txn_01268,6,42,35,143,2,2,2,22,20,23,12,22,22,19,11,2,2,23,23,19,11,195,226,195,75,27,0,0,0,1,1,1
txn_07695,10,34,29,47,3,3,4,16,18,14,15,15,14,17,14,3,3,38,31,17,14,91,120,91,35,26,2,2,2,2,2,2
txn_09408,3,34,35,103,1,1,1,16,18,23,12,15,23,17,11,1,1,15,15,17,11,147,175,147,60,22,1,1,1,1,1,1
txn_04120,8,33,29,41,3,2,3,17,16,16,13,17,16,15,12,3,2,38,16,15,12,87,111,87,38,22,0,0,0,0,0,0
txn_08659,13,35,36,48,4,4,5,17,18,24,12,17,23,17,11,4,4,46,36,17,11,97,132,97,42,24,0,0,0,1,1,1
txn_06529,9,36,36,143,3,2,4,18,18,24,12,17,23,17,11,3,2,34,24,17,11,191,224,191,74,24,1,1,1,1,1,1
txn_06312,3,34,4,155,1,1,1,18,16,2,2,18,1,15,2,1,1,11,1,15,2,189,196,189,70,18,0,0,0,0,0,0
txn_04167,9,43,30,42,3,2,4,23,20,17,13,23,17,20,12,3,2,35,24,20,12,90,124,90,39,25,0,0,0,0,0,0
txn_00786,4,19,12,183,1,1,2,7,12,5,7,6,4,11,7,1,1,6,4,11,7,211,218,211,71,17,0,0,0,0,0,0
txn_00178,3,25,6,226,1,1,1,10,15,3,3,10,2,15,3,1,1,6,2,15,3,258,260,258,88,17,0,0,0,0,0,0
txn_02116,6,6,13,500,1,2,3,2,4,4,9,1,3,4,9,1,2,1,7,4,9,519,525,519,183,11,0,0,0,0,0,0
txn_09152,7,21,17,69,2,2,3,7,14,6,11,6,5,14,11,2,1,11,5,14,11,109,114,109,35,24,0,0,0,0,0,0
txn_00502,4,11,14,102,1,1,2,4,7,5,9,4,5,7,9,1,1,5,6,7,9,129,131,129,43,16,0,0,0,0,0,0
txn_03700,3,16,6,62,1,1,1,6,10,2,4,6,1,10,4,1,1,4,1,10,4,85,87,85,28,13,0,0,0,0,0,0
txn_09385,5,23,20,64,1,1,3,9,14,7,13,8,6,14,13,1,1,8,6,14,13,104,112,104,36,23,0,0,0,0,0,0
txn_04965,5,19,5,503,1,1,3,7,12,2,3,6,2,12,3,1,1,6,2,12,3,529,532,529,188,15,0,0,0,0,0,0
txn_07094,5,12,11,206,1,2,2,5,7,5,6,5,4,7,6,1,2,5,10,7,6,231,234,231,78,13,0,0,0,0,0,0
txn_02338,8,19,9,292,2,2,4,8,11,3,6,7,2,10,6,2,2,13,3,10,6,319,328,319,103,16,0,0,0,0,0,0
txn_07327,4,9,11,177,1,1,2,4,5,4,7,3,3,5,7,1,1,3,3,5,7,196,201,196,67,10,0,0,0,0,0,0
txn_02853,8,23,7,506,2,1,5,8,15,2,5,7,1,15,5,2,1,17,1,15,5,533,544,533,189,16,0,0,0,0,0,0
txn_05371,3,25,13,321,1,1,1,11,14,5,8,10,5,14,8,1,1,10,2,14,8,359,362,359,123,20,0,0,0,0,0,0
txn_06597,9,13,16,312,3,1,5,5,8,5,11,4,4,7,11,3,1,16,4,7,11,338,350,338,116,16,0,0,0,0,0,0
txn_04341,3,14,15,82,1,1,1,6,8,6,9,6,5,8,9,1,1,3,5,8,9,111,114,111,39,15,0,0,0,0,0,0
txn_08068,5,13,14,263,1,1,3,4,9,4,10,3,3,9,10,1,1,3,3,9,10,288,295,288,97,16,0,0,0,0,0,0
txn_00591,6,15,17,319,1,2,3,6,9,7,10,5,6,9,10,1,2,5,7,9,10,349,357,349,122,15,0,0,0,0,0,0
txn_05624,5,10,13,269,1,1,3,4,6,3,10,4,2,6,10,1,1,7,2,6,10,293,297,293,91,15,0,0,0,0,0,0
txn_03775,0,14,4,143,0,0,0,4,10,1,3,4,1,10,3,0,0,0,0,10,3,161,161,161,58,13,0,0,0,0,0,0
txn_00654,5,10,7,107,1,1,3,3,7,2,5,2,1,7,5,1,1,2,1,7,5,122,129,122,40,9,0,0,0,0,0,0
txn_01537,7,14,12,314,2,2,3,4,10,5,7,3,4,10,7,2,2,6,9,10,7,342,347,342,117,16,0,0,0,0,0,0
txn_09205,3,11,2,245,1,1,1,4,7,1,1,4,0,6,1,1,0,6,0,6,1,259,261,259,87,8,0,0,0,0,0,0
txn_03430,3,9,14,183,1,1,1,4,5,4,10,3,4,5,10,1,1,3,5,5,10,207,209,207,71,14,0,0,0,0,0,0
txn_02540,5,26,12,266,1,2,2,11,15,4,8,10,4,15,8,1,2,10,6,15,8,305,309,305,106,21,0,0,0,0,0,0
txn_02724,5,19,4,272,1,2,2,7,12,2,2,6,1,11,2,1,1,6,1,11,2,294,300,294,92,13,0,0,0,0,0,0
txn_06652,0,20,13,130,0,0,0,8,12,6,7,8,6,12,7,0,0,0,0,12,7,160,163,160,58,16,0,0,0,0,0,0
txn_02028,6,16,4,144,2,1,3,8,8,1,3,7,0,8,3,2,0,11,0,8,3,164,170,164,56,9,0,0,0,0,0,0
txn_01703,6,21,7,152,2,2,2,8,13,3,4,7,2,13,4,2,2,18,3,13,4,180,186,180,60,14,0,0,0,0,0,0
txn_00503,6,8,7,304,2,2,2,4,4,3,4,3,2,4,4,2,2,7,4,4,4,322,325,322,110,8,0,0,0,0,0,0
txn_04511,0,12,16,157,0,0,0,4,8,5,11,4,5,8,11,0,0,0,0,8,11,182,185,182,67,16,0,0,0,0,0,0
txn_01019,3,20,17,67,1,1,1,8,12,7,10,7,7,12,10,1,1,7,4,12,10,106,107,106,37,22,0,0,0,0,0,0
txn_02235,7,29,9,297,1,2,4,11,18,4,5,10,3,17,4,1,2,10,4,17,4,329,342,329,114,19,0,0,0,0,0,0
txn_05059,6,28,7,209,2,1,3,11,17,3,4,10,3,16,4,2,1,13,6,16,4,245,250,245,82,22,0,0,0,0,0,0
txn_09351,6,17,9,140,2,1,3,7,10,3,6,6,2,10,6,2,1,10,2,10,6,165,172,165,56,13,0,0,0,0,0,0
txn_04015,9,19,2,21,3,2,4,8,11,1,1,7,1,11,1,3,2,16,5,11,1,50,51,50,15,15,0,0,0,0,0,0
txn_01095,4,14,9,498,1,1,2,6,8,4,5,5,4,8,5,1,1,5,6,8,5,522,525,522,190,12,0,0,0,0,0,0
txn_03522,4,16,11,72,1,1,2,5,11,4,7,4,3,11,7,1,1,4,3,11,7,97,103,97,32,15,0,0,0,0,0,0
txn_07612,0,5,3,75,0,0,0,2,3,1,2,2,1,3,2,0,0,0,0,3,2,82,83,82,28,4,0,0,0,0,0,0
txn_09050,3,24,0,113,1,1,1,8,16,0,0,8,0,16,0,1,1,8,3,16,0,139,140,139,46,16,0,0,0,0,0,0
txn_00459,4,18,15,39,1,1,2,7,11,4,11,6,3,11,11,1,1,6,3,11,11,71,76,71,22,20,0,0,0,0,0,0
txn_02310,5,17,7,112,1,2,2,7,10,3,4,6,3,10,4,1,2,6,6,10,4,139,141,139,48,14,0,0,0,0,0,0
txn_01602,5,21,21,234,1,2,2,9,12,9,12,8,8,12,12,1,2,8,22,12,12,274,281,274,96,20,0,0,0,0,0,0
txn_03402,7,12,8,296,2,2,3,5,7,3,5,4,2,7,5,2,2,7,3,7,5,320,323,320,111,13,0,0,0,0,0,0
txn_09447,6,8,2,46,1,2,3,2,6,1,1,1,0,6,1,1,1,1,3,6,1,57,62,57,17,6,0,0,0,0,0,0
txn_00137,6,18,7,78,2,1,3,9,9,2,5,8,1,9,5,2,1,18,1,9,5,104,109,104,35,13,0,0,0,0,0,0
txn_03137,8,22,6,244,1,3,4,6,16,3,3,5,2,16,3,1,3,5,9,16,3,273,280,273,91,17,0,0,0,0,0,0
txn_09858,3,12,7,104,1,1,1,5,7,3,4,5,2,7,4,1,1,6,2,7,4,120,126,120,45,9,0,0,0,0,0,0
txn_03246,7,15,20,194,2,2,3,6,9,7,13,6,6,9,13,2,2,10,8,9,13,233,236,233,78,22,0,0,0,0,0,0
txn_05862,3,21,4,307,1,1,1,7,14,2,2,7,2,14,2,1,1,8,5,14,2,335,335,335,115,17,0,0,0,0,0,0
txn_08750,3,19,36,317,1,1,1,5,14,24,12,4,24,13,12,1,1,4,3,13,12,369,375,369,136,25,0,0,0,0,0,0
txn_01609,3,18,18,115,1,1,1,7,11,7,11,7,6,11,11,1,1,8,6,11,11,150,154,150,53,19,0,0,0,0,0,0
txn_08096,4,13,22,322,1,1,2,5,8,9,13,4,8,7,13,1,1,4,8,7,13,353,361,353,122,19,0,0,0,0,0,0
txn_03340,10,19,5,152,2,3,5,5,14,2,3,4,1,14,3,2,2,13,7,14,3,178,186,178,57,16,0,0,0,0,0,0
txn_00734,12,19,7,274,4,4,4,7,12,2,5,6,2,12,5,4,4,35,18,12,5,308,312,308,95,18,0,0,0,0,0,0
txn_05762,6,20,2,78,2,2,2,9,11,1,1,8,0,11,1,2,1,16,3,11,1,103,106,103,34,12,0,0,0,0,0,0
txn_07552,3,8,7,501,1,1,1,3,5,3,4,2,3,4,4,1,1,2,7,4,4,515,519,515,186,9,0,0,0,0,0,0
txn_00345,6,18,7,59,2,2,2,7,11,3,4,6,2,11,4,2,2,9,4,11,4,87,90,87,28,15,0,0,0,0,0,0
txn_05440,3,18,12,110,1,1,1,7,11,5,7,7,4,11,7,1,1,5,4,11,7,142,143,142,49,18,0,0,0,0,0,0
txn_04985,6,10,6,115,2,2,2,4,6,2,4,3,1,6,4,2,2,6,2,6,4,134,137,134,44,10,0,0,0,0,0,0
txn_01204,0,5,18,509,0,0,0,2,3,6,12,2,6,3,12,0,0,0,0,3,12,531,532,531,189,15,0,0,0,0,0,0
txn_04961,3,8,10,98,1,1,1,3,5,5,5,2,5,5,5,1,1,2,8,5,5,118,119,118,40,10,0,0,0,0,0,0
txn_06733,11,27,3,186,2,3,6,7,20,1,2,6,0,20,2,2,2,10,2,20,2,219,227,219,71,21,0,0,0,0,0,0
txn_01869,4,14,12,502,1,1,2,5,9,4,8,4,3,9,7,1,1,4,3,9,7,525,532,525,188,15,0,0,0,0,0,0
txn_00797,3,9,9,247,1,1,1,3,6,4,5,3,3,6,4,1,1,4,3,6,4,264,268,264,90,11,0,0,0,0,0,0
txn_09942,6,14,3,267,1,2,3,3,11,1,2,2,0,11,2,1,1,2,3,11,2,284,290,284,86,11,0,0,0,0,0,0
txn_05429,5,13,10,269,1,2,2,5,8,5,5,4,5,8,5,1,1,4,1,8,5,294,297,294,102,12,0,0,0,0,0,0
txn_09877,7,20,8,171,2,2,3,6,14,3,5,5,3,13,5,2,2,8,4,13,5,201,206,201,65,19,0,0,0,0,0,0
txn_01728,7,6,9,207,1,1,5,1,5,3,6,0,2,5,6,0,1,0,2,5,6,218,229,218,74,6,0,0,0,0,0,0
txn_08547,5,17,8,96,1,2,2,5,12,3,5,5,2,12,5,1,2,4,4,12,5,125,126,125,39,18,0,0,0,0,0,0
txn_04737,0,12,2,252,0,0,0,4,8,1,1,4,1,8,1,0,0,0,0,8,1,266,266,266,94,9,0,0,0,0,0,0
txn_04954,4,16,8,277,1,1,2,7,9,3,5,6,2,9,5,1,1,6,2,9,5,300,305,300,96,12,0,0,0,0,0,0
txn_08424,12,35,15,49,5,3,4,12,23,7,8,12,6,23,7,5,3,32,17,23,7,101,111,101,33,30,0,0,0,0,0,0
txn_03745,6,7,4,324,2,1,3,2,5,2,2,1,2,5,2,2,0,6,0,5,2,340,341,340,116,9,0,0,0,0,0,0
txn_04970,10,20,6,272,2,3,5,7,13,3,3,6,2,13,3,2,3,16,8,13,3,302,308,302,102,17,0,0,0,0,0,0
txn_04143,0,15,8,153,0,0,0,6,9,3,5,6,3,9,5,0,0,0,0,9,5,176,176,176,61,14,0,0,0,0,0,0
txn_06185,5,7,6,116,1,1,3,3,4,2,4,3,1,4,4,1,1,2,1,4,4,131,134,131,43,8,0,0,0,0,0,0
txn_02885,14,36,15,324,6,4,4,18,18,7,8,18,6,18,7,6,4,51,18,18,7,378,389,378,129,29,0,0,0,0,0,0
txn_02433,3,7,17,72,1,1,1,3,4,6,11,2,6,4,11,1,1,2,6,4,11,97,99,97,32,14,0,0,0,0,0,0
txn_00545,3,13,7,180,1,1,1,6,7,2,5,5,2,7,5,1,1,5,3,7,5,202,203,202,69,12,0,0,0,0,0,0
txn_03469,6,15,13,504,2,2,2,6,9,6,7,6,6,8,7,2,2,16,8,8,7,535,538,535,194,16,0,0,0,0,0,0
txn_09244,0,23,5,95,0,0,0,8,15,2,3,8,2,15,2,0,0,0,0,15,2,120,123,120,41,16,0,0,0,0,0,0
txn_09929,3,19,6,36,1,1,1,7,12,3,3,7,3,12,3,1,1,4,4,12,3,64,64,64,22,16,0,0,0,0,0,0
txn_00037,7,21,17,325,1,1,5,8,13,5,12,7,4,13,12,1,1,7,4,13,12,357,370,357,119,19,0,0,0,0,0,0
txn_05003,6,20,13,107,2,1,3,9,11,5,8,8,4,11,8,2,1,13,4,11,8,139,146,139,53,16,0,0,0,0,0,0
txn_02309,3,12,11,156,1,1,1,7,5,4,7,6,3,5,7,1,1,6,3,5,7,179,182,179,62,11,0,0,0,0,0,0
txn_02894,5,13,7,275,1,2,2,5,8,3,4,5,2,8,4,1,2,10,7,8,4,298,300,298,102,13,0,0,0,0,0,0
txn_06661,0,2,0,512,0,0,0,1,1,0,0,1,0,1,0,0,0,0,0,1,0,514,514,514,184,1,0,0,0,0,0,0
txn_06033,0,5,18,211,0,0,0,2,3,6,12,2,6,3,11,0,0,0,0,3,11,232,234,232,77,15,0,0,0,0,0,0
txn_07884,15,18,15,328,7,4,4,8,10,7,8,8,6,10,7,7,4,62,18,10,7,361,376,361,120,18,0,0,0,0,0,0
txn_04180,3,13,5,110,1,1,1,4,9,2,3,3,1,9,3,1,1,3,1,9,3,128,131,128,46,11,0,0,0,0,0,0
txn_04842,9,24,9,506,3,1,5,9,15,3,6,8,2,15,6,3,1,17,2,15,6,540,548,540,194,20,0,0,0,0,0,0
txn_06326,5,14,4,131,1,2,2,5,9,2,2,4,1,9,2,1,1,4,1,9,2,150,154,150,49,10,0,0,0,0,0,0
txn_05470,6,12,8,210,2,1,3,6,6,3,5,5,2,6,5,2,1,8,2,6,5,231,236,231,80,10,0,0,0,0,0,0
txn_09763,5,21,11,180,2,1,2,8,13,4,7,7,3,12,7,2,1,10,3,12,7,209,217,209,70,17,0,0,0,0,0,0
txn_03088,3,17,13,327,1,1,1,8,9,5,8,7,4,8,8,1,1,7,4,8,8,353,360,353,124,14,0,0,0,0,0,0
txn_08349,7,16,14,75,2,1,4,7,9,4,10,6,3,8,9,2,1,10,3,8,9,99,112,99,34,15,0,0,0,0,0,0
txn_07164,6,45,6,212,2,2,2,24,21,2,4,24,1,21,4,2,2,14,4,21,4,262,269,262,96,25,0,0,0,0,0,0
txn_07416,8,16,17,329,3,1,4,7,9,6,11,6,5,8,11,3,1,16,5,8,11,360,370,360,120,17,0,0,0,0,0,0
txn_00697,5,19,5,209,1,2,2,7,12,2,3,6,1,12,3,1,2,6,2,12,3,234,238,234,79,14,0,0,0,0,0,0
txn_08263,5,18,12,515,1,2,2,8,10,6,6,7,6,10,6,1,2,7,5,10,6,546,550,546,197,14,0,0,0,0,0,0
txn_01333,0,19,15,145,0,0,0,9,10,4,11,9,4,10,11,0,0,0,0,10,11,177,179,177,63,19,0,0,0,0,0,0
txn_03626,3,21,16,247,1,1,1,9,12,5,11,8,5,11,10,1,1,8,1,11,10,277,287,277,93,20,0,0,0,0,0,0
txn_07563,3,11,5,310,1,1,1,5,6,2,3,4,2,6,3,1,1,4,3,6,3,327,329,327,113,9,0,0,0,0,0,0
txn_04296,8,23,5,237,3,1,4,9,14,1,4,8,0,13,4,3,0,19,0,13,4,263,273,263,88,16,0,0,0,0,0,0
txn_00414,7,7,19,319,2,2,3,3,4,7,12,3,6,4,11,2,2,13,8,4,11,346,352,346,120,15,0,0,0,0,0,0
txn_01194,7,10,10,270,2,1,4,5,5,3,7,4,2,5,7,2,1,10,2,5,7,291,297,291,91,11,0,0,0,0,0,0
txn_05697,3,10,0,155,1,1,1,4,6,0,0,4,0,6,0,1,1,8,5,6,0,168,168,168,57,7,0,0,0,0,0,0
txn_03799,5,26,8,159,2,1,2,11,15,3,5,10,2,15,5,2,1,14,2,15,5,192,198,192,65,18,0,0,0,0,0,0
txn_02035,0,21,7,146,0,0,0,10,11,3,4,10,3,11,4,0,0,0,0,11,4,173,174,173,62,14,0,0,0,0,0,0
txn_04155,3,16,9,212,1,1,1,6,10,5,4,5,5,10,4,1,1,5,5,10,4,237,240,237,83,13,0,0,0,0,0,0
txn_04231,3,11,10,299,1,1,1,5,6,4,6,4,3,5,6,1,1,4,3,5,6,318,323,318,112,11,0,0,0,0,0,0
txn_06163,7,21,6,146,2,1,4,9,12,2,4,8,2,12,4,2,1,13,1,12,4,177,180,177,64,17,0,0,0,0,0,0
txn_09932,3,7,12,162,1,1,1,3,4,6,6,3,5,4,6,1,1,5,5,4,6,183,184,183,63,10,0,0,0,0,0,0
txn_04149,8,15,22,518,3,1,4,6,9,8,14,5,7,8,13,3,1,17,7,8,13,548,563,548,193,21,0,0,0,0,0,0
txn_02286,5,17,9,509,1,1,3,7,10,3,6,6,2,10,6,1,1,6,2,10,6,531,540,531,191,13,0,0,0,0,0,0
txn_00098,7,16,15,75,2,2,3,7,9,6,9,6,5,9,8,2,2,15,9,9,8,106,113,106,35,17,0,0,0,0,0,0
txn_06378,3,20,14,173,1,1,1,7,13,4,10,6,3,13,10,1,1,6,3,13,10,205,210,205,68,20,0,0,0,0,0,0
txn_05479,5,12,7,66,1,2,2,4,8,3,4,3,2,8,4,1,2,3,5,8,4,86,90,86,27,11,0,0,0,0,0,0
txn_00433,4,15,7,214,1,1,2,6,9,3,4,5,3,9,4,1,1,5,4,9,4,238,240,238,82,13,0,0,0,0,0,0
txn_09359,3,12,13,133,1,1,1,6,6,6,7,5,5,6,7,1,1,5,5,6,7,158,161,158,55,12,0,0,0,0,0,0
txn_03473,5,11,17,183,1,2,2,5,6,7,10,5,6,6,10,1,2,4,9,6,10,214,216,214,73,17,0,0,0,0,0,0
txn_06204,5,7,9,248,1,1,3,3,4,2,7,3,1,4,7,1,1,3,1,4,7,265,269,265,90,10,0,0,0,0,0,0
txn_07191,6,14,15,215,2,2,2,6,8,6,9,5,5,7,9,2,2,7,9,7,9,245,250,245,83,17,0,0,0,0,0,0
txn_00555,3,4,6,133,1,1,1,2,2,3,3,2,2,2,3,1,1,10,2,2,3,145,146,145,49,5,0,0,0,0,0,0
txn_06049,3,17,10,149,1,1,1,9,8,2,8,8,2,8,8,1,1,8,3,8,8,177,179,177,65,15,0,0,0,0,0,0
txn_02478,4,17,7,48,1,1,2,8,9,3,4,7,2,9,4,1,1,7,2,9,4,71,76,71,25,11,0,0,0,0,0,0
txn_00155,6,19,15,113,1,1,4,6,13,5,10,5,5,13,10,1,1,5,6,13,10,146,153,146,48,20,0,0,0,0,0,0
txn_01480,10,14,12,51,1,3,6,3,11,4,8,2,3,11,8,1,3,2,11,11,8,77,87,77,22,16,0,0,0,0,0,0
txn_01513,0,18,13,519,0,0,0,6,12,4,9,6,4,12,9,0,0,0,0,12,9,548,550,548,195,20,0,0,0,0,0,0
txn_08196,7,10,6,26,2,2,3,5,5,3,3,4,2,5,3,2,2,9,3,5,3,45,49,45,15,8,0,0,0,0,0,0
txn_01753,8,20,8,155,2,1,5,8,12,2,6,7,1,12,6,2,1,11,1,12,6,182,191,182,60,15,0,0,0,0,0,0
txn_00229,5,13,12,512,1,2,2,6,7,5,7,5,5,7,7,1,2,5,3,7,7,539,542,539,196,13,0,0,0,0,0,0
txn_05626,6,18,14,255,2,2,2,7,11,5,9,6,4,11,8,2,2,11,5,11,8,285,293,285,99,17,0,0,0,0,0,0
txn_08862,4,15,3,331,1,1,2,5,10,1,2,4,0,10,2,1,0,4,0,10,2,348,353,348,115,10,0,0,0,0,0,0
txn_08805,6,29,6,39,2,2,2,12,17,2,4,12,1,17,4,2,2,12,4,17,4,76,80,76,26,19,0,0,0,0,0,0
txn_08939,4,10,16,86,1,1,2,4,6,6,10,4,5,6,10,1,1,4,5,6,10,113,116,113,38,15,0,0,0,0,0,0
txn_09808,3,8,14,329,1,1,1,4,4,6,8,3,5,4,8,1,1,3,5,4,8,351,354,351,123,11,0,0,0,0,0,0
txn_04586,3,22,10,280,1,1,1,9,13,4,6,9,3,12,6,1,1,4,3,12,6,308,315,308,99,16,0,0,0,0,0,0
txn_05517,7,18,11,217,2,2,3,9,9,4,7,8,3,8,7,2,2,26,4,8,7,247,253,247,85,16,0,0,0,0,0,0
txn_00232,6,23,17,152,2,1,3,8,15,6,11,7,6,15,11,2,1,12,6,15,11,194,198,194,69,25,0,0,0,0,0,0
txn_05441,5,22,4,99,2,1,2,8,14,2,2,7,1,14,2,2,1,13,1,14,2,126,130,126,41,15,0,0,0,0,0,0
txn_06117,6,20,8,189,2,1,3,9,11,3,5,8,3,11,5,2,0,14,0,11,5,221,223,221,77,17,0,0,0,0,0,0
txn_09740,3,17,6,185,1,1,1,6,11,3,3,5,2,11,3,1,1,5,2,11,3,207,211,207,70,12,0,0,0,0,0,0
txn_05627,5,21,6,239,1,2,2,8,13,1,5,8,1,13,4,1,2,15,31,13,4,268,271,268,90,18,0,0,0,0,0,0
txn_00784,5,6,8,118,2,1,2,3,3,2,6,2,2,3,5,2,1,8,2,3,5,135,137,135,44,10,0,0,0,0,0,0
txn_04493,3,16,4,197,1,1,1,6,10,2,2,5,1,10,2,1,1,5,1,10,2,217,220,217,73,11,0,0,0,0,0,0
txn_01538,5,33,6,297,1,1,3,13,20,3,3,12,3,20,3,1,1,12,1,20,3,336,341,336,117,22,0,0,0,0,0,0
txn_00367,6,16,16,105,1,1,4,5,11,4,12,4,3,11,12,1,1,4,3,11,12,134,143,134,42,19,0,0,0,0,0,0
txn_06937,4,5,2,147,1,1,2,2,3,1,1,1,1,3,1,1,0,1,0,3,1,156,158,156,52,4,0,0,0,0,0,0
txn_08739,5,22,2,65,1,2,2,7,15,1,1,7,0,15,1,1,1,6,3,15,1,93,94,93,29,17,0,0,0,0,0,0
txn_07013,4,9,5,81,1,1,2,4,5,2,3,4,1,5,3,1,1,7,1,5,3,97,99,97,32,8,0,0,0,0,0,0
txn_02791,9,18,4,23,3,2,4,8,10,1,3,7,0,10,3,3,1,13,1,10,3,49,54,49,15,13,0,0,0,0,0,0
txn_02856,4,16,15,42,1,1,2,6,10,7,8,5,6,10,8,1,1,5,6,10,8,72,77,72,25,16,0,0,0,0,0,0
txn_05292,3,34,4,48,1,1,1,16,18,2,2,15,1,18,2,1,1,15,1,18,2,85,89,85,31,19,0,0,0,0,0,0
txn_08977,6,20,6,313,2,2,2,7,13,2,4,6,1,13,4,2,2,7,3,13,4,341,345,341,114,17,0,0,0,0,0,0
txn_00646,7,16,12,294,2,1,4,5,11,4,8,4,3,11,8,2,1,7,3,11,8,321,329,321,104,17,0,0,0,0,0,0
txn_05590,3,11,10,143,1,1,1,4,7,4,6,3,3,7,6,1,1,3,3,7,6,164,167,164,55,12,0,0,0,0,0,0
txn_09856,5,20,5,157,2,1,2,7,13,2,3,6,1,13,3,2,1,10,1,13,3,181,187,181,60,14,0,0,0,0,0,0
txn_01280,5,15,0,158,1,1,3,5,10,0,0,5,0,10,0,1,1,5,2,10,0,178,178,178,59,13,0,0,0,0,0,0
txn_08508,3,19,16,241,1,1,1,8,11,6,10,8,5,11,10,1,1,3,5,11,10,275,279,275,94,20,0,0,0,0,0,0
txn_04720,14,24,16,147,5,5,4,9,15,6,10,8,5,15,10,5,5,47,21,15,10,193,201,193,63,22,0,0,0,0,0,0
txn_01358,5,16,5,251,1,2,2,6,10,3,2,6,2,9,2,1,2,4,7,9,2,275,277,275,94,13,0,0,0,0,0,0
txn_00007,3,9,11,515,1,1,1,3,6,4,7,2,4,6,6,1,1,2,1,6,6,536,538,536,192,13,0,0,0,0,0,0
txn_06102,0,22,7,257,0,0,0,9,13,2,5,9,2,12,5,0,0,0,0,12,5,282,286,282,100,16,0,0,0,0,0,0
txn_04795,4,19,3,101,1,1,2,7,12,1,2,6,0,12,2,1,0,6,0,12,2,122,127,122,40,12,0,0,0,0,0,0
txn_05787,5,24,9,88,1,2,2,10,14,3,6,9,2,14,6,1,2,9,7,14,6,120,126,120,41,17,0,0,0,0,0,0
txn_08848,8,8,10,217,2,2,4,3,5,4,6,2,3,5,6,2,2,9,9,5,6,238,243,238,80,11,0,0,0,0,0,0
txn_01443,6,35,14,147,1,2,3,16,19,5,9,15,4,19,9,1,2,15,8,19,9,196,202,196,69,26,0,0,0,0,0,0
txn_09188,13,12,10,118,3,3,7,4,8,3,7,3,2,8,6,3,3,34,31,8,6,140,153,140,45,12,0,0,0,0,0,0
txn_03422,3,15,2,186,1,1,1,6,9,1,1,6,1,9,1,1,1,4,3,9,1,205,206,205,70,11,0,0,0,0,0,0
txn_02091,3,21,18,189,1,1,1,8,13,6,12,7,5,13,12,1,1,7,5,13,12,223,231,223,76,20,0,0,0,0,0,0
txn_09087,9,23,8,84,3,2,4,8,15,4,4,7,3,15,4,3,2,19,5,15,4,120,124,120,38,20,0,0,0,0,0,0
txn_03175,9,22,12,316,3,1,5,7,15,4,8,6,3,15,8,3,1,21,3,15,8,349,359,349,118,19,0,0,0,0,0,0
txn_04113,3,13,2,213,1,1,1,5,8,1,1,4,1,7,1,1,1,4,2,7,1,228,231,228,76,9,0,0,0,0,0,0
txn_01409,5,13,12,334,2,1,2,6,7,4,8,5,4,7,7,2,0,9,0,7,7,362,364,362,120,16,0,0,0,0,0,0
txn_03656,5,20,2,149,1,1,3,6,14,1,1,5,1,13,1,1,1,5,1,13,1,170,176,170,55,14,0,0,0,0,0,0
txn_09848,0,30,10,60,0,0,0,11,19,3,7,11,3,19,7,0,0,0,0,19,7,98,100,98,34,24,0,0,0,0,0,0
txn_02132,4,11,11,332,1,1,2,5,6,4,7,4,3,6,7,1,1,4,3,6,7,353,358,353,123,11,0,0,0,0,0,0
txn_08074,7,11,8,155,2,2,3,4,7,3,5,3,2,7,5,2,2,7,4,7,5,176,181,176,62,12,0,0,0,0,0,0
txn_07374,6,12,17,176,2,1,3,5,7,6,11,4,5,6,11,2,1,8,5,6,11,203,211,203,68,16,0,0,0,0,0,0
txn_07925,0,5,3,215,0,0,0,2,3,1,2,2,1,3,2,0,0,0,0,3,2,223,223,223,76,5,0,0,0,0,0,0
txn_05644,6,14,14,136,2,1,3,5,9,5,9,4,4,9,8,2,1,9,4,9,8,160,170,160,53,14,0,0,0,0,0,0
txn_00025,6,13,3,517,1,2,3,4,9,1,2,3,0,9,2,1,1,3,4,9,2,532,539,532,191,9,0,0,0,0,0,0
txn_09233,6,37,13,108,1,2,3,13,24,4,9,12,3,24,9,1,2,12,7,24,9,154,164,154,51,27,0,0,0,0,0,0
txn_02779,6,26,5,105,2,2,2,7,19,2,3,6,1,19,3,2,2,8,2,19,3,137,142,137,43,21,0,0,0,0,0,0
txn_04756,4,38,19,520,1,1,2,19,19,7,12,18,6,18,12,1,1,18,6,18,12,571,581,571,212,26,0,0,0,0,0,0
txn_07035,6,15,11,99,2,1,3,6,9,4,7,5,3,9,7,2,1,9,3,9,7,125,131,125,41,14,0,0,0,0,0,0
txn_07757,7,19,7,147,1,3,3,7,12,3,4,6,2,12,4,1,3,6,4,12,4,175,180,175,58,15,0,0,0,0,0,0
txn_07436,6,15,10,188,1,2,3,7,8,3,7,6,2,8,7,1,2,6,4,8,7,213,219,213,71,14,0,0,0,0,0,0
txn_06535,6,18,16,278,2,1,3,7,11,6,10,6,5,11,10,2,1,8,5,11,10,310,318,310,105,19,0,0,0,0,0,0
txn_02273,5,17,2,104,1,1,3,6,11,1,1,6,1,11,1,1,1,10,1,11,1,124,128,124,41,13,0,0,0,0,0,0
txn_01478,7,12,9,301,2,2,3,5,7,3,6,4,2,7,6,2,2,9,6,7,6,323,329,323,113,12,0,0,0,0,0,0
txn_06347,7,18,5,282,1,3,3,7,11,2,3,7,1,10,3,1,3,2,8,10,3,309,312,309,97,15,0,0,0,0,0,0
txn_05939,9,13,19,89,2,3,4,6,7,6,13,5,5,7,13,2,3,11,8,7,13,123,130,123,40,19,0,0,0,0,0,0
txn_02138,7,8,10,522,2,2,3,4,4,4,6,3,3,4,6,2,2,9,6,4,6,543,547,543,192,11,0,0,0,0,0,0
txn_01730,5,23,10,51,1,1,3,10,13,4,6,9,4,13,6,1,1,9,5,13,6,85,89,85,30,18,0,0,0,0,0,0
txn_01402,5,10,7,63,2,1,2,5,5,2,5,4,1,5,5,2,1,11,1,5,5,81,85,81,26,9,0,0,0,0,0,0
txn_09240,0,11,5,75,0,0,0,4,7,2,3,4,2,6,3,0,0,0,0,6,3,90,91,90,31,10,0,0,0,0,0,0
txn_05858,6,14,9,119,2,1,3,6,8,3,6,5,2,8,6,2,1,13,2,8,6,143,148,143,47,13,0,0,0,0,0,0
txn_02456,3,14,7,120,1,1,1,4,10,3,4,3,2,10,4,1,1,3,2,10,4,140,144,140,45,12,0,0,0,0,0,0
txn_08639,7,19,8,68,2,2,3,7,12,3,5,6,2,12,5,2,2,8,8,12,5,97,102,97,31,16,0,0,0,0,0,0
txn_02685,8,25,6,150,2,2,4,9,16,2,4,9,1,16,4,2,2,19,6,16,4,183,189,183,61,19,0,0,0,0,0,0
txn_03028,6,6,8,154,2,2,2,2,4,4,4,1,3,4,4,2,2,6,8,4,4,171,174,171,57,8,0,0,0,0,0,0
txn_08111,7,17,5,213,2,1,4,8,9,1,4,7,0,8,3,2,0,11,0,8,3,231,242,231,80,10,0,0,0,0,0,0
txn_08988,3,17,5,71,1,1,1,6,11,2,3,6,2,11,3,1,1,7,1,11,3,95,96,95,30,15,0,0,0,0,0,0
txn_08506,8,15,6,161,3,2,3,6,9,2,4,5,1,9,4,3,2,19,2,9,4,186,190,186,61,13,0,0,0,0,0,0
txn_00637,3,20,4,134,1,1,1,7,13,2,2,7,1,13,2,1,1,4,1,13,2,159,161,159,53,14,0,0,0,0,0,0
txn_09900,5,7,10,249,1,2,2,3,4,3,7,3,2,4,7,1,2,9,4,4,7,270,271,270,91,12,0,0,0,0,0,0
txn_07014,5,18,7,319,1,2,2,7,11,2,5,6,2,10,5,1,1,6,3,10,5,344,349,344,117,15,0,0,0,0,0,0
txn_00207,5,17,15,108,1,2,2,7,10,5,10,6,4,10,10,1,2,6,7,10,10,141,145,141,47,19,0,0,0,0,0,0
txn_08649,10,14,20,111,2,3,5,6,8,6,14,5,5,8,14,2,3,11,8,8,14,146,155,146,46,20,0,0,0,0,0,0
txn_04779,0,21,2,219,0,0,0,7,14,1,1,7,1,13,1,0,0,0,0,13,1,241,242,241,83,15,0,0,0,0,0,0
txn_09479,3,9,3,336,1,1,1,3,6,1,2,3,1,6,2,1,1,6,5,6,2,350,351,350,117,9,0,0,0,0,0,0
txn_06864,6,13,9,304,2,2,2,4,9,3,6,3,2,9,6,2,2,10,3,9,6,328,332,328,113,15,0,0,0,0,0,0
txn_03776,3,15,12,253,1,1,1,5,10,3,9,5,3,10,9,1,1,3,3,10,9,280,283,280,96,17,0,0,0,0,0,0
txn_00544,16,24,12,62,8,4,4,10,14,3,9,9,3,13,9,8,4,71,18,13,9,109,114,109,32,24,0,0,0,0,0,0
txn_06918,10,24,15,221,3,3,4,8,16,5,10,7,4,16,10,3,3,19,10,16,10,263,270,263,88,25,0,0,0,0,0,0
txn_06667,6,23,12,29,1,1,4,8,15,4,8,7,3,15,8,1,1,7,3,15,8,61,70,61,20,19,0,0,0,0,0,0
txn_01938,3,13,5,137,1,1,1,7,6,1,4,7,1,6,4,1,1,2,1,6,4,158,158,158,54,11,0,0,0,0,0,0
txn_05629,3,15,15,259,1,1,1,6,9,7,8,5,6,8,7,1,1,5,6,8,7,286,292,286,102,16,0,0,0,0,0,0
txn_08768,3,25,16,92,1,1,1,9,16,7,9,8,6,16,9,1,1,8,6,16,9,131,136,131,45,22,0,0,0,0,0,0
txn_04630,7,15,3,114,2,2,3,6,9,1,2,5,0,9,2,2,1,11,4,9,2,134,139,134,43,10,0,0,0,0,0,0
txn_01989,3,12,4,339,1,1,1,4,8,2,2,4,2,7,2,1,1,6,2,7,2,357,358,357,119,11,0,0,0,0,0,0
txn_01557,5,12,7,220,2,1,2,4,8,2,5,3,1,8,5,2,1,7,1,8,5,240,244,240,80,12,0,0,0,0,0,0
txn_08265,0,12,9,259,0,0,0,5,7,3,6,5,3,7,6,0,0,0,0,7,6,280,280,280,100,13,0,0,0,0,0,0
txn_00622,0,6,21,120,0,0,0,2,4,7,14,2,7,4,14,0,0,0,0,4,14,147,147,147,51,18,0,0,0,0,0,0
txn_04394,7,28,9,148,2,1,4,11,17,3,6,11,2,17,6,2,1,8,2,17,6,184,192,184,64,19,0,0,0,0,0,0
txn_08735,9,15,22,67,3,1,5,6,9,8,14,5,7,9,14,3,1,17,7,9,14,105,113,105,35,21,0,0,0,0,0,0
txn_06815,10,11,8,102,2,3,5,4,7,4,4,3,3,7,4,2,3,5,8,7,4,126,131,126,40,12,0,0,0,0,0,0
txn_05421,4,9,15,284,1,1,2,4,5,5,10,4,4,5,10,1,1,4,4,5,10,308,312,308,98,14,0,0,0,0,0,0
txn_00445,4,20,6,321,1,1,2,7,13,2,4,6,1,13,4,1,1,6,1,13,4,346,351,346,120,15,0,0,0,0,0,0
txn_06719,4,21,5,522,1,1,2,9,12,2,3,9,1,12,3,1,1,5,1,12,3,549,552,549,200,15,0,0,0,0,0,0
txn_03207,4,17,11,244,1,1,2,6,11,5,6,5,4,10,6,1,1,5,4,10,6,268,276,268,92,14,0,0,0,0,0,0
txn_06233,5,7,7,287,2,1,2,3,4,3,4,2,2,4,4,2,1,12,2,4,4,301,306,301,96,7,0,0,0,0,0,0
txn_08696,8,16,12,77,2,2,4,7,9,5,7,6,4,9,7,2,2,16,7,9,7,107,113,107,37,15,0,0,0,0,0,0
txn_02214,6,29,9,300,2,2,2,12,17,4,5,11,3,17,5,2,1,17,3,17,5,341,344,341,118,22,0,0,0,0,0,0
txn_07323,5,21,7,262,1,1,3,7,14,2,5,6,1,14,5,1,1,6,1,14,5,288,295,288,100,16,0,0,0,0,0,0
txn_02851,3,18,4,165,1,1,1,7,11,2,2,6,2,11,2,1,1,6,1,11,2,189,190,189,64,13,0,0,0,0,0,0
txn_01174,4,14,14,77,1,1,2,5,9,4,10,4,3,9,10,1,1,4,3,9,10,103,109,103,33,16,0,0,0,0,0,0
txn_08527,9,17,6,224,1,3,5,5,12,3,3,4,2,12,3,1,3,4,10,12,3,249,256,249,84,14,0,0,0,0,0,0
txn_02050,4,14,5,150,1,1,2,5,9,2,3,5,1,8,3,1,1,2,1,8,3,170,173,170,56,12,0,0,0,0,0,0
txn_03034,5,17,9,324,1,1,3,6,11,4,5,5,3,10,5,1,1,5,3,10,5,345,355,345,120,13,0,0,0,0,0,0
txn_04707,4,15,6,157,1,1,2,6,9,2,4,5,2,9,4,1,1,5,3,9,4,179,182,179,60,13,0,0,0,0,0,0
txn_09860,8,20,9,218,2,2,4,7,13,3,6,6,2,13,6,2,2,8,8,13,6,248,255,248,82,17,0,0,0,0,0,0
txn_09228,4,14,18,525,1,1,2,6,8,6,12,5,5,8,12,1,1,5,5,8,12,555,561,555,198,17,0,0,0,0,0,0
txn_08819,9,22,10,158,2,2,5,8,14,3,7,7,2,14,7,2,2,11,3,14,7,192,199,192,62,20,0,0,0,0,0,0
txn_00912,10,24,6,122,3,2,5,8,16,2,4,7,1,16,4,3,2,24,6,16,4,157,162,157,49,21,0,0,0,0,0,0
txn_03059,4,7,14,528,1,1,2,3,4,5,9,2,4,4,9,1,1,2,4,4,9,548,553,548,195,11,0,0,0,0,0,0
txn_03660,0,13,6,303,0,0,0,5,8,3,3,5,3,8,3,0,0,0,0,8,3,318,322,318,110,10,0,0,0,0,0,0
txn_01384,3,5,7,525,1,1,1,2,3,3,4,2,2,2,4,1,1,11,2,2,4,537,540,537,194,7,0,0,0,0,0,0
txn_04945,8,20,16,321,2,2,4,7,13,4,12,6,4,13,12,2,2,11,8,13,12,354,365,354,118,23,0,0,0,0,0,0
txn_09577,10,23,16,219,2,2,6,8,15,7,9,7,6,15,9,2,2,14,7,15,9,258,268,258,89,21,0,0,0,0,0,0
txn_05107,7,7,8,306,2,1,4,3,4,2,6,2,1,4,6,2,1,12,1,4,6,320,328,320,109,8,0,0,0,0,0,0
txn_05404,5,18,13,113,2,1,2,6,12,5,8,5,4,12,8,2,1,13,4,12,8,144,149,144,52,19,0,0,0,0,0,0
txn_08501,4,18,5,307,1,1,2,7,11,2,3,6,1,11,3,1,1,6,1,11,3,329,334,329,116,12,0,0,0,0,0,0
txn_00252,3,13,17,213,1,1,1,7,6,6,11,6,5,5,11,1,1,6,5,5,11,239,246,239,83,15,0,0,0,0,0,0
txn_01457,3,8,9,326,1,1,1,4,4,4,5,3,3,4,5,1,1,3,3,4,5,343,346,343,121,8,0,0,0,0,0,0
txn_04902,3,27,5,329,1,1,1,11,16,2,3,10,2,16,3,1,1,10,1,16,3,363,364,363,128,19,0,0,0,0,0,0
txn_06573,4,16,15,107,1,1,2,6,10,6,9,5,5,10,9,1,1,5,5,10,9,135,142,135,46,15,0,0,0,0,0,0
txn_06698,6,14,9,140,2,2,2,5,9,2,7,4,2,9,6,2,2,10,2,9,6,166,169,166,52,16,0,0,0,0,0,0
txn_09336,7,12,14,15,2,2,3,6,6,6,8,5,5,6,8,2,2,10,11,6,8,43,48,43,15,13,0,0,0,0,0,0
txn_04455,7,14,15,150,2,1,4,5,9,5,10,4,4,9,10,2,1,10,4,9,10,179,186,179,59,17,0,0,0,0,0,0
txn_00429,3,18,7,256,1,1,1,7,11,2,5,6,1,11,5,1,1,6,1,11,5,278,284,278,95,13,0,0,0,0,0,0
txn_09741,3,25,14,323,1,1,1,8,17,5,9,7,4,17,9,1,1,7,4,17,9,358,365,358,121,22,0,0,0,0,0,0
txn_05282,3,14,3,341,1,1,1,4,10,1,2,4,1,10,2,1,1,9,3,10,2,361,361,361,120,13,0,0,0,0,0,0
txn_01430,0,7,15,97,0,0,0,3,4,6,9,3,6,4,8,0,0,0,0,4,8,117,119,117,41,12,0,0,0,0,0,0
txn_00854,0,21,9,527,0,0,0,7,14,4,5,7,4,13,5,0,0,0,0,13,5,553,557,553,201,17,0,0,0,0,0,0
txn_02909,3,26,8,227,1,1,1,11,15,4,4,10,3,14,4,1,1,10,3,14,4,257,264,257,90,17,0,0,0,0,0,0
txn_08423,4,22,15,246,1,1,2,8,14,7,8,8,6,14,8,1,1,8,6,14,8,281,287,281,98,20,0,0,0,0,0,0
txn_09680,5,18,8,160,1,1,3,8,10,3,5,7,2,9,5,1,1,7,2,9,5,182,191,182,67,12,0,0,0,0,0,0
txn_03921,5,22,4,45,1,2,2,8,14,2,2,8,1,14,2,1,2,2,7,14,2,74,76,74,24,16,0,0,0,0,0,0
txn_04140,3,12,7,223,1,1,1,5,7,3,4,4,2,7,4,1,1,4,2,7,4,242,245,242,83,10,0,0,0,0,0,0
txn_08621,8,13,18,229,2,2,4,6,7,7,11,5,6,7,11,2,2,10,12,7,11,261,268,261,90,17,0,0,0,0,0,0
txn_00853,8,21,11,32,2,2,4,9,12,4,7,8,3,12,7,2,2,13,6,12,7,66,72,66,22,18,0,0,0,0,0,0
txn_08569,8,19,11,50,3,1,4,7,12,3,8,6,3,12,8,3,1,20,4,12,8,82,88,82,26,18,0,0,0,0,0,0
txn_00998,4,17,5,115,1,1,2,6,11,2,3,5,1,11,3,1,1,5,1,11,3,136,141,136,45,12,0,0,0,0,0,0
txn_00237,6,14,13,332,2,2,2,7,7,6,7,7,5,6,7,2,2,16,6,6,7,362,365,362,128,15,0,0,0,0,0,0
txn_07544,7,13,5,70,2,1,4,5,8,1,4,4,0,8,4,2,0,9,0,8,4,89,95,89,28,11,0,0,0,0,0,0
txn_00400,9,24,6,160,3,3,3,10,14,2,4,10,1,14,4,3,3,14,8,14,4,195,199,195,65,17,0,0,0,0,0,0
txn_04540,11,22,7,168,3,3,5,8,14,3,4,7,2,14,4,3,3,22,9,14,4,202,208,202,66,18,0,0,0,0,0,0
txn_08789,7,21,13,326,1,1,5,6,15,4,9,5,3,14,9,1,1,5,3,14,9,353,367,353,118,19,0,0,0,0,0,0
txn_01988,8,17,16,178,2,2,4,5,12,3,13,5,2,12,13,2,2,9,3,12,13,211,219,211,68,22,0,0,0,0,0,0
txn_01290,8,21,12,161,2,1,5,10,11,3,9,9,2,11,9,2,1,17,2,11,9,192,202,192,65,16,0,0,0,0,0,0
txn_04409,4,8,0,309,1,1,2,3,5,0,0,3,0,4,0,1,1,6,1,4,0,320,321,320,109,7,0,0,0,0,0,0
txn_06861,7,27,14,344,1,2,4,7,20,6,8,6,5,20,7,1,2,6,10,20,7,382,392,382,126,25,0,0,0,0,0,0
txn_06099,4,28,13,110,1,1,2,11,17,5,8,10,4,17,8,1,1,10,4,17,8,149,155,149,50,23,0,0,0,0,0,0
txn_09649,0,11,16,531,0,0,0,4,7,7,9,4,7,7,9,0,0,0,0,7,9,558,558,558,201,16,0,0,0,0,0,0
txn_04142,3,23,8,335,1,1,1,11,12,3,5,10,3,11,5,1,1,10,2,11,5,364,369,364,128,16,0,0,0,0,0,0
txn_03080,10,15,12,111,2,3,5,3,12,4,8,3,4,11,8,2,3,27,27,11,8,143,148,143,44,21,0,0,0,0,0,0
txn_07346,9,7,14,534,1,2,6,1,6,4,10,0,3,6,10,0,2,0,5,6,10,552,564,552,194,11,0,0,0,0,0,0
txn_06214,8,20,8,164,1,3,4,7,13,3,5,6,2,13,5,1,3,6,4,13,5,193,200,193,64,16,0,0,0,0,0,0
txn_01746,5,19,9,125,2,1,2,8,11,3,6,8,2,11,6,2,1,8,2,11,6,153,158,153,52,15,0,0,0,0,0,0
txn_05918,5,12,8,116,2,1,2,6,6,3,5,5,2,6,5,2,1,10,2,6,5,137,141,137,46,10,0,0,0,0,0,0
txn_01119,7,24,7,80,2,1,4,8,16,2,5,7,1,16,4,2,1,14,1,16,4,106,118,106,35,17,0,0,0,0,0,0
txn_01740,11,10,10,346,4,3,4,5,5,4,6,5,4,5,6,4,3,46,32,5,6,369,377,369,125,12,0,0,0,0,0,0
txn_09135,5,13,15,537,2,1,2,6,7,4,11,5,3,6,10,2,1,9,3,6,10,560,570,560,198,15,0,0,0,0,0,0
txn_09097,5,12,15,70,2,1,2,5,7,5,10,4,4,7,10,2,1,8,4,7,10,98,102,98,32,16,0,0,0,0,0,0
txn_06960,6,11,14,146,1,2,3,4,7,5,9,3,4,7,9,1,2,3,5,7,9,171,177,171,57,14,0,0,0,0,0,0
txn_08788,0,23,4,328,0,0,0,9,14,1,3,9,1,13,2,0,0,0,0,13,2,352,355,352,121,16,0,0,0,0,0,0
txn_04549,0,21,4,329,0,0,0,8,13,2,2,8,2,12,2,0,0,0,0,12,2,352,354,352,123,14,0,0,0,0,0,0
txn_05901,3,38,7,529,1,1,1,13,25,2,5,12,2,25,4,1,1,12,3,25,4,571,577,571,205,28,0,0,0,0,0,0
txn_01974,7,22,11,310,2,2,3,10,12,3,8,9,2,12,8,2,2,12,4,12,8,345,350,345,121,19,0,0,0,0,0,0
txn_06188,12,22,17,123,3,1,8,8,14,3,14,7,2,13,13,3,1,20,2,13,13,155,174,155,49,21,0,0,0,0,0,0
txn_04411,5,26,14,91,2,1,2,11,15,4,10,10,3,15,10,2,1,16,3,15,10,130,136,130,44,22,0,0,0,0,0,0
txn_00556,5,13,18,149,2,1,2,5,8,7,11,4,6,8,11,2,1,9,6,8,11,180,185,180,61,17,0,0,0,0,0,0
txn_01424,3,11,10,349,1,1,1,3,8,5,5,2,4,8,5,1,1,2,4,8,5,370,373,370,124,12,0,0,0,0,0,0
txn_08816,4,38,10,538,1,1,2,19,19,3,7,18,3,19,7,1,1,18,3,19,7,583,590,583,213,23,0,0,0,0,0,0
txn_00783,3,19,4,273,1,1,1,7,12,2,2,6,2,12,2,1,1,6,4,12,2,295,299,295,92,13,0,0,0,0,0,0
txn_09478,6,4,7,87,2,2,2,2,2,3,4,1,2,2,4,2,2,11,5,2,4,101,104,101,32,6,0,0,0,0,0,0
txn_02872,7,7,15,85,1,2,4,2,5,4,11,1,3,5,11,1,1,1,3,5,11,107,114,107,33,14,0,0,0,0,0,0
txn_04138,7,16,17,71,2,1,4,7,9,5,12,6,4,9,12,2,1,12,4,9,12,102,111,102,34,17,0,0,0,0,0,0
txn_00690,3,13,11,39,1,1,1,5,8,5,6,5,4,8,6,1,1,7,4,8,6,64,66,64,22,13,0,0,0,0,0,0
txn_08851,7,20,11,99,1,1,5,5,15,3,8,4,2,15,8,1,1,4,2,15,8,126,137,126,40,18,0,0,0,0,0,0
txn_06728,11,22,7,69,3,2,6,9,13,3,4,8,3,12,4,3,2,25,6,12,4,102,109,102,33,18,0,0,0,0,0,0
txn_06795,8,25,18,95,3,2,3,11,14,6,12,11,6,13,11,3,2,32,7,13,11,140,146,140,46,26,0,0,0,0,0,0
txn_05123,6,27,2,74,2,1,3,11,16,1,1,10,1,16,1,2,1,16,3,16,1,106,109,106,36,17,0,0,0,0,0,0
txn_04643,5,10,4,200,1,2,2,3,7,2,2,2,1,7,2,1,2,2,2,7,2,215,219,215,71,8,0,0,0,0,0,0
txn_00285,3,23,2,221,1,1,1,6,17,1,1,5,1,16,1,1,1,5,2,16,1,246,249,246,80,18,0,0,0,0,0,0
txn_06715,3,14,7,160,1,1,1,6,8,3,4,6,3,8,4,1,1,3,1,8,4,184,184,184,64,13,0,0,0,0,0,0
txn_01592,5,14,6,54,2,1,2,7,7,2,4,6,2,7,4,2,1,12,2,7,4,77,79,77,26,11,0,0,0,0,0,0
txn_07135,7,18,8,259,1,1,5,7,11,2,6,6,1,11,6,1,1,6,1,11,6,281,292,281,97,12,0,0,0,0,0,0
txn_02922,3,8,10,75,1,1,1,4,4,4,6,3,3,4,6,1,1,3,3,4,6,93,96,93,31,9,0,0,0,0,0,0
txn_02651,6,17,10,151,2,2,2,6,11,4,6,5,3,10,6,2,2,10,5,10,6,178,184,178,59,16,0,0,0,0,0,0
txn_04037,3,36,6,182,1,1,1,16,20,2,4,15,1,20,4,1,1,15,1,20,4,223,227,223,78,22,0,0,0,0,0,0
txn_01532,8,15,30,153,1,1,6,4,11,15,15,3,14,10,15,1,1,3,14,10,15,190,206,190,68,20,0,0,0,0,0,0
txn_07413,5,25,15,262,1,2,2,10,15,6,9,9,5,14,9,1,2,9,7,14,9,299,307,299,103,22,0,0,0,0,0,0
txn_09173,6,15,11,229,1,2,3,6,9,5,6,5,4,9,6,1,1,5,4,9,6,256,261,256,86,14,0,0,0,0,0,0
txn_03103,5,25,17,153,1,1,3,8,17,6,11,7,5,17,11,1,1,7,5,17,11,191,200,191,64,23,0,0,0,0,0,0
txn_05856,3,21,6,108,1,1,1,9,12,2,4,8,1,12,4,1,1,8,1,12,4,135,138,135,46,15,0,0,0,0,0,0
txn_07052,4,23,19,331,1,1,2,10,13,7,12,9,6,12,12,1,1,9,6,12,12,365,377,365,127,20,0,0,0,0,0,0
txn_04111,4,20,7,203,1,1,2,7,13,3,4,7,3,13,4,1,1,6,2,13,4,233,234,233,79,18,0,0,0,0,0,0
txn_09015,4,10,20,120,1,1,2,4,6,6,14,3,5,6,14,1,1,3,5,6,14,149,154,149,50,18,0,0,0,0,0,0
txn_09399,3,26,4,265,1,1,1,8,18,2,2,7,2,17,2,1,1,7,3,17,2,294,298,294,102,20,0,0,0,0,0,0
txn_07421,10,20,15,215,3,2,5,7,13,5,10,6,4,13,9,3,2,20,7,13,9,248,260,248,84,19,0,0,0,0,0,0
txn_07507,7,11,9,281,1,2,4,4,7,3,6,3,3,7,6,1,2,3,3,7,6,304,308,304,103,13,0,0,0,0,0,0
txn_04743,3,6,17,541,1,1,1,3,3,7,10,2,7,3,9,1,1,2,1,3,9,564,567,564,201,13,0,0,0,0,0,0
txn_09950,5,29,7,311,2,1,2,11,18,3,4,10,2,18,4,2,1,16,2,18,4,346,352,346,119,20,0,0,0,0,0,0
txn_08128,6,10,5,217,1,2,3,4,6,2,3,3,1,6,3,1,2,3,5,6,3,231,238,231,80,7,0,0,0,0,0,0
txn_01425,4,14,10,284,1,1,2,6,8,4,6,5,3,7,6,1,1,5,3,7,6,305,312,305,105,12,0,0,0,0,0,0
txn_03644,4,25,8,74,1,1,2,6,19,2,6,6,1,19,6,1,1,8,1,19,6,107,111,107,31,24,0,0,0,0,0,0
txn_05598,0,4,2,297,0,0,0,2,2,1,1,2,1,2,1,0,0,0,0,2,1,302,303,302,100,3,0,0,0,0,0,0
txn_07368,5,20,16,73,1,2,2,8,12,8,8,8,7,12,8,1,2,5,11,12,8,110,114,110,40,18,0,0,0,0,0,0
txn_06073,5,16,20,35,2,1,2,6,10,7,13,6,6,10,13,2,1,12,6,10,13,73,76,73,24,22,0,0,0,0,0,0
txn_06788,3,19,12,152,1,1,1,7,12,5,7,6,4,12,6,1,1,6,4,12,6,180,186,180,61,17,0,0,0,0,0,0
txn_01786,4,6,12,543,1,1,2,3,3,4,8,2,3,3,7,1,1,2,3,3,7,557,565,557,198,9,0,0,0,0,0,0
txn_09683,4,16,3,545,1,1,2,6,10,1,2,5,0,10,2,1,0,5,0,10,2,562,568,562,200,10,0,0,0,0,0,0
txn_03112,6,18,7,313,1,1,4,6,12,2,5,5,1,12,5,1,1,5,1,12,5,335,344,335,117,13,0,0,0,0,0,0
txn_04686,7,12,16,334,2,2,3,4,8,5,11,3,4,8,11,2,1,8,4,8,11,365,369,365,125,19,0,0,0,0,0,0
txn_05806,11,9,7,185,3,3,5,4,5,3,4,3,2,5,4,3,3,17,7,5,4,206,212,206,68,11,0,0,0,0,0,0
txn_09000,3,15,20,531,1,1,1,8,7,7,13,8,7,7,12,1,1,2,1,7,12,565,569,565,207,20,0,0,0,0,0,0
txn_05956,9,26,9,35,1,2,6,8,18,3,6,7,2,18,6,1,2,7,3,18,6,67,79,67,21,19,0,0,0,0,0,0
txn_03868,10,27,13,220,3,1,6,11,16,4,9,10,3,16,9,3,1,21,3,16,9,256,270,256,89,20,0,0,0,0,0,0
txn_09219,9,21,8,188,2,2,5,7,14,3,5,6,2,14,5,2,2,14,6,14,5,221,226,221,72,20,0,0,0,0,0,0
txn_04042,6,17,13,87,2,2,2,7,10,5,8,6,4,10,8,2,2,14,9,10,8,117,123,117,39,15,0,0,0,0,0,0
txn_01627,5,47,7,136,1,2,2,25,22,3,4,24,2,21,4,1,2,24,6,21,4,188,195,188,71,24,0,0,0,0,0,0
txn_04804,3,22,17,73,1,1,1,9,13,8,9,8,7,13,9,1,1,8,7,13,9,111,115,111,40,20,0,0,0,0,0,0
txn_06948,3,20,4,333,1,1,1,7,13,2,2,7,2,13,2,1,1,8,2,13,2,359,360,359,125,15,0,0,0,0,0,0
txn_08784,5,10,6,191,2,1,2,4,6,2,4,3,1,6,4,2,1,12,1,6,4,206,212,206,68,8,0,0,0,0,0,0
txn_05136,6,4,15,128,2,1,3,2,2,5,10,1,4,2,10,2,1,9,4,2,10,148,153,148,48,11,0,0,0,0,0,0
txn_08275,4,10,8,150,1,1,2,4,6,3,5,4,2,6,5,1,1,4,2,6,5,169,172,169,57,10,0,0,0,0,0,0
txn_00684,0,11,9,103,0,0,0,4,7,3,6,4,3,7,6,0,0,0,0,7,6,121,123,121,42,11,0,0,0,0,0,0
txn_08095,7,15,14,153,2,2,3,6,9,4,10,5,4,9,10,2,2,10,5,9,10,186,189,186,60,20,0,0,0,0,0,0
txn_07184,3,20,2,118,1,1,1,8,12,1,1,7,1,12,1,1,1,7,1,12,1,142,143,142,48,13,0,0,0,0,0,0
txn_03570,7,14,9,156,2,2,3,6,8,2,7,5,2,8,7,2,2,12,6,8,7,182,186,182,60,15,0,0,0,0,0,0
txn_08802,5,13,6,153,1,2,2,6,7,3,3,5,2,7,3,1,2,5,3,7,3,173,177,173,59,9,0,0,0,0,0,0
txn_06830,8,16,16,276,2,2,4,6,10,6,10,5,5,10,10,2,2,12,7,10,10,307,316,307,95,18,0,0,0,0,0,0
txn_01603,6,16,5,154,2,2,2,5,11,2,3,4,1,11,3,2,2,13,4,11,3,178,181,178,58,14,0,0,0,0,0,0
txn_05359,5,18,15,77,2,1,2,7,11,6,9,6,5,11,9,2,1,11,5,11,9,110,115,110,36,18,0,0,0,0,0,0
txn_08564,3,16,11,548,1,1,1,6,10,6,5,6,6,10,5,1,1,3,3,10,5,577,578,577,209,15,0,0,0,0,0,0
txn_05502,3,12,8,111,1,1,1,5,7,4,4,4,3,7,4,1,1,4,3,7,4,131,134,131,45,10,0,0,0,0,0,0
txn_09841,3,22,9,192,1,1,1,8,14,4,5,7,3,14,5,1,1,7,3,14,5,222,226,222,77,17,0,0,0,0,0,0
txn_03673,5,23,13,232,2,1,2,7,16,4,9,6,3,16,9,2,1,12,3,16,9,265,273,265,86,21,0,0,0,0,0,0
txn_09556,8,26,19,249,2,2,4,8,18,7,12,7,6,18,12,2,2,12,12,18,12,293,302,293,98,28,0,0,0,0,0,0
txn_09938,8,20,19,80,1,3,4,8,12,6,13,7,5,12,13,1,3,7,15,12,13,118,127,118,39,21,0,0,0,0,0,0
txn_09372,11,19,10,106,3,3,5,7,12,4,6,6,3,12,6,3,3,17,8,12,6,138,146,138,44,19,0,0,0,0,0,0
txn_06822,7,10,9,192,1,3,3,3,7,4,5,2,3,7,5,1,3,2,12,7,5,212,218,212,71,10,0,0,0,0,0,0
txn_02720,7,10,11,163,1,3,3,4,6,3,8,3,2,6,8,1,2,3,5,6,8,184,191,184,60,11,0,0,0,0,0,0
txn_02457,11,8,6,337,3,4,4,4,4,2,4,3,1,4,4,3,4,14,16,4,4,355,362,355,122,8,0,0,0,0,0,0
txn_07525,3,10,5,300,1,1,1,4,6,2,3,4,2,6,3,1,1,5,1,6,3,318,318,318,105,10,0,0,0,0,0,0
txn_07398,8,7,13,156,2,2,4,2,5,5,8,2,4,5,8,2,2,9,7,5,8,180,184,180,59,14,0,0,0,0,0,0
txn_03724,7,29,9,163,1,2,4,11,18,4,5,10,3,18,5,1,2,10,4,18,5,198,208,198,68,19,0,0,0,0,0,0
txn_04598,6,15,15,102,1,2,3,4,11,5,10,3,4,11,10,1,2,3,5,11,10,131,138,131,42,18,0,0,0,0,0,0
txn_02169,4,17,0,340,1,1,2,6,11,0,0,5,0,11,0,1,1,5,7,11,0,359,361,359,124,11,0,0,0,0,0,0
txn_02135,4,20,9,551,1,1,2,8,12,4,5,7,3,12,5,1,1,7,3,12,5,576,584,576,207,13,0,0,0,0,0,0
txn_04194,3,18,8,191,1,1,1,9,9,4,4,8,3,9,4,1,1,8,3,9,4,217,220,217,76,12,0,0,0,0,0,0
txn_09675,5,19,4,166,2,1,2,6,13,2,2,5,2,13,2,2,1,12,3,13,2,193,194,193,63,16,0,0,0,0,0,0
txn_08210,8,21,15,290,1,3,4,7,14,4,11,6,3,14,11,1,3,6,10,14,11,325,334,325,101,23,0,0,0,0,0,0
txn_02646,3,15,9,279,1,1,1,8,7,3,6,8,2,6,5,1,1,5,2,6,5,300,306,300,95,12,0,0,0,0,0,0
txn_01993,6,18,19,264,1,2,3,6,12,8,11,5,7,12,11,1,1,5,7,12,11,300,307,300,104,20,0,0,0,0,0,0
txn_03440,0,26,13,102,0,0,0,9,17,6,7,9,6,17,7,0,0,0,0,17,7,139,141,139,49,22,0,0,0,0,0,0
txn_08503,5,15,16,113,1,1,3,5,10,6,10,4,5,10,10,1,1,4,5,10,10,141,149,141,48,16,0,0,0,0,0,0
txn_02056,8,18,21,156,2,2,4,7,11,6,15,6,5,11,15,2,2,10,7,11,15,194,203,194,64,22,0,0,0,0,0,0
txn_09951,5,14,22,314,1,2,2,6,8,6,16,5,6,8,16,1,2,5,4,8,16,350,355,350,120,21,0,0,0,0,0,0
txn_07248,6,27,10,194,2,1,3,11,16,3,7,10,2,15,7,2,1,20,2,15,7,228,237,228,76,21,0,0,0,0,0,0
txn_05418,4,19,13,337,1,1,2,7,12,5,8,6,4,12,8,1,1,6,4,12,8,366,373,366,128,17,0,0,0,0,0,0
txn_08340,9,15,7,42,3,2,4,5,10,3,4,4,2,10,4,3,2,17,4,10,4,68,73,68,20,14,0,0,0,0,0,0
txn_07528,9,23,15,196,2,3,4,9,14,5,10,8,4,14,10,2,3,14,10,14,10,233,243,233,79,20,0,0,0,0,0,0
txn_08823,3,13,2,94,1,1,1,6,7,1,1,5,1,7,1,1,1,5,1,7,1,111,112,111,38,8,0,0,0,0,0,0
txn_01047,3,10,2,286,1,1,1,4,6,1,1,4,1,6,1,1,1,6,3,6,1,299,301,299,103,7,0,0,0,0,0,0
txn_03181,5,11,9,123,1,1,3,3,8,3,6,2,2,8,6,1,1,2,2,8,6,140,148,140,47,10,0,0,0,0,0,0
txn_04894,15,12,18,53,4,4,7,5,7,10,8,5,9,7,7,4,4,22,13,7,7,86,98,86,28,17,0,0,0,0,0,0
txn_06542,6,13,16,113,2,1,3,5,8,5,11,4,4,8,10,2,1,6,4,8,10,140,148,140,46,17,0,0,0,0,0,0
txn_06848,5,11,9,194,2,1,2,5,6,4,5,4,3,6,5,2,1,6,3,6,5,215,219,215,73,10,0,0,0,0,0,0
txn_05430,8,19,10,114,1,2,5,6,13,4,6,5,4,12,6,1,2,5,5,12,6,142,151,142,47,18,0,0,0,0,0,0
txn_06800,0,11,8,195,0,0,0,3,8,3,5,3,3,7,5,0,0,0,0,7,5,213,214,213,72,13,0,0,0,0,0,0
txn_00125,4,16,5,252,1,1,2,5,11,2,3,4,2,11,3,1,1,4,2,11,3,274,277,274,93,13,0,0,0,0,0,0
txn_06328,7,5,16,36,3,1,3,2,3,5,11,1,4,3,11,3,1,10,4,3,11,59,64,59,17,13,0,0,0,0,0,0
txn_07773,8,16,9,293,2,3,3,6,10,3,6,5,2,9,6,2,3,8,8,9,6,318,326,318,100,15,0,0,0,0,0,0
txn_03302,6,16,9,255,2,1,3,6,10,3,6,5,3,10,5,2,1,7,4,10,5,282,286,282,95,16,0,0,0,0,0,0
txn_03702,6,23,13,27,2,1,3,8,15,3,10,7,2,15,10,2,1,13,2,15,10,62,69,62,18,22,0,0,0,0,0,0
txn_01982,0,24,9,257,0,0,0,8,16,4,5,8,4,16,5,0,0,0,0,16,5,289,290,289,101,20,0,0,0,0,0,0
txn_07000,4,10,0,316,1,1,2,4,6,0,0,3,0,6,0,1,1,3,3,6,0,328,330,328,115,6,0,0,0,0,0,0
txn_08395,7,24,6,235,1,2,4,7,17,2,4,6,1,16,3,1,2,6,3,16,3,262,272,262,85,19,0,0,0,0,0,0
txn_09202,6,23,8,90,2,1,3,10,13,3,5,9,2,12,5,2,1,20,2,12,5,120,127,120,40,17,0,0,0,0,0,0
txn_00476,3,23,7,181,1,1,1,11,12,2,5,10,2,11,4,1,1,10,4,11,4,206,214,206,72,14,0,0,0,0,0,0
txn_02451,3,8,8,151,1,1,1,3,5,4,4,3,3,5,4,1,1,10,3,5,4,169,170,169,57,9,0,0,0,0,0,0
txn_07459,7,28,12,197,2,2,3,11,17,5,7,10,4,17,7,2,2,16,7,17,7,238,244,238,82,23,0,0,0,0,0,0
txn_03454,5,21,8,317,1,1,3,7,14,3,5,6,2,14,4,1,1,6,2,14,4,341,351,341,116,16,0,0,0,0,0,0
txn_05140,4,8,14,199,1,1,2,2,6,5,9,2,4,6,9,1,1,8,4,6,9,223,225,223,74,15,0,0,0,0,0,0
txn_04298,4,23,21,554,1,1,2,8,15,6,15,7,5,15,15,1,1,7,5,15,15,591,602,591,210,23,0,0,0,0,0,0
txn_04014,12,34,4,195,2,3,7,13,21,1,3,12,0,21,3,2,1,16,3,21,3,238,245,238,80,25,0,0,0,0,0,0
txn_09778,3,3,20,154,1,1,1,1,2,7,13,1,7,1,12,1,1,6,2,1,12,177,180,177,58,15,0,0,0,0,0,0
txn_09407,5,20,2,202,1,2,2,8,12,1,1,7,0,12,1,1,1,7,3,12,1,225,229,225,76,12,0,0,0,0,0,0
txn_01060,0,14,17,182,0,0,0,5,9,6,11,5,6,8,11,0,0,0,0,8,11,211,213,211,73,19,0,0,0,0,0,0
txn_04993,6,28,14,96,2,1,3,11,17,5,9,10,4,17,9,2,1,12,4,17,9,138,144,138,47,24,0,0,0,0,0,0
txn_07747,4,19,9,159,1,1,2,9,10,4,5,8,3,9,5,1,1,8,3,9,5,184,191,184,64,13,0,0,0,0,0,0
txn_02420,3,32,2,128,1,1,1,12,20,1,1,11,1,20,1,1,1,11,3,20,1,164,165,164,55,21,0,0,0,0,0,0
txn_08431,3,8,5,198,1,1,1,3,5,2,3,3,1,5,3,1,1,9,1,5,3,213,214,213,73,8,0,0,0,0,0,0
txn_06978,7,22,8,201,1,2,4,8,14,3,5,7,2,13,4,1,2,7,4,13,4,226,238,226,78,15,0,0,0,0,0,0
txn_02822,6,23,5,157,2,2,2,8,15,2,3,7,1,15,3,2,2,11,4,15,3,187,191,187,62,17,0,0,0,0,0,0
txn_00788,7,17,6,184,2,2,3,5,12,2,4,4,1,12,4,2,2,13,4,12,4,209,214,209,69,15,0,0,0,0,0,0
txn_08839,5,34,8,319,1,2,2,9,25,4,4,8,3,25,4,1,2,8,5,25,4,359,366,359,121,26,0,0,0,0,0,0
txn_09693,6,12,13,294,2,2,2,5,7,5,8,4,4,7,8,2,2,11,7,7,8,322,325,322,102,15,0,0,0,0,0,0
txn_03939,7,19,8,340,1,1,5,6,13,2,6,5,1,13,6,1,1,5,1,13,6,363,374,363,126,14,0,0,0,0,0,0
txn_01404,6,17,15,76,1,1,4,5,12,5,10,4,4,12,10,1,1,4,4,12,10,104,114,104,34,17,0,0,0,0,0,0
txn_09705,6,13,3,222,1,2,3,5,8,1,2,4,0,8,2,1,1,4,4,8,2,238,244,238,81,8,0,0,0,0,0,0
txn_07415,3,6,12,187,1,1,1,2,4,5,7,2,4,4,7,1,1,5,4,4,7,205,208,205,71,10,0,0,0,0,0,0
txn_00522,7,9,19,159,2,2,3,4,5,6,13,3,5,5,13,2,2,21,12,5,13,190,194,190,62,18,0,0,0,0,0,0
txn_09507,8,11,2,223,3,2,3,5,6,1,1,4,1,6,1,3,2,13,5,6,1,242,244,242,81,9,0,0,0,0,0,0
txn_04564,10,33,7,159,2,2,6,12,21,3,4,11,2,20,4,2,2,15,3,20,4,200,209,200,66,25,0,0,0,0,0,0
txn_04948,4,12,14,352,1,1,2,6,6,5,9,5,4,6,9,1,1,5,4,6,9,376,382,376,127,13,0,0,0,0,0,0
txn_08280,3,19,11,319,1,1,1,6,13,4,7,6,3,12,7,1,1,6,3,12,7,349,352,349,121,19,0,0,0,0,0,0
txn_05756,0,12,8,343,0,0,0,5,7,3,5,5,3,7,5,0,0,0,0,7,5,360,363,360,127,10,0,0,0,0,0,0
txn_02400,10,21,17,162,3,2,5,8,13,3,14,7,2,13,14,3,2,14,3,13,14,200,210,200,69,23,0,0,0,0,0,0
txn_06569,3,17,7,142,1,1,1,8,9,3,4,7,2,8,4,1,1,7,2,8,4,162,169,162,55,11,0,0,0,0,0,0
txn_02889,0,19,20,355,0,0,0,7,12,5,15,7,5,12,14,0,0,0,0,12,14,389,394,389,131,23,0,0,0,0,0,0
txn_09104,7,15,16,171,2,1,4,6,9,5,11,5,4,8,11,2,1,7,4,8,11,199,209,199,66,17,0,0,0,0,0,0
txn_03951,7,9,3,205,1,2,4,2,7,1,2,1,0,7,2,1,1,1,3,7,2,217,224,217,71,7,0,0,0,0,0,0
txn_08985,7,15,13,289,2,2,3,6,9,5,8,5,4,9,8,2,1,9,4,9,8,319,324,319,108,17,0,0,0,0,0,0
txn_07449,8,12,7,297,2,3,3,4,8,3,4,3,2,8,4,2,3,10,6,8,4,320,324,320,99,13,0,0,0,0,0,0
txn_02143,3,4,10,557,1,1,1,2,2,3,7,1,2,1,7,1,1,1,2,1,7,569,574,569,202,8,0,0,0,0,0,0
txn_01266,3,7,4,48,1,1,1,3,4,2,2,3,1,4,2,1,1,6,1,4,2,61,62,61,20,6,0,0,0,0,0,0
txn_07785,7,16,19,292,1,2,4,7,9,7,12,7,6,9,12,1,1,6,6,9,12,328,334,328,114,19,0,0,0,0,0,0
txn_07402,0,12,8,108,0,0,0,5,7,3,5,5,3,7,5,0,0,0,0,7,5,128,128,128,44,12,0,0,0,0,0,0
txn_04056,5,11,12,346,1,1,3,4,7,4,8,3,3,7,8,1,1,3,3,7,8,367,374,367,127,12,0,0,0,0,0,0
txn_06672,3,12,10,164,1,1,1,4,8,4,6,4,4,8,6,1,0,7,0,8,6,187,189,187,62,14,0,0,0,0,0,0
txn_02918,7,27,10,206,2,2,3,11,16,4,6,10,3,16,6,2,2,15,8,16,6,243,250,243,83,20,0,0,0,0,0,0
txn_03110,7,18,9,295,2,2,3,7,11,3,6,6,2,11,6,2,2,9,6,11,6,323,329,323,109,16,0,0,0,0,0,0
txn_05428,7,20,9,209,2,1,4,6,14,3,6,5,2,13,5,2,1,8,2,13,5,233,245,233,77,16,0,0,0,0,0,0
txn_03042,0,13,3,201,0,0,0,6,7,1,2,6,1,7,2,0,0,0,0,7,2,217,217,217,77,9,0,0,0,0,0,0
txn_07271,4,16,12,357,1,1,2,6,10,4,8,5,3,10,7,1,1,5,3,10,7,380,389,380,127,15,0,0,0,0,0,0
txn_03493,3,26,14,81,1,1,1,12,14,5,9,11,4,14,9,1,1,11,4,14,9,118,124,118,43,19,0,0,0,0,0,0
txn_09428,5,17,19,223,2,1,2,6,11,7,12,5,6,11,12,2,1,10,6,11,12,257,264,257,87,21,0,0,0,0,0,0
txn_00742,4,19,10,116,1,1,2,6,13,3,7,5,2,13,7,1,1,5,2,13,7,143,149,143,46,18,0,0,0,0,0,0
txn_05201,10,22,9,533,2,2,6,7,15,3,6,6,2,14,5,2,2,14,7,14,5,560,574,560,200,21,0,0,0,0,0,0
txn_04350,13,11,9,161,5,5,3,5,6,4,5,4,3,6,5,5,5,25,16,6,5,189,194,189,62,10,0,0,0,0,0,0
txn_07609,7,16,18,104,2,2,3,6,10,6,12,5,6,10,12,2,2,10,20,10,12,143,145,143,46,23,0,0,0,0,0,0
txn_08494,6,17,4,131,2,2,2,8,9,2,2,7,1,9,2,2,1,12,1,9,2,155,158,155,52,11,0,0,0,0,0,0
txn_04502,12,26,13,90,1,3,8,9,17,5,8,8,4,17,8,1,3,8,16,17,8,126,141,126,41,20,0,0,0,0,0,0
txn_07220,3,16,8,343,1,1,1,6,10,2,6,5,1,10,6,1,1,5,1,10,6,366,370,366,127,14,0,0,0,0,0,0
txn_03916,6,27,2,235,2,2,2,10,17,1,1,9,1,17,1,2,2,20,5,17,1,269,270,269,89,19,0,0,0,0,0,0
txn_08363,6,15,13,336,2,1,3,4,11,4,9,3,3,11,9,2,1,7,3,11,9,362,370,362,123,16,0,0,0,0,0,0
txn_06629,7,20,12,298,2,2,3,7,13,5,7,6,4,12,7,2,2,12,5,12,7,330,337,330,112,19,0,0,0,0,0,0
txn_03151,7,19,10,158,1,3,3,6,13,5,5,5,4,12,5,1,3,5,9,12,5,187,194,187,66,17,0,0,0,0,0,0
txn_00689,8,12,8,303,2,2,4,4,8,3,5,3,2,8,5,2,2,7,4,8,5,326,331,326,105,13,0,0,0,0,0,0
txn_00884,8,12,6,300,2,2,4,4,8,2,4,4,1,8,4,2,2,26,4,8,4,324,326,324,109,14,0,0,0,0,0,0
txn_01799,4,11,15,252,1,1,2,3,8,4,11,3,3,8,10,1,1,7,3,8,10,277,282,277,92,18,0,0,0,0,0,0
txn_06914,6,18,5,266,1,2,3,7,11,2,3,6,1,11,3,1,2,6,2,11,3,290,295,290,101,13,0,0,0,0,0,0
txn_00040,6,19,11,534,1,1,4,7,12,3,8,6,2,11,7,1,1,6,2,11,7,555,570,555,201,15,0,0,0,0,0,0
txn_07509,5,21,17,346,1,2,2,8,13,6,11,8,5,12,10,1,2,8,6,12,10,380,389,380,133,21,0,0,0,0,0,0
txn_00597,9,9,12,155,2,1,6,4,5,3,9,3,2,5,8,2,1,8,2,5,8,172,185,172,57,12,0,0,0,0,0,0
txn_03753,5,33,9,47,2,1,2,14,19,4,5,13,4,19,5,2,1,22,3,19,5,90,94,90,33,22,0,0,0,0,0,0
txn_00028,5,31,9,321,2,1,2,13,18,4,5,12,3,18,5,2,1,21,3,18,5,360,366,360,129,21,0,0,0,0,0,0
txn_07268,6,9,9,190,1,2,3,3,6,3,6,3,2,6,6,1,2,4,3,6,6,211,214,211,71,12,0,0,0,0,0,0
txn_05075,8,32,7,280,2,3,3,13,19,3,4,12,2,18,4,2,3,18,8,18,4,320,327,320,102,22,0,0,0,0,0,0
txn_02670,9,22,20,303,1,3,5,8,14,6,14,7,5,14,14,1,3,7,15,14,14,341,354,341,115,23,0,0,0,0,0,0
txn_00253,5,6,5,121,2,1,2,3,3,2,3,3,1,3,3,2,1,17,1,3,3,135,137,135,45,6,0,0,0,0,0,0
txn_06739,9,20,10,160,3,2,4,6,14,4,6,5,3,14,6,3,2,13,6,14,6,192,199,192,67,18,0,0,0,0,0,0
txn_05628,3,16,8,138,1,1,1,6,10,4,4,5,3,10,4,1,1,5,3,10,4,161,165,161,55,12,0,0,0,0,0,0
txn_06221,4,18,18,282,1,1,2,6,12,8,10,5,7,12,10,1,1,5,7,12,10,315,322,315,102,18,0,0,0,0,0,0
txn_07684,3,14,17,226,1,1,1,5,9,6,11,4,5,9,10,1,1,4,5,9,10,254,260,254,85,18,0,0,0,0,0,0
txn_07093,6,9,14,92,2,2,2,4,5,6,8,3,5,5,8,2,2,9,8,5,8,118,121,118,39,13,0,0,0,0,0,0
txn_04410,13,13,22,54,5,2,6,6,7,8,14,6,8,7,14,5,2,33,11,7,14,93,102,93,30,22,0,0,0,0,0,0
txn_06094,3,21,6,117,1,1,1,5,16,3,3,5,2,16,3,1,1,4,2,16,3,144,147,144,46,17,0,0,0,0,0,0
txn_04817,3,24,9,254,1,1,1,7,17,4,5,6,3,17,5,1,1,6,3,17,5,286,290,286,96,21,0,0,0,0,0,0
txn_01811,5,30,7,144,1,1,3,11,19,2,5,10,1,19,5,1,1,10,1,19,5,178,186,178,60,20,0,0,0,0,0,0
txn_04935,0,15,4,131,0,0,0,4,11,2,2,4,2,11,2,0,0,0,0,11,2,149,150,149,50,12,0,0,0,0,0,0
txn_02855,6,17,11,269,2,2,2,6,11,5,6,5,4,10,6,2,2,8,7,10,6,296,303,296,103,15,0,0,0,0,0,0
txn_04853,8,16,4,80,2,3,3,9,7,2,2,9,2,7,2,2,3,20,6,7,2,105,108,105,36,10,0,0,0,0,0,0
txn_05978,7,26,12,160,2,2,3,10,16,4,8,9,4,16,8,2,2,13,6,16,8,198,205,198,65,23,0,0,0,0,0,0
txn_09966,8,28,11,232,2,2,4,11,17,4,7,10,3,17,7,2,2,15,8,17,7,271,279,271,94,21,0,0,0,0,0,0
txn_06670,5,14,7,235,2,1,2,6,8,3,4,5,2,8,4,2,1,8,2,8,4,257,261,257,89,11,0,0,0,0,0,0
txn_09287,8,18,7,306,2,2,4,5,13,2,5,4,1,12,5,2,2,13,5,12,5,330,339,330,110,16,0,0,0,0,0,0
txn_04858,3,25,19,339,1,1,1,9,16,7,12,9,6,16,12,1,1,4,6,16,12,380,386,380,133,23,0,0,0,0,0,0
txn_08864,10,10,8,209,3,3,4,4,6,3,5,3,2,6,5,3,3,13,8,6,5,234,237,234,76,13,0,0,0,0,0,0
txn_00321,0,29,5,324,0,0,0,11,18,2,3,11,2,17,3,0,0,0,0,17,3,355,358,355,126,20,0,0,0,0,0,0
txn_04419,11,19,10,84,1,3,7,5,14,4,6,4,3,14,6,1,3,4,8,14,6,113,124,113,36,17,0,0,0,0,0,0
txn_04174,9,18,8,165,3,2,4,6,12,3,5,5,2,12,5,3,2,19,6,12,5,194,200,194,68,16,0,0,0,0,0,0
txn_02964,3,22,3,200,1,1,1,8,14,1,2,7,1,14,2,1,1,7,2,14,2,226,228,226,77,15,0,0,0,0,0,0
txn_09164,7,15,8,238,1,2,4,5,10,3,5,4,2,10,5,1,2,4,9,10,5,259,268,259,89,11,0,0,0,0,0,0
txn_00720,8,25,9,559,3,2,3,8,17,3,6,7,2,16,5,3,2,22,4,16,5,592,601,592,209,23,0,0,0,0,0,0
txn_07594,5,21,17,226,1,1,3,8,13,4,13,7,3,13,13,1,1,7,3,13,13,261,269,261,88,23,0,0,0,0,0,0
txn_06130,5,9,7,347,1,2,2,3,6,2,5,3,2,6,5,1,2,6,5,6,5,365,368,365,127,11,0,0,0,0,0,0
txn_03559,9,27,7,229,2,3,4,10,17,3,4,9,2,17,4,2,3,13,10,17,4,265,272,265,91,20,0,0,0,0,0,0
txn_04669,7,14,10,534,2,2,3,5,9,4,6,4,3,9,6,2,2,7,5,9,6,561,565,561,203,15,0,0,0,0,0,0
txn_01640,3,16,7,163,1,1,1,7,9,3,4,6,2,9,4,1,1,6,2,9,4,185,189,185,64,11,0,0,0,0,0,0
txn_06647,4,16,9,559,1,1,2,6,10,2,7,6,1,9,6,1,1,3,1,9,6,580,588,580,206,15,0,0,0,0,0,0
txn_09369,3,13,6,126,1,1,1,3,10,3,3,3,2,10,3,1,1,7,2,10,3,147,148,147,49,13,0,0,0,0,0,0
txn_05775,9,15,16,105,2,2,5,4,11,7,9,4,6,10,9,2,2,12,12,10,9,138,145,138,44,19,0,0,0,0,0,0
txn_09324,9,23,6,285,2,2,5,6,17,2,4,5,1,17,4,2,2,11,5,17,4,316,323,316,97,20,0,0,0,0,0,0
txn_02938,5,19,13,326,1,1,3,6,13,5,8,5,4,13,8,1,1,5,4,13,8,356,363,356,125,18,0,0,0,0,0,0
txn_03364,4,16,2,300,1,1,2,5,11,1,1,5,1,11,1,1,0,5,0,11,1,320,322,320,102,13,0,0,0,0,0,0
txn_00029,5,28,6,559,1,1,3,10,18,2,4,10,1,18,4,1,1,4,1,18,4,594,598,594,212,21,0,0,0,0,0,0
txn_09794,8,24,5,42,1,3,4,9,15,2,3,8,1,15,3,1,3,8,4,15,3,73,79,73,23,17,0,0,0,0,0,0
txn_07986,5,23,7,99,2,1,2,8,15,3,4,7,2,15,4,2,1,12,2,15,4,129,134,129,43,17,0,0,0,0,0,0
txn_02208,7,17,7,226,2,2,3,6,11,3,4,6,2,11,4,2,2,11,6,11,4,252,257,252,86,16,0,0,0,0,0,0
txn_04908,6,20,4,97,2,2,2,9,11,2,2,9,1,11,2,2,2,9,4,11,2,125,127,125,43,13,0,0,0,0,0,0
txn_02194,7,14,13,241,2,2,3,6,8,6,7,5,6,8,7,2,2,17,4,8,7,273,275,273,95,16,0,0,0,0,0,0
txn_02099,8,16,20,123,1,3,4,5,11,8,12,5,7,11,12,1,3,3,13,11,12,158,167,158,55,19,0,0,0,0,0,0
txn_01076,8,22,12,359,2,2,4,9,13,3,9,9,2,13,9,2,2,12,4,13,9,395,401,395,133,20,0,0,0,0,0,0
txn_03688,7,35,14,350,2,2,3,13,22,4,10,12,3,22,10,2,2,19,6,22,10,400,406,400,139,30,0,0,0,0,0,0
txn_02332,3,22,5,56,1,1,1,7,15,2,3,6,2,15,3,1,1,6,4,15,3,84,86,84,26,17,0,0,0,0,0,0
txn_04981,10,15,15,562,2,2,6,5,10,5,10,4,4,10,9,2,2,11,7,10,9,587,602,587,207,18,0,0,0,0,0,0
txn_02087,7,13,11,113,2,2,3,5,8,4,7,4,3,8,7,2,2,11,4,8,7,141,144,141,45,16,0,0,0,0,0,0
txn_04646,4,13,3,102,1,1,2,6,7,1,2,5,1,7,1,1,1,5,3,7,1,118,122,118,40,8,0,0,0,0,0,0
txn_01049,3,13,16,563,1,1,1,6,7,6,10,5,5,7,9,1,1,5,5,7,9,589,595,589,211,15,0,0,0,0,0,0
txn_05128,7,15,2,537,1,3,3,5,10,1,1,4,0,9,1,1,2,4,6,9,1,551,561,551,199,10,0,0,0,0,0,0
txn_09854,9,19,17,203,2,2,5,7,12,6,11,6,5,11,10,2,2,12,7,11,10,235,248,235,79,20,0,0,0,0,0,0
txn_07556,6,11,11,78,1,2,3,5,6,3,8,5,2,5,8,1,2,10,4,5,8,103,106,103,32,15,0,0,0,0,0,0
txn_04685,0,20,20,138,0,0,0,6,14,8,12,6,8,14,12,0,0,0,0,14,12,177,178,177,61,25,0,0,0,0,0,0
txn_06069,6,30,20,141,2,1,3,12,18,7,13,11,6,18,13,2,1,15,6,18,13,189,197,189,65,27,0,0,0,0,0,0
txn_05513,7,18,3,212,2,2,3,6,12,1,2,5,0,12,2,2,1,10,1,12,2,234,240,234,77,13,0,0,0,0,0,0
txn_03241,0,13,20,77,0,0,0,5,8,6,14,5,6,8,14,0,0,0,0,8,14,109,110,109,37,21,0,0,0,0,0,0
txn_04302,7,19,9,105,2,2,3,8,11,3,6,8,2,11,6,2,2,9,4,11,6,135,140,135,45,17,0,0,0,0,0,0
txn_06897,7,10,6,238,2,2,3,3,7,2,4,3,1,7,4,2,2,10,7,7,4,258,261,258,84,11,0,0,0,0,0,0
txn_09761,8,7,10,241,1,1,6,1,6,3,7,0,2,6,7,0,1,0,2,6,7,253,266,253,83,7,0,0,0,0,0,0
txn_01018,7,17,16,156,2,2,3,6,11,6,10,5,5,11,10,2,2,11,6,11,10,189,196,189,64,18,0,0,0,0,0,0
txn_09354,4,6,17,24,1,1,2,2,4,5,12,1,4,4,12,1,1,1,4,4,12,46,51,46,13,14,0,0,0,0,0,0
txn_05737,8,23,23,119,2,2,4,10,13,8,15,9,7,13,15,2,1,21,7,13,15,169,173,169,57,29,0,0,0,0,0,0
txn_06750,7,13,7,107,2,2,3,5,8,2,5,4,1,8,5,2,2,7,2,8,5,129,134,129,41,13,0,0,0,0,0,0
txn_04765,3,26,8,197,1,1,1,9,17,4,4,8,3,17,4,1,1,8,3,17,4,229,234,229,78,18,0,0,0,0,0,0
txn_01504,5,15,4,123,1,2,2,6,9,2,2,5,1,9,2,1,2,5,3,9,2,143,147,143,47,10,0,0,0,0,0,0
txn_06778,9,16,12,215,1,2,6,4,12,4,8,3,3,12,8,1,2,3,6,12,8,241,252,241,79,16,0,0,0,0,0,0
txn_05354,8,25,4,218,2,2,4,8,17,2,2,7,1,16,2,2,2,13,7,16,2,248,255,248,80,20,0,0,0,0,0,0
txn_05340,0,30,7,329,0,0,0,11,19,2,5,11,2,18,5,0,0,0,0,18,5,361,366,361,127,22,0,0,0,0,0,0
txn_09444,0,19,3,322,0,0,0,7,12,1,2,7,1,12,2,0,0,0,0,12,2,343,344,343,120,13,0,0,0,0,0,0
txn_02764,3,17,11,167,1,1,1,7,10,4,7,6,3,9,7,1,1,6,3,9,7,190,198,190,65,13,0,0,0,0,0,0
txn_07210,8,15,18,260,2,1,5,6,9,5,13,5,4,9,13,2,1,7,4,9,13,291,301,291,99,18,0,0,0,0,0,0
txn_01885,8,23,15,228,1,3,4,10,13,5,10,9,4,12,10,1,3,9,11,12,10,263,274,263,90,20,0,0,0,0,0,0
txn_06773,3,16,5,306,1,1,1,5,11,2,3,5,2,11,3,1,1,10,2,11,3,330,330,330,108,15,0,0,0,0,0,0
txn_02876,0,12,10,126,0,0,0,5,7,3,7,5,3,6,7,0,0,0,0,6,7,147,148,147,49,14,0,0,0,0,0,0
txn_03385,5,18,8,565,1,2,2,6,12,3,5,5,3,12,5,1,2,5,6,12,5,593,596,593,210,17,0,0,0,0,0,0
txn_04265,0,5,0,122,0,0,0,2,3,0,0,2,0,3,0,0,0,0,0,3,0,127,127,127,44,3,0,0,0,0,0,0
txn_01952,5,8,7,232,1,1,3,3,5,2,5,2,1,5,5,1,1,2,1,5,5,245,252,245,84,7,0,0,0,0,0,0
txn_00888,3,18,6,538,1,1,1,6,12,2,4,5,2,11,4,1,1,5,2,11,4,560,565,560,202,16,0,0,0,0,0,0
txn_06175,7,15,5,342,2,1,4,5,10,1,4,4,0,10,4,2,0,11,0,10,4,362,369,362,123,12,0,0,0,0,0,0
txn_04579,14,14,16,80,3,4,7,3,11,4,12,2,3,11,12,3,4,13,20,11,12,111,124,111,32,18,0,0,0,0,0,0
txn_01147,8,25,8,331,2,3,3,8,17,3,5,7,2,17,5,2,2,22,5,17,5,366,372,366,127,20,0,0,0,0,0,0
txn_08580,10,27,11,51,1,2,7,8,19,3,8,7,2,19,8,1,2,7,3,19,8,85,99,85,26,21,0,0,0,0,0,0
txn_08156,5,9,17,288,1,2,2,4,5,7,10,3,6,5,10,1,2,3,8,5,10,314,319,314,101,13,0,0,0,0,0,0
txn_07624,7,23,12,204,2,1,4,8,15,4,8,7,3,15,8,2,1,9,3,15,8,236,246,236,81,18,0,0,0,0,0,0
txn_04500,0,12,11,116,0,0,0,5,7,5,6,5,5,7,6,0,0,0,0,7,6,139,139,139,54,13,0,0,0,0,0,0
txn_07832,3,16,6,110,1,1,1,7,9,3,3,6,2,9,3,1,1,6,2,9,3,132,135,132,45,11,0,0,0,0,0,0
txn_02821,4,7,7,155,1,1,2,3,4,3,4,2,2,4,4,1,1,2,2,4,4,168,173,168,57,6,0,0,0,0,0,0
txn_07156,5,25,10,362,1,1,3,10,15,4,6,10,3,14,6,1,1,10,3,14,6,394,402,394,135,18,0,0,0,0,0,0
txn_07291,3,5,10,230,1,1,1,2,3,4,6,2,3,3,5,1,1,6,3,3,5,244,248,244,83,9,0,0,0,0,0,0
txn_03840,5,9,16,166,2,1,2,4,5,6,10,3,5,5,10,2,1,13,5,5,10,189,196,189,65,12,0,0,0,0,0,0
txn_02828,5,22,9,353,1,2,2,8,14,4,5,7,3,14,5,1,2,7,6,14,5,385,389,385,135,18,0,0,0,0,0,0
txn_06916,8,12,4,356,1,2,5,4,8,1,3,3,0,8,3,1,1,3,2,8,3,371,380,371,129,8,0,0,0,0,0,0
txn_07565,9,18,13,244,2,2,5,7,11,5,8,6,4,11,8,2,2,16,7,11,8,274,284,274,92,16,0,0,0,0,0,0
txn_09602,5,8,8,64,1,1,3,3,5,3,5,2,2,4,4,1,1,2,2,4,4,75,85,75,25,7,0,0,0,0,0,0
txn_06366,3,11,7,200,1,1,1,4,7,3,4,3,2,7,4,1,1,3,2,7,4,217,221,217,73,9,0,0,0,0,0,0
txn_03671,0,17,5,568,0,0,0,7,10,2,3,7,2,10,3,0,0,0,0,10,3,590,590,590,213,13,0,0,0,0,0,0
txn_05495,6,15,10,232,1,2,3,6,9,3,7,5,2,9,7,1,2,5,5,9,7,257,263,257,87,14,0,0,0,0,0,0
txn_04079,7,8,14,169,2,1,4,4,4,5,9,3,4,4,9,2,1,8,4,4,9,190,198,190,63,11,0,0,0,0,0,0
txn_09744,5,16,4,571,1,1,3,4,12,2,2,3,2,11,2,1,1,3,5,11,2,589,596,589,209,12,0,0,0,0,0,0
txn_04788,3,28,2,271,1,1,1,10,18,1,1,9,1,18,1,1,1,9,2,18,1,302,304,302,105,19,0,0,0,0,0,0
txn_02695,5,19,20,334,2,1,2,8,11,7,13,7,6,11,12,2,1,12,6,11,12,370,378,370,131,21,0,0,0,0,0,0
txn_08605,5,18,15,115,1,2,2,8,10,7,8,7,6,10,7,1,2,7,11,10,7,145,153,145,51,15,0,0,0,0,0,0
txn_08546,7,10,11,57,1,2,4,3,7,4,7,2,3,7,7,1,2,2,7,7,7,77,85,77,24,12,0,0,0,0,0,0
txn_06213,4,18,38,134,1,1,2,8,10,25,13,7,24,10,13,1,1,7,24,10,13,188,194,188,75,21,0,0,0,0,0,0
txn_09809,3,9,13,120,1,1,1,4,5,5,8,4,4,5,8,1,1,9,4,5,8,143,145,143,47,13,0,0,0,0,0,0
txn_03719,7,24,16,152,2,1,4,9,15,5,11,8,4,15,10,2,1,9,4,15,10,189,199,189,63,23,0,0,0,0,0,0
txn_06154,3,26,4,129,1,1,1,8,18,2,2,7,1,18,2,1,1,7,1,18,2,159,162,159,53,19,0,0,0,0,0,0
txn_08934,7,17,14,161,2,2,3,6,11,3,11,5,2,11,10,2,2,10,3,11,10,192,199,192,61,21,0,0,0,0,0,0
txn_02862,4,17,10,325,1,1,2,8,9,3,7,7,2,8,6,1,1,7,2,8,6,347,356,347,121,13,0,0,0,0,0,0
txn_05468,3,27,9,229,1,1,1,7,20,5,4,7,4,19,4,1,1,2,4,19,4,264,268,264,89,23,0,0,0,0,0,0
txn_02943,9,30,10,126,3,1,5,12,18,3,7,11,2,18,7,3,1,19,2,18,7,162,175,162,55,20,0,0,0,0,0,0
txn_08598,0,14,11,208,0,0,0,5,9,3,8,5,3,9,8,0,0,0,0,9,8,232,233,232,78,17,0,0,0,0,0,0
txn_01193,4,18,8,54,1,1,2,5,13,3,5,4,3,13,5,1,1,4,5,13,5,82,84,82,25,18,0,0,0,0,0,0
txn_04432,8,13,18,225,2,2,4,4,9,5,13,3,4,9,13,2,2,9,6,9,13,258,264,258,85,21,0,0,0,0,0,0
txn_04536,5,47,15,349,1,1,3,25,22,6,9,24,5,22,9,1,1,24,5,22,9,407,416,407,151,26,0,0,0,0,0,0
txn_09677,3,10,20,93,1,1,1,4,6,7,13,3,7,6,13,1,1,3,5,6,13,123,126,123,41,18,0,0,0,0,0,0
txn_05392,6,14,5,228,2,2,2,5,9,2,3,5,1,9,3,2,2,7,4,9,3,251,253,251,85,13,0,0,0,0,0,0
txn_02566,15,14,15,80,4,5,6,5,9,7,8,5,6,9,7,4,4,32,16,9,7,115,124,115,35,20,0,0,0,0,0,0
txn_02423,5,20,11,291,1,1,3,8,12,3,8,7,2,11,8,1,1,7,2,11,8,316,327,316,101,15,0,0,0,0,0,0
txn_01314,7,27,11,128,2,1,4,11,16,3,8,10,2,16,8,2,1,20,2,16,8,165,173,165,55,21,0,0,0,0,0,0
txn_08075,4,16,5,83,1,1,2,7,9,2,3,6,1,9,3,1,1,6,1,9,3,102,108,102,35,9,0,0,0,0,0,0
txn_09656,6,31,13,159,2,1,3,12,19,5,8,11,4,18,7,2,1,15,4,18,7,198,209,198,69,23,0,0,0,0,0,0
txn_00197,10,13,6,76,2,2,6,5,8,2,4,4,1,8,4,2,2,11,3,8,4,99,105,99,31,13,0,0,0,0,0,0
txn_05034,4,26,3,38,1,1,2,11,15,1,2,10,0,15,2,1,0,10,0,15,2,66,71,66,23,15,0,0,0,0,0,0
txn_06891,3,35,10,274,1,1,1,9,26,5,5,9,4,25,5,1,1,7,4,25,5,317,322,317,108,29,0,0,0,0,0,0
txn_07313,10,12,16,244,3,3,4,5,7,6,10,4,5,7,10,3,2,14,7,7,10,275,282,275,93,17,0,0,0,0,0,0
txn_05058,4,24,10,123,1,1,2,8,16,4,6,7,3,16,6,1,1,7,3,16,6,156,161,156,51,20,0,0,0,0,0,0
txn_03511,3,30,12,144,1,1,1,12,18,5,7,11,4,17,6,1,1,11,4,17,6,182,189,182,63,23,0,0,0,0,0,0
txn_06435,7,18,12,231,2,2,3,7,11,3,9,6,2,11,9,2,2,12,4,11,9,259,268,259,88,16,0,0,0,0,0,0
txn_09652,0,10,6,234,0,0,0,4,6,2,4,4,2,6,4,0,0,0,0,6,4,250,250,250,87,10,0,0,0,0,0,0
txn_08261,3,19,8,169,1,1,1,6,13,3,5,6,2,13,5,1,1,1,2,13,5,198,199,198,66,18,0,0,0,0,0,0
txn_02840,9,22,14,539,3,1,5,8,14,4,10,7,3,13,10,3,1,16,3,13,10,569,584,569,204,21,0,0,0,0,0,0
txn_09710,0,22,4,104,0,0,0,9,13,2,2,9,2,13,2,0,0,0,0,13,2,130,130,130,47,15,0,0,0,0,0,0
txn_08944,5,26,2,141,2,1,2,11,15,1,1,10,1,15,1,2,1,12,4,15,1,172,174,172,59,16,0,0,0,0,0,0
txn_09179,3,16,17,541,1,1,1,7,9,6,11,6,5,8,11,1,1,6,5,8,11,570,577,570,208,17,0,0,0,0,0,0
txn_04278,9,11,13,543,3,2,4,5,6,4,9,4,3,6,9,3,2,12,4,6,9,571,576,571,206,16,0,0,0,0,0,0
txn_07635,10,15,7,88,2,2,6,7,8,2,5,7,1,8,5,2,2,11,5,8,5,116,120,116,38,15,0,0,0,0,0,0
txn_07692,3,15,7,573,1,1,1,7,8,3,4,6,3,8,4,1,1,6,1,8,4,595,598,595,214,11,0,0,0,0,0,0
txn_06777,6,12,9,257,1,2,3,3,9,4,5,2,4,9,5,1,2,2,3,9,5,280,284,280,95,13,0,0,0,0,0,0
txn_07555,3,23,20,57,1,1,1,7,16,7,13,6,6,16,13,1,1,6,6,16,13,98,103,98,31,26,0,0,0,0,0,0
txn_04104,4,14,6,308,1,1,2,6,8,2,4,5,1,7,4,1,1,5,1,7,4,325,332,325,112,10,0,0,0,0,0,0
txn_08400,6,36,8,134,1,2,3,16,20,3,5,15,2,19,5,1,2,15,4,19,5,175,184,175,60,23,0,0,0,0,0,0
txn_03403,3,4,12,168,1,1,1,2,2,5,7,2,4,2,7,1,1,4,4,2,7,186,187,186,68,9,0,0,0,0,0,0
txn_09260,4,16,7,169,1,1,2,7,9,3,4,6,2,9,4,1,1,6,2,9,4,189,196,189,65,10,0,0,0,0,0,0
txn_09255,5,16,9,364,2,1,2,5,11,3,6,4,2,11,6,2,1,13,2,11,6,388,394,388,130,15,0,0,0,0,0,0
txn_09745,5,36,7,359,1,2,2,13,23,3,4,12,2,22,4,1,2,12,4,22,4,399,407,399,140,24,0,0,0,0,0,0
txn_04279,3,13,15,95,1,1,1,6,7,7,8,5,6,7,8,1,1,5,6,7,8,122,126,122,43,13,0,0,0,0,0,0
txn_02981,5,19,12,235,1,1,3,5,14,3,9,4,2,14,9,1,1,4,2,14,9,264,271,264,88,20,0,0,0,0,0,0
txn_02787,10,16,9,309,2,3,5,6,10,4,5,5,3,10,5,2,2,12,5,10,5,337,344,337,109,15,0,0,0,0,0,0
txn_01541,6,35,6,144,2,2,2,19,16,3,3,18,2,16,3,2,2,19,3,16,3,187,191,187,69,18,0,0,0,0,0,0
txn_00456,0,16,16,361,0,0,0,6,10,5,11,6,5,10,11,0,0,0,0,10,11,393,393,393,139,21,0,0,0,0,0,0
txn_09153,8,24,7,336,2,2,4,8,16,3,4,7,2,15,4,2,2,12,6,15,4,367,375,367,128,19,0,0,0,0,0,0
txn_04305,7,13,14,87,3,1,3,5,8,5,9,4,4,8,9,3,1,12,4,8,9,116,121,116,38,16,0,0,0,0,0,0
txn_06107,0,13,8,144,0,0,0,5,8,3,5,5,3,8,5,0,0,0,0,8,5,164,165,164,57,12,0,0,0,0,0,0
txn_04909,8,8,7,39,2,2,4,3,5,3,4,3,2,5,4,2,2,15,4,5,4,58,62,58,17,10,0,0,0,0,0,0
txn_09755,0,11,13,163,0,0,0,4,7,3,10,4,3,7,10,0,0,0,0,7,10,185,187,185,62,16,0,0,0,0,0,0
txn_06277,7,19,24,247,2,2,3,8,11,9,15,7,8,11,15,2,2,12,10,11,15,289,297,289,98,22,0,0,0,0,0,0
txn_09440,4,20,8,147,1,1,2,8,12,3,5,7,2,12,5,1,1,7,2,12,5,174,179,174,59,15,0,0,0,0,0,0
txn_07650,3,9,18,107,1,1,1,4,5,6,12,4,5,5,12,1,1,6,5,5,12,134,137,134,44,16,0,0,0,0,0,0
txn_08119,9,19,6,211,2,3,4,7,12,3,3,6,2,12,3,2,3,30,20,12,3,240,245,240,80,15,0,0,0,0,0,0
txn_09415,8,12,14,166,3,2,3,4,8,5,9,3,5,8,9,3,2,18,4,8,9,198,200,198,65,18,0,0,0,0,0,0
txn_07321,3,15,16,33,1,1,1,6,9,5,11,5,5,9,11,1,1,5,1,9,11,65,67,65,21,19,0,0,0,0,0,0
txn_06074,5,21,5,64,2,1,2,7,14,2,3,6,2,14,3,2,1,11,2,14,3,93,95,93,30,17,0,0,0,0,0,0
txn_05936,7,16,22,83,2,1,4,4,12,7,15,3,6,12,15,2,1,10,6,12,15,119,128,119,37,23,0,0,0,0,0,0
txn_07345,3,27,10,303,1,1,1,11,16,5,5,11,4,16,5,1,1,3,4,16,5,341,343,341,112,20,0,0,0,0,0,0
txn_00261,7,25,4,173,1,3,3,7,18,2,2,6,1,17,2,1,3,6,5,17,2,201,209,201,65,18,0,0,0,0,0,0
txn_02545,11,33,22,18,2,2,7,12,21,8,14,11,8,21,14,2,2,15,4,21,14,74,84,74,25,32,0,0,0,0,0,0
txn_01061,9,18,4,203,3,2,4,7,11,2,2,6,1,10,2,3,2,20,2,10,2,227,234,227,75,13,0,0,0,0,0,0
txn_05879,6,28,8,267,1,2,3,10,18,3,5,9,2,18,5,1,2,9,4,18,5,304,309,304,104,22,0,0,0,0,0,0
txn_07805,3,31,13,546,1,1,1,12,19,4,9,11,4,19,9,1,1,11,6,19,9,588,593,588,214,25,0,0,0,0,0,0
txn_03538,3,27,5,205,1,1,1,11,16,2,3,11,1,15,3,1,1,24,1,15,3,236,240,236,81,18,0,0,0,0,0,0
txn_07414,7,14,9,203,2,2,3,5,9,3,6,5,2,8,5,2,2,8,6,8,5,227,233,227,75,15,0,0,0,0,0,0
txn_01062,5,22,7,352,2,1,2,8,14,3,4,7,2,13,4,2,1,10,2,13,4,379,386,379,130,17,0,0,0,0,0,0
txn_01357,3,29,12,98,1,1,1,12,17,5,7,11,4,17,7,1,1,11,4,17,7,139,142,139,48,23,0,0,0,0,0,0
txn_04440,7,18,16,96,1,1,5,5,13,5,11,4,4,13,11,1,1,4,4,13,11,125,137,125,40,18,0,0,0,0,0,0
txn_05172,4,24,21,549,1,1,2,8,16,8,13,7,8,15,12,1,1,7,2,15,12,587,598,587,212,25,0,0,0,0,0,0
txn_01932,6,22,11,60,2,2,2,7,15,4,7,6,3,15,7,2,2,13,5,15,7,96,99,96,29,22,0,0,0,0,0,0
txn_09811,8,9,8,312,2,2,4,4,5,2,6,3,1,4,6,2,2,7,3,4,6,329,337,329,105,11,0,0,0,0,0,0
txn_05961,6,10,17,367,2,1,3,4,6,6,11,3,5,6,10,2,1,13,5,6,10,389,400,389,132,13,0,0,0,0,0,0
txn_07376,8,17,11,306,2,3,3,6,11,5,6,6,4,11,5,2,3,9,7,11,5,336,342,336,105,18,0,0,0,0,0,0
txn_08741,3,18,14,113,1,1,1,7,11,4,10,6,3,11,10,1,1,6,3,11,10,145,148,145,47,20,0,0,0,0,0,0
txn_06561,10,15,13,136,2,3,5,4,11,5,8,4,4,11,8,2,3,15,10,11,8,170,174,170,54,20,0,0,0,0,0,0
txn_07746,6,16,7,364,1,2,3,6,10,3,4,5,2,10,4,1,2,5,3,10,4,387,393,387,136,12,0,0,0,0,0,0
txn_01533,4,9,9,338,1,2,1,4,5,4,5,4,3,5,5,1,2,2,11,5,5,358,360,358,127,10,0,0,0,0,0,0
txn_09971,3,21,17,238,1,1,1,8,13,6,11,7,6,13,10,1,1,7,1,13,10,273,279,273,93,22,0,0,0,0,0,0
txn_05613,3,24,2,154,1,1,1,8,16,1,1,7,0,16,1,1,0,7,0,16,1,180,183,180,60,16,0,0,0,0,0,0
txn_04553,4,23,3,172,1,1,2,10,13,1,2,9,0,13,2,1,0,9,0,13,2,197,202,197,68,13,0,0,0,0,0,0
txn_03441,11,9,7,240,4,3,4,2,7,2,5,1,1,7,5,4,3,24,8,7,5,259,267,259,86,10,0,0,0,0,0,0
txn_00220,4,25,3,368,1,1,2,8,17,1,2,7,0,16,2,1,0,7,0,16,2,393,400,393,131,17,0,0,0,0,0,0
txn_07896,7,16,14,345,1,2,4,6,10,5,9,5,4,10,9,1,2,5,6,10,9,372,382,372,128,15,0,0,0,0,0,0
txn_06885,6,27,8,250,2,1,3,12,15,2,6,11,1,15,6,2,1,16,1,15,6,283,291,283,96,18,0,0,0,0,0,0
txn_09607,10,24,12,263,1,2,7,8,16,4,8,7,3,16,8,1,2,7,7,16,8,297,309,297,101,20,0,0,0,0,0,0
txn_05822,5,14,4,100,1,2,2,6,8,2,2,5,1,7,1,1,2,5,2,7,1,116,123,116,39,9,0,0,0,0,0,0
txn_02870,3,12,2,576,1,1,1,4,8,1,1,4,0,8,1,1,0,5,0,8,1,589,593,589,210,8,0,0,0,0,0,0
txn_05139,9,17,5,266,2,2,5,7,10,2,3,6,2,10,3,2,1,13,6,10,3,292,297,292,100,13,0,0,0,0,0,0
txn_03807,5,22,2,354,2,1,2,8,14,1,1,7,1,14,1,2,1,17,1,14,1,381,383,381,131,16,0,0,0,0,0,0
txn_06656,3,25,7,86,1,1,1,10,15,3,4,9,2,15,4,1,1,9,2,15,4,118,121,118,40,18,0,0,0,0,0,0
txn_08532,5,21,9,157,2,1,2,8,13,3,6,7,2,13,6,2,1,13,2,13,6,187,192,187,63,17,0,0,0,0,0,0
txn_09964,9,21,8,348,3,2,4,6,15,3,5,5,2,14,5,3,2,11,4,14,5,379,386,379,126,21,0,0,0,0,0,0
txn_06174,7,22,18,36,1,1,5,7,15,6,12,6,5,15,12,1,1,6,5,15,12,71,83,71,23,21,0,0,0,0,0,0
txn_02605,4,8,7,107,1,1,2,3,5,2,5,2,1,5,5,1,1,2,1,5,5,120,126,120,40,7,0,0,0,0,0,0
txn_02679,10,22,12,367,2,2,6,8,14,4,8,7,3,14,8,2,2,12,7,14,8,401,411,401,139,22,0,0,0,0,0,0
txn_09566,7,36,18,369,1,2,4,16,20,6,12,15,5,20,11,1,2,15,9,20,11,420,430,420,149,29,0,0,0,0,0,0
txn_07257,7,20,4,163,1,2,4,6,14,2,2,5,1,14,2,1,2,5,2,14,2,187,194,187,66,14,0,0,0,0,0,0
txn_07941,5,13,9,27,1,2,2,5,8,4,5,4,3,8,5,1,2,4,7,8,5,49,54,49,16,11,0,0,0,0,0,0
txn_05892,8,11,16,270,3,1,4,4,7,5,11,3,4,7,11,3,1,12,4,7,11,297,305,297,101,16,0,0,0,0,0,0
txn_03057,0,2,3,243,0,0,0,1,1,1,2,1,1,1,2,0,0,0,0,1,2,248,248,248,87,3,0,0,0,0,0,0
txn_04820,3,13,4,325,1,1,1,4,9,2,2,4,1,9,2,1,1,5,1,9,2,343,345,343,118,10,0,0,0,0,0,0
txn_00639,4,10,15,260,1,1,2,4,6,5,10,4,4,6,10,1,1,6,4,6,10,286,289,286,98,16,0,0,0,0,0,0
txn_06753,3,19,16,81,1,1,1,9,10,5,11,8,5,10,11,1,0,8,0,10,11,118,119,118,40,21,0,0,0,0,0,0
txn_02130,3,19,9,276,1,1,1,6,13,2,7,5,1,13,7,1,1,5,1,13,7,304,307,304,104,19,0,0,0,0,0,0
txn_08457,4,14,8,220,1,1,2,6,8,3,5,5,2,8,5,1,1,5,2,8,5,241,246,241,82,11,0,0,0,0,0,0
txn_05379,7,14,10,204,2,2,3,6,8,4,6,5,3,8,6,2,1,14,3,8,6,231,235,231,79,14,0,0,0,0,0,0
txn_09992,9,19,10,147,2,3,4,6,13,4,6,5,3,13,5,2,3,12,10,13,5,176,185,176,57,18,0,0,0,0,0,0
txn_07424,8,36,14,357,2,2,4,13,23,4,10,12,3,22,10,2,2,19,6,22,10,402,415,402,137,29,0,0,0,0,0,0
txn_07607,0,13,7,253,0,0,0,6,7,2,5,6,2,7,5,0,0,0,0,7,5,272,273,272,93,11,0,0,0,0,0,0
txn_03408,3,11,9,279,1,1,1,4,7,3,6,4,2,7,6,1,1,6,2,7,6,299,302,299,105,11,0,0,0,0,0,0
txn_03098,3,21,6,371,1,1,1,7,14,3,3,7,2,13,2,1,1,7,2,13,2,394,401,394,138,15,0,0,0,0,0,0
txn_08050,7,34,11,81,2,1,4,14,20,3,8,13,2,20,8,2,1,23,2,20,8,124,133,124,42,24,0,0,0,0,0,0
txn_04984,4,29,14,293,1,1,2,11,18,4,10,10,3,18,10,1,1,10,3,18,10,332,340,332,107,23,0,0,0,0,0,0
txn_02382,11,35,10,90,4,3,4,14,21,4,6,13,3,21,6,4,3,40,13,21,6,138,146,138,47,25,0,0,0,0,0,0
txn_07987,7,16,15,273,2,1,4,4,12,4,11,3,3,12,11,2,1,7,3,12,11,300,311,300,101,18,0,0,0,1,1,1
txn_08500,0,13,15,83,0,0,0,5,8,5,10,5,5,8,10,0,0,0,0,8,10,109,111,109,37,16,0,0,0,0,0,0
txn_07256,11,11,10,579,3,3,5,5,6,4,6,4,3,6,6,3,3,38,34,6,6,604,611,604,215,12,0,0,0,0,0,0
txn_03568,8,17,7,172,1,2,5,6,11,3,4,5,2,11,4,1,2,5,6,11,4,197,204,197,65,14,0,0,0,0,0,0
txn_06581,3,23,12,49,1,1,1,8,15,5,7,7,4,15,7,1,1,7,4,15,7,80,87,80,32,18,0,0,0,0,0,0
txn_06577,9,20,15,39,2,2,5,5,15,5,10,4,4,15,10,2,2,13,5,15,10,74,83,74,21,22,0,0,0,0,0,0
txn_09434,6,9,15,119,2,1,3,4,5,6,9,3,5,5,9,2,1,6,5,5,9,141,149,141,47,11,0,0,0,0,0,0
txn_09711,10,28,8,223,3,2,5,8,20,3,5,8,3,20,5,3,2,41,31,20,5,265,269,265,87,28,0,0,0,0,0,0
txn_00453,5,23,24,263,1,1,3,7,16,8,16,6,7,15,16,1,1,6,7,15,16,304,315,304,103,27,0,0,0,0,0,0
txn_03569,7,10,9,110,1,1,5,2,8,2,7,1,1,8,7,1,1,1,1,8,7,125,136,125,40,10,0,0,0,0,0,0
txn_03610,7,14,21,71,2,1,4,6,8,6,15,5,5,7,15,2,1,9,5,7,15,101,113,101,32,19,0,0,0,0,0,0
txn_01563,6,20,16,131,2,1,3,7,13,6,10,6,5,13,10,2,1,11,5,13,10,166,173,166,55,20,0,0,0,0,0,0
txn_04514,3,23,10,235,1,1,1,8,15,4,6,8,3,14,6,1,1,10,3,14,6,268,271,268,91,20,0,0,0,0,0,0
txn_09857,8,4,12,582,3,1,4,2,2,4,8,1,3,2,8,3,1,18,3,2,8,598,606,598,212,9,0,0,0,0,0,0
txn_08616,3,26,2,159,1,1,1,9,17,1,1,8,1,17,1,1,1,8,4,17,1,188,190,188,63,18,0,0,0,0,0,0
txn_08256,6,23,22,111,1,2,3,8,15,6,16,7,5,14,16,1,2,7,10,14,16,150,162,150,48,26,0,0,0,0,0,0
txn_08669,3,20,12,296,1,1,1,7,13,6,6,7,5,13,5,1,1,9,5,13,5,326,331,326,106,18,0,0,0,0,0,0
txn_06755,3,19,4,214,1,1,1,8,11,2,2,7,1,11,2,1,1,7,1,11,2,237,240,237,81,12,0,0,0,0,0,0
txn_06270,12,19,19,125,3,3,6,7,12,7,12,6,6,12,12,3,3,15,15,12,12,164,175,164,55,21,0,0,0,0,0,0
txn_02554,5,39,11,550,1,2,2,13,26,4,7,12,3,25,6,1,2,12,8,25,6,593,605,593,214,29,0,0,0,0,0,0
txn_00583,3,15,2,551,1,1,1,6,9,1,1,6,1,9,1,1,1,2,1,9,1,571,571,571,210,11,0,0,0,0,0,0
txn_05928,6,30,10,171,2,2,2,12,18,4,6,12,3,17,6,2,2,13,7,17,6,215,217,215,77,25,0,0,0,0,0,0
txn_07845,6,8,7,117,2,2,2,1,7,3,4,1,2,7,4,2,2,15,4,7,4,136,138,136,43,12,0,0,0,0,0,0
txn_06064,3,20,8,265,1,1,1,8,12,3,5,8,2,12,4,1,1,5,2,12,4,293,296,293,101,17,0,0,0,0,0,0
txn_04262,10,23,15,371,3,3,4,10,13,5,10,9,4,12,9,3,3,28,16,12,9,405,419,405,140,20,0,0,0,0,0,0
txn_02440,0,15,0,310,0,0,0,6,9,0,0,6,0,9,0,0,0,0,0,9,0,325,325,325,114,9,0,0,0,0,0,0
txn_07707,3,25,2,84,1,1,1,9,16,1,1,8,0,16,1,1,0,8,0,16,1,111,114,111,36,16,0,0,0,0,0,0
txn_00567,5,17,11,217,1,1,3,6,11,4,7,6,3,11,7,1,1,7,3,11,7,245,250,245,83,17,0,0,0,0,0,0
txn_00550,9,17,14,370,1,2,6,6,11,5,9,5,4,11,8,1,2,5,5,11,8,396,410,396,134,15,0,0,0,0,0,0
txn_02155,6,17,16,207,2,1,3,5,12,5,11,4,4,12,11,2,1,5,4,12,11,238,246,238,80,19,0,0,0,0,0,0
txn_06408,6,22,6,149,1,2,3,7,15,2,4,6,1,15,4,1,2,6,6,15,4,175,183,175,58,15,0,0,0,0,0,0
txn_01001,7,22,7,276,2,2,3,9,13,3,4,8,2,13,4,2,2,15,5,13,4,306,312,306,105,17,0,0,0,0,0,0
txn_08026,7,19,15,256,2,2,3,7,12,4,11,6,3,12,10,2,2,9,7,12,10,287,297,287,94,19,0,0,0,0,0,0
txn_02013,8,24,23,231,2,2,4,9,15,7,16,9,6,15,16,2,2,21,8,15,16,280,286,280,95,29,0,0,0,0,0,0
txn_04555,6,18,8,169,1,2,3,7,11,2,6,6,2,11,6,1,2,6,6,11,6,196,201,196,66,15,0,0,0,0,0,0
txn_08282,5,28,12,120,2,1,2,12,16,5,7,11,4,16,6,2,1,16,4,16,6,158,165,158,55,21,0,0,0,0,0,0
txn_08536,3,30,12,207,1,1,1,12,18,6,6,11,5,17,6,1,1,11,5,17,6,245,252,245,86,21,0,0,0,0,0,0
txn_00448,7,9,8,314,2,2,3,4,5,3,5,3,2,5,5,2,1,9,2,5,5,332,338,332,109,8,0,0,0,0,0,0
txn_07658,4,16,10,247,1,1,2,5,11,3,7,4,2,11,7,1,1,4,2,11,7,270,277,270,91,15,0,0,0,0,0,0
txn_00863,5,16,21,137,2,1,2,6,10,7,14,5,6,10,14,2,1,10,6,10,14,172,179,172,57,20,0,0,0,0,0,0
txn_09636,6,13,9,350,2,2,2,4,9,4,5,3,4,8,5,2,2,8,6,8,5,374,378,374,127,15,0,0,0,0,0,0
txn_05569,3,13,15,298,1,1,1,5,8,4,11,4,3,7,11,1,1,4,3,7,11,323,329,323,102,17,0,0,0,0,0,0
txn_01329,5,8,14,237,1,2,2,3,5,5,9,3,4,5,9,1,2,5,5,5,9,262,264,262,89,15,0,0,0,0,0,0
txn_09144,0,24,0,175,0,0,0,8,16,0,0,8,0,16,0,0,0,0,0,16,0,199,199,199,67,16,0,0,0,0,0,0
txn_01633,8,10,4,132,1,2,5,2,8,1,3,1,0,8,3,1,1,1,3,8,3,145,154,145,47,8,0,0,0,0,0,0
txn_04031,3,6,5,99,1,1,1,2,4,2,3,1,1,4,3,1,1,1,1,4,3,110,113,110,35,6,0,0,0,0,0,0
txn_01575,3,17,5,193,1,1,1,7,10,2,3,6,1,10,3,1,1,6,1,10,3,215,218,215,74,12,0,0,0,0,0,0
txn_01376,3,14,4,116,1,1,1,5,9,2,2,4,1,9,2,1,1,4,1,9,2,134,137,134,44,10,0,0,0,0,0,0
txn_06271,3,16,7,313,1,1,1,6,10,3,4,5,2,10,4,1,1,5,2,10,4,335,339,335,115,13,0,0,0,0,0,0
txn_00959,3,22,10,167,1,1,1,8,14,4,6,8,3,14,6,1,1,7,3,14,6,201,202,201,67,20,0,0,0,0,0,0
txn_01032,5,13,19,372,1,2,2,5,8,6,13,4,5,8,13,1,2,4,6,8,13,404,409,404,136,19,0,0,0,0,0,0
txn_09521,0,16,7,178,0,0,0,6,10,3,4,6,3,10,4,0,0,0,0,10,4,201,201,201,69,14,0,0,0,0,0,0
txn_09362,7,23,10,554,2,2,3,10,13,2,8,9,1,12,8,2,2,13,4,12,8,588,594,588,213,21,0,0,0,0,0,0
txn_08734,3,20,5,220,1,1,1,8,12,2,3,7,2,11,3,1,1,7,3,11,3,244,248,244,82,15,0,0,0,0,0,0
txn_02328,5,30,9,210,1,2,2,11,19,4,5,10,3,18,5,1,2,10,4,18,5,247,254,247,84,23,0,0,0,0,0,0
txn_04177,9,21,5,54,2,3,4,6,15,2,3,5,1,15,3,2,3,8,7,15,3,84,89,84,24,18,0,0,0,0,0,0
txn_08125,7,23,16,63,1,3,3,8,15,6,10,8,5,15,10,1,3,4,11,15,10,106,109,106,34,25,0,0,0,0,0,0
txn_01856,10,24,15,341,3,1,6,8,16,4,11,7,3,15,10,3,1,16,3,15,10,374,390,374,131,21,0,0,0,0,0,0
txn_07360,6,14,7,250,2,2,2,6,8,3,4,6,2,8,4,2,2,15,4,8,4,275,277,275,95,12,0,0,0,0,0,0
txn_08911,7,11,10,119,1,3,3,4,7,4,6,3,3,7,6,1,3,3,10,7,6,142,147,142,46,12,0,0,0,0,0,0
txn_05315,0,15,9,222,0,0,0,6,9,2,7,6,2,9,7,0,0,0,0,9,7,244,246,244,84,14,0,0,0,0,0,0
txn_08491,9,39,20,359,1,2,6,13,26,6,14,12,5,25,14,1,2,12,6,25,14,413,427,413,142,35,0,0,0,0,0,0
txn_00409,4,23,22,91,1,1,2,9,14,9,13,8,8,14,13,1,1,8,8,14,13,131,140,131,47,21,0,0,0,0,0,0
txn_05558,9,16,19,585,2,1,6,6,10,5,14,5,4,10,14,2,1,7,4,10,14,616,629,616,219,19,0,0,0,0,0,0
txn_09328,7,17,8,226,1,2,4,6,11,3,5,5,2,11,5,1,2,5,5,11,5,250,258,250,84,13,0,0,0,0,0,0
txn_02965,6,14,11,126,1,2,3,6,8,4,7,5,3,8,7,1,2,5,4,8,7,149,157,149,50,11,0,0,0,0,0,0
txn_09648,0,17,11,372,0,0,0,5,12,3,8,5,3,12,8,0,0,0,0,12,8,398,400,398,140,18,0,0,0,0,0,0
txn_09939,5,26,17,300,2,1,2,9,17,5,12,8,5,17,12,2,1,12,2,17,12,342,348,342,108,28,0,0,0,0,0,0
txn_02923,6,12,16,134,2,1,3,5,7,5,11,4,4,7,11,2,1,10,4,7,11,163,168,163,53,17,0,0,0,0,0,0
txn_00546,3,23,10,267,1,1,1,11,12,4,6,10,4,12,6,1,1,10,5,12,6,302,303,302,107,18,0,0,0,0,0,0
txn_08514,4,14,3,137,1,1,2,6,8,1,2,5,0,8,2,1,0,5,0,8,2,153,158,153,51,8,0,0,0,0,0,0
txn_08135,7,12,7,258,2,2,3,5,7,3,4,4,2,7,4,2,2,10,4,7,4,281,284,281,93,12,0,0,0,0,0,0
txn_01578,3,20,10,110,1,1,1,6,14,5,5,6,4,14,5,1,1,1,4,14,5,141,143,141,47,18,0,0,0,0,0,0
txn_06580,7,10,13,162,2,2,3,3,7,5,8,2,4,7,8,2,2,7,7,7,8,187,192,187,62,14,0,0,0,0,0,0
txn_08577,5,20,18,175,1,1,3,8,12,5,13,7,4,12,12,1,1,7,4,12,12,209,218,209,70,22,0,0,0,0,0,0
txn_07149,9,23,9,229,2,2,5,9,14,3,6,8,2,14,6,2,2,13,3,14,6,263,270,263,87,20,0,0,0,0,0,0
txn_05197,7,13,10,172,2,1,4,6,7,4,6,5,4,7,6,2,1,11,3,7,6,198,202,198,68,13,0,0,0,0,0,0
txn_05799,7,28,9,162,1,2,4,8,20,2,7,7,1,19,7,1,2,7,2,19,7,193,206,193,62,21,0,0,0,0,0,0
txn_03955,6,17,15,269,2,1,3,6,11,4,11,6,3,10,11,2,1,13,3,10,11,300,307,300,101,19,0,0,0,0,0,0
txn_07883,5,8,21,100,1,1,3,3,5,7,14,2,7,4,14,1,1,2,5,4,14,127,134,127,42,17,0,0,0,0,0,0
txn_06121,6,24,4,86,2,2,2,9,15,2,2,8,1,15,2,2,2,11,4,15,2,117,120,117,37,17,0,0,0,0,0,0
txn_03196,5,14,6,556,1,1,3,4,10,2,4,4,1,10,4,1,1,6,1,10,4,578,581,578,210,14,0,0,0,0,0,0
txn_01026,4,13,9,66,1,1,2,5,8,4,5,4,3,8,5,1,1,4,3,8,5,87,92,87,29,11,0,0,0,0,0,0
txn_00566,7,23,20,212,2,1,4,7,16,6,14,6,5,16,14,2,1,10,5,16,14,254,262,254,85,27,0,0,0,0,0,0
txn_06691,3,16,12,173,1,1,1,6,10,4,8,6,3,9,8,1,1,5,3,9,8,201,204,201,72,17,0,0,0,0,0,0
txn_03224,6,13,22,375,2,1,3,6,7,7,15,5,6,7,15,2,1,10,6,7,15,410,416,410,144,20,0,0,0,0,0,0
txn_07389,8,20,5,158,2,2,4,8,12,2,3,7,1,12,3,2,2,9,4,12,3,185,191,185,62,14,0,0,0,0,0,0
txn_00977,5,23,11,164,2,1,2,11,12,4,7,10,3,12,7,2,1,19,3,12,7,198,203,198,69,17,0,0,0,0,0,0
txn_02097,0,12,11,112,0,0,0,5,7,3,8,5,3,7,8,0,0,0,0,7,8,134,135,134,45,14,0,0,0,0,0,0
txn_07385,8,8,8,237,2,2,4,3,5,3,5,3,2,4,5,2,2,10,4,4,5,256,261,256,85,11,0,0,0,0,0,0
txn_05871,0,13,11,209,0,0,0,5,8,4,7,5,4,8,7,0,0,0,0,8,7,233,233,233,81,15,0,0,0,0,0,0
txn_07072,8,18,18,135,2,1,5,7,11,6,12,6,5,11,12,2,1,13,5,11,12,170,179,170,58,20,0,0,0,0,0,0
txn_02962,9,20,12,122,1,3,5,7,13,5,7,6,4,13,7,1,3,6,9,13,7,155,163,155,51,18,0,0,0,0,0,0
txn_00212,5,31,14,113,2,1,2,13,18,6,8,12,5,18,8,2,1,17,5,18,8,156,163,156,56,22,0,0,0,0,0,0
txn_04670,5,22,6,86,1,2,2,8,14,3,3,7,2,14,3,1,2,7,3,14,3,115,119,115,38,16,0,0,0,0,0,0
txn_02960,11,24,18,352,3,2,6,8,16,3,15,7,2,16,15,3,2,14,3,16,15,392,405,392,132,26,0,0,0,0,0,0
txn_09377,5,21,8,164,1,1,3,8,13,2,6,7,1,13,6,1,1,7,1,13,6,190,198,190,64,15,0,0,0,0,0,0
txn_08374,6,12,7,246,1,2,3,4,8,2,5,3,1,8,5,1,2,3,4,8,5,265,271,265,90,11,0,0,0,0,0,0
txn_08801,3,14,4,282,1,1,1,6,8,2,2,5,1,8,2,1,1,5,1,8,2,300,303,300,106,9,0,0,0,0,0,0
txn_08102,4,13,13,140,1,1,2,5,8,5,8,4,4,8,8,1,1,4,4,8,8,163,170,163,54,13,0,0,0,0,0,0
txn_09534,8,19,7,249,2,2,4,7,12,3,4,6,2,11,4,2,2,11,8,11,4,274,283,274,94,16,0,0,0,0,0,0
txn_03104,7,19,4,375,1,3,3,7,12,2,2,6,1,12,2,1,3,6,8,12,2,399,405,399,134,13,0,0,0,0,0,0
txn_05066,9,9,7,239,3,2,4,3,6,2,5,2,1,6,5,3,2,13,7,6,5,258,264,258,86,10,0,0,0,0,0,0
txn_05620,5,25,12,261,2,1,2,8,17,5,7,7,4,16,7,2,1,13,4,16,7,293,303,293,96,21,0,0,0,0,0,0
txn_01585,0,15,2,251,0,0,0,7,8,1,1,7,1,8,1,0,0,0,0,8,1,268,268,268,96,9,0,0,0,0,0,0
txn_01323,8,32,13,175,3,2,3,13,19,5,8,12,4,18,8,3,2,28,8,18,8,218,228,218,78,25,0,0,0,0,0,0
txn_08497,3,22,22,254,1,1,1,7,15,9,13,6,8,15,13,1,1,6,8,15,13,297,301,297,103,26,0,0,0,0,0,0
txn_06915,5,21,7,355,1,1,3,7,14,2,5,6,1,14,5,1,1,6,1,14,5,381,388,381,131,16,0,0,0,0,0,0
txn_07857,0,23,7,271,0,0,0,8,15,2,5,8,2,15,5,0,0,0,0,15,5,300,301,300,104,19,0,0,0,0,0,0
txn_08720,3,18,13,559,1,1,1,7,11,6,7,7,5,11,6,1,1,8,5,11,6,588,593,588,217,17,0,0,0,0,0,0
txn_00398,5,15,4,378,1,1,3,6,9,1,3,5,0,9,3,1,0,5,0,9,3,394,402,394,138,9,0,0,0,0,0,0
txn_06414,7,28,6,381,2,2,3,7,21,2,4,6,1,21,4,2,2,8,2,21,4,416,422,416,142,23,0,0,0,0,0,0
txn_00940,12,24,8,560,3,2,7,6,18,2,6,5,1,17,6,3,2,18,5,17,6,590,604,590,210,22,0,0,0,0,0,0
txn_07477,8,28,10,122,1,2,5,8,20,2,8,7,1,20,8,1,2,7,2,20,8,155,168,155,50,21,0,0,0,0,0,0
txn_03421,5,17,15,167,1,1,3,6,11,4,11,5,3,11,11,1,1,5,3,11,11,197,204,197,65,19,0,0,0,0,0,0
txn_07630,13,31,21,119,3,3,7,12,19,6,15,11,5,19,15,3,3,26,9,19,15,172,184,172,61,31,0,0,0,0,0,0
txn_04706,3,6,8,270,1,1,1,1,5,2,6,1,2,5,6,1,1,2,2,5,6,286,287,286,97,11,0,0,0,0,0,0
txn_06497,8,4,13,242,3,2,3,2,2,5,8,1,4,2,8,3,2,18,7,2,8,263,267,263,89,10,0,0,0,0,0,0
txn_06977,3,4,13,285,1,1,1,2,2,7,6,2,7,2,6,1,1,4,9,2,6,305,305,305,110,9,0,0,0,0,0,0
txn_04724,0,5,13,378,0,0,0,2,3,4,9,2,4,3,9,0,0,0,0,3,9,396,396,396,135,12,0,0,0,0,0,0
txn_09442,6,25,15,122,2,1,3,9,16,7,8,8,6,16,8,2,1,12,6,16,8,160,168,160,54,21,0,0,0,0,0,0
txn_00818,3,14,6,57,1,1,1,4,10,2,4,4,1,10,4,1,1,3,1,10,4,77,80,77,24,12,0,0,0,0,0,0
txn_02054,8,16,5,161,2,2,4,7,9,2,3,6,1,9,3,2,2,8,4,9,3,185,190,185,62,12,0,0,0,0,0,0
txn_04300,4,9,14,177,1,1,2,3,6,5,9,2,4,6,9,1,1,2,4,6,9,199,204,199,67,13,0,0,0,0,0,0
txn_07176,9,15,31,588,1,1,7,4,11,15,16,3,14,11,16,1,1,3,14,11,16,627,643,627,227,20,0,0,0,0,0,0
txn_02882,6,23,21,273,2,2,2,9,14,8,13,9,7,13,13,2,2,10,9,13,13,316,323,316,110,24,0,0,0,0,0,0
txn_01795,8,20,9,225,1,1,6,6,14,2,7,5,1,14,7,1,1,5,1,14,7,249,262,249,83,15,0,0,0,0,0,0
txn_00799,6,10,2,245,1,2,3,4,6,1,1,4,0,6,1,1,1,4,1,6,1,262,263,262,89,9,0,0,0,0,0,0
txn_07541,9,26,17,166,2,2,5,9,17,7,10,8,6,16,10,2,2,11,9,16,10,206,218,206,70,23,0,0,0,0,0,0
txn_08996,8,10,7,42,2,2,4,3,7,3,4,2,2,7,4,2,2,9,6,7,4,63,67,63,18,12,0,0,0,0,0,0
txn_00312,4,14,7,125,1,1,2,6,8,3,4,6,2,8,4,1,1,5,2,8,4,148,150,148,51,12,0,0,0,0,0,0
txn_07898,9,23,12,140,2,2,5,7,16,3,9,6,2,16,8,2,2,14,3,16,8,175,184,175,54,24,0,0,0,0,0,0
txn_05857,9,15,16,215,2,2,5,6,9,7,9,5,6,9,9,2,2,10,12,9,9,250,255,250,86,19,0,0,0,0,0,0
txn_00877,9,36,4,180,2,2,5,13,23,1,3,12,0,23,3,2,1,21,7,23,3,221,229,221,73,25,0,0,0,0,0,0
txn_00018,3,6,19,358,1,1,1,3,3,7,12,2,7,3,12,1,1,2,2,3,12,384,386,384,134,14,0,0,0,0,0,0
txn_01363,6,14,15,139,2,1,3,5,9,5,10,4,4,9,10,2,1,12,4,9,10,168,174,168,55,17,0,0,0,0,0,0
txn_04401,9,11,13,152,3,2,4,5,6,5,8,4,4,6,8,3,2,10,8,6,8,181,185,181,60,15,0,0,0,0,0,0
txn_07811,0,14,14,177,0,0,0,4,10,4,10,4,4,10,10,0,0,0,0,10,10,203,205,203,74,18,0,0,0,0,0,0
txn_07483,6,17,23,94,2,1,3,9,8,9,14,8,9,8,13,2,1,17,2,8,13,136,140,136,48,22,0,0,0,0,0,0
txn_00628,6,21,13,274,1,1,4,5,16,3,10,4,2,16,10,1,1,4,2,16,10,305,314,305,101,22,0,0,0,0,0,0
txn_07279,6,17,8,108,2,2,2,6,11,3,5,5,2,11,5,2,2,9,3,11,5,136,139,136,43,16,0,0,0,0,0,0
txn_00190,7,8,10,138,1,1,5,2,6,3,7,1,2,6,7,1,1,1,2,6,7,151,163,151,50,8,0,0,0,0,0,0
txn_06337,3,13,6,234,1,1,1,6,7,3,3,5,2,7,3,1,1,5,2,7,3,253,256,253,88,9,0,0,0,0,0,0
txn_02321,5,20,12,257,1,1,3,6,14,4,8,5,3,14,8,1,1,5,3,14,8,286,294,286,98,18,0,0,0,0,0,0
txn_00885,8,9,16,129,1,2,5,3,6,5,11,2,4,6,11,1,2,2,5,6,11,153,162,153,49,14,0,0,0,0,0,0
txn_05516,6,17,5,288,2,2,2,5,12,2,3,4,1,11,3,2,2,10,3,11,3,311,316,311,106,15,0,0,0,0,0,0
txn_04168,8,14,5,361,2,2,4,7,7,2,3,6,1,7,3,2,2,11,6,7,3,384,388,384,133,12,0,0,0,0,0,0
txn_01821,3,11,6,212,1,1,1,4,7,2,4,3,1,6,4,1,1,3,1,6,4,227,232,227,76,10,0,0,0,0,0,0
txn_05451,7,19,21,361,3,1,3,7,12,7,14,6,6,12,14,3,1,18,6,12,14,401,408,401,139,24,0,0,0,0,0,0
txn_09230,6,19,16,341,2,1,3,8,11,4,12,7,3,11,12,2,1,10,3,11,12,374,382,374,132,19,0,0,0,0,0,0
txn_00432,5,16,9,116,1,2,2,7,9,4,5,6,3,9,5,1,2,6,4,9,5,141,146,141,48,12,0,0,0,0,0,0
txn_02007,5,7,4,170,1,2,2,3,4,2,2,2,1,4,2,1,2,2,8,4,2,182,186,182,61,5,0,0,0,0,0,0
txn_07068,4,18,17,290,1,1,2,9,9,6,11,8,5,9,11,1,1,8,5,9,11,323,329,323,116,17,0,0,0,0,0,0
txn_05946,7,13,8,50,2,2,3,5,8,3,5,5,2,8,5,2,2,12,5,8,5,76,78,76,24,14,0,0,0,0,0,0
txn_07536,6,12,17,275,2,1,3,5,7,5,12,4,4,7,12,2,1,8,4,7,12,303,310,303,103,17,0,0,0,0,0,0
txn_01365,4,22,10,175,1,1,2,7,15,3,7,7,2,14,7,1,1,4,2,14,7,207,211,207,68,21,0,0,0,0,0,0
txn_04402,9,36,3,196,2,2,5,10,26,1,2,9,0,25,2,2,1,10,6,25,2,234,244,234,76,26,0,0,0,0,0,0
txn_08873,4,20,11,128,1,1,2,8,12,4,7,7,3,11,7,1,1,7,3,11,7,155,163,155,53,16,0,0,0,0,0,0
txn_04018,7,11,11,111,2,2,3,4,7,5,6,3,4,7,5,2,2,8,8,7,5,133,140,133,43,12,0,0,0,0,0,0
txn_04291,5,17,21,183,1,1,3,7,10,6,15,6,5,10,15,1,1,6,5,10,15,217,226,217,74,20,0,0,0,0,0,0
txn_07288,11,25,15,155,1,2,8,8,17,5,10,7,4,17,10,1,2,7,7,17,10,193,206,193,64,23,0,0,0,0,0,0
txn_05297,6,12,15,175,2,1,3,5,7,5,10,4,4,7,10,2,1,12,4,7,10,201,208,201,68,14,0,0,0,0,0,0
txn_09242,5,24,10,328,1,2,2,7,17,3,7,6,2,17,7,1,2,6,6,17,7,362,367,362,122,22,0,0,0,0,0,0
txn_03747,5,11,17,141,2,1,2,5,6,6,11,4,5,6,11,2,1,8,5,6,11,170,174,170,58,16,0,0,0,0,0,0
txn_04645,5,14,19,214,1,1,3,6,8,8,11,6,7,8,11,1,1,5,7,8,11,245,252,245,86,16,0,0,0,0,0,0
txn_09799,11,29,9,381,3,4,4,10,19,3,6,9,2,18,5,3,4,28,8,18,5,418,430,418,138,23,0,0,0,0,0,0
txn_07458,5,26,5,278,2,1,2,9,17,2,3,8,1,16,3,2,1,16,1,16,3,308,314,308,105,19,0,0,0,0,0,0
txn_01624,4,13,15,128,1,1,2,4,9,5,10,3,5,9,10,1,1,3,3,9,10,156,160,156,52,17,0,0,0,0,0,0
txn_06878,6,8,10,364,2,1,3,3,5,3,7,2,2,5,7,2,1,4,2,5,7,381,388,381,132,9,0,0,0,0,0,0
txn_05309,7,22,5,279,1,3,3,7,15,2,3,6,1,14,3,1,3,6,7,14,3,305,313,305,102,17,0,0,0,0,0,0
txn_01379,8,17,14,89,2,1,5,5,12,4,10,4,3,12,10,2,1,9,3,12,10,117,128,117,36,18,0,0,0,0,0,0
txn_05839,6,26,6,79,1,2,3,8,18,2,4,7,1,18,4,1,2,7,3,18,4,110,117,110,35,19,0,0,0,0,0,0
txn_05125,3,18,4,167,1,1,1,7,11,2,2,6,2,10,2,1,1,6,5,10,2,188,192,188,64,13,0,0,0,0,0,0
txn_05054,8,9,22,384,3,1,4,4,5,7,15,3,6,5,15,3,1,18,6,5,15,416,423,416,145,18,0,0,0,0,0,0
txn_06283,11,26,8,591,3,2,6,9,17,3,5,8,2,17,5,3,2,24,4,17,5,629,636,629,222,22,0,0,0,0,0,0
txn_07397,6,12,5,562,1,2,3,4,8,2,3,3,1,8,3,1,2,3,3,8,3,580,585,580,211,10,0,0,0,0,0,0
txn_09086,7,18,10,170,2,2,3,7,11,4,6,6,3,11,6,2,2,14,5,11,6,200,205,200,66,17,0,0,0,0,0,0
txn_03589,5,10,8,344,2,1,2,3,7,4,4,3,3,7,4,2,1,13,3,7,4,365,367,365,129,11,0,0,0,0,0,0
txn_07848,12,24,18,382,3,4,5,9,15,10,8,9,10,15,7,3,4,15,18,15,7,423,436,423,143,25,0,0,0,0,0,0
txn_06217,7,21,10,178,3,1,3,9,12,3,7,8,2,12,7,3,1,17,2,12,7,206,216,206,69,16,0,0,0,0,0,0
txn_00159,5,19,18,594,1,1,3,9,10,6,12,8,5,9,11,1,1,8,5,9,11,623,636,623,223,18,0,0,0,0,0,0
txn_01959,8,11,7,217,2,2,4,4,7,2,5,4,1,7,5,2,2,16,3,7,5,239,243,239,79,13,0,0,0,0,0,0
txn_09017,3,30,21,41,1,1,1,11,19,8,13,10,8,19,13,1,1,10,4,19,13,89,95,89,36,27,0,0,0,0,0,0
txn_00521,6,19,7,364,1,2,3,6,13,3,4,5,2,13,3,1,2,5,5,13,3,388,396,388,133,15,0,0,0,0,0,0
txn_01067,7,13,18,240,2,1,4,5,8,5,13,4,4,8,13,2,1,8,4,8,13,270,278,270,91,18,0,0,0,0,0,0
txn_08769,5,9,9,260,1,1,3,3,6,2,7,2,1,6,6,1,1,2,1,6,6,273,283,273,93,9,0,0,0,0,0,0
txn_04900,0,5,13,130,0,0,0,2,3,4,9,2,4,3,9,0,0,0,0,3,9,148,148,148,51,12,0,0,0,0,0,0
txn_05471,9,26,10,181,3,3,3,12,14,4,6,11,4,13,6,3,3,23,15,13,6,219,226,219,74,20,0,0,0,0,0,0
txn_01447,0,37,5,177,0,0,0,16,21,2,3,16,2,21,3,0,0,0,0,21,3,217,219,217,78,23,0,0,0,0,0,0
txn_03318,5,14,6,317,1,1,3,6,8,3,3,5,3,8,3,1,1,5,3,8,3,338,342,338,112,11,0,0,0,0,0,0
txn_02802,3,25,6,186,1,1,1,9,16,2,4,8,1,16,4,1,1,8,1,16,4,217,220,217,73,19,0,0,0,0,0,0
txn_04799,6,19,12,102,1,1,4,7,12,4,8,6,3,12,8,1,1,6,3,12,8,129,139,129,44,15,0,0,0,0,0,0
txn_09313,11,23,12,237,3,3,5,10,13,4,8,9,3,13,8,3,3,28,17,13,8,277,283,277,94,21,0,0,0,0,0,0
txn_09429,8,32,12,165,3,2,3,12,20,5,7,11,4,19,7,3,2,25,5,19,7,209,217,209,71,25,0,0,0,0,0,0
txn_04813,4,17,9,293,1,1,2,4,13,3,6,3,3,13,6,1,1,3,2,13,6,320,323,320,109,19,0,0,0,0,0,0
txn_05611,4,19,20,320,1,1,2,6,13,5,15,5,4,13,15,1,1,5,4,13,15,354,363,354,115,22,0,0,0,0,0,0
txn_05593,0,17,6,122,0,0,0,7,10,3,3,7,3,10,3,0,0,0,0,10,3,145,145,145,56,13,0,0,0,0,0,0
txn_04593,6,12,4,160,2,2,2,5,7,2,2,4,1,7,2,2,2,11,4,7,2,178,182,178,60,8,0,0,0,0,0,0
txn_04038,9,24,9,323,2,1,6,10,14,2,7,9,1,13,7,2,1,13,1,13,7,351,365,351,115,17,0,0,0,0,0,0
txn_01442,7,17,13,218,3,1,3,7,10,5,8,6,4,10,8,3,1,18,4,10,8,248,255,248,86,15,0,0,0,0,0,0
txn_01963,6,13,0,366,2,1,3,4,9,0,0,3,0,9,0,2,1,8,1,9,0,383,385,383,131,10,0,0,0,0,0,0
txn_08855,5,22,14,173,1,1,3,7,15,5,9,6,4,15,9,1,1,6,4,15,9,206,214,206,68,20,0,0,0,0,0,0
txn_04619,7,18,14,38,2,2,3,7,11,6,8,6,5,11,8,2,2,11,7,11,8,72,77,72,24,18,0,0,0,0,0,0
txn_00964,9,13,11,240,1,2,6,4,9,3,8,3,2,8,7,1,1,3,2,8,7,257,273,257,86,13,0,0,0,0,0,0
txn_03030,5,10,18,296,2,1,2,3,7,8,10,2,7,7,9,2,1,6,7,7,9,320,329,320,112,15,0,0,0,0,0,0
txn_09296,3,15,9,383,1,1,1,5,10,3,6,5,3,10,6,1,1,10,4,10,6,406,410,406,138,15,0,0,0,0,0,0
txn_06539,5,17,7,594,2,1,2,6,11,3,4,5,2,11,4,2,1,10,2,11,4,618,623,618,219,14,0,0,0,0,0,0
txn_00475,9,14,13,243,3,1,5,6,8,4,9,5,3,8,9,3,1,17,3,8,9,271,279,271,92,15,0,0,0,0,0,0
txn_04719,8,12,5,331,2,2,4,5,7,2,3,4,1,7,3,2,1,8,1,7,3,351,356,351,120,11,0,0,0,0,0,0
txn_00171,5,29,6,166,2,1,2,12,17,2,4,11,1,17,4,2,1,35,1,17,4,200,206,200,73,19,0,0,0,0,0,0
txn_07918,9,19,9,82,2,1,6,7,12,2,7,6,1,12,7,2,1,14,1,12,7,106,119,106,35,13,0,0,0,0,0,0
txn_03969,6,19,11,597,2,2,2,7,12,4,7,6,3,12,7,2,2,13,4,12,7,630,633,630,223,19,0,0,0,0,0,0
txn_08411,0,7,0,84,0,0,0,2,5,0,0,2,0,5,0,0,0,0,0,5,0,91,91,91,30,5,0,0,0,0,0,0
txn_01737,4,26,15,308,1,1,2,9,17,4,11,9,3,17,11,1,1,6,3,17,11,347,353,347,109,26,0,0,0,0,0,0
txn_06785,6,17,8,334,2,1,3,5,12,2,6,4,2,12,6,2,1,13,2,12,6,362,365,362,122,18,0,0,0,0,0,0
txn_04299,4,16,8,115,1,1,2,7,9,3,5,6,2,8,5,1,1,6,2,8,5,135,143,135,46,12,0,0,0,0,0,0
txn_00210,9,25,5,337,2,2,5,8,17,2,3,7,2,17,3,2,2,12,6,17,3,371,376,371,126,20,0,0,0,0,0,0
txn_04978,3,24,3,340,1,1,1,10,14,1,2,9,1,13,2,1,1,9,2,13,2,366,370,366,126,16,0,0,0,0,0,0
txn_02402,0,13,11,167,0,0,0,5,8,4,7,5,4,8,7,0,0,0,0,8,7,188,191,188,67,12,0,0,0,0,0,0
txn_05189,5,8,14,367,1,2,2,3,5,6,8,3,5,5,8,1,2,6,7,5,8,393,394,393,137,14,0,0,0,0,0,0
txn_04145,9,16,8,228,2,2,5,6,10,3,5,5,2,10,5,2,2,11,8,10,5,253,261,253,85,14,0,0,0,0,0,0
txn_03014,8,11,7,164,2,2,4,5,6,3,4,4,2,6,3,2,2,8,5,6,3,183,190,183,61,10,0,0,0,0,0,0
txn_00088,6,10,8,370,2,1,3,4,6,3,5,3,2,5,5,2,1,6,2,5,5,387,394,387,134,10,0,0,0,0,0,0
txn_05681,5,13,2,600,1,2,2,5,8,1,1,4,0,8,1,1,1,4,4,8,1,616,620,616,219,8,0,0,0,0,0,0
txn_03064,0,18,6,89,0,0,0,6,12,1,5,6,1,12,5,0,0,0,0,12,5,113,113,113,37,17,0,0,0,0,0,0
txn_08178,7,20,16,117,2,2,3,7,13,4,12,7,3,13,12,2,2,22,7,13,12,156,160,156,51,24,0,0,0,0,0,0
txn_09353,3,24,0,158,1,1,1,7,17,0,0,7,0,17,0,1,1,4,4,17,0,185,185,185,61,18,0,0,0,0,0,0
txn_05815,0,23,5,26,0,0,0,8,15,2,3,8,2,15,3,0,0,0,0,15,3,54,54,54,19,18,0,0,0,0,0,0
txn_03025,8,15,8,342,2,2,4,5,10,3,5,5,2,9,5,2,2,12,5,9,5,368,373,368,124,16,0,0,0,0,0,0
txn_01313,8,22,7,120,2,3,3,8,14,3,4,8,2,14,4,2,3,10,9,14,4,155,157,155,52,19,0,0,0,0,0,0
txn_01079,8,9,15,303,2,2,4,4,5,4,11,3,3,5,11,2,2,9,6,5,11,330,335,330,104,16,0,0,0,0,0,0
txn_01801,5,28,15,150,2,1,2,12,16,4,11,11,4,16,11,2,1,19,1,16,11,193,198,193,65,26,0,0,0,0,0,0
txn_03669,0,18,20,344,0,0,0,7,11,7,13,7,7,11,13,0,0,0,0,11,13,381,382,381,133,24,0,0,0,0,0,0
txn_06401,6,14,24,263,1,2,3,3,11,9,15,2,9,10,15,1,2,2,6,10,15,300,307,300,98,25,0,0,0,0,0,0
txn_05286,7,20,12,220,1,2,4,7,13,4,8,6,3,13,8,1,2,6,7,13,8,250,259,250,85,17,0,0,0,0,0,0
txn_07056,8,32,19,372,3,2,3,12,20,6,13,11,5,20,13,3,2,25,8,20,13,424,431,424,147,31,0,0,0,0,0,0
txn_02999,7,18,11,347,3,1,3,8,10,3,8,7,3,10,8,3,1,20,2,10,8,381,383,381,134,19,0,0,0,0,0,0
txn_02509,3,12,11,347,1,1,1,4,8,4,7,3,3,8,7,1,1,3,3,8,7,370,373,370,127,14,0,0,0,0,0,0
txn_02109,7,25,18,223,2,2,3,9,16,7,11,8,6,16,11,2,2,11,8,16,11,266,273,266,91,24,0,0,0,0,0,0
txn_01672,5,15,11,603,2,1,2,6,9,4,7,5,3,9,6,2,1,9,3,9,6,628,634,628,223,15,0,0,0,0,0,0
txn_00166,0,14,9,232,0,0,0,4,10,3,6,4,3,10,6,0,0,0,0,10,6,254,255,254,85,16,0,0,0,0,0,0
txn_00294,7,27,5,280,3,2,2,9,18,2,3,8,1,17,3,3,2,15,3,17,3,312,319,312,105,20,0,0,0,0,0,0
txn_08081,7,22,5,265,2,1,4,8,14,1,4,7,0,14,4,2,0,17,0,14,4,292,299,292,97,17,0,0,0,0,0,0
txn_02282,7,16,10,30,2,1,4,6,10,3,7,5,2,10,7,2,1,14,2,10,7,56,63,56,17,15,0,0,0,0,0,0
txn_09083,7,19,5,181,2,2,3,8,11,2,3,7,2,11,3,2,2,13,4,11,3,208,212,208,71,14,0,0,0,0,0,0
txn_06617,4,7,3,369,1,1,2,3,4,1,2,2,0,4,2,1,0,2,0,4,2,377,383,377,130,4,0,0,0,0,0,0
txn_05319,8,29,14,268,2,2,4,11,18,3,11,10,2,17,11,2,2,15,4,17,11,308,319,308,102,25,0,0,0,0,0,0
txn_06620,3,26,0,282,1,1,1,9,17,0,0,8,0,16,0,1,1,8,5,16,0,307,311,307,105,17,0,0,0,0,0,0
txn_07662,5,15,13,375,1,1,3,6,9,4,9,6,3,8,9,1,1,4,3,8,9,404,408,404,140,18,0,0,0,0,0,0
txn_01346,4,18,5,113,1,1,2,7,11,2,3,6,1,11,3,1,1,6,1,11,3,135,140,135,45,12,0,0,0,0,0,0
txn_06623,5,20,8,105,2,1,2,8,12,3,5,7,3,12,5,2,1,10,1,12,5,136,138,136,46,17,0,0,0,0,0,0
txn_06441,8,11,2,297,1,3,4,4,7,1,1,3,0,7,1,1,2,3,5,7,1,311,318,311,108,7,0,0,0,0,0,0
txn_05335,8,13,10,42,2,2,4,5,8,3,7,4,2,8,6,2,2,10,6,8,6,65,73,65,19,14,0,0,0,0,0,0
txn_07499,5,20,4,372,1,2,2,7,13,2,2,6,1,13,2,1,2,6,4,13,2,397,401,397,137,14,0,0,0,0,0,0
txn_08715,5,24,4,231,1,2,2,9,15,2,2,8,1,14,2,1,2,8,2,14,2,258,264,258,87,16,0,0,0,0,0,0
txn_01265,9,18,15,270,1,2,6,6,12,5,10,5,4,12,10,1,2,5,6,12,10,299,312,299,100,17,0,0,0,0,0,0
txn_09327,4,27,18,281,1,1,2,8,19,6,12,7,5,18,12,1,1,7,5,18,12,321,330,321,109,27,0,0,0,0,0,0
txn_07893,6,9,4,277,2,2,2,4,5,2,2,3,1,5,2,2,2,9,2,5,2,293,296,293,100,7,0,0,0,0,0,0
txn_09613,7,17,7,144,1,2,4,6,11,3,4,5,2,11,4,1,2,5,3,11,4,168,175,168,57,13,0,0,0,0,0,0
txn_08052,7,29,15,280,2,1,4,11,18,5,10,10,4,18,10,2,1,13,4,18,10,323,331,323,111,25,0,0,0,0,0,0
txn_04163,4,20,11,170,1,1,2,7,13,3,8,7,3,13,8,1,1,5,1,13,8,203,205,203,69,21,0,0,0,0,0,0
txn_00323,6,23,25,605,1,1,4,7,16,8,17,6,7,15,17,1,1,6,7,15,17,644,659,644,227,27,0,0,0,0,0,0
txn_05969,6,6,3,53,1,2,3,2,4,1,2,1,0,4,2,1,1,1,1,4,2,62,68,62,19,4,0,0,0,0,0,0
txn_04399,5,13,2,377,2,1,2,5,8,1,1,4,1,8,1,2,1,14,3,8,1,395,397,395,138,10,0,0,0,0,0,0
txn_03790,4,23,14,283,1,1,2,7,16,5,9,6,4,15,9,1,1,6,4,15,9,317,324,317,107,23,0,0,0,0,0,0
txn_00738,7,20,4,248,1,2,4,8,12,1,3,8,0,12,3,1,1,1,1,12,3,275,279,275,93,16,0,0,0,0,0,0
txn_08521,3,16,10,375,1,1,1,6,10,3,7,5,2,9,7,1,1,5,2,9,7,398,404,398,137,15,0,0,0,0,0,0
txn_06837,23,16,7,21,8,10,5,6,10,3,4,5,2,10,4,8,10,47,40,10,4,62,67,62,14,15,0,0,0,0,0,0
txn_01476,0,24,13,607,0,0,0,7,17,5,8,7,5,17,8,0,0,0,0,17,8,643,644,643,230,24,0,0,0,0,0,0
txn_02577,3,24,17,92,1,1,1,7,17,6,11,6,6,17,11,1,1,6,1,17,11,132,136,132,43,25,0,0,0,0,0,0
txn_09340,6,13,10,262,2,1,3,5,8,4,6,5,3,7,6,2,1,23,3,7,6,286,291,286,99,14,0,0,0,0,0,0
txn_01826,16,29,16,173,5,5,6,12,17,7,9,11,6,17,8,5,4,37,17,17,8,219,234,219,73,26,0,0,0,0,0,0
txn_07337,8,13,6,142,2,2,4,4,9,2,4,4,1,9,4,2,2,16,3,9,4,165,169,165,53,13,0,0,0,0,0,0
txn_00371,4,30,5,350,1,1,2,9,21,2,3,8,1,20,3,1,1,8,1,20,3,381,389,381,130,21,0,0,0,0,0,0
txn_00906,7,14,13,207,2,2,3,5,9,6,7,4,5,8,7,2,2,11,7,8,7,232,241,232,80,15,0,0,0,0,0,0
txn_05823,7,20,8,102,2,2,3,7,13,3,5,6,2,13,5,2,2,9,4,13,5,132,137,132,42,17,0,0,0,0,0,0
txn_08871,7,24,4,163,2,2,3,11,13,2,2,10,1,13,2,2,2,17,2,13,2,194,198,194,67,15,0,0,0,0,0,0
txn_07840,10,22,7,29,3,2,5,9,13,2,5,8,1,13,5,3,2,23,3,13,5,61,68,61,19,17,0,0,0,0,0,0
txn_00139,11,16,6,610,3,3,5,6,10,2,4,5,1,10,4,3,3,16,8,10,4,635,643,635,224,15,0,0,0,0,0,0
txn_04492,3,17,6,235,1,1,1,6,11,2,4,5,1,11,4,1,1,5,1,11,4,258,261,258,86,14,0,0,0,0,0,0
txn_03314,8,15,11,105,2,3,3,6,9,5,6,5,4,9,6,2,3,8,10,9,6,136,139,136,44,16,0,0,0,0,0,0
txn_08901,6,13,10,273,2,1,3,5,8,3,7,4,3,8,7,2,1,9,3,8,7,301,302,301,100,17,0,0,0,0,0,0
txn_07273,7,37,9,253,1,2,4,13,24,4,5,12,3,24,5,1,2,12,4,24,5,298,306,298,102,27,0,0,0,0,0,0
txn_09597,4,22,8,276,2,1,1,8,14,4,4,7,3,14,4,2,1,14,3,14,4,305,310,305,104,16,0,0,0,0,0,0
txn_02026,6,13,12,60,1,1,4,4,9,4,8,3,3,9,8,1,1,3,3,9,8,82,91,82,26,13,0,0,0,0,0,0
txn_02785,7,15,8,285,2,2,3,6,9,3,5,5,2,9,5,2,2,18,4,9,5,311,315,311,106,14,0,0,0,0,0,0
txn_03298,4,11,20,143,1,1,2,5,6,7,13,5,6,6,13,1,1,7,6,6,13,175,178,175,59,18,0,0,0,0,0,0
txn_06770,5,30,6,256,1,1,3,9,21,2,4,8,1,21,4,1,1,8,1,21,4,289,297,289,98,21,0,0,0,0,0,0
txn_06488,3,23,9,131,1,1,1,7,16,3,6,6,3,16,6,1,1,6,1,16,6,163,166,163,54,20,0,0,0,0,0,0
txn_06673,0,9,6,325,0,0,0,3,6,2,4,3,2,6,4,0,0,0,0,6,4,340,340,340,113,10,0,0,0,0,0,0
txn_05161,0,14,4,387,0,0,0,6,8,2,2,6,2,8,2,0,0,0,0,8,2,404,405,404,144,10,0,0,0,0,0,0
txn_09819,7,11,8,184,2,1,4,3,8,3,5,2,2,8,5,2,1,6,2,8,5,202,210,202,67,10,0,0,0,0,0,0
txn_02358,3,17,11,73,1,1,1,7,10,4,7,6,3,10,7,1,1,6,3,10,7,101,104,101,34,16,0,0,0,0,0,0
txn_00369,9,19,13,251,2,3,4,7,12,6,7,6,5,12,7,2,3,10,16,12,7,286,292,286,98,18,0,0,0,0,0,0
txn_09108,6,20,11,166,1,2,3,8,12,3,8,7,2,12,8,1,2,7,3,12,8,198,203,198,66,19,0,0,0,0,0,0
txn_02397,6,12,11,96,2,1,3,6,6,3,8,5,2,6,8,2,1,10,2,6,8,119,125,119,40,12,0,0,0,0,0,0
txn_06413,7,36,9,119,2,2,3,19,17,3,6,18,2,17,6,2,2,19,3,17,6,165,171,165,60,21,0,0,0,0,0,0
txn_00967,5,14,22,123,1,2,2,6,8,6,16,5,5,7,15,1,2,5,7,7,15,155,164,155,52,21,0,0,0,0,0,0
txn_01054,5,6,15,254,1,1,3,2,4,5,10,1,4,4,10,1,1,1,4,4,10,273,280,273,93,11,0,0,0,0,0,0
txn_04895,4,11,15,284,1,1,2,4,7,5,10,3,4,7,10,1,1,3,4,7,10,309,314,309,107,15,0,0,0,0,0,0
txn_01292,3,25,10,153,1,1,1,9,16,4,6,8,3,16,6,1,1,8,3,16,6,187,191,187,63,20,0,0,0,0,0,0
txn_00693,3,8,6,386,1,1,1,3,5,3,3,2,2,4,2,1,1,2,2,4,2,396,403,396,135,6,0,0,0,0,0,0
txn_04094,6,8,5,180,1,2,3,3,5,2,3,2,1,4,2,1,2,2,8,4,2,190,199,190,69,6,0,0,0,0,0,0
txn_09510,5,28,10,288,2,1,2,11,17,4,6,10,3,17,6,2,1,22,3,17,6,326,331,326,113,21,0,0,0,0,0,0
txn_09482,5,6,14,180,2,1,2,3,3,5,9,2,5,3,9,2,1,7,5,3,9,201,205,201,74,11,0,0,0,0,0,0
txn_07290,14,37,14,116,4,5,5,16,21,5,9,15,5,21,9,4,5,40,21,21,9,169,181,169,57,28,0,0,0,0,0,0
txn_00020,15,26,19,92,4,6,5,12,14,5,14,11,5,13,14,4,6,40,26,13,14,140,152,140,45,25,0,0,0,0,0,0
txn_01125,4,38,6,352,1,1,2,16,22,3,3,15,3,21,3,1,1,15,1,21,3,393,400,393,137,25,0,0,0,0,0,0
txn_07511,5,22,17,390,1,1,3,8,14,6,11,7,5,14,11,1,1,7,5,14,11,426,434,426,149,22,0,0,0,0,0,0
txn_00581,7,22,17,118,2,1,4,9,13,5,12,8,4,13,12,2,1,15,4,13,12,155,164,155,52,21,0,0,0,0,0,0
txn_01620,9,23,11,238,1,3,5,8,15,5,6,7,4,15,5,1,3,7,10,15,5,267,281,267,91,16,0,0,0,0,0,0
txn_07460,3,8,10,172,1,1,1,4,4,4,6,3,3,4,6,1,1,3,3,4,6,189,193,189,65,8,0,0,0,0,0,0
txn_02218,3,21,2,354,1,1,1,8,13,1,1,7,1,13,1,1,1,7,2,13,1,377,380,377,132,13,0,0,0,0,0,0
txn_04943,3,16,11,174,1,1,1,6,10,4,7,6,3,10,7,1,1,6,3,10,7,200,204,200,68,15,0,0,0,0,0,0
txn_07566,6,9,10,132,2,2,2,4,5,4,6,3,4,5,6,2,2,13,7,5,6,156,157,156,51,12,0,0,0,0,0,0
txn_06576,3,13,6,67,1,1,1,5,8,2,4,5,1,8,4,1,1,9,1,8,4,85,89,85,28,10,0,0,0,0,0,0
txn_06355,3,25,11,105,1,1,1,8,17,4,7,7,3,17,7,1,1,7,3,17,7,140,144,140,46,22,0,0,0,0,0,0
txn_07400,9,14,3,311,2,2,5,4,10,1,2,3,0,10,2,2,1,12,1,10,2,331,337,331,103,12,0,0,0,0,0,0
txn_01104,5,18,10,565,1,2,2,7,11,4,6,6,3,11,6,1,2,6,4,11,6,594,598,594,217,16,0,0,0,0,0,0
txn_02850,14,22,9,94,3,3,8,8,14,2,7,7,1,14,7,3,3,22,13,14,7,123,139,123,38,15,0,0,0,0,0,0
txn_06166,10,20,14,287,2,3,5,6,14,6,8,5,5,14,8,2,3,9,15,14,8,321,331,321,111,19,0,0,0,0,0,0
txn_08131,4,19,8,177,1,1,2,8,11,4,4,7,3,11,4,1,1,7,3,11,4,202,208,202,71,12,0,0,0,0,0,0
txn_05332,0,11,9,125,0,0,0,4,7,3,6,4,3,7,6,0,0,0,0,7,6,145,145,145,49,13,0,0,0,0,0,0
txn_07213,5,8,7,156,1,2,2,3,5,3,4,2,2,5,4,1,2,2,7,5,4,170,176,170,56,7,0,0,0,0,0,0
txn_08189,6,7,4,568,2,2,2,3,4,2,2,2,1,4,2,2,2,8,2,4,2,577,585,577,210,5,0,0,0,0,0,0
txn_02240,5,24,6,386,1,1,3,9,15,2,4,8,1,15,4,1,1,8,1,15,4,413,421,413,141,15,0,0,0,0,0,0
txn_03186,0,10,11,393,0,0,0,4,6,5,6,4,5,6,6,0,0,0,0,6,6,414,414,414,148,12,0,0,0,0,0,0
txn_09168,5,29,12,45,1,2,2,10,19,6,6,9,6,19,6,1,2,9,4,19,6,85,91,85,30,21,0,0,0,0,0,0
txn_01291,0,19,2,240,0,0,0,7,12,1,1,7,1,12,1,0,0,0,0,12,1,261,261,261,91,13,0,0,0,0,0,0
txn_02178,3,38,0,124,1,1,1,16,22,0,0,16,0,22,0,1,1,2,3,22,0,164,165,164,58,22,0,0,0,0,0,0
txn_08213,5,20,11,328,2,1,2,8,12,5,6,8,4,12,6,2,1,11,4,12,6,361,364,361,121,17,0,0,0,0,0,0
txn_02361,12,21,22,198,3,2,7,7,14,6,16,6,5,14,16,3,2,19,6,14,16,240,253,240,79,26,0,0,0,0,0,0
txn_03677,8,26,7,291,2,2,4,12,14,3,4,11,2,14,4,2,2,16,5,14,4,326,332,326,113,18,0,0,0,0,0,0
txn_05685,7,22,7,226,2,2,3,7,15,2,5,6,1,14,5,2,2,8,3,14,5,254,262,254,83,19,0,0,0,0,0,0
txn_08088,7,14,12,283,2,2,3,4,10,4,8,3,3,10,8,2,2,11,5,10,8,309,316,309,104,16,0,0,0,0,0,0
txn_03188,3,15,9,180,1,1,1,6,9,3,6,5,2,9,5,1,1,5,2,9,5,199,207,199,66,13,0,0,0,0,0,0
txn_09396,14,13,11,115,3,3,8,4,9,3,8,3,2,9,8,3,3,35,31,9,8,140,153,140,43,13,0,0,0,0,0,0
txn_01723,5,11,21,300,1,2,2,3,8,7,14,2,7,8,14,1,2,2,5,8,14,334,337,334,115,21,0,0,0,0,0,0
txn_09953,7,16,13,570,2,2,3,7,9,5,8,6,5,8,8,2,2,19,3,8,8,600,606,600,219,18,0,0,0,0,0,0
txn_08936,16,25,3,161,5,5,6,7,18,1,2,6,0,18,2,5,4,37,17,18,2,197,205,197,61,20,0,0,0,0,0,0
txn_04690,7,10,6,176,2,2,3,4,6,2,4,3,1,6,4,2,2,11,4,6,4,195,199,195,63,10,0,0,0,0,0,0
txn_07145,8,24,10,18,2,3,3,11,13,3,7,10,2,13,7,2,3,21,12,13,7,51,60,51,18,15,0,0,0,0,0,0
txn_03202,4,20,5,316,1,1,2,8,12,2,3,7,1,12,3,1,1,7,1,12,3,340,345,340,118,13,0,0,0,0,0,0
txn_00101,5,17,8,60,1,2,2,7,10,3,5,6,2,10,5,1,2,6,7,10,5,85,90,85,28,13,0,0,0,0,0,0
txn_08999,8,21,6,279,2,2,4,7,14,3,3,6,2,14,3,2,2,9,4,14,3,309,314,309,103,17,0,0,0,0,0,0
txn_00723,10,11,11,169,2,3,5,2,9,5,6,1,4,9,6,2,3,5,25,9,6,194,201,194,63,14,0,0,0,0,0,0
txn_07005,5,14,9,172,1,2,2,5,9,4,5,4,3,9,5,1,2,4,9,9,5,195,200,195,66,12,0,0,0,0,0,0
txn_05185,5,19,18,294,1,1,3,9,10,6,12,8,5,10,12,1,1,8,5,10,12,328,336,328,115,18,0,0,0,0,0,0
txn_08181,6,30,24,319,2,2,2,11,19,10,14,11,9,19,13,2,2,22,10,19,13,372,379,372,130,30,0,0,0,0,0,0
txn_03106,9,11,8,286,2,2,5,3,8,3,5,2,3,8,5,2,2,9,6,8,5,311,314,311,105,16,0,0,0,0,0,0
txn_01751,0,24,4,290,0,0,0,10,14,2,2,10,2,14,2,0,0,0,0,14,2,317,318,317,114,15,0,0,0,0,0,0
txn_09560,8,21,5,169,3,1,4,7,14,1,4,6,0,14,4,3,0,17,0,14,4,196,203,196,64,16,0,0,0,0,0,0
txn_06462,7,20,16,183,2,1,4,6,14,5,11,6,4,14,11,2,1,17,4,14,11,219,226,219,78,22,0,0,0,0,0,0
txn_03306,4,29,12,377,1,1,2,10,19,5,7,9,4,18,7,1,1,9,4,18,7,412,422,412,142,23,0,0,0,0,0,0
txn_09915,5,9,9,173,1,2,2,3,6,4,5,2,3,6,5,1,2,2,6,6,5,192,196,192,64,10,0,0,0,0,0,0
txn_03905,3,22,11,259,1,1,1,10,12,4,7,9,3,11,7,1,1,9,3,11,7,286,295,286,97,18,0,0,0,0,0,0
txn_06646,4,25,5,221,1,1,2,9,16,1,4,8,1,16,4,1,0,8,0,16,4,249,255,249,86,16,0,0,0,0,0,0
txn_05234,5,24,12,180,1,2,2,7,17,4,8,6,3,17,7,1,2,6,10,17,7,213,221,213,70,22,0,0,0,0,0,0
txn_03571,0,24,12,24,0,0,0,10,14,3,9,10,3,14,9,0,0,0,0,14,9,58,60,58,21,21,0,0,0,0,0,0
txn_09201,10,20,13,108,3,2,5,7,13,6,7,6,5,13,7,3,2,21,7,13,7,144,151,144,48,19,0,0,0,0,0,0
txn_00694,0,31,2,189,0,0,0,11,20,1,1,11,1,20,1,0,0,0,0,20,1,221,222,221,76,21,0,0,0,0,0,0
txn_00851,5,18,6,572,1,1,3,6,12,2,4,5,1,11,4,1,1,5,1,11,4,592,601,592,215,13,0,0,0,0,0,0
txn_04941,4,17,12,574,1,1,2,6,11,3,9,5,2,10,9,1,1,5,2,10,9,598,607,598,217,16,0,0,0,0,0,0
txn_04366,6,17,11,97,2,1,3,8,9,4,7,7,3,9,7,2,1,13,3,9,7,125,131,125,42,14,0,0,0,0,0,0
txn_05240,7,19,10,99,2,2,3,7,12,3,7,6,3,12,7,2,2,10,8,12,7,130,135,130,43,18,0,0,0,0,0,0
txn_02066,11,20,4,379,4,4,3,5,15,2,2,4,1,15,2,4,4,20,14,15,2,410,414,410,138,18,0,0,0,0,0,0
txn_00127,3,24,17,118,1,1,1,10,14,5,12,9,4,14,12,1,1,9,4,14,12,155,162,155,52,21,0,0,0,0,0,0
txn_03623,3,15,16,147,1,1,1,5,10,7,9,5,6,10,9,1,1,5,6,10,9,179,181,179,62,18,0,0,0,0,0,0
txn_05633,8,15,8,240,2,2,4,6,9,2,6,5,1,9,6,2,2,9,2,9,6,264,271,264,87,14,0,0,0,0,0,0
txn_00539,3,8,6,576,1,1,1,3,5,3,3,2,2,5,3,1,1,2,2,5,3,590,593,590,216,7,0,0,0,0,0,0
txn_05091,10,21,16,150,3,1,6,8,13,5,11,7,4,13,11,3,1,17,4,13,11,187,197,187,63,21,0,0,0,0,0,0
txn_04616,3,31,4,303,1,1,1,11,20,2,2,11,2,20,2,1,1,7,3,20,2,340,341,340,120,23,0,0,0,0,0,0
txn_00782,8,22,11,243,3,2,3,10,12,5,6,9,4,12,6,3,2,17,6,12,6,280,284,280,97,18,0,0,0,0,0,0
txn_05844,6,14,21,128,1,2,3,5,9,6,15,4,5,9,14,1,2,4,6,9,14,160,169,160,51,21,0,0,0,0,0,0
txn_06879,4,22,11,146,1,1,2,7,15,4,7,6,3,15,7,1,1,6,3,15,7,177,183,177,58,19,0,0,0,0,0,0
txn_03250,9,14,16,142,2,2,5,5,9,5,11,4,5,9,11,2,2,12,2,9,11,177,181,177,57,21,0,0,0,0,0,0
txn_08286,8,14,10,331,1,2,5,3,11,4,6,2,3,11,6,1,2,2,5,11,6,356,363,356,115,16,0,0,0,0,0,0
txn_09855,5,38,3,182,1,2,2,13,25,1,2,12,1,25,2,1,2,12,5,25,2,222,228,222,75,25,0,0,0,0,0,0
txn_02597,6,16,19,121,1,2,3,6,10,7,12,5,6,10,12,1,2,5,11,10,12,154,162,154,51,18,0,0,0,0,0,0
txn_09786,8,18,11,124,2,1,5,6,12,3,8,5,2,12,8,2,1,11,2,12,8,152,161,152,48,17,0,0,0,0,0,0
txn_04860,4,14,15,350,1,1,2,5,9,6,9,4,6,8,9,1,1,4,2,8,9,377,383,377,133,18,0,0,0,0,0,0
txn_00746,0,22,12,209,0,0,0,8,14,4,8,8,4,14,8,0,0,0,0,14,8,241,243,241,85,20,0,0,0,0,0,0
txn_04545,3,13,5,123,1,1,1,4,9,2,3,4,1,9,3,1,1,1,1,9,3,142,144,142,48,11,0,0,0,0,0,0
txn_01037,5,26,3,175,1,2,2,10,16,1,2,9,1,16,2,1,2,9,5,16,2,207,209,207,70,18,0,0,0,0,0,0
txn_06768,7,18,16,176,2,2,3,6,12,5,11,5,4,12,11,2,2,12,7,12,11,213,217,213,69,23,0,0,0,0,0,0
txn_06519,9,17,14,579,2,3,4,6,11,4,10,5,3,11,10,2,3,13,11,11,10,611,619,611,220,21,0,0,0,0,0,0
txn_08418,4,19,11,233,1,1,2,6,13,4,7,5,3,13,7,1,1,5,3,13,7,261,267,261,88,17,0,0,0,0,0,0
txn_08526,3,8,9,246,1,1,1,3,5,3,6,2,2,5,6,1,1,2,2,5,6,262,266,262,89,9,0,0,0,0,0,0
txn_03135,4,16,18,89,1,1,2,6,10,7,11,5,6,10,11,1,1,5,6,10,11,121,127,121,41,18,0,0,0,0,0,0
txn_00225,4,28,7,45,1,1,2,10,18,3,4,9,3,18,4,1,0,9,0,18,4,82,84,82,27,22,0,0,0,0,0,0
txn_00776,9,17,9,321,3,1,5,8,9,3,6,7,3,9,6,3,1,21,8,9,6,352,356,352,122,16,0,0,0,0,0,0
txn_04594,3,19,4,182,1,1,1,7,12,2,2,7,1,12,2,1,1,7,1,12,2,206,208,206,71,13,0,0,0,0,0,0
txn_02323,6,20,12,100,2,1,3,9,11,5,7,8,4,11,7,2,1,17,4,11,7,132,138,132,45,16,0,0,0,0,0,0
txn_03317,6,14,0,145,2,2,2,6,8,0,0,5,0,8,0,2,2,12,13,8,0,163,165,163,54,9,0,0,0,0,0,0
txn_02258,5,20,9,187,1,1,3,8,12,4,5,7,3,12,4,1,1,7,3,12,4,211,221,211,73,13,0,0,0,0,0,0
txn_01562,3,16,10,282,1,1,1,6,10,4,6,5,3,10,6,1,1,5,3,10,6,307,311,307,104,14,0,0,0,0,0,0
txn_02564,4,21,10,396,1,1,2,8,13,4,6,7,3,13,6,1,1,7,3,13,6,425,431,425,150,16,0,0,0,0,0,0
txn_02430,5,30,14,212,1,1,3,11,19,5,9,10,4,19,9,1,1,10,4,19,9,253,261,253,87,25,0,0,0,0,0,0
txn_03648,6,19,11,175,2,2,2,8,11,4,7,7,3,11,7,2,2,14,6,11,7,206,211,206,70,17,0,0,0,0,0,0
txn_02488,4,12,8,164,1,1,2,5,7,3,5,4,3,7,5,1,1,4,4,7,5,184,188,184,63,10,0,0,0,0,0,0
txn_00416,3,8,15,92,1,1,1,4,4,8,7,3,7,4,7,1,1,3,7,4,7,114,118,114,40,10,0,0,0,0,0,0
txn_06377,3,21,14,285,1,1,1,8,13,5,9,7,4,12,8,1,1,7,4,12,8,317,323,317,107,21,0,0,0,0,0,0
txn_00527,7,25,8,399,1,1,5,7,18,2,6,6,1,18,6,1,1,6,1,18,6,428,439,428,148,19,0,0,0,0,0,0
txn_04044,6,15,19,108,2,1,3,6,9,7,12,5,6,9,12,2,1,15,6,9,12,139,148,139,48,16,0,0,0,0,0,0
txn_03525,3,21,18,382,1,1,1,8,13,7,11,7,6,13,11,1,1,7,6,13,11,418,424,418,146,21,0,0,0,0,0,0
txn_08479,7,21,23,289,1,2,4,7,14,9,14,6,8,13,13,1,1,6,8,13,13,328,340,328,114,24,0,0,0,0,0,0
txn_01354,5,20,11,293,1,2,2,6,14,4,7,5,3,14,7,1,2,5,6,14,7,325,329,325,111,20,0,0,0,0,0,0
txn_08305,8,9,10,186,2,1,5,4,5,3,7,3,2,5,7,2,1,9,2,5,7,203,213,203,73,9,0,0,0,0,0,0
txn_07597,3,22,4,135,1,1,1,8,14,2,2,7,1,14,2,1,1,7,1,14,2,161,164,161,53,15,0,0,0,0,0,0
txn_09291,7,15,11,249,1,2,4,5,10,3,8,5,2,10,8,1,2,6,4,10,8,278,282,278,93,18,0,0,0,0,0,0
txn_01007,7,25,7,85,2,2,3,9,16,3,4,9,2,16,4,2,2,11,11,16,4,120,124,120,39,22,0,0,0,0,0,0
txn_06772,6,16,16,66,2,1,3,6,10,5,11,5,5,10,11,2,1,10,1,10,11,101,104,101,32,21,0,0,0,0,0,0
txn_08597,7,26,6,201,2,2,3,11,15,2,4,10,1,15,4,2,1,18,1,15,4,235,240,235,81,18,0,0,0,0,0,0
txn_03244,5,17,9,129,1,1,3,6,11,3,6,5,2,11,6,1,1,5,2,11,6,153,160,153,52,14,0,0,0,0,0,0
txn_06290,6,30,12,147,2,1,3,13,17,4,8,12,3,16,8,2,1,22,3,16,8,185,195,185,63,22,0,0,0,0,0,0
txn_03178,8,14,21,116,2,1,5,5,9,6,15,4,5,9,15,2,1,8,5,9,15,149,159,149,48,20,0,0,0,0,0,0
txn_08821,7,20,5,402,2,2,3,7,13,2,3,6,1,13,3,2,2,15,2,13,3,429,434,429,148,16,0,0,0,0,0,0
txn_08203,6,13,6,130,2,1,3,5,8,2,4,4,1,7,4,2,1,10,1,7,4,146,155,146,48,9,0,0,0,0,0,0
txn_02880,6,25,2,145,1,2,3,7,18,1,1,6,0,18,1,1,1,6,4,18,1,173,178,173,55,18,0,0,0,0,0,0
txn_01315,3,14,3,582,1,1,1,5,9,1,2,4,1,9,2,1,1,4,5,9,2,601,602,601,219,11,0,0,0,0,0,0
txn_08658,3,18,14,357,1,1,1,6,12,4,10,6,3,12,10,1,1,5,3,12,10,390,392,390,134,21,0,0,0,0,0,0
txn_05071,5,15,14,21,2,2,1,5,10,4,10,4,3,10,10,2,2,10,4,10,10,51,55,51,14,18,0,0,0,0,0,0
txn_03354,3,17,8,324,1,1,1,8,9,3,5,7,3,9,5,1,1,7,2,9,5,349,352,349,122,13,0,0,0,0,0,0
txn_08362,10,36,4,314,2,2,6,10,26,1,3,9,0,26,3,2,1,10,6,26,3,353,364,353,109,26,0,0,0,0,0,0
txn_05456,0,9,0,79,0,0,0,3,6,0,0,3,0,6,0,0,0,0,0,6,0,88,88,88,30,6,0,0,0,0,0,0
txn_00677,4,16,17,178,1,1,2,6,10,6,11,5,5,9,11,1,1,5,5,9,11,208,215,208,70,19,0,0,0,0,0,0
txn_06771,0,8,17,405,0,0,0,3,5,6,11,3,6,5,11,0,0,0,0,5,11,429,430,429,152,15,0,0,0,0,0,0
txn_00076,3,18,6,133,1,1,1,6,12,2,4,6,2,12,4,1,1,5,4,12,4,156,160,156,52,16,0,0,0,0,0,0
txn_06683,8,16,10,54,2,2,4,5,11,4,6,5,3,11,6,2,1,16,3,11,6,85,88,85,26,19,0,0,0,0,0,0
txn_02583,5,23,7,119,1,2,2,6,17,3,4,5,3,17,4,1,2,5,5,17,4,152,154,152,48,21,0,0,0,0,0,0
txn_04451,7,8,11,289,2,2,3,4,4,4,7,3,3,4,7,2,1,8,3,4,7,311,315,311,107,11,0,0,0,0,0,0
txn_01808,7,8,11,385,2,1,4,3,5,3,8,2,2,5,8,2,1,5,2,5,8,403,411,403,139,11,0,0,0,0,0,0
txn_07936,6,21,14,134,1,2,3,9,12,6,8,9,5,12,8,1,1,6,5,12,8,172,175,172,60,20,0,0,0,0,0,0
txn_01656,3,15,9,204,1,1,1,7,8,3,6,6,2,8,6,1,1,6,2,8,6,227,231,227,79,12,0,0,0,0,0,0
txn_09010,3,10,6,380,1,1,1,4,6,3,3,3,2,6,3,1,1,3,2,6,3,396,399,396,139,8,0,0,0,0,0,0
txn_00175,7,21,31,613,1,2,4,9,12,18,13,8,17,12,13,1,2,8,20,12,13,657,672,657,240,20,0,0,0,0,0,0
txn_01182,17,26,16,44,5,5,7,7,19,5,11,6,4,19,11,5,4,37,17,19,11,92,103,92,25,27,0,0,0,0,0,0
txn_08172,3,24,13,334,1,1,1,11,13,5,8,11,5,13,8,1,1,8,3,13,8,370,374,370,127,19,0,0,0,0,0,0
txn_07921,11,21,12,297,1,2,8,5,16,4,8,4,3,16,8,1,2,4,4,16,8,327,341,327,110,19,0,0,0,0,0,0
txn_00973,3,20,21,180,1,1,1,6,14,7,14,5,6,13,13,1,1,5,6,13,13,214,224,214,71,24,0,0,0,0,0,0
txn_00675,3,17,5,179,1,1,1,6,11,1,4,6,1,11,4,1,1,5,1,11,4,203,204,203,68,15,0,0,0,0,0,0
txn_06516,3,19,6,306,1,1,1,6,13,2,4,5,1,13,4,1,1,5,1,13,4,331,334,331,114,16,0,0,0,0,0,0
txn_00164,3,18,9,309,1,1,1,9,9,4,5,8,3,8,5,1,1,8,3,8,5,334,339,334,119,13,0,0,0,0,0,0
txn_05064,3,9,6,149,1,1,1,4,5,2,4,3,2,5,4,1,1,3,5,5,4,166,167,166,56,9,0,0,0,0,0,0
txn_00042,8,14,12,285,3,1,4,6,8,4,8,5,3,7,8,3,1,28,3,7,8,311,319,311,104,15,0,0,0,0,0,0
txn_08207,5,32,9,132,2,1,2,13,19,3,6,13,2,19,6,2,1,12,2,19,6,172,178,172,61,21,0,0,0,0,0,0
txn_00874,0,10,6,87,0,0,0,4,6,2,4,4,2,6,4,0,0,0,0,6,4,103,103,103,35,10,0,0,0,0,0,0
txn_07537,9,37,18,408,1,2,6,10,27,5,13,9,4,27,13,1,2,9,7,27,13,459,472,459,157,34,0,0,0,0,0,0
txn_02568,10,24,23,317,3,1,6,9,15,8,15,8,7,15,15,3,1,17,7,15,15,360,374,360,116,25,0,0,0,0,0,0
txn_05518,9,18,12,183,2,3,4,8,10,4,8,7,3,10,8,2,3,12,8,10,8,215,222,215,71,17,0,0,0,0,0,0
txn_00737,4,17,11,320,1,1,2,8,9,3,8,7,2,9,7,1,1,7,2,9,7,344,352,344,111,14,0,0,0,0,0,0
txn_01316,0,16,6,152,0,0,0,6,10,3,3,6,3,10,3,0,0,0,0,10,3,174,174,174,61,13,0,0,0,0,0,0
txn_08226,4,11,8,95,1,1,2,4,7,2,6,3,1,7,6,1,1,3,1,7,6,113,118,113,36,11,0,0,0,0,0,0
txn_03832,7,15,8,327,2,2,3,7,8,3,5,6,2,8,5,2,2,12,4,8,5,351,357,351,121,12,0,0,0,0,0,0
txn_02067,10,11,11,306,2,2,6,4,7,4,7,3,3,7,7,2,2,11,9,7,7,329,338,329,104,14,0,0,0,0,0,0
txn_06426,0,15,5,388,0,0,0,5,10,3,2,5,3,9,2,0,0,0,0,9,2,406,408,406,143,11,0,0,0,0,0,0
txn_02204,5,9,13,300,2,1,2,3,6,4,9,3,3,6,8,2,1,12,3,6,8,322,327,322,109,14,0,0,0,0,0,0
txn_09540,7,12,15,228,1,2,4,4,8,5,10,3,4,8,10,1,2,3,5,8,10,254,262,254,86,15,0,0,0,0,0,0
txn_08793,3,11,16,616,1,1,1,4,7,5,11,3,4,6,11,1,1,3,4,6,11,641,646,641,227,17,0,0,0,0,0,0
txn_03874,8,5,21,264,2,2,4,2,3,5,16,1,4,3,16,2,2,3,10,3,16,292,298,292,98,18,0,0,0,0,0,0
txn_09554,4,22,6,287,1,1,2,7,15,2,4,6,1,15,4,1,1,6,1,15,4,314,319,314,105,17,0,0,0,0,0,0
txn_07930,4,18,2,383,1,1,2,8,10,1,1,7,1,10,1,1,1,7,4,10,1,403,407,403,141,11,0,0,0,0,0,0
txn_02824,8,13,2,302,3,2,3,4,9,1,1,3,1,9,1,3,2,16,3,9,1,322,325,322,109,11,0,0,0,0,0,0
txn_08337,6,8,5,70,2,2,2,3,5,2,3,2,1,5,3,2,2,8,2,5,3,85,89,85,27,7,0,0,0,0,0,0
txn_00154,5,20,12,290,1,1,3,6,14,4,8,5,3,14,8,1,1,5,3,14,8,319,327,319,107,18,0,0,0,0,0,0
txn_02866,3,33,8,360,1,1,1,12,21,3,5,12,2,20,5,1,1,4,2,20,5,399,404,399,138,24,0,0,0,0,0,0
txn_04083,6,16,9,127,2,1,3,7,9,3,6,6,2,9,6,2,1,11,2,9,6,153,158,153,51,14,0,0,0,0,0,0
txn_03942,5,21,14,267,2,1,2,7,14,5,9,7,4,14,9,2,1,18,4,14,9,304,307,304,105,22,0,0,0,0,0,0
txn_00070,6,29,7,618,2,1,3,7,22,3,4,6,3,22,4,2,1,9,6,22,4,656,660,656,231,26,0,0,0,0,0,0
txn_04580,6,19,11,362,1,2,3,7,12,4,7,6,3,12,7,1,2,6,4,12,7,392,398,392,136,17,0,0,0,0,0,0
txn_08782,12,17,5,87,3,3,6,6,11,2,3,5,1,11,3,3,3,16,8,11,3,116,121,116,35,16,0,0,0,0,0,0
txn_07931,0,9,4,386,0,0,0,4,5,2,2,4,2,5,2,0,0,0,0,5,2,397,399,397,141,6,0,0,0,0,0,0
txn_02686,11,32,14,41,3,1,7,12,20,4,10,11,3,20,10,3,1,22,3,20,10,82,98,82,27,24,0,0,0,0,0,0
txn_06158,6,26,6,337,2,1,3,9,17,2,4,8,1,17,4,2,1,16,1,17,4,368,375,368,121,19,0,0,0,0,0,0
txn_09035,3,22,14,390,1,1,1,5,17,5,9,5,4,16,9,1,1,2,4,16,9,425,429,425,145,24,0,0,0,0,0,0
txn_04893,5,22,3,309,2,1,2,9,13,1,2,8,0,13,2,2,0,14,0,13,2,333,339,333,107,14,0,0,0,0,0,0
txn_08718,14,12,6,231,5,5,4,5,7,2,4,4,2,7,4,5,5,28,18,7,4,259,263,259,86,13,0,0,0,0,0,0
txn_08019,18,25,4,365,6,6,6,11,14,2,2,10,1,14,2,6,6,78,41,14,2,406,412,406,138,20,0,0,0,0,0,0
txn_07643,6,14,12,122,2,1,3,6,8,4,8,5,3,8,8,2,1,10,3,8,8,147,154,147,48,14,0,0,0,0,0,0
txn_05655,6,31,9,257,2,1,3,9,22,2,7,8,1,22,7,2,1,16,1,22,7,297,303,297,98,27,0,0,0,0,0,0
txn_00263,8,24,11,234,3,1,4,10,14,4,7,9,3,14,7,3,1,20,3,14,7,269,277,269,93,18,0,0,0,0,0,0
txn_00385,5,16,0,102,2,1,2,7,9,0,0,7,0,9,0,2,1,7,4,9,0,123,123,123,42,11,0,0,0,0,0,0
txn_03946,3,9,18,32,1,1,1,4,5,6,12,4,5,5,12,1,1,8,5,5,12,60,62,60,20,16,0,0,0,0,0,0
txn_01715,5,17,14,186,2,1,2,7,10,5,9,6,4,10,9,2,1,11,4,10,9,217,222,217,73,17,0,0,0,0,0,0
txn_06730,0,22,7,172,0,0,0,8,14,3,4,8,3,14,4,0,0,0,0,14,4,199,201,199,70,16,0,0,0,0,0,0
txn_06479,10,13,9,293,3,3,4,5,8,3,6,4,2,8,6,3,3,16,7,8,6,318,325,318,106,14,0,0,0,0,0,0
txn_02454,11,19,25,224,3,2,6,8,11,9,16,7,8,10,16,3,2,21,11,10,16,265,279,265,91,24,0,0,0,0,0,0
txn_02984,8,17,9,148,3,1,4,7,10,2,7,6,1,9,6,3,1,26,1,9,6,171,182,171,56,15,0,0,0,0,0,0
txn_04472,5,14,9,130,2,1,2,6,8,3,6,5,3,7,6,2,1,7,24,7,6,154,158,154,51,15,0,0,0,0,0,0
txn_03283,5,17,10,330,2,1,2,6,11,3,7,5,2,11,7,2,1,13,2,11,7,355,362,355,122,15,0,0,0,0,0,0
txn_07523,6,40,8,90,1,2,3,17,23,2,6,16,1,23,6,1,2,16,4,23,6,135,144,135,47,24,0,0,0,0,0,0
txn_01580,7,17,16,175,1,2,4,6,11,6,10,5,5,10,10,1,2,5,11,10,10,204,215,204,68,18,0,0,0,0,0,0
txn_03448,8,28,10,236,1,2,5,7,21,4,6,6,3,20,6,1,2,6,5,20,6,270,282,270,89,23,0,0,0,0,0,0
txn_01122,9,17,13,333,2,2,5,7,10,4,9,6,3,10,9,2,2,8,4,10,9,364,372,364,125,17,0,0,0,0,0,0
txn_03792,5,26,9,336,2,1,2,9,17,3,6,8,3,16,6,2,1,13,2,16,6,371,376,371,125,24,0,0,0,0,0,0
txn_06872,6,14,11,135,1,2,3,5,9,5,6,4,4,9,6,1,1,4,4,9,6,161,166,161,54,14,0,0,0,0,0,0
txn_00512,9,29,11,149,2,3,4,11,18,4,7,10,3,17,7,2,3,13,12,17,7,190,198,190,62,24,0,0,0,0,0,0
txn_00124,3,39,9,178,1,1,1,17,22,2,7,16,1,22,7,1,1,16,1,22,7,224,229,224,78,26,0,0,0,0,0,0
txn_02474,9,28,11,185,1,2,6,7,21,4,7,6,3,21,7,1,2,6,5,21,7,221,233,221,73,23,0,0,0,0,0,0
txn_08549,12,26,13,305,1,2,9,8,18,4,9,7,3,17,8,1,2,7,7,17,8,338,356,338,115,22,0,0,0,0,0,0
txn_06505,5,23,9,95,2,1,2,8,15,3,6,7,2,14,6,2,1,8,2,14,6,126,132,126,40,20,0,0,0,0,0,0
txn_03769,0,20,5,73,0,0,0,8,12,2,3,8,2,12,3,0,0,0,0,12,3,96,98,96,35,13,0,0,0,0,0,0
txn_07663,5,13,17,261,2,1,2,5,8,5,12,4,4,8,12,2,1,20,4,8,12,291,296,291,99,19,0,0,0,0,0,0
txn_00254,4,25,18,585,1,1,2,10,15,7,11,10,7,15,11,1,1,7,1,15,11,628,632,628,232,24,0,0,0,0,0,0
txn_00881,3,39,11,368,1,1,1,13,26,4,7,12,3,25,7,1,1,12,3,25,7,414,421,414,142,31,0,0,0,0,0,0
txn_04295,9,24,7,338,1,3,5,6,18,3,4,5,2,17,4,1,3,5,10,17,4,366,378,366,124,19,0,0,0,0,0,0
txn_01961,10,11,15,588,3,2,5,4,7,5,10,3,4,6,10,3,2,20,6,6,10,614,624,614,221,17,0,0,0,0,0,0
txn_01059,4,20,5,252,1,1,2,7,13,2,3,6,1,12,3,1,1,6,1,12,3,274,281,274,93,14,0,0,0,0,0,0
txn_09472,0,22,2,370,0,0,0,6,16,1,1,6,1,16,1,0,0,0,0,16,1,394,394,394,137,17,0,0,0,0,0,0
txn_07911,3,8,12,296,1,1,1,2,6,4,8,2,3,6,8,1,1,5,3,6,8,316,319,316,109,12,0,0,0,0,0,0
txn_01651,3,16,8,189,1,1,1,7,9,3,5,6,2,8,5,1,1,6,2,8,5,210,216,210,72,12,0,0,0,0,0,0
txn_03714,3,30,13,167,1,1,1,12,18,5,8,11,4,17,7,1,1,11,4,17,7,206,213,206,71,24,0,0,0,0,0,0
txn_02427,5,15,9,296,2,1,2,5,10,4,5,4,3,10,5,2,1,9,3,10,5,320,325,320,108,13,0,0,0,0,0,0
txn_04752,8,13,16,292,2,1,5,5,8,4,12,4,3,7,11,2,1,7,3,7,11,315,329,315,107,17,0,0,0,0,0,0
txn_04198,6,23,6,322,1,2,3,7,16,3,3,6,3,16,3,1,2,6,9,16,3,353,357,353,113,19,0,0,0,0,0,0
txn_08005,0,27,5,389,0,0,0,11,16,2,3,11,2,15,3,0,0,0,0,15,3,418,421,418,143,19,0,0,0,0,0,0
txn_02139,11,27,14,148,3,2,6,8,19,6,8,7,5,19,8,3,2,21,7,19,8,192,200,192,62,26,0,0,0,0,0,0
txn_01734,9,18,8,411,3,2,4,6,12,3,5,5,2,12,5,3,1,21,2,12,5,441,446,441,151,18,0,0,0,0,0,0
txn_03309,12,24,19,254,3,1,8,8,16,3,16,7,2,15,15,3,1,22,2,15,15,290,309,290,96,26,0,0,0,0,0,0
txn_08673,4,28,11,325,1,1,2,12,16,4,7,11,3,16,7,1,1,11,3,16,7,361,368,361,118,20,0,0,0,0,0,0
txn_09682,10,17,7,292,3,2,5,6,11,2,5,5,1,11,4,3,2,21,3,11,4,315,326,315,107,15,0,0,0,0,0,0
txn_04027,9,14,6,127,2,2,5,5,9,3,3,4,2,9,3,2,2,11,8,9,3,153,156,153,48,15,0,0,0,0,0,0
txn_07285,4,19,14,621,1,1,2,6,13,5,9,6,4,13,9,1,1,7,4,13,9,649,658,649,230,19,0,0,0,0,0,0
txn_08390,9,10,17,82,1,2,6,3,7,5,12,2,4,7,12,1,2,2,5,7,12,107,118,107,34,15,0,0,0,0,0,0
txn_08856,11,27,15,254,2,2,7,9,18,3,12,8,2,18,12,2,2,12,3,18,12,295,307,295,97,29,0,0,0,0,0,0
txn_08047,6,26,15,264,2,2,2,12,14,6,9,11,5,14,9,2,2,19,8,14,9,305,311,305,108,20,0,0,0,0,0,0
txn_01788,5,20,16,392,2,1,2,7,13,5,11,6,5,12,11,2,1,14,3,12,11,429,433,429,147,25,0,0,0,0,0,0
txn_00587,6,39,9,260,1,2,3,13,26,3,6,12,2,26,6,1,2,12,4,26,6,304,314,304,103,27,0,0,0,0,0,0
txn_05326,4,26,8,177,1,1,2,8,18,2,6,7,1,18,6,1,1,7,1,18,6,210,215,210,69,22,0,0,0,0,0,0
txn_09814,7,14,18,270,2,1,4,4,10,5,13,4,4,10,13,2,1,11,4,10,13,304,309,304,103,22,0,0,0,0,0,0
txn_00714,4,6,6,256,1,1,2,2,4,2,4,2,1,4,4,1,1,8,1,4,4,270,272,270,91,8,0,0,0,0,0,0
txn_01823,5,14,6,155,1,2,2,6,8,2,4,5,2,8,4,1,2,5,5,8,4,178,180,178,60,12,0,0,0,0,0,0
txn_08541,10,21,7,590,3,2,5,6,15,3,4,5,2,15,4,3,2,12,4,15,4,621,628,621,224,20,0,0,0,0,0,0
txn_00353,8,25,19,180,1,1,6,9,16,5,14,8,4,16,14,1,1,8,4,16,14,217,232,217,73,23,0,0,0,0,0,0
txn_04447,5,29,13,191,1,1,3,10,19,5,8,9,4,19,8,1,1,9,4,19,8,229,238,229,78,23,0,0,0,0,0,0
txn_09337,8,17,17,207,1,2,5,6,11,6,11,5,5,11,11,1,2,5,11,11,11,239,249,239,82,18,0,0,0,0,0,0
txn_06649,7,27,13,167,1,1,5,9,18,4,9,8,3,18,9,1,1,8,3,18,9,203,214,203,68,22,0,0,0,0,0,0
txn_01546,8,18,13,389,1,1,6,5,13,4,9,4,3,13,9,1,1,4,3,13,9,412,428,412,143,14,0,0,0,0,0,0
txn_04160,6,23,8,593,2,2,2,9,14,3,5,8,2,14,5,2,2,14,3,14,5,623,630,623,225,18,0,0,0,0,0,0
txn_00528,6,26,2,340,2,2,2,10,16,1,1,9,1,16,1,2,2,15,8,16,1,372,374,372,122,18,0,0,0,0,0,0
txn_08036,4,20,12,391,1,1,2,7,13,4,8,6,3,13,8,1,1,6,3,13,8,420,427,420,142,18,0,0,0,0,0,0
txn_06362,4,26,9,189,1,1,2,9,17,3,6,8,2,17,6,1,1,8,2,17,6,223,228,223,74,21,0,0,0,0,0,0
txn_07922,6,27,11,98,1,2,3,7,20,3,8,6,2,20,8,1,2,6,6,20,8,135,142,135,41,25,0,0,0,0,0,0
txn_00368,6,13,9,63,1,2,3,4,9,3,6,3,3,9,6,1,1,3,4,9,6,86,91,86,27,13,0,0,0,0,0,0
txn_07233,7,21,15,226,2,2,3,6,15,6,9,5,6,15,9,2,2,7,10,15,9,261,269,261,89,22,0,0,0,0,0,0
txn_08863,0,18,11,159,0,0,0,6,12,4,7,6,4,12,7,0,0,0,0,12,7,182,188,182,64,13,0,0,0,0,0,0
txn_00856,8,11,9,138,2,1,5,5,6,3,6,4,2,6,6,2,1,6,2,6,6,159,166,159,53,11,0,0,0,0,0,0
txn_05254,6,22,18,392,2,2,2,9,13,8,10,8,7,13,10,2,1,13,7,13,10,430,438,430,151,20,0,0,0,0,0,0
txn_00275,5,20,22,624,1,1,3,6,14,5,17,5,4,14,16,1,1,5,4,14,16,657,671,657,232,23,0,0,0,0,0,0
txn_08078,8,33,17,263,2,2,4,12,21,7,10,11,6,21,9,2,2,17,10,21,9,310,321,310,107,27,0,0,0,0,0,0
txn_00607,8,15,10,189,3,2,3,5,10,4,6,4,3,10,6,3,2,17,6,10,6,217,222,217,77,15,0,0,0,0,0,0
txn_02804,8,31,19,293,2,2,4,12,19,7,12,11,6,19,12,2,2,18,7,19,12,342,351,342,119,27,0,0,0,0,0,0
txn_09130,6,18,12,414,1,2,3,6,12,4,8,5,3,12,8,1,2,5,10,12,8,441,450,441,154,16,0,0,0,0,0,0
txn_05984,6,18,10,417,1,1,4,6,12,4,6,5,3,11,5,1,1,5,3,11,5,437,451,437,152,14,0,0,0,0,0,0
txn_02911,7,28,6,305,2,2,3,9,19,2,4,8,1,18,4,2,2,12,3,18,4,339,346,339,114,23,0,0,0,0,0,0
txn_05222,7,18,6,148,1,2,4,4,14,3,3,3,2,14,3,1,2,3,7,14,3,171,179,171,55,14,0,0,0,0,0,0
txn_08300,6,24,11,373,1,2,3,8,16,4,7,7,3,16,7,1,2,7,6,16,7,407,414,407,141,21,0,0,0,0,0,0
txn_02344,8,18,5,394,2,3,3,6,12,2,3,5,1,12,3,2,3,11,4,12,3,420,425,420,145,14,0,0,0,0,0,0
txn_00322,8,18,13,168,2,2,4,5,13,5,8,4,4,13,8,2,2,8,9,13,8,199,207,199,65,19,0,0,0,0,0,0
txn_01846,5,13,15,311,1,2,2,6,7,7,8,6,6,7,8,1,2,5,12,7,8,342,344,342,121,16,0,0,0,0,0,0
txn_01956,9,34,8,132,2,1,6,12,22,2,6,11,1,21,6,2,1,18,1,21,6,170,183,170,55,25,0,0,0,0,0,0
txn_03817,5,32,7,397,2,1,2,9,23,2,5,8,2,23,5,2,1,10,4,23,5,438,441,438,149,29,0,0,0,0,0,0
txn_06810,3,22,2,328,1,1,1,7,15,1,1,7,1,15,1,1,1,8,2,15,1,354,355,354,114,16,0,0,0,0,0,0
txn_09834,10,13,13,130,3,1,6,5,8,4,9,4,3,8,9,3,1,20,3,8,9,155,166,155,50,14,0,0,0,0,0,0
txn_02737,3,17,9,596,1,1,1,6,11,4,5,6,4,11,5,1,0,6,0,11,5,623,625,623,228,17,0,0,0,0,0,0
txn_00078,6,38,16,141,2,1,3,10,28,6,10,10,5,28,10,2,1,12,5,28,10,194,201,194,63,34,0,0,0,0,0,0
txn_02591,3,28,12,210,1,1,1,8,20,4,8,8,4,20,8,1,1,7,7,20,8,249,253,249,85,26,0,0,0,0,0,0
txn_03392,0,18,14,331,0,0,0,8,10,5,9,8,5,9,9,0,0,0,0,9,9,361,363,361,118,19,0,0,0,0,0,0
txn_09906,6,20,7,417,1,1,4,7,13,2,5,6,1,12,5,1,1,6,1,12,5,439,450,439,153,14,0,0,0,0,0,0
txn_01793,7,36,10,215,2,2,3,14,22,4,6,13,3,22,6,2,2,18,5,22,6,263,268,263,90,28,0,0,0,0,0,0
txn_06805,8,11,8,158,2,1,5,5,6,2,6,4,1,5,6,2,1,8,1,5,6,176,185,176,58,11,0,0,0,0,0,0
txn_06807,8,27,7,400,3,1,4,12,15,2,5,11,1,14,5,3,1,22,1,14,5,433,442,433,152,18,0,0,0,0,0,0
txn_06294,7,17,9,30,2,1,4,4,13,3,6,3,2,13,6,2,1,6,2,13,6,55,63,55,15,16,0,0,0,0,0,0
txn_09715,4,26,9,101,1,2,1,8,18,2,7,8,2,17,7,1,2,2,7,17,7,137,140,137,43,24,0,0,0,0,0,0
txn_02706,7,41,14,267,1,2,4,17,24,5,9,16,5,23,9,1,2,16,4,23,9,319,329,319,109,33,0,0,0,0,0,0
txn_02340,7,18,12,52,2,1,4,8,10,4,8,7,3,10,8,2,1,13,3,10,8,81,89,81,33,15,0,0,0,0,0,0
txn_04508,5,12,14,103,2,1,2,4,8,5,9,3,4,8,9,2,1,9,4,8,9,128,134,128,41,14,0,0,0,0,0,0
txn_04682,3,16,6,419,1,1,1,7,9,3,3,7,2,9,3,1,1,2,2,9,3,441,444,441,156,11,0,0,0,0,0,0
txn_08348,3,5,6,87,1,1,1,2,3,3,3,2,3,3,3,1,1,5,4,3,3,101,101,101,34,7,0,0,0,0,0,0
txn_03205,8,23,9,151,2,2,4,7,16,3,6,6,2,16,6,2,2,12,4,16,6,184,191,184,59,21,0,0,0,0,0,0
txn_02694,4,23,18,238,1,1,2,6,17,7,11,6,6,17,11,1,1,8,6,17,11,279,283,279,94,26,0,0,0,0,0,0
txn_03480,10,11,18,626,1,2,7,3,8,5,13,2,4,8,13,1,2,2,5,8,13,652,665,652,231,16,0,0,0,0,0,0
txn_02177,3,19,7,296,1,1,1,6,13,3,4,6,3,13,4,1,1,4,1,13,4,325,325,325,112,18,0,0,0,0,0,0
txn_05661,9,30,6,154,2,3,4,12,18,2,4,11,1,18,4,2,3,15,8,18,4,192,199,192,63,21,0,0,0,0,0,0
txn_01510,5,24,13,299,1,1,3,7,17,4,9,6,3,16,9,1,1,6,3,16,9,331,341,331,113,22,0,0,0,0,0,0
txn_07865,4,12,7,237,1,1,2,3,9,2,5,3,2,9,5,1,1,6,3,9,5,259,260,259,87,15,0,0,0,0,0,0
txn_09405,5,23,23,269,1,1,3,8,15,8,15,8,7,15,15,1,1,6,7,15,15,315,320,315,109,28,0,0,0,0,0,0
txn_09282,7,40,10,171,1,2,4,13,27,3,7,12,2,27,7,1,2,12,4,27,7,217,228,217,73,28,0,0,0,0,0,0
txn_04423,5,11,2,85,2,1,2,3,8,1,1,2,1,8,1,2,1,6,7,8,1,101,103,101,32,9,0,0,0,0,0,0
txn_08317,0,25,4,240,0,0,0,11,14,2,2,11,2,13,2,0,0,0,0,13,2,268,269,268,95,16,0,0,0,0,0,0
txn_01152,5,10,8,259,1,2,2,3,7,4,4,2,4,7,4,1,2,2,8,7,4,280,282,280,95,11,0,0,0,0,0,0
txn_02871,11,27,18,101,2,3,6,10,17,6,12,9,5,17,12,2,3,20,8,17,12,150,157,150,48,29,0,0,0,0,0,0
txn_02269,9,19,19,242,2,2,5,5,14,5,14,5,4,14,14,2,2,9,6,14,14,283,289,283,93,27,0,0,0,0,0,0
txn_07446,10,20,12,125,3,2,5,7,13,4,8,6,3,13,8,3,2,14,5,13,8,162,167,162,56,22,0,0,0,0,0,0
txn_01675,3,10,14,160,1,1,1,4,6,5,9,3,4,6,9,1,1,3,4,6,9,183,187,183,62,13,0,0,0,0,0,0
txn_07170,0,12,9,153,0,0,0,3,9,4,5,3,4,9,5,0,0,0,0,9,5,173,174,173,60,13,0,0,0,0,0,0
txn_08420,12,30,9,183,3,4,5,10,20,3,6,9,2,19,6,3,4,28,8,19,6,223,234,223,72,24,0,0,0,0,0,0
txn_00793,3,16,18,246,1,1,1,7,9,6,12,6,6,8,11,1,1,6,1,8,11,275,283,275,95,18,0,0,0,0,0,0
txn_01288,3,13,2,599,1,1,1,6,7,1,1,6,1,7,1,1,1,7,5,7,1,615,617,615,226,9,0,0,0,0,0,0
txn_03215,4,11,17,299,1,1,2,4,7,5,12,3,4,7,12,1,1,3,4,7,12,326,331,326,109,17,0,0,0,0,0,0
txn_01023,4,24,6,185,1,1,2,9,15,3,3,8,3,15,3,1,1,8,3,15,3,215,219,215,74,17,0,0,0,0,0,0
txn_00417,8,24,10,122,3,1,4,10,14,3,7,9,2,14,7,3,1,22,2,14,7,156,164,156,52,18,0,0,0,0,0,0
txn_00603,6,2,14,162,2,2,2,1,1,4,10,0,3,1,10,1,2,10,6,1,10,181,184,181,58,11,0,0,0,0,0,0
txn_08954,4,13,5,192,1,1,2,4,9,1,4,3,1,9,4,1,1,3,3,9,4,210,214,210,75,11,0,0,0,0,0,0
txn_05369,5,18,10,601,2,1,2,7,11,3,7,6,2,10,6,2,1,13,2,10,6,623,634,623,226,15,0,0,0,0,0,0
txn_03864,10,7,22,179,2,1,7,3,4,5,17,2,4,4,17,2,1,7,4,4,17,207,218,207,66,18,0,0,0,0,0,0
txn_08905,8,21,15,602,1,1,6,6,15,4,11,5,3,15,11,1,1,5,3,15,11,631,646,631,228,19,0,0,0,0,0,0
txn_03581,3,11,7,395,1,1,1,4,7,3,4,3,2,7,4,1,1,3,2,7,4,413,416,413,144,10,0,0,0,0,0,0
txn_02419,10,26,18,273,2,2,6,11,15,6,12,10,5,15,12,2,2,16,8,15,12,318,327,318,111,25,0,0,0,0,0,0
txn_02528,7,16,9,97,1,1,5,6,10,2,7,6,1,9,7,1,1,6,1,9,7,123,129,123,39,17,0,0,0,0,0,0
txn_05419,6,11,6,402,2,1,3,4,7,2,4,3,1,7,4,2,1,10,1,7,4,419,425,419,146,9,0,0,0,0,0,0
txn_01943,4,18,7,398,1,1,2,7,11,3,4,6,2,11,4,1,1,6,2,11,4,421,427,421,147,13,0,0,0,0,0,0
txn_04284,4,14,5,299,1,1,2,4,10,2,3,4,1,10,3,1,1,7,1,10,3,319,322,319,109,13,0,0,0,0,0,0
txn_06449,3,19,19,302,1,1,1,6,13,6,13,5,5,13,13,1,1,5,5,13,13,336,343,336,115,21,0,0,0,0,0,0
txn_09872,6,31,7,132,2,1,3,12,19,2,5,11,1,19,5,2,1,35,1,19,5,168,176,168,56,21,0,0,0,0,0,0
txn_04099,6,8,10,182,2,1,3,3,5,4,6,2,3,5,6,2,1,13,3,5,6,200,206,200,66,9,0,0,0,0,0,0
txn_04067,6,13,10,106,1,2,3,5,8,4,6,4,3,8,6,1,2,4,7,8,6,128,135,128,42,11,0,0,0,0,0,0
txn_07796,7,24,6,305,1,2,4,8,16,2,4,7,1,15,4,1,2,7,4,15,4,331,342,331,112,18,0,0,0,0,0,0
txn_09767,5,19,8,276,1,1,3,7,12,3,5,6,2,12,5,1,1,6,2,12,5,301,308,301,105,14,0,0,0,0,0,0
txn_04806,4,7,6,302,1,1,2,3,4,2,4,3,2,4,4,1,1,3,3,4,4,319,319,319,108,10,0,0,0,0,0,0
txn_05509,8,15,8,339,2,2,4,7,8,3,5,6,2,8,5,2,2,11,4,8,5,364,370,364,126,12,0,0,0,0,0,0
txn_03491,6,17,23,125,2,2,2,7,10,9,14,6,8,10,14,2,2,11,12,10,14,165,171,165,56,21,0,0,0,0,0,0
txn_08241,6,14,19,401,2,1,3,5,9,6,13,4,5,9,13,2,1,9,5,9,13,434,440,434,150,20,0,0,0,0,0,0
txn_06642,3,24,4,342,1,1,1,7,17,2,2,6,1,17,2,1,1,6,1,17,2,370,373,370,126,18,0,0,0,0,0,0
txn_04884,3,21,16,195,1,1,1,9,12,3,13,8,3,12,12,1,1,8,4,12,12,232,235,232,82,24,0,0,0,0,0,0
txn_07534,5,20,39,345,1,1,3,8,12,25,14,7,24,12,14,1,1,7,24,12,14,402,409,402,151,23,0,0,0,0,0,0
txn_03300,4,18,10,333,1,1,2,9,9,4,6,8,3,9,6,1,1,8,3,9,6,360,365,360,119,13,0,0,0,0,0,0
txn_00107,4,10,11,197,1,1,2,4,6,3,8,3,3,6,8,1,1,3,6,6,8,218,222,218,78,13,0,0,0,0,0,0
txn_05455,6,14,13,272,2,1,3,6,8,4,9,5,4,8,9,2,1,9,6,8,9,302,305,302,103,18,0,0,0,0,0,0
txn_00172,4,20,17,194,1,1,2,7,13,5,12,6,4,13,11,1,1,6,4,13,11,227,235,227,75,23,0,0,0,0,0,0
txn_09207,4,18,12,394,1,1,2,6,12,4,8,5,3,11,8,1,1,5,3,11,8,421,428,421,142,18,0,0,0,0,0,0
txn_01381,14,18,19,90,4,5,5,7,11,11,8,7,10,11,7,4,5,24,25,11,7,129,141,129,43,18,0,0,0,0,0,0
txn_06304,7,18,12,166,2,2,3,7,11,4,8,7,3,11,8,2,2,13,4,11,8,198,203,198,66,19,0,0,0,0,0,0
txn_09115,8,20,7,404,2,2,4,8,12,2,5,8,1,12,5,2,2,11,4,12,5,433,439,433,151,17,0,0,0,0,0,0
txn_06570,7,18,13,343,2,1,4,6,12,4,9,6,3,12,9,2,1,11,3,12,9,374,381,374,123,18,0,0,0,0,0,0
txn_07777,6,18,0,229,2,1,3,7,11,0,0,6,0,11,0,2,1,11,4,11,0,249,253,249,86,11,0,0,0,0,0,0
txn_02814,6,23,23,352,1,2,3,8,15,6,17,7,5,14,17,1,2,7,11,14,17,391,404,391,137,26,0,0,0,0,0,0
txn_08859,7,15,21,262,2,1,4,6,9,7,14,5,6,9,14,2,1,16,6,9,14,296,305,296,100,20,0,0,0,0,0,0
txn_03690,8,11,10,396,2,2,4,4,7,5,5,3,5,7,5,2,2,8,3,7,5,421,425,421,144,12,0,0,0,0,0,0
txn_07470,3,10,6,279,1,1,1,4,6,2,4,3,2,6,4,1,1,3,2,6,4,297,298,297,103,10,0,0,0,0,0,0
txn_08684,9,25,23,399,3,1,5,10,15,7,16,9,6,14,15,3,1,18,6,14,15,440,456,440,150,25,0,0,0,0,0,0
txn_05322,24,10,16,354,9,9,6,4,6,6,10,3,5,6,10,9,9,58,28,6,10,390,404,390,134,15,0,0,0,0,0,0
txn_03073,8,16,16,185,2,2,4,5,11,7,9,4,6,11,9,2,1,12,6,11,9,217,225,217,74,17,0,0,0,0,0,0
txn_02001,6,7,8,605,1,1,4,2,5,2,6,2,1,5,6,1,1,2,1,5,6,622,626,622,225,11,0,0,0,0,0,0
txn_06929,6,29,11,27,1,2,3,8,21,4,7,8,3,21,7,1,2,1,8,21,7,71,73,71,20,29,0,0,0,0,0,0
txn_06196,16,23,16,104,5,5,6,7,16,7,9,7,7,16,9,5,5,31,25,16,9,149,159,149,47,26,0,0,0,0,0,0
txn_08674,6,31,15,245,1,1,4,11,20,5,10,10,4,19,10,1,1,10,4,19,10,286,297,286,98,26,0,0,0,0,0,0
txn_07108,7,12,11,301,1,1,5,3,9,4,7,2,4,9,7,1,1,2,2,9,7,323,331,323,110,15,0,0,0,0,0,0
txn_07312,3,20,24,407,1,1,1,8,12,7,17,8,7,12,17,1,1,5,3,12,17,448,454,448,156,26,0,0,0,0,0,0
txn_06490,5,30,6,348,1,2,2,12,18,2,4,11,2,17,4,1,2,11,3,17,4,384,389,384,132,22,0,0,0,0,0,0
txn_04589,0,21,9,218,0,0,0,8,13,3,6,8,3,13,6,0,0,0,0,13,6,246,248,246,87,17,0,0,0,0,0,0
txn_07086,25,11,9,69,9,9,7,4,7,3,6,3,2,7,6,9,9,58,28,7,6,108,114,108,28,15,0,0,0,0,0,0
txn_07109,6,19,4,304,2,2,2,7,12,2,2,6,1,12,2,2,2,11,2,12,2,329,333,329,114,13,0,0,0,0,0,0
txn_09175,9,14,14,156,2,2,5,5,9,6,8,4,5,9,8,2,2,7,6,9,8,187,193,187,63,17,0,0,0,0,0,0
txn_01806,5,48,16,182,1,1,3,25,23,5,11,24,4,23,11,1,1,24,4,23,11,242,251,242,89,30,0,0,0,0,0,0
txn_02199,8,23,18,163,2,1,5,9,14,5,13,8,4,14,13,2,1,15,4,14,13,199,212,199,66,22,0,0,0,0,0,0
txn_00754,6,17,11,629,2,2,2,6,11,4,7,5,3,11,7,2,2,9,6,11,7,658,663,658,233,17,0,0,0,0,0,0
txn_01138,3,15,8,88,1,1,1,6,9,2,6,5,1,9,6,1,1,5,1,9,6,111,114,111,36,14,0,0,0,0,0,0
txn_03930,5,32,4,243,1,1,3,12,20,1,3,11,0,20,3,1,0,11,0,20,3,277,284,277,94,20,0,0,0,0,0,0
txn_08099,5,25,2,247,2,1,2,8,17,1,1,7,1,17,1,2,1,17,4,17,1,277,279,277,94,19,0,0,0,0,0,0
txn_06483,8,20,13,232,2,2,4,7,13,4,9,6,3,13,9,2,2,9,7,13,9,265,273,265,89,21,0,0,0,0,0,0
txn_03040,7,20,4,188,2,2,3,8,12,2,2,7,1,12,2,2,2,10,2,12,2,215,219,215,73,14,0,0,0,0,0,0
txn_03393,4,11,8,93,1,1,2,4,7,2,6,4,1,7,6,1,1,3,1,7,6,114,116,114,37,13,0,0,0,0,0,0
txn_08307,10,30,9,185,3,2,5,12,18,3,6,11,2,18,6,3,2,19,6,18,6,226,234,226,76,22,0,0,0,0,0,0
txn_00069,8,23,20,632,1,1,6,7,16,6,14,6,5,15,13,1,1,6,5,15,13,665,683,665,236,23,0,0,0,0,0,0
txn_03858,3,20,4,76,1,1,1,6,14,2,2,6,1,14,2,1,1,3,1,14,2,101,103,101,33,15,0,0,0,0,0,0
txn_09789,6,23,7,96,2,2,2,10,13,3,4,9,2,13,4,2,2,17,4,13,4,129,132,129,44,17,0,0,0,0,0,0
txn_01888,4,11,10,174,1,1,2,4,7,3,7,3,2,7,7,1,1,3,2,7,7,193,199,193,65,11,0,0,0,0,0,0
txn_09608,7,14,19,250,2,2,3,6,8,8,11,5,7,8,11,2,2,13,11,8,11,284,290,284,98,18,0,0,0,0,0,0
txn_04466,3,7,9,307,1,1,1,3,4,4,5,2,3,4,5,1,1,2,3,4,5,322,326,322,113,7,0,0,0,0,0,0
txn_09635,8,23,12,608,2,2,4,8,15,3,9,7,2,15,9,2,2,13,5,15,9,644,651,644,232,23,0,0,0,0,0,0
txn_02279,7,13,5,410,2,2,3,4,9,2,3,3,1,9,3,2,2,11,3,9,3,431,435,431,148,12,0,0,0,0,0,0
txn_05566,5,15,10,24,1,2,2,6,9,5,5,5,4,9,5,1,2,5,10,9,5,49,54,49,17,12,0,0,0,0,0,0
txn_01819,4,18,5,265,1,1,2,7,11,1,4,6,1,11,4,1,1,6,3,11,4,289,292,289,99,15,0,0,0,0,0,0
txn_05833,7,15,8,56,2,1,4,6,9,3,5,5,3,9,5,2,1,13,2,9,5,84,86,84,27,16,0,0,0,0,0,0
txn_01264,6,11,13,346,1,2,3,4,7,4,9,3,3,7,9,1,2,3,9,7,9,369,376,369,120,14,0,0,0,0,0,0
txn_02043,13,27,14,413,1,3,9,9,18,5,9,8,4,17,8,1,3,8,17,17,8,444,467,444,153,21,0,0,0,0,0,0
txn_08002,3,11,8,307,1,1,1,5,6,4,4,5,4,5,4,1,1,6,3,5,4,328,329,328,115,11,0,0,0,0,0,0
txn_09187,8,27,5,144,1,2,5,9,18,2,3,8,1,18,3,1,2,8,3,18,3,176,184,176,58,19,0,0,0,0,0,0
txn_08648,4,31,11,111,1,2,1,9,22,4,7,8,4,22,7,1,2,8,5,22,7,152,157,152,49,27,0,0,0,0,0,0
txn_09099,6,49,10,177,1,2,3,25,24,4,6,24,3,24,6,1,2,24,8,24,6,234,242,234,88,26,0,0,0,0,0,0
txn_05580,5,12,8,309,2,1,2,5,7,3,5,5,3,7,5,2,1,12,3,7,5,332,334,332,116,12,0,0,0,0,0,0
txn_09143,4,18,8,166,1,1,2,6,12,3,5,5,2,12,5,1,1,5,2,12,5,191,196,191,64,15,0,0,0,0,0,0
txn_07580,5,26,8,170,2,1,2,9,17,3,5,9,3,17,5,2,1,13,4,17,5,207,209,207,70,23,0,0,0,0,0,0
txn_03931,4,11,14,121,1,1,2,5,6,5,9,4,5,6,9,1,1,4,3,6,9,148,150,148,50,15,0,0,0,0,0,0
txn_09316,6,21,23,33,1,1,4,6,15,5,18,5,4,15,17,1,1,5,4,15,17,67,83,67,19,24,0,0,0,0,0,0
txn_08474,0,22,10,147,0,0,0,8,14,3,7,8,3,14,7,0,0,0,0,14,7,178,179,178,61,20,0,0,0,0,0,0
txn_03674,7,24,11,99,2,2,3,10,14,3,8,9,2,13,8,2,2,17,4,13,8,132,141,132,44,20,0,0,0,0,0,0
txn_01285,5,18,8,312,2,1,2,6,12,3,5,5,2,12,4,2,1,12,2,12,4,335,343,335,107,14,0,0,0,0,0,0
txn_03148,3,14,10,265,1,1,1,6,8,2,8,5,1,8,8,1,1,5,1,8,8,287,292,287,96,14,0,0,0,0,0,0
txn_02910,3,8,16,268,1,1,1,4,4,5,11,4,4,4,11,1,1,4,4,4,11,293,295,293,100,15,0,0,0,0,0,0
txn_00090,8,29,12,63,2,1,5,11,18,3,9,10,2,18,9,2,1,21,2,18,9,102,112,102,33,23,0,0,0,0,0,0
txn_08652,0,14,2,349,0,0,0,6,8,1,1,6,1,8,1,0,0,0,0,8,1,365,365,365,123,9,0,0,0,0,0,0
txn_03206,8,15,17,632,1,3,4,3,12,7,10,2,6,12,10,1,3,2,17,12,10,664,672,664,235,19,0,0,0,0,0,0
txn_09645,4,20,17,92,1,1,2,8,12,5,12,7,4,11,12,1,1,7,4,11,12,125,133,125,41,21,0,0,0,0,0,0
txn_02560,0,21,9,253,0,0,0,7,14,3,6,7,3,13,6,0,0,0,0,13,6,278,283,278,96,17,0,0,0,0,0,0
txn_06434,6,19,10,135,2,2,2,6,13,4,6,5,3,13,6,2,2,13,5,13,6,166,170,166,55,18,0,0,0,0,0,0
txn_03256,5,8,0,246,2,1,2,3,5,0,0,3,0,5,0,2,1,14,1,5,0,259,259,259,87,7,0,0,0,0,0,0
txn_07369,12,25,13,213,1,2,9,7,18,4,9,6,3,18,9,1,2,6,4,18,9,247,263,247,83,21,0,0,0,0,0,0
txn_08173,5,9,10,400,2,2,1,4,5,3,7,3,3,5,7,2,2,10,8,5,7,422,424,422,144,11,0,0,0,0,0,0
txn_09466,3,19,15,310,1,1,1,7,12,5,10,6,4,12,10,1,1,6,4,12,10,342,347,342,119,19,0,0,0,0,0,0
txn_00617,5,19,8,192,2,1,2,7,12,3,5,6,2,12,5,2,1,11,2,12,5,217,224,217,74,13,0,0,0,0,0,0
txn_09512,7,32,7,165,2,1,4,12,20,2,5,11,1,20,5,2,1,16,1,20,5,204,211,204,68,23,0,0,0,0,0,0
txn_00945,6,14,7,357,1,2,3,5,9,2,5,5,1,9,5,1,2,7,2,9,5,381,384,381,134,14,0,0,0,0,0,0
txn_04407,3,34,9,125,1,1,1,12,22,4,5,11,4,22,5,1,1,11,3,22,5,169,171,169,57,26,0,0,0,0,0,0
txn_03618,19,34,6,47,6,6,7,13,21,2,4,13,1,21,4,6,6,78,41,21,4,99,106,99,30,26,0,0,0,0,0,0
txn_03901,7,14,8,314,2,1,4,5,9,2,6,4,1,9,6,2,1,9,1,9,6,334,343,334,115,12,0,0,0,0,0,0
txn_06153,6,18,12,188,1,2,3,6,12,5,7,6,4,12,7,1,2,7,5,12,7,222,224,222,75,20,0,0,0,0,0,0
txn_07255,0,16,15,105,0,0,0,6,10,5,10,6,5,10,10,0,0,0,0,10,10,133,136,133,45,19,0,0,0,0,0,0
txn_00892,7,39,17,635,1,2,4,13,26,4,13,12,3,25,13,1,2,12,8,25,13,678,698,678,238,31,0,0,0,0,0,0
txn_02113,10,21,3,138,3,2,5,6,15,1,2,5,0,15,2,3,1,19,3,15,2,166,172,166,51,17,0,0,0,0,0,0
txn_07680,10,25,9,352,2,1,7,8,17,2,7,7,1,17,7,2,1,18,1,17,7,382,396,382,125,19,0,0,0,0,0,0
txn_09061,5,6,14,168,1,2,2,2,4,7,7,2,7,4,7,1,2,6,7,4,7,192,193,192,65,13,0,0,0,0,0,0
txn_01927,3,15,9,306,1,1,1,6,9,2,7,5,2,9,7,1,1,5,7,9,7,329,333,329,112,14,0,0,0,0,0,0
txn_08755,3,15,32,200,1,1,1,5,10,18,14,5,17,10,13,1,1,11,17,10,13,241,250,241,90,23,0,0,0,0,0,0
txn_03593,8,12,16,235,2,1,5,4,8,5,11,3,4,8,11,2,1,14,4,8,11,261,271,261,89,16,0,0,0,0,0,0
txn_05147,0,13,22,271,0,0,0,5,8,6,16,5,6,8,15,0,0,0,0,8,15,303,306,303,103,22,0,0,0,0,0,0
txn_07768,8,15,2,403,2,3,3,6,9,1,1,5,0,8,1,2,2,12,13,8,1,419,428,419,142,10,0,0,0,0,0,0
txn_07133,5,27,9,268,1,1,3,8,19,2,7,7,1,18,7,1,1,7,1,18,7,300,309,300,100,23,0,0,0,0,0,0
txn_02348,9,16,7,355,3,2,4,5,11,3,4,4,2,11,4,3,2,13,8,11,4,378,387,378,123,14,0,0,0,0,0,0
txn_06097,7,27,8,336,2,2,3,12,15,4,4,12,3,15,4,2,2,17,6,15,4,376,378,376,123,21,0,0,0,0,0,0
txn_02187,3,15,13,637,1,1,1,6,9,3,10,5,3,9,10,1,1,5,3,9,10,667,668,667,237,19,0,0,0,0,0,0
txn_07967,0,25,14,241,0,0,0,8,17,5,9,8,5,16,9,0,0,0,0,16,9,276,280,276,95,23,0,0,0,0,0,0
txn_04714,9,20,9,273,3,1,5,7,13,3,6,6,2,13,6,3,1,17,2,13,6,302,311,302,102,16,0,0,0,0,0,0
txn_09509,11,14,13,202,3,2,6,6,8,4,9,5,3,8,9,3,2,14,5,8,9,233,240,233,83,18,0,0,0,0,0,0
txn_08844,4,27,3,317,1,1,2,9,18,1,2,8,0,17,2,1,0,8,0,17,2,343,351,343,118,18,0,0,0,0,0,0
txn_06555,5,16,16,276,2,1,2,7,9,5,11,6,4,8,11,2,1,14,4,8,11,307,313,307,104,19,0,0,0,0,0,0
txn_01080,5,15,11,350,1,1,3,5,10,4,7,4,3,10,7,1,1,4,3,10,7,374,381,374,129,14,0,0,0,0,0,0
txn_08448,5,24,17,404,2,1,2,8,16,5,12,8,4,16,11,2,1,10,4,16,11,443,450,443,150,25,0,0,0,0,0,0
txn_08854,3,23,16,196,1,1,1,7,16,6,10,7,5,16,10,1,1,8,5,16,10,235,238,235,80,24,0,0,0,0,0,0
txn_04552,7,12,11,133,1,2,4,5,7,4,7,5,3,7,7,1,2,4,7,7,7,161,163,161,52,16,0,0,0,0,0,0
txn_09146,7,27,11,339,3,1,3,8,19,3,8,7,2,18,8,3,1,25,2,18,8,374,384,374,118,23,0,0,0,0,0,0
txn_04332,6,27,15,136,1,1,4,8,19,4,11,7,3,19,11,1,1,7,3,19,11,174,184,174,55,25,0,0,0,0,0,0
txn_06342,11,40,13,169,3,2,6,11,29,4,9,10,3,29,9,3,1,19,3,29,9,224,233,224,71,36,0,0,0,0,0,0
txn_05163,0,21,0,278,0,0,0,8,13,0,0,8,0,13,0,0,0,0,0,13,0,299,299,299,104,13,0,0,0,0,0,0
txn_07823,5,24,20,255,1,1,3,10,14,7,13,9,6,14,13,1,1,9,6,14,13,293,304,293,103,21,0,0,0,0,0,0
txn_06802,7,26,3,611,1,2,4,7,19,1,2,6,0,19,2,1,1,6,5,19,2,639,647,639,230,19,0,0,0,0,0,0
txn_01610,9,36,8,191,3,2,4,14,22,3,5,13,2,22,5,3,2,24,5,22,5,238,244,238,81,26,0,0,0,0,0,0
txn_03258,11,16,8,258,3,4,4,7,9,3,5,6,2,9,5,3,4,23,19,9,5,289,293,289,98,15,0,0,0,0,0,0
txn_06027,5,10,6,21,2,1,2,4,6,2,4,4,1,6,4,2,1,17,1,6,4,38,42,38,12,8,0,0,0,0,0,0
txn_09714,7,15,14,422,3,2,2,6,9,4,10,5,3,9,10,3,2,38,4,9,10,452,458,452,157,16,0,0,0,0,0,0
txn_04244,6,26,10,261,2,1,3,9,17,4,6,8,4,17,6,1,1,8,3,17,6,298,303,298,102,22,0,0,0,0,0,0
txn_01310,10,26,9,282,3,3,4,7,19,4,5,6,3,19,5,3,3,15,9,19,5,321,327,321,108,24,0,0,0,0,0,0
txn_07231,9,10,14,640,3,1,5,3,7,3,11,2,2,6,10,3,1,15,2,6,10,658,673,658,232,14,0,0,0,0,0,0
txn_01348,7,14,4,72,1,2,4,4,10,2,2,3,1,10,2,1,2,3,6,10,2,91,97,91,28,11,0,0,0,0,0,0
txn_06942,9,29,8,194,2,3,4,10,19,3,5,9,2,19,5,2,2,15,7,19,5,233,240,233,78,24,0,0,0,0,0,0
txn_05355,4,30,20,188,1,1,2,10,20,7,13,9,7,19,13,1,1,9,3,19,13,234,242,234,78,30,0,0,0,0,0,0
txn_03959,10,27,9,75,3,2,5,11,16,3,6,10,2,15,6,3,2,18,4,15,6,114,121,114,36,23,0,0,0,0,0,0
txn_01924,4,28,15,172,2,1,1,10,18,6,9,9,5,18,9,2,1,16,5,18,9,212,219,212,73,23,0,0,0,0,0,0
txn_07880,3,20,11,640,1,1,1,7,13,5,6,7,4,12,6,1,1,5,4,12,6,670,674,670,240,18,0,0,0,0,0,0
txn_00807,3,13,12,376,1,1,1,4,9,4,8,3,3,8,8,1,1,3,3,8,8,398,404,398,137,15,0,0,0,0,0,0
txn_05298,3,22,22,108,1,1,1,9,13,8,14,8,7,13,14,1,1,8,7,13,14,152,155,152,52,26,0,0,0,0,0,0
txn_06444,4,22,17,48,1,1,2,8,14,5,12,8,4,14,12,1,1,11,4,14,12,86,91,86,28,23,0,0,0,0,0,0
txn_05734,3,37,7,111,1,1,1,14,23,2,5,13,2,23,5,1,1,13,1,23,5,155,158,155,53,26,0,0,0,0,0,0
txn_00778,12,33,9,309,3,3,6,12,21,3,6,11,2,20,6,3,3,19,11,20,6,351,363,351,119,25,0,0,0,0,0,0
txn_05466,7,24,7,246,1,2,4,8,16,2,5,7,1,16,5,1,2,7,4,16,5,276,284,276,93,18,0,0,0,0,0,0
txn_06021,3,24,5,126,1,1,1,10,14,2,3,9,1,14,3,1,1,9,1,14,3,153,158,153,53,15,0,0,0,0,0,0
txn_07538,7,25,8,353,2,2,3,7,18,2,6,6,1,17,6,2,2,9,6,17,6,385,393,385,129,22,0,0,0,0,0,0
txn_08201,0,18,2,311,0,0,0,6,12,1,1,6,1,12,1,0,0,0,0,12,1,331,331,331,115,13,0,0,0,0,0,0
txn_01978,3,15,10,275,1,1,1,6,9,2,8,5,2,9,8,1,1,5,1,9,8,299,303,299,101,16,0,0,0,0,0,0
txn_04450,8,16,4,278,1,2,5,6,10,1,3,5,0,10,3,1,1,5,3,10,3,297,306,297,102,10,0,0,0,0,0,0
txn_03974,11,19,14,614,3,4,4,8,11,4,10,7,3,11,9,3,4,26,11,11,9,649,658,649,234,19,0,0,0,0,0,0
txn_02515,6,16,10,642,1,2,3,5,11,4,6,4,3,11,6,1,2,4,9,11,6,667,674,667,238,14,0,0,0,0,0,0
txn_08039,4,13,13,180,1,1,2,4,9,4,9,3,3,9,9,1,1,3,3,9,9,204,210,204,68,15,0,0,0,0,0,0
txn_08162,5,17,22,319,1,1,3,6,11,8,14,5,7,11,14,1,1,5,7,11,14,355,363,355,125,21,0,0,0,0,0,0
txn_00717,8,16,24,35,2,2,4,7,9,10,14,6,9,9,14,2,2,7,12,9,14,78,83,78,27,23,0,0,0,0,0,0
txn_07195,0,19,19,616,0,0,0,6,13,6,13,6,6,13,13,0,0,0,0,13,13,648,654,648,235,23,0,0,0,0,0,0
txn_01468,5,25,20,313,1,2,2,10,15,7,13,9,6,14,13,1,2,9,8,14,13,354,363,354,123,25,0,0,0,0,0,0
txn_08054,6,22,10,425,1,2,3,5,17,4,6,4,3,17,6,1,2,4,8,17,6,458,463,458,157,22,0,0,0,0,0,0
txn_06040,5,19,40,405,1,1,3,7,12,25,15,6,24,11,15,1,1,6,24,11,15,459,469,459,171,24,0,0,0,0,0,0
txn_02930,8,16,19,238,2,2,4,5,11,7,12,4,6,11,12,2,2,13,8,11,12,273,281,273,92,21,0,0,0,0,0,0
txn_00403,5,25,14,312,1,2,2,8,17,5,9,8,4,17,9,1,2,5,6,17,9,348,356,348,120,22,0,0,0,0,0,0
txn_08763,3,17,12,281,1,1,1,4,13,5,7,4,5,13,7,1,1,7,3,13,7,312,313,312,106,20,0,0,0,0,0,0
txn_08625,6,14,18,114,2,1,3,6,8,5,13,6,4,8,13,2,1,14,4,8,13,147,152,147,49,20,0,0,0,0,0,0
txn_01901,5,35,9,378,2,1,2,12,23,3,6,11,2,22,6,2,1,17,2,22,6,418,427,418,145,25,0,0,0,0,0,0
txn_02602,3,12,11,128,1,1,1,4,8,3,8,3,2,8,8,1,1,3,2,8,8,151,154,151,48,15,0,0,0,0,0,0
txn_01132,6,20,13,243,2,2,2,6,14,4,9,5,3,14,9,2,2,13,10,14,9,277,282,277,92,21,0,0,0,0,0,0
txn_06164,8,29,9,322,3,2,3,13,16,3,6,12,2,16,6,3,2,25,4,16,6,363,368,363,128,22,0,0,0,0,0,0
txn_07128,6,27,17,124,2,2,2,10,17,5,12,9,4,17,12,2,2,15,7,17,12,167,174,167,55,25,0,0,0,0,0,0
txn_00916,5,20,8,281,1,2,2,7,13,3,5,6,2,13,5,1,2,6,5,13,5,307,314,307,106,14,0,0,0,0,0,0
txn_04211,4,27,17,325,1,1,2,11,16,7,10,11,6,16,10,1,1,6,6,16,10,368,373,368,132,23,0,0,0,0,0,0
txn_05508,8,29,13,406,1,2,5,7,22,4,9,6,3,21,8,1,2,6,5,21,8,440,456,440,146,27,0,0,0,0,0,0
txn_07540,10,13,7,48,3,3,4,4,9,3,4,3,2,8,4,3,3,19,9,8,4,72,78,72,20,14,0,0,0,0,0,0
txn_01460,0,15,3,183,0,0,0,6,9,1,2,6,1,9,2,0,0,0,0,9,2,200,201,200,69,11,0,0,0,0,0,0
txn_01177,3,18,5,128,1,1,1,5,13,3,2,4,2,13,2,1,1,4,2,13,2,151,154,151,49,14,0,0,0,0,0,0
txn_02074,7,27,5,357,2,2,3,10,17,2,3,9,1,16,3,2,2,19,4,16,3,389,396,389,127,19,0,0,0,0,0,0
txn_09797,9,25,3,246,1,3,5,7,18,2,1,6,1,17,1,1,3,6,5,17,1,274,283,274,91,18,0,0,0,0,0,0
txn_04259,5,17,20,248,1,1,3,7,10,6,14,6,6,10,14,1,1,6,2,10,14,285,290,285,98,22,0,0,0,0,0,0
txn_04716,0,14,9,69,0,0,0,4,10,3,6,4,3,10,6,0,0,0,0,10,6,92,92,92,30,16,0,0,0,0,0,0
txn_02897,13,30,4,129,3,4,6,10,20,2,2,9,1,20,2,3,4,28,8,20,2,169,176,169,55,22,0,0,0,0,0,0
txn_04899,7,21,4,188,2,2,3,9,12,2,2,8,1,11,2,2,2,19,6,11,2,213,220,213,73,13,0,0,0,0,0,0
txn_02030,3,22,8,284,1,1,1,9,13,2,6,8,2,13,6,1,1,8,4,13,6,316,317,316,108,19,0,0,0,0,0,0
txn_05490,10,17,10,173,3,2,5,7,10,3,7,6,2,10,7,3,2,17,4,10,7,203,210,203,67,16,0,0,0,0,0,0
txn_06668,10,26,9,72,1,3,6,8,18,4,5,7,3,18,5,1,3,7,15,18,5,108,117,108,34,21,0,0,0,0,0,0
txn_02742,3,21,8,407,1,1,1,8,13,4,4,7,3,13,4,1,1,7,3,13,4,434,439,434,151,14,0,0,0,0,0,0
txn_03904,8,20,18,195,2,2,4,7,13,4,14,7,3,13,14,2,2,17,4,13,14,233,241,233,77,23,0,0,0,0,0,0
txn_01155,3,8,9,410,1,1,1,3,5,4,5,2,3,4,4,1,1,2,3,4,4,423,430,423,146,8,0,0,0,0,0,0
txn_01242,4,14,3,186,1,1,2,5,9,1,2,4,0,9,2,1,0,4,0,9,2,202,207,202,68,9,0,0,0,0,0,0
txn_07578,10,16,32,181,1,1,8,4,12,15,17,3,14,12,17,1,1,3,14,12,17,221,239,221,78,21,0,0,0,0,0,0
txn_01308,8,9,11,128,1,3,4,3,6,5,6,2,4,6,6,1,3,2,11,6,6,150,156,150,54,11,0,0,0,0,0,0
txn_02092,8,21,16,305,3,2,3,8,13,6,10,7,5,13,9,3,2,25,7,13,9,342,350,342,115,21,0,0,0,0,0,0
txn_09916,12,21,9,181,3,2,7,7,14,3,6,6,2,14,6,3,2,22,7,14,6,216,223,216,71,22,0,0,0,0,0,0
txn_09267,7,24,19,359,2,1,4,9,15,4,15,8,3,14,14,2,1,11,3,14,14,395,409,395,128,25,0,0,0,0,0,0
txn_05638,7,19,7,216,2,1,4,9,10,2,5,8,1,10,5,2,1,16,1,10,5,242,249,242,84,13,0,0,0,0,0,0
txn_07038,3,14,2,341,1,1,1,5,9,1,1,5,0,9,1,1,0,11,0,9,1,359,360,359,116,10,0,0,0,0,0,0
txn_05244,6,26,5,328,1,2,3,9,17,2,3,8,1,17,3,1,2,8,2,17,3,359,365,359,125,18,0,0,0,0,0,0
txn_03510,10,15,13,645,2,3,5,5,10,5,8,4,4,9,8,2,3,15,8,9,8,672,683,672,237,18,0,0,0,0,0,0
txn_02759,26,12,17,355,9,9,8,4,8,6,11,3,5,8,11,9,9,58,28,8,11,396,410,396,130,17,0,0,0,0,0,0
txn_04215,6,27,7,117,2,1,3,11,16,2,5,10,1,16,5,2,1,15,1,16,5,151,157,151,51,19,0,0,0,0,0,0
txn_09455,4,23,13,191,1,1,2,9,14,5,8,8,4,14,8,1,1,8,4,14,8,224,231,224,78,18,0,0,0,0,0,0
txn_01158,5,34,3,619,2,1,2,14,20,1,2,13,1,19,2,2,1,14,6,19,2,656,661,656,238,23,0,0,0,0,0,0
txn_08728,6,17,16,189,2,2,2,7,10,7,9,6,6,10,9,2,2,10,9,10,9,224,228,224,77,18,0,0,0,0,0,0
txn_01824,19,14,26,107,6,6,7,6,8,9,17,6,8,8,16,6,6,39,27,8,16,154,166,154,47,28,0,0,0,0,0,0
txn_09184,4,24,24,358,1,1,2,7,17,9,15,6,8,16,15,1,1,6,8,16,15,400,410,400,136,29,0,0,0,0,0,0
txn_01828,10,32,12,50,3,2,5,9,23,5,7,8,5,23,7,3,2,21,4,23,7,99,104,99,30,30,0,0,0,0,0,0
txn_03954,8,15,17,159,3,1,4,5,10,6,11,4,5,10,11,3,1,12,5,10,11,192,199,192,64,19,0,0,0,0,0,0
txn_03701,5,12,11,407,1,1,3,4,8,3,8,3,2,8,8,1,1,3,2,8,8,427,435,427,149,12,0,0,0,0,0,0
txn_08790,10,27,8,414,3,3,4,9,18,3,5,8,2,18,5,3,3,18,9,18,5,453,459,453,156,23,0,0,0,0,0,0
txn_06122,7,21,21,197,2,2,3,8,13,7,14,7,6,13,14,2,2,15,10,13,14,238,246,238,81,23,0,0,0,0,0,0
txn_03455,8,16,6,331,3,1,4,7,9,3,3,6,3,9,3,3,1,20,4,9,3,358,361,358,126,14,0,0,0,0,0,0
txn_07278,3,12,12,360,1,1,1,5,7,3,9,4,3,7,8,1,1,4,4,7,8,385,387,385,132,16,0,0,0,0,0,0
txn_01172,0,27,11,150,0,0,0,9,18,3,8,9,3,18,8,0,0,0,0,18,8,184,188,184,63,22,0,0,0,0,0,0
txn_06345,6,15,11,111,1,1,4,5,10,2,9,4,1,10,9,1,1,4,1,10,9,134,143,134,43,15,0,0,0,0,0,0
txn_03587,4,22,18,99,1,1,2,8,14,6,12,7,5,14,12,1,1,7,5,14,12,135,143,135,45,22,0,0,0,0,0,0
txn_00672,5,23,9,219,2,1,2,8,15,4,5,7,3,15,5,2,1,15,3,15,5,250,256,250,86,17,0,0,0,0,0,0
txn_05220,7,30,18,192,2,2,3,12,18,5,13,11,4,18,13,2,2,19,5,18,13,241,247,241,80,29,0,0,0,0,0,0
txn_02783,8,25,6,647,1,2,5,7,18,2,4,6,1,17,4,1,2,6,2,17,4,674,686,674,238,19,0,0,0,0,0,0
txn_06419,6,33,13,621,1,3,2,9,24,5,8,8,4,24,8,1,3,8,9,24,8,666,673,666,240,29,0,0,0,0,0,0
txn_08976,4,13,19,360,1,1,2,7,6,6,13,6,5,5,12,1,1,6,5,5,12,387,396,387,139,16,0,0,0,0,0,0
txn_02144,9,26,11,77,2,2,5,9,17,3,8,9,2,16,8,2,2,10,7,16,8,116,123,116,36,24,0,0,0,0,0,0
txn_05966,0,16,16,428,0,0,0,6,10,5,11,6,5,10,11,0,0,0,0,10,11,459,460,459,162,20,0,0,0,0,0,0
txn_06870,8,13,19,190,2,2,4,4,9,6,13,3,5,9,13,2,2,9,6,9,13,225,230,225,74,22,0,0,0,0,0,0
txn_07218,4,17,7,649,1,1,2,7,10,2,5,7,1,10,5,1,1,4,1,10,5,670,677,670,240,12,0,0,0,0,0,0
txn_08484,9,21,13,652,3,2,4,8,13,4,9,7,3,12,8,3,2,20,4,12,8,684,695,684,243,21,0,0,0,0,0,0
txn_07165,13,19,7,285,4,5,4,7,12,2,5,6,1,12,5,4,5,31,18,12,5,319,324,319,107,18,0,0,0,0,0,0
txn_00615,6,25,8,652,1,1,4,8,17,2,6,7,1,16,6,1,1,7,1,16,6,680,691,680,242,19,0,0,0,0,0,0
txn_06447,4,16,15,315,1,1,2,7,9,6,9,6,5,9,8,1,1,6,5,9,8,343,350,343,121,16,0,0,0,0,0,0
txn_00036,11,19,2,317,3,2,6,6,13,1,1,5,1,13,1,3,2,17,13,13,1,343,349,343,117,18,0,0,0,0,0,0
txn_02502,0,15,8,205,0,0,0,4,11,3,5,4,3,11,5,0,0,0,0,11,5,227,228,227,83,15,0,0,0,0,0,0
txn_05773,4,28,10,93,1,1,2,9,19,3,7,8,2,19,7,1,1,8,2,19,7,128,135,128,41,22,0,0,0,0,0,0
txn_09959,5,12,13,270,1,1,3,3,9,3,10,2,2,9,10,1,1,2,2,9,10,293,300,293,98,16,0,0,0,0,0,0
txn_01157,6,18,18,194,1,1,4,5,13,6,12,4,5,13,12,1,1,4,5,13,12,226,236,226,76,20,0,0,0,0,0,0
txn_09302,9,27,2,431,2,3,4,10,17,1,1,9,0,17,1,2,2,15,4,17,1,463,469,463,159,19,0,0,0,0,0,0
txn_01377,8,28,5,175,2,2,4,10,18,2,3,9,1,18,3,2,2,16,3,18,3,209,216,209,70,19,0,0,0,0,0,0
txn_07551,7,11,9,434,1,3,3,3,8,3,6,2,2,8,6,1,3,2,12,8,6,454,461,454,157,12,0,0,0,0,0,0
txn_00982,8,26,9,654,2,2,4,11,15,4,5,10,3,14,5,2,2,19,4,14,5,689,697,689,248,19,0,0,0,0,0,0
txn_05263,4,17,12,437,1,1,2,6,11,4,8,5,3,11,8,1,1,5,3,11,8,463,470,463,161,16,0,0,0,0,0,0
txn_05776,12,20,15,307,3,3,6,7,13,5,10,6,4,13,10,3,3,28,17,13,10,347,354,347,115,24,0,0,0,0,0,0
txn_08525,10,19,11,195,1,2,7,5,14,4,7,4,3,14,7,1,2,4,6,14,7,223,235,223,73,17,0,0,0,0,0,0
txn_04949,0,26,11,184,0,0,0,9,17,5,6,9,5,17,6,0,0,0,0,17,6,217,221,217,77,20,0,0,0,0,0,0
txn_05652,7,33,15,624,3,1,3,9,24,7,8,8,6,23,8,3,1,22,6,23,8,669,679,669,242,29,0,0,0,0,0,0
txn_02617,6,20,17,410,1,1,4,7,13,4,13,6,3,13,13,1,1,6,3,13,13,444,453,444,151,22,0,0,0,0,0,0
txn_07772,7,31,16,249,1,1,5,11,20,5,11,10,4,19,11,1,1,10,4,19,11,290,303,290,98,26,0,0,0,0,0,0
txn_06162,4,32,11,310,1,1,2,13,19,5,6,12,5,19,6,1,1,12,4,19,6,353,357,353,122,24,0,0,0,0,0,0
txn_04186,7,27,10,157,2,2,3,7,20,3,7,6,2,19,7,2,2,13,5,19,7,194,201,194,60,26,0,0,0,0,0,0
txn_01567,8,23,32,410,1,2,5,9,14,18,14,8,17,14,14,1,2,8,20,14,14,460,473,460,169,22,0,0,0,0,0,0
txn_04913,6,13,14,360,1,1,4,3,10,3,11,2,2,10,11,1,1,2,2,10,11,384,393,384,133,17,0,0,0,0,0,0
txn_01934,4,30,12,380,1,1,2,10,20,5,7,9,4,20,7,1,1,9,4,20,7,420,426,420,147,24,0,0,0,0,0,0
txn_02519,5,24,2,344,1,2,2,10,14,1,1,10,0,13,1,1,1,8,1,13,1,371,375,371,120,16,0,0,0,0,0,0
txn_07491,8,19,13,75,3,1,4,7,12,4,9,6,3,12,9,3,1,17,3,12,9,105,115,105,34,16,0,0,0,0,0,0
txn_07295,7,33,10,222,2,1,4,9,24,2,8,8,1,24,8,2,1,17,1,24,8,263,272,263,86,28,0,0,0,0,0,0
txn_06100,6,23,18,314,1,1,4,8,15,4,14,7,3,15,14,1,1,7,3,15,14,352,361,352,119,25,0,0,0,0,0,0
txn_03316,4,21,8,96,1,1,2,7,14,3,5,6,2,14,5,1,1,6,2,14,5,124,129,124,40,17,0,0,0,0,0,0
txn_04919,5,16,12,187,2,1,2,7,9,3,9,6,2,9,9,2,1,13,2,9,9,214,220,214,72,16,0,0,0,0,0,0
txn_00019,7,24,11,178,1,2,4,9,15,3,8,8,3,15,8,1,2,8,8,15,8,214,220,214,72,21,0,0,0,0,0,0
txn_05033,7,12,23,138,1,3,3,3,9,8,15,2,7,8,15,1,3,2,12,8,15,172,180,172,56,22,0,0,0,0,0,0
txn_07319,3,41,11,383,1,1,1,11,30,4,7,11,3,29,7,1,1,3,3,29,7,432,438,432,148,33,0,0,0,0,0,0
txn_00531,10,20,13,251,2,2,6,7,13,4,9,6,3,13,9,2,2,10,6,13,9,286,294,286,95,21,0,0,0,0,0,0
txn_06300,6,18,26,132,2,1,3,6,12,10,16,5,9,12,16,1,1,5,9,12,16,172,182,172,60,22,0,0,0,0,0,0
txn_04438,8,29,9,171,3,2,3,10,19,3,6,9,2,19,6,3,2,22,4,19,6,212,217,212,69,24,0,0,0,0,0,0
txn_00801,10,21,6,169,3,2,5,7,14,2,4,6,1,14,4,3,2,32,3,14,4,199,206,199,69,18,0,0,0,0,0,0
txn_04648,4,38,15,317,1,1,2,14,24,4,11,13,3,23,10,1,1,13,3,23,10,364,374,364,125,31,0,0,0,0,0,0
txn_01234,5,22,19,153,2,1,2,8,14,6,13,7,5,14,13,2,1,11,5,14,13,195,199,195,64,26,0,0,0,0,0,0
txn_00240,8,31,16,192,2,2,4,10,21,4,12,9,3,21,12,2,2,14,5,21,12,236,247,236,78,27,0,0,0,0,0,0
txn_01025,5,22,9,656,1,2,2,9,13,4,5,8,3,13,4,1,2,8,5,13,4,685,692,685,247,16,0,0,0,0,0,0
txn_00936,3,23,11,190,1,1,1,8,15,4,7,7,3,15,7,1,1,7,3,15,7,221,227,221,75,18,0,0,0,0,0,0
txn_02581,7,20,11,315,2,2,3,9,11,5,6,8,4,10,6,2,2,14,8,10,6,345,353,345,121,15,0,0,0,0,0,0
txn_02621,7,24,3,363,2,2,3,8,16,1,2,7,0,15,2,2,1,15,4,15,2,390,397,390,136,18,0,0,0,0,0,0
txn_08808,9,7,13,626,2,2,5,3,4,5,8,2,5,3,8,2,2,4,11,3,8,649,655,649,235,15,0,0,0,0,0,0
txn_05417,7,17,13,413,2,2,3,7,10,5,8,6,5,10,8,2,2,8,4,10,8,448,450,448,156,20,0,0,0,0,0,0
txn_09476,7,15,11,284,2,2,3,6,9,4,7,5,4,9,7,2,2,6,12,9,7,314,317,314,108,16,0,0,0,0,0,0
txn_02774,9,14,3,195,2,2,5,5,9,1,2,4,0,9,2,2,1,8,2,9,2,215,221,215,70,12,0,0,0,0,0,0
txn_08152,0,20,12,319,0,0,0,7,13,5,7,7,5,13,7,0,0,0,0,13,7,349,351,349,124,18,0,0,0,0,0,0
txn_02637,4,22,10,114,1,1,2,6,16,4,6,6,3,16,6,1,1,7,3,16,6,146,150,146,48,20,0,0,0,0,0,0
txn_06273,9,7,10,176,2,3,4,2,5,3,7,1,2,5,7,2,2,6,5,5,7,196,202,196,63,11,0,0,0,0,0,0
txn_07461,3,21,11,287,1,1,1,8,13,4,7,8,4,12,7,1,1,5,17,12,7,318,322,318,110,18,0,0,0,0,0,0
txn_01527,5,14,20,440,2,2,1,6,8,6,14,6,5,8,13,2,2,13,5,8,13,474,479,474,165,21,0,0,0,0,0,0
txn_04655,6,25,11,179,1,2,3,9,16,4,7,8,3,16,7,1,2,8,6,16,7,213,221,213,72,19,0,0,0,0,0,0
txn_07736,7,16,4,193,1,2,4,5,11,2,2,4,1,11,2,1,2,4,6,11,2,213,220,213,71,12,0,0,0,0,0,0
txn_07976,3,18,5,162,1,1,1,7,11,3,2,6,2,11,2,1,1,6,2,11,2,185,188,185,64,12,0,0,0,0,0,0
txn_07562,3,29,6,113,1,1,1,12,17,3,3,11,2,17,3,1,1,11,2,17,3,148,151,148,51,19,0,0,0,0,0,0
txn_00911,7,12,17,181,3,1,3,3,9,6,11,2,6,9,11,3,1,11,2,9,11,210,217,210,69,17,0,0,0,0,0,0
txn_02609,8,15,7,197,3,1,4,5,10,2,5,4,2,10,5,3,1,21,3,10,5,224,227,224,74,17,0,0,0,0,0,0
txn_02489,3,18,8,51,1,1,1,7,11,3,5,6,2,11,4,1,1,6,2,11,4,74,80,74,24,14,0,0,0,0,0,0
txn_08160,5,16,25,134,1,1,3,6,10,10,15,6,10,10,15,1,1,6,2,10,15,179,180,179,62,27,0,0,0,0,0,0
txn_02152,3,23,9,182,1,1,1,10,13,3,6,10,3,13,6,1,1,8,1,13,6,215,217,215,75,18,0,0,0,0,0,0
txn_09043,5,24,12,169,1,1,3,7,17,3,9,6,2,17,9,1,1,6,2,17,9,202,210,202,65,23,0,0,0,0,0,0
txn_04345,3,21,0,141,1,1,1,6,15,0,0,6,0,14,0,1,1,12,2,14,0,163,165,163,52,16,0,0,0,0,0,0
txn_04758,8,14,16,53,2,1,5,5,9,4,12,4,3,9,12,2,1,11,3,9,12,82,91,82,25,18,0,0,0,0,0,0
txn_08518,6,23,11,135,2,1,3,9,14,3,8,8,2,14,8,2,1,15,2,14,8,167,175,167,56,18,0,0,0,0,0,0
txn_08632,6,21,9,241,1,2,3,6,15,4,5,5,3,15,5,1,2,5,6,15,5,269,277,269,90,18,0,0,0,0,0,0
txn_08539,9,24,12,102,2,2,5,7,17,4,8,6,3,17,8,2,2,9,6,17,8,139,147,139,44,23,0,0,0,0,0,0
txn_04467,3,24,11,244,1,1,1,8,16,3,8,7,2,16,7,1,1,7,2,16,7,274,282,274,93,20,0,0,0,0,0,0
txn_04235,0,20,11,413,0,0,0,7,13,3,8,7,3,13,8,0,0,0,0,13,8,444,444,444,153,21,0,0,0,0,0,0
txn_02639,12,16,13,50,3,4,5,6,10,5,8,5,4,10,8,3,4,41,37,10,8,86,91,86,26,19,0,0,0,0,0,0
txn_00516,0,10,2,334,0,0,0,4,6,1,1,4,1,6,1,0,0,0,0,6,1,346,346,346,123,7,0,0,0,0,0,0
txn_02386,9,16,11,135,3,2,4,7,9,4,7,6,4,9,7,3,2,16,7,9,7,167,171,167,56,19,0,0,0,0,0,0
txn_03126,6,13,9,288,2,1,3,5,8,2,7,4,1,8,6,2,1,7,1,8,6,309,316,309,105,14,0,0,0,0,0,0
txn_05834,7,14,23,289,2,1,4,6,8,7,16,5,6,8,15,2,1,11,6,8,15,322,333,322,109,21,0,0,0,0,0,0
txn_08949,5,41,10,290,2,1,2,13,28,4,6,12,3,28,6,2,1,23,3,28,6,339,346,339,117,31,0,0,0,0,0,0
txn_08483,7,16,8,172,1,2,4,6,10,3,5,5,2,10,5,1,2,5,5,10,5,195,203,195,66,12,0,0,0,0,0,0
txn_04664,4,25,20,185,1,1,2,9,16,8,12,8,7,16,12,1,1,8,7,16,12,225,234,225,76,23,0,0,0,0,0,0
txn_01235,5,31,8,360,1,2,2,12,19,3,5,11,2,18,5,1,2,11,4,18,5,398,404,398,132,23,0,0,0,0,0,0
txn_09325,6,21,16,246,1,2,3,7,14,7,9,7,6,14,9,1,2,7,11,14,9,284,289,284,99,21,0,0,0,0,0,0
txn_09706,5,19,11,127,1,2,2,8,11,4,7,7,3,11,7,1,2,7,5,11,7,157,162,157,53,16,0,0,0,0,0,0
txn_08425,8,29,6,198,2,2,4,12,17,2,4,11,1,17,4,2,2,18,2,17,4,233,241,233,76,21,0,0,0,0,0,0
txn_08204,8,9,13,131,2,2,4,3,6,4,9,2,4,6,9,2,2,8,8,6,9,157,161,157,50,16,0,0,0,0,0,0
txn_00280,10,19,19,225,3,1,6,6,13,5,14,5,4,13,14,3,1,16,4,13,14,260,273,260,87,22,0,0,0,0,0,0
txn_02463,8,15,9,198,2,1,5,5,10,2,7,4,1,10,7,2,1,9,1,10,7,220,230,220,73,13,0,0,0,0,0,0
txn_00554,9,19,6,337,3,2,4,7,12,2,4,6,1,12,4,3,2,15,2,12,4,365,371,365,126,15,0,0,0,0,0,0
txn_09616,0,24,3,103,0,0,0,9,15,1,2,9,1,15,2,0,0,0,0,15,2,130,130,130,45,17,0,0,0,0,0,0
txn_06465,6,22,13,185,1,1,4,6,16,4,9,5,3,16,9,1,1,5,3,16,9,215,226,215,70,20,0,0,0,0,0,0
txn_02362,3,12,8,340,1,1,1,6,6,3,5,6,3,6,5,1,1,7,1,6,5,363,363,363,129,12,0,0,0,0,0,0
txn_01328,7,26,23,287,2,2,3,8,18,9,14,7,8,17,13,2,2,18,11,17,13,331,343,331,113,30,0,0,0,0,0,0
txn_05805,8,10,10,254,2,1,5,4,6,3,7,3,2,6,7,2,1,6,2,6,7,274,282,274,92,11,0,0,0,0,0,0
txn_05948,6,22,4,317,2,2,2,8,14,2,2,7,1,14,2,2,2,12,5,14,2,346,349,346,118,16,0,0,0,0,0,0
txn_07726,4,23,10,228,1,1,2,8,15,4,6,8,3,15,6,1,1,6,3,15,6,262,265,262,90,20,0,0,0,0,0,0
txn_02356,5,37,5,53,1,1,3,14,23,2,3,14,2,23,3,1,0,4,0,23,3,98,100,98,34,27,0,0,0,0,0,0
txn_01693,9,12,12,313,3,1,5,5,7,4,8,4,3,7,8,3,1,20,3,7,8,338,346,338,114,13,0,0,0,0,0,0
txn_06596,8,22,10,231,3,2,3,7,15,4,6,6,3,15,6,3,2,18,6,15,6,265,271,265,89,19,0,0,0,0,0,0
txn_06031,4,10,13,343,1,1,2,4,6,6,7,4,5,6,7,1,1,11,5,6,7,367,370,367,130,13,0,0,0,0,0,0
txn_00619,7,24,7,151,2,1,4,8,16,2,5,7,1,16,5,2,1,14,1,16,5,182,189,182,59,19,0,0,0,0,0,0
txn_01231,7,13,10,200,1,2,4,5,8,4,6,5,3,8,6,1,2,5,6,8,6,226,230,226,77,14,0,0,0,0,0,0
txn_00268,6,25,13,346,1,1,4,7,18,3,10,6,2,17,10,1,1,6,2,17,10,378,390,378,119,24,0,0,0,0,0,0
txn_02276,6,6,13,249,2,1,3,2,4,5,8,2,4,4,8,2,1,14,4,4,8,271,274,271,93,12,0,0,0,0,0,0
txn_07336,4,26,5,234,1,1,2,7,19,2,3,6,1,19,3,1,1,6,1,19,3,263,269,263,87,20,0,0,0,0,0,0
txn_09065,7,22,10,199,1,1,5,6,16,3,7,5,2,16,7,1,1,5,2,16,7,226,238,226,76,17,0,0,0,0,0,0
txn_06920,7,21,7,288,1,2,4,9,12,2,5,8,1,12,5,1,2,8,3,12,5,315,323,315,110,14,0,0,0,0,0,0
txn_01831,3,14,15,90,1,1,1,6,8,4,11,5,4,8,11,1,1,5,4,8,11,120,122,120,39,18,0,0,0,0,0,0
txn_00827,5,12,8,193,2,1,2,5,7,3,5,4,2,7,5,2,1,11,2,7,5,213,218,213,73,10,0,0,0,0,0,0
txn_04829,7,17,5,320,2,1,4,7,10,2,3,6,2,10,3,2,1,9,4,10,3,346,349,346,119,14,0,0,0,0,0,0
txn_03045,6,31,13,237,2,2,2,11,20,4,9,10,3,20,9,2,2,16,7,20,9,280,287,280,95,25,0,0,0,0,0,0
txn_06001,10,10,9,658,3,2,5,3,7,2,7,2,1,7,7,3,2,14,2,7,7,681,687,681,241,14,0,0,0,0,0,0
txn_09298,0,19,3,175,0,0,0,8,11,1,2,8,1,11,2,0,0,0,0,11,2,196,197,196,69,12,0,0,0,0,0,0
txn_05555,4,11,9,184,1,1,2,4,7,4,5,3,3,7,5,1,1,3,3,7,5,203,208,203,69,10,0,0,0,0,0,0
txn_04728,7,50,8,187,2,1,4,25,25,2,6,24,1,25,6,2,1,35,1,25,6,242,252,242,88,27,0,0,0,0,0,0
txn_07487,4,20,12,105,1,2,1,7,13,4,8,6,3,13,8,1,2,6,5,13,8,137,141,137,45,19,0,0,0,0,0,0
txn_02250,9,13,7,202,3,3,3,4,9,3,4,4,3,9,4,3,3,25,11,9,4,230,231,230,77,15,0,0,0,0,0,0
txn_00303,8,13,5,385,1,3,4,3,10,2,3,2,1,10,3,1,3,2,7,10,3,405,411,405,139,12,0,0,0,0,0,0
txn_08186,7,15,20,348,2,1,4,5,10,6,14,4,5,9,14,2,1,9,5,9,14,379,390,379,121,21,0,0,0,0,0,0
txn_07318,8,24,19,109,2,1,5,9,15,4,15,8,3,15,15,2,1,11,3,15,15,149,160,149,47,25,0,0,0,0,0,0
txn_09265,9,17,18,416,2,2,5,5,12,6,12,4,5,11,12,2,2,10,9,11,12,447,460,447,154,21,0,0,0,0,0,0
txn_03958,0,10,9,208,0,0,0,4,6,3,6,4,3,5,6,0,0,0,0,5,6,225,227,225,82,12,0,0,0,0,0,0
txn_01790,6,22,2,200,2,1,3,8,14,1,1,7,1,13,1,2,1,15,3,13,1,223,230,223,75,15,0,0,0,0,0,0
txn_04115,4,35,11,196,1,1,2,12,23,5,6,12,4,23,6,1,1,4,4,23,6,243,246,243,83,28,0,0,0,0,0,0
txn_09484,8,16,12,172,2,2,4,6,10,4,8,5,3,10,8,2,1,15,3,10,8,202,208,202,71,17,0,0,0,0,0,0
txn_04250,6,22,9,125,1,2,3,9,13,4,5,9,3,13,5,1,2,7,13,13,5,158,162,158,54,17,0,0,0,0,0,0
txn_01755,3,17,14,203,1,1,1,7,10,4,10,6,4,10,10,1,1,6,8,10,10,233,237,233,79,18,0,0,0,0,0,0
txn_08475,6,26,12,251,2,1,3,12,14,4,8,11,3,14,8,2,1,18,3,14,8,288,295,288,101,19,0,0,0,0,0,0
txn_09041,5,23,13,59,2,2,1,8,15,5,8,7,4,15,8,2,2,12,6,15,8,97,100,97,30,22,0,0,0,0,0,0
txn_00170,4,14,12,416,1,1,2,3,11,5,7,2,4,10,6,1,1,2,4,10,6,438,446,438,149,16,0,0,0,0,0,0
txn_02261,5,5,14,442,2,1,2,2,3,5,9,2,4,3,8,2,1,10,4,3,8,460,466,460,161,12,0,0,0,0,0,0
txn_06053,7,28,16,139,1,1,5,8,20,4,12,7,3,19,11,1,1,7,3,19,11,175,190,175,55,26,0,0,0,0,0,0
txn_03789,5,27,5,188,1,2,2,12,15,2,3,11,1,15,3,1,2,11,5,15,3,220,225,220,76,16,0,0,0,0,0,0
txn_09619,5,11,27,138,1,2,2,4,7,10,17,3,9,7,17,1,2,3,14,7,17,174,181,174,58,21,0,0,0,0,0,0
txn_01768,3,29,5,59,1,1,1,10,19,1,4,9,1,19,4,1,1,9,3,19,4,93,96,93,29,22,0,0,0,0,0,0
txn_06098,5,22,11,322,1,1,3,6,16,4,7,5,3,16,7,1,1,5,3,16,7,353,360,353,121,20,0,0,0,0,0,0
txn_02431,6,19,4,190,2,2,2,7,12,2,2,6,1,12,2,2,2,11,5,12,2,216,219,216,72,14,0,0,0,0,0,0
txn_03865,4,22,22,201,1,1,2,6,16,7,15,5,6,16,15,1,1,5,6,16,15,242,249,242,80,27,0,0,0,0,0,0
txn_08818,6,13,7,117,1,2,3,5,8,3,4,4,2,8,4,1,2,4,8,8,4,138,143,138,46,11,0,0,0,0,0,0
txn_07229,5,21,23,316,1,2,2,7,14,6,17,6,5,14,17,1,2,6,11,14,17,357,365,357,119,26,0,0,0,0,0,0
txn_07770,5,23,14,416,2,1,2,6,17,4,10,5,3,16,10,2,1,13,3,16,10,450,458,450,151,24,0,0,0,0,0,0
txn_07603,6,16,15,221,1,2,3,6,10,6,9,5,6,10,8,1,2,5,5,10,8,253,258,253,87,18,0,0,0,0,0,0
txn_09998,13,30,10,139,2,3,8,12,18,4,6,12,3,18,6,2,3,16,13,18,6,185,192,185,60,26,0,0,0,0,0,0
txn_08458,7,26,14,143,1,1,5,9,17,3,11,9,2,16,11,1,1,6,2,16,11,179,190,179,58,23,0,0,0,0,0,0
txn_09371,10,15,10,178,3,1,6,6,9,3,7,5,2,9,7,3,1,17,2,9,7,204,213,204,68,14,0,0,0,0,0,0
txn_00548,5,14,7,240,1,2,2,4,10,2,5,4,1,10,5,1,2,6,4,10,5,264,266,264,88,15,0,0,0,0,0,0
txn_02598,7,21,10,628,2,2,3,7,14,3,7,6,2,14,6,2,2,11,3,14,6,659,666,659,237,22,0,0,0,0,0,0
txn_08247,5,13,14,257,1,2,2,5,8,5,9,4,4,8,9,1,2,4,8,8,9,284,289,284,96,16,0,0,0,0,0,0
txn_03406,5,8,10,365,1,2,2,4,4,4,6,3,4,4,6,1,2,3,4,4,6,386,388,386,138,10,0,0,0,0,0,0
txn_01501,5,28,6,418,1,2,2,10,18,3,3,9,2,18,3,1,2,9,3,18,3,452,457,452,158,20,0,0,0,0,0,0
txn_08301,3,11,17,205,1,1,1,5,6,7,10,4,6,6,10,1,1,4,6,6,10,232,236,232,81,14,0,0,0,0,0,0
txn_06839,8,13,19,99,1,2,5,4,9,5,14,3,4,9,14,1,2,3,5,9,14,129,139,129,40,19,0,0,0,0,0,0
txn_09360,7,30,19,128,2,1,4,12,18,7,12,11,6,18,11,2,1,15,6,18,11,173,184,173,59,27,0,0,0,0,0,0
txn_01685,9,24,9,190,1,3,5,6,18,3,6,5,2,18,6,1,3,5,11,18,6,222,232,222,73,20,0,0,0,0,0,0
txn_09452,7,14,9,346,2,2,3,4,10,4,5,3,3,10,4,2,2,9,5,10,4,369,376,369,127,15,0,0,0,0,0,0
txn_07975,3,33,9,630,1,1,1,12,21,4,5,11,3,21,5,1,1,11,3,21,5,669,675,669,244,24,0,0,0,0,0,0
txn_03524,10,22,15,151,2,3,5,8,14,6,9,7,5,14,9,2,3,11,16,14,9,190,198,190,62,22,0,0,0,0,0,0
txn_06958,8,28,13,421,2,2,4,9,19,4,9,8,3,18,9,2,2,12,6,18,9,458,470,458,158,25,0,0,0,0,0,0
txn_02376,3,23,6,368,1,1,1,8,15,3,3,8,3,14,3,1,1,12,3,14,3,397,400,397,141,18,0,0,0,0,0,0
txn_06095,6,26,24,444,2,1,3,8,18,8,16,7,7,18,16,2,1,13,7,18,16,493,500,493,171,31,0,0,0,0,0,0
txn_05199,4,26,8,184,1,1,2,10,16,3,5,9,2,16,5,1,1,9,2,16,5,217,222,217,74,19,0,0,0,0,0,0
txn_06254,8,9,16,661,3,2,3,4,5,8,8,3,7,4,7,3,2,13,12,4,7,685,694,685,247,13,0,0,0,0,0,0
txn_07889,8,11,10,423,3,2,3,5,6,2,8,4,1,6,8,3,1,18,1,6,8,447,452,447,155,14,0,0,0,0,0,0
txn_04055,6,27,8,243,1,2,3,9,18,3,5,8,2,18,5,1,2,8,5,18,5,277,284,277,94,21,0,0,0,0,0,0
txn_09748,7,33,5,662,2,2,3,12,21,2,3,12,2,20,3,2,2,17,2,20,3,700,707,700,250,25,0,0,0,0,0,0
txn_03918,3,39,5,293,1,1,1,19,20,1,4,19,1,19,4,1,1,8,4,19,4,337,340,337,122,23,0,0,0,0,0,0
txn_00193,3,9,10,44,1,1,1,4,5,4,6,3,4,5,6,1,1,3,2,5,6,65,66,65,26,11,0,0,0,0,0,0
txn_08279,3,28,12,348,1,1,1,12,16,5,7,11,4,16,6,1,1,11,4,16,6,385,391,385,137,21,0,0,0,0,0,0
txn_03308,9,20,14,131,3,1,5,7,13,4,10,6,3,13,10,3,1,18,3,13,10,162,174,162,58,17,0,0,0,0,0,0
txn_04989,3,27,21,193,1,1,1,9,18,7,14,9,6,18,14,1,1,4,6,18,14,239,244,239,80,29,0,0,0,0,0,0
txn_03985,3,28,14,664,1,1,1,11,17,4,10,10,3,16,9,1,1,10,3,16,9,700,709,700,252,24,0,0,0,0,0,0
txn_03171,9,25,13,116,2,2,5,7,18,3,10,6,2,18,10,2,2,12,4,18,10,153,163,153,47,24,0,0,0,0,0,0
txn_09586,3,17,9,665,1,1,1,6,11,4,5,5,4,10,4,1,1,5,3,10,4,686,694,686,248,13,0,0,0,0,0,0
txn_00676,3,17,2,249,1,1,1,5,12,1,1,5,0,12,1,1,0,8,0,12,1,270,271,270,91,13,0,0,0,0,0,0
txn_04075,3,8,9,223,1,1,1,4,4,4,5,4,3,4,5,1,1,6,3,4,5,242,243,242,85,9,0,0,0,0,0,0
txn_07412,6,40,15,325,1,2,3,20,20,7,8,20,6,20,8,1,2,8,7,20,8,380,386,380,138,29,0,0,0,0,0,0
txn_05550,4,13,14,388,1,1,2,5,8,5,9,4,5,8,9,1,1,4,4,8,9,416,419,416,145,17,0,0,0,0,0,0
txn_01531,7,17,14,273,2,2,3,6,11,4,10,5,3,11,10,2,2,10,4,11,10,305,311,305,103,19,0,0,0,0,0,0
txn_04008,10,19,6,204,2,3,5,9,10,2,4,8,1,10,4,2,3,15,6,10,4,234,239,234,79,16,0,0,0,0,0,0
txn_08874,7,17,18,276,2,1,4,6,11,5,13,5,4,11,13,2,1,9,4,11,13,310,318,310,105,21,0,0,0,0,0,0
txn_07208,11,12,18,291,2,3,6,4,8,5,13,3,4,8,13,2,3,7,10,8,13,324,332,324,109,20,0,0,0,0,0,0
txn_05146,6,21,9,102,1,2,3,7,14,3,6,6,2,14,6,1,2,6,5,14,6,129,138,129,42,15,0,0,0,0,0,0
txn_02587,6,14,15,206,1,1,4,4,10,3,12,3,2,10,12,1,1,3,2,10,12,230,241,230,76,16,0,0,0,0,0,0
txn_05027,6,17,8,181,2,2,2,7,10,3,5,6,2,10,5,2,2,13,7,10,5,208,212,208,70,14,0,0,0,0,0,0
txn_06066,10,37,26,78,2,3,5,19,18,9,17,18,8,18,17,2,3,24,11,18,17,141,151,141,51,32,0,0,0,0,0,0
txn_08915,4,40,13,134,1,1,2,17,23,4,9,16,4,23,9,1,1,16,1,23,9,186,191,186,65,29,0,0,0,0,0,0
txn_04529,6,9,9,210,2,2,2,4,5,4,5,4,3,5,5,2,2,11,5,5,5,232,234,232,84,11,0,0,0,0,0,0
txn_04578,9,14,11,226,2,2,5,5,9,4,7,4,4,9,7,2,2,8,9,9,7,256,260,256,87,18,0,0,0,0,0,0
txn_03663,0,10,23,279,0,0,0,4,6,7,16,4,7,6,16,0,0,0,0,6,16,311,312,311,107,22,0,0,0,0,0,0
txn_09072,9,15,15,81,2,2,5,4,11,5,10,3,4,11,10,2,2,9,7,11,10,110,120,110,34,17,0,0,0,0,0,0
txn_09752,5,27,41,174,1,2,2,7,20,25,16,6,24,20,16,1,2,6,27,20,16,240,247,240,89,32,0,0,0,0,0,0
txn_02480,11,12,16,350,3,2,6,4,8,5,11,3,4,7,11,3,2,20,6,7,11,377,389,377,121,18,0,0,0,0,0,0
txn_08979,4,18,2,252,1,1,2,6,12,1,1,5,1,12,1,1,1,5,3,12,1,274,276,274,93,13,0,0,0,0,0,0
txn_04703,3,22,19,129,1,1,1,8,14,5,14,8,5,14,14,1,1,3,1,14,14,168,173,168,56,24,0,0,0,0,0,0
txn_07712,6,20,5,327,1,2,3,6,14,2,3,5,2,14,3,1,2,5,4,14,3,354,358,354,121,16,0,0,0,0,0,0
txn_05563,10,13,12,41,3,3,4,4,9,5,7,3,4,9,7,3,3,16,11,9,7,72,76,72,21,17,0,0,0,0,0,0
txn_00886,6,23,20,417,2,1,3,8,15,6,14,7,5,14,14,2,1,11,5,14,14,458,466,458,158,27,0,0,0,0,0,0
txn_01380,6,24,12,295,1,1,4,9,15,3,9,8,2,15,9,1,1,8,2,15,9,325,337,325,113,18,0,0,0,0,0,0
txn_03322,3,18,14,633,1,1,1,7,11,4,10,6,3,10,9,1,1,6,3,10,9,658,668,658,238,19,0,0,0,0,0,0
txn_09162,5,18,20,330,1,1,3,7,11,7,13,6,6,11,13,1,1,6,6,11,13,364,373,364,127,19,0,0,0,0,0,0
txn_02511,8,23,22,56,1,1,6,7,16,7,15,6,6,16,15,1,1,6,6,16,15,95,109,95,31,24,0,0,0,0,0,0
txn_05496,6,17,8,208,1,2,3,7,10,3,5,6,2,10,5,1,2,6,3,10,5,232,239,232,80,12,0,0,0,0,0,0
txn_03798,9,22,21,264,2,2,5,9,13,7,14,8,6,13,13,2,2,15,8,13,13,305,316,305,105,24,0,0,0,0,0,0
txn_02672,6,18,23,426,2,1,3,10,8,8,15,10,7,8,15,2,1,10,7,8,15,467,473,467,167,22,0,0,0,0,0,0
txn_05360,10,38,33,47,3,3,4,19,19,15,18,18,15,18,17,3,3,35,32,18,17,96,128,96,38,28,0,0,0,0,0,0
txn_03363,12,42,34,252,4,3,5,21,21,16,18,20,15,20,17,4,3,54,33,20,17,307,340,307,111,30,0,0,0,1,1,1
txn_00558,13,42,42,175,3,4,6,21,21,25,17,21,24,20,16,3,4,33,32,20,16,237,272,237,88,32,1,1,1,0,0,0
txn_03925,5,41,33,134,2,2,1,17,24,18,15,16,18,23,14,2,2,32,29,23,14,183,213,183,69,29,0,0,0,0,0,0
txn_02731,12,51,34,252,4,3,5,25,26,16,18,24,16,25,17,4,3,52,32,25,17,315,349,315,113,35,0,0,0,0,0,0
txn_04340,13,41,35,135,3,4,6,17,24,17,18,16,16,23,17,3,4,41,37,23,17,186,224,186,67,32,1,1,1,1,1,1
txn_09777,15,43,42,44,5,4,6,22,21,25,17,21,24,20,16,5,4,58,37,20,16,103,144,103,44,30,0,0,0,0,0,0
txn_03912,10,51,34,55,3,3,4,25,26,19,15,25,19,25,14,3,3,38,32,25,14,111,150,111,44,33,0,0,0,0,0,0
txn_08273,13,41,35,253,3,4,6,17,24,17,18,16,16,23,17,3,4,42,37,23,17,308,342,308,110,32,0,0,0,0,0,0
txn_04448,7,41,35,176,3,2,2,17,24,17,18,17,17,23,18,3,2,44,25,23,18,230,259,230,86,30,1,1,1,1,1,1
txn_04614,15,43,42,44,4,4,7,22,21,25,17,21,24,20,16,4,4,45,32,20,16,107,144,107,44,32,0,0,0,0,0,0
txn_07351,15,38,42,45,5,4,6,19,19,25,17,18,24,18,16,5,4,58,37,18,16,98,140,98,41,28,0,0,0,1,1,1
txn_01879,11,38,37,253,4,3,4,19,19,18,19,18,17,18,18,4,3,49,29,18,18,303,339,303,109,27,1,1,1,2,2,2
txn_06473,13,52,35,213,3,4,6,26,26,20,15,25,19,25,14,3,4,42,37,25,14,272,313,272,103,32,0,0,0,0,0,0
txn_01647,9,52,35,254,4,3,2,26,26,20,15,25,20,25,14,4,3,54,30,25,14,311,350,311,113,31,1,1,1,1,1,1
txn_07303,9,42,37,47,3,3,3,18,24,18,19,18,17,23,18,3,3,43,33,23,18,99,135,99,38,31,0,0,0,1,1,1
txn_05708,11,43,42,135,4,4,3,19,24,25,17,18,24,23,16,4,4,54,35,23,16,189,231,189,72,31,1,1,1,0,0,0
txn_03824,12,38,37,136,3,3,6,19,19,18,19,19,18,18,18,3,3,40,34,18,18,183,223,183,69,28,0,0,0,1,1,1
txn_07699,21,52,38,45,7,6,8,26,26,19,19,25,18,25,18,7,6,95,41,25,18,110,156,110,40,38,1,1,1,2,2,2
txn_04563,11,43,36,255,4,3,4,22,21,21,15,21,21,20,14,4,3,53,33,20,14,305,345,305,114,25,0,0,0,0,0,0
txn_03670,6,43,37,177,2,2,2,22,21,22,15,22,22,20,14,2,2,22,30,20,14,227,263,227,88,25,1,1,1,1,1,1
txn_05894,5,12,12,319,1,2,2,5,7,5,7,5,4,7,7,1,2,8,5,7,7,345,348,345,118,14,0,0,0,0,0,0
txn_03090,8,44,42,45,2,3,3,23,21,25,17,23,24,20,16,2,3,28,35,20,16,100,139,100,44,28,2,2,2,0,0,0
txn_03777,15,39,38,214,4,2,9,20,19,19,19,19,19,18,18,4,1,51,24,18,18,266,306,266,97,32,0,0,0,0,0,0
txn_08645,15,39,39,55,4,4,7,20,19,20,19,19,19,18,18,4,4,43,37,18,18,104,148,104,40,29,0,0,0,0,0,0
txn_08970,9,39,39,48,3,3,3,20,19,20,19,20,20,18,18,3,3,39,37,18,18,95,135,95,39,28,0,0,0,0,0,0
txn_01099,13,43,38,46,4,4,5,19,24,23,15,18,22,23,14,4,4,53,38,23,14,99,140,99,41,30,0,0,0,0,0,0
txn_08027,12,45,42,49,4,4,4,24,21,25,17,23,24,20,16,4,4,51,37,20,16,103,148,103,45,28,0,0,0,0,0,0
txn_09828,4,34,20,370,1,1,2,14,20,6,14,13,5,19,14,1,1,13,5,19,14,417,428,417,150,28,0,0,0,0,0,0
txn_08615,15,52,38,256,5,4,6,26,26,23,15,25,22,25,14,5,4,60,37,25,14,315,361,315,115,33,0,0,0,1,1,1
txn_09924,3,10,12,350,1,1,1,5,5,4,8,4,4,4,8,1,1,4,4,4,8,370,375,370,131,12,0,0,0,0,0,0
txn_09931,16,52,40,55,5,4,7,26,26,21,19,25,20,25,18,5,4,60,37,25,18,116,163,116,45,36,0,0,0,0,0,0
txn_05646,10,45,40,257,2,3,5,24,21,21,19,24,21,20,18,2,3,31,25,20,18,314,352,314,116,31,0,0,0,1,1,1
txn_03991,14,43,41,178,4,4,6,19,24,22,19,18,21,23,18,4,4,50,37,23,18,232,276,232,87,30,0,0,0,1,1,1
txn_07316,12,43,42,137,4,3,5,19,24,25,17,19,25,23,16,4,3,51,31,23,16,191,234,191,73,32,1,1,1,0,0,0
txn_07146,7,25,24,298,2,1,4,9,16,8,16,8,7,15,15,2,1,17,7,15,15,341,354,341,118,29,0,0,0,0,0,0
txn_05399,15,44,38,258,4,4,7,20,24,23,15,19,22,23,14,4,4,50,37,23,14,310,355,310,114,29,1,1,1,0,0,0
txn_09389,14,52,41,55,3,4,7,26,26,22,19,25,21,25,18,3,4,43,37,25,18,114,162,114,45,35,0,0,0,0,0,0
txn_06481,21,52,41,138,7,6,8,26,26,22,19,25,21,25,18,7,6,95,41,25,18,203,252,203,73,38,1,1,1,1,1,1
txn_01955,15,46,43,179,4,4,7,25,21,26,17,25,25,20,16,4,4,44,37,20,16,235,283,235,89,30,0,0,0,0,0,0
txn_03595,13,40,38,214,4,4,5,21,19,23,15,20,22,18,14,4,4,54,38,18,14,262,305,262,99,26,0,0,0,0,0,0
txn_04872,10,16,13,291,2,3,5,6,10,4,9,5,3,10,9,2,3,12,8,10,9,322,330,322,109,18,0,0,0,0,0,0
txn_03668,8,27,9,418,1,3,4,8,19,4,5,8,3,18,5,1,3,7,7,18,5,458,462,458,154,26,0,0,0,0,0,0
txn_01463,0,3,5,314,0,0,0,1,2,2,3,1,2,2,3,0,0,0,0,2,3,322,322,322,105,5,0,0,0,0,0,0
txn_04480,8,24,7,91,2,3,3,8,16,3,4,7,2,16,4,2,3,16,7,16,4,124,130,124,39,19,0,0,0,0,0,0
txn_03362,9,9,14,352,2,1,6,4,5,3,11,3,2,5,10,2,1,9,2,5,10,371,384,371,120,13,0,0,0,0,0,0
txn_07364,3,16,18,79,1,1,1,5,11,7,11,4,6,11,11,1,1,4,6,11,11,110,116,110,36,19,0,0,0,0,0,0
txn_00480,8,19,21,119,1,1,6,4,15,6,15,3,5,15,15,1,1,3,5,15,15,152,167,152,48,22,0,0,0,0,0,0
txn_04975,5,34,21,391,1,1,3,14,20,8,13,14,7,19,12,1,1,8,7,19,12,438,451,438,156,28,0,0,0,0,0,0
txn_08452,5,22,20,447,1,1,3,7,15,7,13,7,6,15,13,1,1,2,6,15,13,487,494,487,170,25,0,0,0,0,0,0
txn_08601,7,15,2,106,2,2,3,5,10,1,1,4,1,10,1,2,2,9,6,10,1,128,130,128,40,13,0,0,0,0,0,0
txn_03296,4,25,8,188,1,1,2,8,17,2,6,7,2,17,6,1,1,7,4,17,6,223,225,223,72,23,0,0,0,0,0,0
txn_05084,8,13,7,196,2,2,4,4,9,2,5,3,1,9,5,2,2,9,2,9,5,218,224,218,71,13,0,0,0,0,0,0
txn_00180,8,25,15,282,1,2,5,8,17,5,10,7,4,17,10,1,2,7,7,17,10,319,330,319,109,22,0,0,0,0,0,0
txn_04736,5,23,8,260,1,1,3,8,15,2,6,7,1,15,6,1,1,7,1,15,6,289,296,289,97,18,0,0,0,0,0,0
txn_07767,8,18,10,372,2,2,4,6,12,3,7,5,3,11,7,2,2,10,5,11,7,402,408,402,140,20,0,0,0,0,0,0
txn_01860,5,37,15,429,1,1,3,13,24,5,10,12,4,24,10,1,1,12,4,24,10,477,486,477,167,30,0,0,0,0,0,0
txn_09673,9,21,12,317,2,1,6,7,14,3,9,6,2,14,9,2,1,12,2,14,9,347,359,347,110,19,0,0,0,0,0,0
txn_03740,6,27,2,199,1,2,3,8,19,1,1,8,0,18,1,1,1,6,3,18,1,230,234,230,75,20,0,0,0,0,0,0
txn_03390,6,26,14,191,1,1,4,8,18,5,9,7,5,18,9,1,1,7,1,18,9,230,237,230,76,24,0,0,0,0,0,0
txn_04875,9,8,13,177,1,1,7,1,7,4,9,0,3,7,9,0,1,0,3,7,9,192,207,192,63,9,0,0,0,0,0,0
txn_07568,10,21,15,94,3,1,6,7,14,4,11,6,3,14,11,3,1,18,3,14,11,126,140,126,41,18,0,0,0,0,0,0
txn_02734,3,13,4,323,1,1,1,5,8,2,2,5,2,7,2,1,1,8,2,7,2,340,343,340,117,10,0,0,0,0,0,0
txn_07212,3,32,21,392,1,1,1,13,19,7,14,12,6,18,14,1,1,12,6,18,14,437,448,437,155,27,0,0,0,0,0,0
txn_03888,5,28,14,53,2,1,2,7,21,5,9,7,4,21,9,2,1,7,4,21,9,96,100,96,29,28,0,0,0,0,0,0
txn_07074,3,31,13,352,1,1,1,12,19,5,8,11,4,18,8,1,1,11,4,18,8,392,399,392,138,25,0,0,0,0,0,0
txn_06286,8,30,22,285,2,2,4,10,20,7,15,9,6,20,15,2,2,16,10,20,15,336,345,336,113,32,0,0,0,0,0,0
txn_00534,4,9,5,419,1,1,2,4,5,2,3,4,1,5,3,1,1,7,1,5,3,435,437,435,153,8,0,0,0,0,0,0
txn_00761,3,21,4,229,1,1,1,7,14,2,2,7,2,14,2,1,1,2,7,14,2,257,257,257,89,17,0,0,0,0,0,0
txn_02835,3,22,5,154,1,1,1,6,16,2,3,5,1,16,3,1,1,5,1,16,3,181,184,181,58,18,0,0,0,0,0,0
txn_04671,6,9,18,232,2,2,2,2,7,8,10,1,7,7,10,2,2,8,13,7,10,259,265,259,89,14,0,0,0,0,0,0
txn_05828,3,18,12,362,1,1,1,8,10,5,7,8,5,10,7,1,1,5,3,10,7,391,395,391,133,16,0,0,0,0,0,0
txn_08775,4,32,18,259,1,1,2,12,20,4,14,11,4,19,14,1,1,11,3,19,14,304,313,304,108,30,0,0,0,0,0,0
txn_00072,11,19,7,137,2,3,6,6,13,2,5,6,1,13,5,2,3,15,6,13,5,170,174,170,54,20,0,0,0,0,0,0
txn_04080,3,10,21,130,1,1,1,4,6,8,13,4,7,6,13,1,1,6,7,6,13,159,164,159,54,16,0,0,0,0,0,0
txn_05673,10,11,18,288,2,3,5,3,8,5,13,2,4,8,13,2,3,8,12,8,13,319,327,319,106,19,0,0,0,0,0,0
txn_09810,3,31,12,333,1,1,1,12,19,4,8,12,3,18,7,1,1,5,3,18,7,372,379,372,129,24,0,0,0,0,0,0
txn_03176,8,34,23,191,1,1,6,9,25,7,16,8,6,25,16,1,1,8,6,25,16,240,256,240,79,32,0,0,0,0,0,0
txn_01005,12,20,17,394,3,3,6,6,14,7,10,5,6,14,10,3,3,18,14,14,10,434,443,434,150,23,0,0,0,0,0,0
txn_04417,3,21,6,187,1,1,1,7,14,2,4,7,1,14,4,1,1,6,1,14,4,213,217,213,72,16,0,0,0,0,0,0
txn_01139,7,24,13,420,1,2,4,8,16,4,9,7,3,16,8,1,2,7,5,16,8,453,464,453,155,21,0,0,0,0,0,0
txn_05750,5,41,9,354,1,2,2,17,24,3,6,17,2,23,6,1,2,5,3,23,6,402,409,402,134,28,0,0,0,0,0,0
txn_00524,5,24,11,138,1,2,2,9,15,3,8,8,2,15,7,1,2,8,6,15,7,171,178,171,63,21,0,0,0,0,0,0
txn_04775,12,20,23,133,3,4,5,11,9,7,16,11,7,9,16,3,4,23,19,9,16,180,188,180,60,27,0,0,0,0,0,0
txn_04570,8,23,19,397,2,2,4,8,15,7,12,7,6,15,12,2,2,12,9,15,12,436,447,436,153,23,0,0,0,0,0,0
txn_05344,11,15,14,294,3,1,7,6,9,4,10,5,3,8,10,3,1,20,3,8,10,322,334,322,109,17,0,0,0,0,0,0
txn_09518,9,12,10,400,2,1,6,5,7,3,7,4,2,7,7,2,1,7,2,7,7,421,431,421,148,12,0,0,0,0,0,0
txn_05755,6,13,14,209,2,1,3,5,8,4,10,4,3,8,10,2,1,10,3,8,10,234,242,234,78,16,1,1,1,0,0,0
txn_09909,6,9,7,263,2,2,2,4,5,2,5,4,1,5,5,2,2,14,7,5,5,283,285,283,95,11,0,0,0,0,0,0
txn_04232,9,14,13,140,2,2,5,5,9,4,9,4,3,9,9,2,2,12,6,9,9,170,176,170,55,18,0,0,0,0,0,0
txn_09031,4,11,7,666,1,1,2,4,7,3,4,3,2,7,4,1,1,3,2,7,4,683,688,683,248,9,0,0,0,0,0,0
txn_03035,8,23,8,325,2,2,4,9,14,3,5,8,2,14,5,2,2,14,4,14,5,360,364,360,123,20,0,0,0,0,0,0
txn_00701,8,19,15,634,2,1,5,5,14,4,11,4,3,14,10,2,1,9,3,14,10,664,676,664,239,22,0,0,0,0,0,0
txn_04002,7,6,9,112,2,1,4,2,4,3,6,2,2,4,6,2,1,11,2,4,6,130,134,130,41,10,0,0,0,0,0,0
txn_07215,8,25,9,137,3,1,4,9,16,2,7,8,1,16,7,3,1,14,1,16,7,171,179,171,55,20,0,0,0,0,0,0
txn_07283,5,21,21,109,1,1,3,7,14,6,15,7,5,14,15,1,1,6,5,14,15,148,156,148,49,24,0,0,0,0,0,0
txn_05733,6,26,9,422,1,1,4,7,19,2,7,7,1,19,7,1,1,5,1,19,7,457,463,457,155,24,0,0,0,0,0,0
txn_06317,8,23,20,140,1,2,5,6,17,7,13,5,6,16,13,1,2,5,13,16,13,178,191,178,59,26,0,0,0,0,0,0
txn_09009,5,16,13,194,2,1,2,6,10,5,8,5,4,10,7,2,1,11,4,10,7,222,228,222,74,17,0,0,0,0,0,0
txn_04047,8,31,7,296,2,2,4,12,19,2,5,11,1,18,5,2,2,15,8,18,5,335,342,335,114,24,0,0,0,0,0,0
txn_00039,3,17,13,157,1,1,1,7,10,4,9,6,3,10,9,1,1,6,3,10,9,185,190,185,62,16,0,0,0,0,0,0
txn_00543,16,9,12,62,4,4,8,4,5,4,8,3,3,5,8,4,4,50,37,5,8,95,99,95,26,18,0,0,0,0,0,0
txn_08183,8,12,10,450,2,2,4,5,7,3,7,4,2,7,6,2,2,10,3,7,6,470,480,470,164,11,0,0,0,0,0,0
txn_09886,6,27,11,180,1,2,3,10,17,3,8,9,2,17,8,1,2,9,9,17,8,215,224,215,72,20,0,0,0,0,0,0
txn_07515,6,16,16,374,2,2,2,5,11,4,12,4,3,11,11,2,2,11,4,11,11,403,412,403,141,19,0,0,0,0,0,0
txn_04073,3,19,11,669,1,1,1,6,13,3,8,6,3,13,8,1,1,5,3,13,8,700,702,700,253,21,0,0,0,0,0,0
txn_06919,7,22,9,76,1,2,4,7,15,4,5,6,3,15,5,1,2,6,5,15,5,107,114,107,35,18,0,0,0,0,0,0
txn_00810,9,20,22,120,1,1,7,4,16,6,16,3,5,15,15,1,1,3,5,15,15,151,171,151,48,23,0,0,0,0,0,0
txn_01153,3,21,7,207,1,1,1,8,13,2,5,8,2,12,5,1,1,5,3,12,5,234,238,234,79,17,0,0,0,0,0,0
txn_07984,6,27,19,97,2,1,3,9,18,7,12,8,6,18,12,2,1,15,6,18,12,139,149,139,46,25,0,0,0,0,0,0
txn_06165,12,20,11,299,1,3,8,5,15,5,6,4,4,15,6,1,3,4,8,15,6,331,342,331,114,19,0,0,0,0,0,0
txn_00963,6,23,9,193,1,1,4,9,14,4,5,8,3,14,5,1,1,8,3,14,5,220,231,220,77,14,0,0,0,0,0,0
txn_06016,7,15,7,79,1,3,3,6,9,3,4,5,2,9,4,1,3,5,11,9,4,101,108,101,32,12,0,0,0,0,0,0
txn_03155,6,23,5,44,1,1,4,8,15,1,4,7,0,15,4,1,0,7,0,15,4,69,78,69,22,15,0,0,0,0,0,0
txn_07059,7,9,12,198,2,2,3,4,5,5,7,3,4,5,7,2,2,6,7,5,7,221,226,221,75,11,0,0,0,0,0,0
txn_00804,8,40,2,452,2,2,4,21,19,1,1,20,1,18,1,2,2,21,4,18,1,495,502,495,179,20,0,0,0,0,0,0
txn_00902,7,19,19,180,1,1,5,5,14,6,13,4,5,13,13,1,1,4,5,13,13,211,225,211,76,21,0,0,0,0,0,0
txn_08746,5,33,9,255,1,1,3,12,21,2,7,12,1,21,7,1,1,2,1,21,7,295,302,295,101,24,0,0,0,0,0,0
txn_00643,4,13,8,432,1,1,2,5,8,3,5,4,3,8,5,1,1,4,4,8,5,455,457,455,160,13,0,0,0,0,0,0
txn_06808,7,9,15,425,3,1,3,3,6,5,10,2,4,6,10,3,1,14,4,6,10,450,456,450,154,14,0,0,0,0,0,0
txn_07222,6,30,10,135,1,1,4,7,23,2,8,6,1,23,8,1,1,6,1,23,8,170,181,170,52,25,0,0,0,0,0,0
txn_06298,6,18,17,266,2,2,2,7,11,7,10,6,6,11,10,2,2,18,10,11,10,299,307,299,103,18,0,0,0,0,0,0
txn_05729,13,11,16,317,3,3,7,5,6,7,9,4,6,6,9,3,3,17,16,6,9,351,357,351,120,18,0,0,0,0,0,0
txn_00348,5,30,11,422,1,2,2,10,20,3,8,9,2,20,7,1,2,9,3,20,7,458,468,458,157,25,0,0,0,0,0,0
txn_02197,7,14,15,120,2,1,4,5,9,4,11,4,3,9,11,2,1,10,3,9,11,148,156,148,48,17,0,0,0,0,0,0
txn_09358,7,15,15,672,2,1,4,5,10,6,9,4,5,10,8,2,1,12,5,10,8,697,709,697,253,15,0,0,0,0,0,0
txn_07406,6,42,8,202,1,1,4,18,24,2,6,17,1,24,6,1,1,17,1,24,6,249,258,249,88,26,0,0,0,0,0,0
txn_06902,13,30,8,57,1,2,10,8,22,2,6,7,1,22,6,1,2,7,4,22,6,93,108,93,27,24,0,0,0,0,0,0
txn_06566,8,20,8,261,2,1,5,9,11,2,6,8,1,11,6,2,1,16,1,11,6,288,297,288,105,14,0,0,0,0,0,0
txn_03519,5,18,13,196,1,1,3,7,11,4,9,7,3,11,9,1,1,6,3,11,9,228,232,228,78,19,0,0,0,0,0,0
txn_06578,16,7,10,137,5,6,5,3,4,2,8,3,2,4,8,5,6,34,21,4,8,168,170,168,52,15,0,0,0,0,0,0
txn_07615,6,28,21,194,1,1,4,9,19,7,14,8,6,19,14,1,1,8,6,19,14,238,249,238,79,27,0,0,0,0,0,0
txn_01511,7,21,10,435,2,1,4,6,15,3,7,5,2,14,7,2,1,8,2,14,7,459,473,459,158,18,0,0,0,0,0,0
txn_01743,5,25,20,636,1,1,3,11,14,5,15,10,4,14,15,1,1,10,4,14,15,675,686,675,247,24,0,0,0,0,0,0
txn_05897,9,16,18,673,2,3,4,6,10,6,12,5,5,10,11,2,3,10,13,10,11,708,716,708,254,22,0,0,0,0,0,0
txn_01419,4,30,19,437,1,1,2,9,21,5,14,8,4,20,13,1,1,8,4,20,13,477,490,477,165,29,0,0,0,0,0,0
txn_01848,7,24,7,140,2,2,3,7,17,3,4,6,2,17,4,2,2,11,4,17,4,171,178,171,63,20,0,0,0,0,0,0
txn_09101,7,16,12,428,2,1,4,6,10,3,9,5,2,9,8,2,1,10,2,9,8,452,463,452,155,17,0,0,0,0,0,0
txn_00099,11,22,18,454,3,3,5,7,15,5,13,6,4,15,13,3,3,25,11,15,13,495,505,495,171,25,0,0,0,0,0,0
txn_08365,6,11,9,457,2,1,3,5,6,3,6,4,2,6,5,2,1,16,2,6,5,476,483,476,167,11,0,0,0,0,0,0
txn_01551,6,31,11,639,1,2,3,10,21,3,8,9,2,21,8,1,2,9,3,21,8,678,687,678,246,25,0,0,0,0,0,0
txn_00876,5,19,10,320,1,2,2,5,14,4,6,5,3,13,6,1,2,3,6,13,6,349,354,349,119,19,0,0,0,0,0,0
txn_04879,6,9,8,428,1,1,4,3,6,2,6,2,1,6,6,1,1,2,1,6,6,442,451,442,152,8,0,0,0,0,0,0
txn_08434,0,20,3,201,0,0,0,7,13,1,2,7,1,13,2,0,0,0,0,13,2,224,224,224,76,15,0,0,0,0,0,0
txn_04835,3,24,11,141,1,1,1,10,14,5,6,9,4,14,6,1,1,9,4,14,6,175,179,175,61,18,0,0,0,0,0,0
txn_00634,4,17,10,38,1,1,2,5,12,4,6,5,3,12,6,1,1,6,3,12,6,65,69,65,21,16,0,0,0,0,0,0
txn_06048,7,18,16,201,1,2,4,6,12,7,9,5,6,12,9,1,2,5,7,12,9,234,242,234,80,18,0,0,0,0,0,0
txn_02387,7,21,13,376,3,1,3,7,14,4,9,6,3,13,8,3,1,15,3,13,8,407,417,407,143,21,0,0,0,0,0,0
txn_01765,4,11,9,246,1,1,2,2,9,4,5,2,3,9,5,1,1,7,3,9,5,268,270,268,90,14,0,0,0,0,0,0
txn_03836,9,14,6,209,1,3,5,5,9,2,4,4,1,9,4,1,3,4,6,9,4,229,238,229,77,10,0,0,0,0,0,0
txn_02952,10,20,10,141,2,3,5,6,14,4,6,5,3,14,6,2,3,12,10,14,6,173,181,173,57,18,0,0,0,0,0,0
txn_08829,6,21,12,142,2,2,2,8,13,5,7,7,5,13,7,2,2,15,12,13,7,178,181,178,59,20,0,0,0,0,0,0
txn_05493,3,8,6,184,1,1,1,3,5,3,3,2,3,5,3,1,1,2,3,5,3,199,201,199,68,7,0,0,0,0,0,0
txn_09658,3,29,16,122,1,1,1,9,20,5,11,9,5,20,11,1,1,4,6,20,11,167,170,167,55,29,0,0,0,0,0,0
txn_00168,8,26,12,431,3,2,3,10,16,5,7,9,4,16,6,3,2,16,8,16,6,468,477,468,162,21,0,0,0,0,0,0
txn_05205,13,20,18,183,3,3,7,6,14,7,11,5,6,14,11,3,3,19,14,14,11,223,234,223,73,22,0,0,0,0,0,0
txn_02837,7,14,43,204,2,2,3,4,10,26,17,4,26,10,17,2,2,14,4,10,17,259,268,259,95,25,0,0,0,0,0,0
txn_06939,10,20,7,675,2,2,6,7,13,3,4,7,2,13,4,2,2,15,8,13,4,706,712,706,254,21,0,0,0,0,0,0
txn_08974,6,23,9,322,1,2,3,5,18,3,6,4,2,17,6,1,2,4,5,17,6,351,360,351,117,22,0,0,0,0,0,0
txn_09663,3,27,15,678,1,1,1,9,18,6,9,8,5,17,8,1,1,8,5,17,8,715,723,715,258,25,0,0,0,0,0,0
txn_05313,8,43,19,211,3,1,4,18,25,5,14,17,4,25,14,3,1,27,4,25,14,269,281,269,93,33,0,0,0,0,0,0
txn_00605,8,17,8,328,3,2,3,7,10,2,6,6,1,10,6,3,2,18,7,10,6,356,361,356,120,16,0,0,0,0,0,0
txn_06828,4,18,14,214,1,1,2,7,11,5,9,6,5,11,9,1,1,6,3,11,9,245,250,245,91,17,0,0,0,0,0,0
txn_06983,10,24,13,108,2,2,6,9,15,4,9,8,3,15,9,2,2,17,7,15,9,145,155,145,47,21,0,0,0,0,0,0
txn_05748,3,7,2,266,1,1,1,3,4,1,1,2,0,4,1,1,0,2,0,4,1,274,278,274,92,4,0,0,0,0,0,0
txn_06639,5,24,19,264,1,1,3,8,16,6,13,7,5,16,13,1,1,7,5,16,13,302,312,302,109,23,0,0,0,0,0,0
txn_01115,3,18,10,334,1,1,1,6,12,3,7,5,2,12,7,1,1,5,2,12,7,362,365,362,124,18,0,0,0,0,0,0
txn_09604,6,19,17,642,1,1,4,7,12,5,12,7,4,11,12,1,1,25,4,11,12,673,684,673,247,19,0,0,0,0,0,0
txn_08595,9,19,13,140,2,2,5,7,12,4,9,7,3,12,9,2,1,15,3,12,9,176,181,176,57,21,0,0,0,0,0,0
txn_09361,5,32,12,331,2,1,2,10,22,4,8,9,3,21,8,2,1,16,3,21,8,372,380,372,126,28,0,0,0,0,0,0
txn_00909,6,25,6,459,2,1,3,10,15,2,4,9,1,14,4,2,1,14,1,14,4,485,496,485,169,18,0,0,0,0,0,0
txn_06443,7,12,23,376,2,1,4,5,7,9,14,4,8,7,14,2,1,9,8,7,14,411,418,411,148,19,0,0,0,0,0,0
txn_09309,14,28,7,190,3,3,8,11,17,2,5,10,1,17,5,3,3,28,9,17,5,228,239,228,76,22,0,0,0,0,0,0
txn_05958,4,20,15,131,1,1,2,7,13,4,11,6,4,13,11,1,1,6,3,13,11,166,170,166,54,22,0,0,0,0,0,0
txn_04464,6,15,9,433,2,1,3,5,10,3,6,4,2,10,6,2,1,9,2,10,6,457,463,457,157,14,0,0,0,0,0,0
txn_09102,0,22,7,365,0,0,0,8,14,3,4,8,3,14,4,0,0,0,0,14,4,391,394,391,131,17,0,0,0,0,0,0
txn_07294,11,14,8,196,3,2,6,6,8,3,5,5,2,8,5,3,2,13,4,8,5,220,229,220,74,12,0,0,0,0,0,0
txn_01284,5,10,17,165,1,1,3,3,7,5,12,2,4,7,12,1,1,2,4,7,12,190,197,190,63,16,0,0,0,0,0,0
txn_08239,7,27,4,199,2,2,3,11,16,2,2,10,1,16,2,2,2,12,6,16,2,232,237,232,79,17,0,0,0,0,0,0
txn_06559,3,28,10,379,1,1,1,9,19,3,7,8,2,19,7,1,1,8,2,19,7,416,420,416,147,24,0,0,0,0,0,0
txn_09474,8,42,6,205,1,2,5,13,29,3,3,12,2,28,3,1,2,12,4,28,3,250,261,250,83,30,0,0,0,0,0,0
txn_02551,3,15,11,424,1,1,1,6,9,3,8,5,2,9,8,1,1,5,2,9,8,450,453,450,157,16,0,0,0,0,0,0
txn_06024,11,5,4,436,3,4,4,2,3,2,2,1,1,3,2,3,4,36,36,3,2,447,456,447,154,5,0,0,0,0,0,0
txn_07733,7,24,13,212,2,2,3,9,15,6,7,8,5,15,7,2,2,16,8,15,7,249,256,249,85,20,0,0,0,0,0,0
txn_09078,10,21,6,427,3,3,4,9,12,3,3,8,2,12,3,3,3,24,5,12,3,460,464,460,161,17,0,0,0,0,0,0
txn_03818,7,8,10,322,2,2,3,3,5,4,6,3,3,5,6,2,2,14,8,5,6,345,347,345,116,12,0,0,0,0,0,0
txn_08029,4,26,12,202,1,1,2,8,18,4,8,7,3,18,8,1,1,7,3,18,8,237,244,237,79,22,0,0,0,0,0,0
txn_05072,10,42,10,302,2,2,6,12,30,2,8,11,1,30,8,2,1,15,1,30,8,350,364,350,119,31,0,0,0,0,0,0
txn_05299,3,22,6,182,1,1,1,9,13,3,3,9,2,13,3,1,1,4,2,13,3,211,213,211,80,15,0,0,0,0,0,0
txn_03356,3,12,17,305,1,1,1,4,8,7,10,4,6,8,10,1,1,8,6,8,10,332,337,332,117,16,0,0,0,0,0,0
txn_01220,0,25,9,159,0,0,0,11,14,4,5,11,4,14,5,0,0,0,0,14,5,191,193,191,68,18,0,0,0,0,0,0
txn_06882,8,39,4,27,2,2,4,15,24,1,3,14,0,24,3,2,1,18,2,24,3,72,78,72,23,26,0,0,0,0,0,0
txn_03074,7,17,13,186,1,1,5,5,12,4,9,4,3,12,9,1,1,4,3,12,9,212,223,212,70,16,0,0,0,0,0,0
txn_09323,7,12,16,461,2,1,4,5,7,4,12,4,3,7,12,2,1,8,3,7,12,489,496,489,171,17,0,0,0,0,0,0
txn_03321,7,26,12,294,1,2,4,9,17,4,8,8,3,17,8,1,2,8,6,17,8,329,339,329,114,20,0,0,0,0,0,0
txn_05559,14,12,24,439,3,3,8,5,7,8,16,4,7,7,16,3,3,17,16,7,16,477,489,477,164,20,0,0,0,0,0,0
txn_09012,5,11,6,382,1,2,2,4,7,3,3,3,2,7,3,1,2,3,4,7,3,398,404,398,142,8,0,0,0,0,0,0
txn_07792,7,28,16,644,1,1,5,8,20,4,12,7,3,19,11,1,1,7,3,19,11,679,695,679,246,26,0,0,0,0,0,0
txn_08695,11,26,19,644,3,1,7,9,17,5,14,8,4,16,13,3,1,18,4,16,13,682,700,682,248,26,0,0,0,0,0,0
txn_05645,0,12,24,145,0,0,0,5,7,6,18,5,6,7,18,0,0,0,0,7,18,176,181,176,59,21,0,0,0,0,0,0
txn_07838,10,27,10,84,3,2,5,12,15,3,7,11,2,15,7,3,2,26,5,15,7,126,131,126,40,24,0,0,0,0,0,0
txn_02887,12,32,14,430,3,4,5,13,19,4,10,13,3,19,9,3,4,28,11,19,9,479,488,479,167,29,0,0,0,0,0,0
txn_06567,4,31,19,235,1,1,2,12,19,5,14,11,4,19,14,1,1,11,4,19,14,279,289,279,97,26,0,0,0,0,0,0
txn_09852,5,19,20,403,1,1,3,6,13,6,14,5,5,13,14,1,1,5,5,13,14,437,447,437,153,21,0,0,0,0,0,0
txn_07339,5,27,6,644,1,1,3,7,20,2,4,6,1,20,4,1,1,6,1,20,4,674,682,674,244,21,0,0,0,0,0,0
txn_00573,4,28,21,320,1,1,2,10,18,6,15,9,5,18,15,1,1,9,5,18,15,364,373,364,118,27,0,0,0,0,0,0
txn_04382,7,23,5,297,1,2,4,8,15,2,3,7,1,15,3,1,2,7,5,15,3,325,332,325,112,16,0,0,0,0,0,0
txn_01190,5,8,7,647,2,1,2,4,4,2,5,3,1,4,5,2,1,9,1,4,5,662,667,662,243,8,0,0,0,0,0,0
txn_07704,6,12,8,168,2,2,2,4,8,3,5,3,2,8,5,2,2,16,5,8,5,188,194,188,63,11,0,0,0,0,0,0
txn_07110,3,21,4,650,1,1,1,7,14,2,2,6,2,14,2,1,1,6,4,14,2,676,678,676,248,16,0,0,0,0,0,0
txn_03572,3,19,3,323,1,1,1,7,12,1,2,6,1,12,2,1,1,6,4,12,2,346,348,346,111,14,0,0,0,0,0,0
txn_08593,10,23,17,123,3,2,5,9,14,4,13,8,3,14,12,3,2,21,5,14,12,161,173,161,52,23,0,0,0,0,0,0
txn_02372,7,26,14,87,2,1,4,8,18,3,11,7,2,18,11,2,1,14,2,18,11,124,134,124,38,24,0,0,0,0,0,0
txn_07226,0,24,7,125,0,0,0,6,18,3,4,6,3,17,4,0,0,0,0,17,4,155,156,155,51,22,0,0,0,0,0,0
txn_06058,8,35,12,162,3,1,4,15,20,3,9,14,2,19,8,3,1,28,2,19,8,203,217,203,69,24,0,0,0,0,0,0
txn_03344,3,13,8,212,1,1,1,5,8,4,4,4,3,8,4,1,1,4,3,8,4,233,236,233,80,11,0,0,0,0,0,0
txn_07154,10,14,20,269,3,2,5,4,10,7,13,3,6,10,12,3,2,14,8,10,12,303,313,303,102,21,0,0,0,0,0,0
txn_04397,7,23,7,115,1,2,4,5,18,2,5,4,2,18,5,1,2,4,5,18,5,146,152,146,44,21,0,0,0,0,0,0
txn_04086,5,25,5,362,2,1,2,6,19,2,3,6,1,18,3,2,1,10,1,18,3,393,397,393,133,21,0,0,0,0,0,0
txn_00533,5,28,18,154,2,1,2,11,17,7,11,10,6,17,11,2,1,17,6,17,11,197,205,197,67,24,0,0,0,0,0,0
txn_08837,7,25,12,157,2,2,3,9,16,3,9,8,2,15,9,2,2,17,4,15,9,194,201,194,62,24,0,0,0,0,0,0
txn_08920,10,26,16,44,2,2,6,11,15,5,11,10,4,15,11,2,2,14,6,15,11,87,96,87,29,24,0,0,0,0,0,0
txn_09758,7,22,15,118,2,2,3,9,13,6,9,9,5,12,9,2,2,17,6,12,9,157,162,157,52,21,0,0,0,0,0,0
txn_07399,5,6,8,140,1,2,2,3,3,4,4,3,3,3,4,1,2,5,6,3,4,158,159,158,54,8,0,0,0,0,0,0
txn_05204,6,25,12,207,2,2,2,9,16,5,7,8,5,16,7,2,2,20,5,16,7,244,250,244,81,21,0,0,0,0,0,0
txn_09397,4,31,8,337,1,1,2,10,21,2,6,9,1,20,6,1,1,9,1,20,6,372,380,372,127,24,0,0,0,0,0,0
txn_00773,6,34,7,160,2,1,3,13,21,2,5,12,1,21,5,2,1,15,1,21,5,202,207,202,67,25,0,0,0,0,0,0
txn_05865,9,44,10,120,2,3,4,18,26,3,7,17,3,25,7,2,3,24,8,25,7,169,183,169,56,30,0,0,0,0,0,0
txn_08033,8,13,8,196,2,1,5,5,8,2,6,5,1,8,6,2,1,14,1,8,6,218,225,218,74,13,0,0,0,0,0,0
txn_08465,13,13,17,324,3,3,7,5,8,6,11,4,5,8,11,3,3,19,11,8,11,359,367,359,123,20,0,0,0,0,0,0
txn_06508,3,22,22,354,1,1,1,7,15,7,15,6,6,15,14,1,1,6,6,15,14,391,401,391,136,25,0,0,0,0,0,0
txn_01251,7,12,15,339,1,2,4,4,8,4,11,3,3,8,11,1,2,3,9,8,11,364,373,364,125,16,0,0,0,0,0,0
txn_07705,8,17,19,90,2,1,5,7,10,5,14,6,4,10,14,2,1,15,4,10,14,123,134,123,40,19,0,0,0,0,0,0
txn_04218,5,14,15,327,1,1,3,5,9,4,11,4,3,9,11,1,1,4,3,9,11,353,361,353,122,16,0,0,0,0,0,0
txn_06361,8,35,7,121,3,2,3,15,20,2,5,14,1,20,5,3,2,26,6,20,5,164,171,164,55,22,0,0,0,0,0,0
txn_03643,7,27,14,298,1,2,4,9,18,4,10,8,3,17,10,1,2,8,6,17,10,335,346,335,113,25,0,0,0,0,0,0
txn_04868,6,16,16,249,1,1,4,5,11,5,11,4,4,11,11,1,1,4,4,11,11,278,287,278,94,18,0,0,0,0,0,0
txn_07517,5,34,16,217,1,2,2,12,22,8,8,11,7,22,8,1,2,11,11,22,8,265,272,265,99,26,0,0,0,0,0,0
txn_09974,4,21,5,356,1,1,2,6,15,2,3,5,1,14,3,1,1,5,1,14,3,379,386,379,123,16,0,0,0,0,0,0
txn_02034,9,25,5,33,1,2,6,7,18,2,3,6,1,18,3,1,2,6,2,18,3,62,72,62,18,18,0,0,0,0,0,0
txn_02368,7,19,25,368,2,2,3,6,13,9,16,6,9,13,15,2,2,18,10,13,15,414,419,414,136,30,0,0,0,0,0,0
txn_06459,3,13,17,187,1,1,1,5,8,4,13,4,4,8,13,1,1,4,1,8,13,216,220,216,72,18,0,0,0,0,0,0
txn_08175,9,21,14,156,1,1,7,6,15,4,10,5,3,15,10,1,1,5,3,15,10,183,200,183,61,16,0,0,0,0,0,0
txn_01857,14,44,8,138,4,5,5,18,26,3,5,18,3,25,5,4,5,33,26,25,5,194,204,194,64,33,0,0,0,0,0,0
txn_01289,3,31,8,442,1,1,1,12,19,4,4,11,3,19,4,1,1,11,3,19,4,480,484,480,168,21,0,0,0,0,0,0
txn_02243,6,17,22,445,2,2,2,4,13,6,16,3,5,12,16,2,2,11,6,12,16,480,490,480,162,25,0,0,0,0,0,0
txn_05285,5,17,10,653,1,1,3,5,12,3,7,5,3,12,6,1,1,2,3,12,6,678,685,678,246,18,0,0,0,0,0,0
txn_06081,9,18,28,258,2,3,4,6,12,10,18,5,9,12,18,2,3,11,15,12,18,301,313,301,101,25,0,0,0,0,0,0
txn_05715,7,31,20,56,2,1,4,8,23,7,13,7,6,22,13,2,1,15,6,22,13,103,114,103,31,33,0,0,0,0,0,0
txn_04992,9,21,6,125,3,1,5,9,12,1,5,8,0,12,5,3,0,15,0,12,5,153,161,153,50,15,0,0,0,0,0,0
txn_08170,3,16,16,148,1,1,1,7,9,6,10,6,5,9,10,1,1,6,5,9,10,180,183,180,61,18,0,0,0,0,0,0
txn_09380,7,25,14,358,2,1,4,7,18,4,10,6,4,18,10,2,1,12,1,18,10,396,404,396,128,25,0,0,0,0,0,0
txn_09775,3,29,7,197,1,1,1,10,19,3,4,9,2,19,4,1,1,9,2,19,4,231,236,231,76,21,0,0,0,0,0,0
txn_07873,11,40,27,252,2,3,6,21,19,9,18,20,8,19,18,2,3,26,11,19,18,318,330,318,114,33,0,0,0,0,0,0
txn_04952,5,10,12,325,1,1,3,4,6,3,9,3,3,5,9,1,1,3,2,5,9,346,352,346,116,14,0,0,0,0,0,0
txn_07042,5,29,22,327,1,1,3,10,19,6,16,9,5,19,16,1,1,9,5,19,16,372,383,372,126,28,0,0,0,0,0,0
txn_06256,7,23,16,114,2,2,3,8,15,4,12,7,3,15,12,2,2,14,4,15,12,151,160,151,49,23,0,0,0,0,0,0
txn_03027,7,27,4,333,1,3,3,10,17,2,2,9,1,16,2,1,3,9,7,16,2,364,371,364,125,18,0,0,0,0,0,0
txn_05711,4,29,16,199,1,1,2,7,22,6,10,7,5,21,10,1,1,5,5,21,10,244,248,244,79,32,0,0,0,0,0,0
txn_01327,5,17,12,108,1,2,2,7,10,5,7,7,5,10,7,1,2,6,4,10,7,142,142,142,48,19,0,0,0,0,0,0
txn_03333,8,13,11,112,1,1,6,3,10,2,9,2,1,10,9,1,1,2,1,10,9,130,144,130,41,12,0,0,0,0,0,0
txn_04481,11,26,19,205,3,1,7,9,17,5,14,8,4,17,14,3,1,18,4,17,14,248,261,248,82,26,0,0,0,0,0,0
txn_08512,5,18,29,361,1,2,2,8,10,10,19,7,9,10,19,1,2,7,12,10,19,405,413,405,135,25,0,0,0,0,0,0
txn_03600,6,18,23,432,1,1,4,6,12,8,15,5,7,12,14,1,1,5,7,12,14,466,479,466,163,22,0,0,0,0,0,0
txn_01462,5,43,21,171,2,1,2,12,31,7,14,12,6,30,14,2,1,15,6,30,14,230,240,230,75,39,0,0,0,0,0,0
txn_00618,9,31,20,189,2,2,5,10,21,5,15,9,4,21,15,2,2,16,10,21,15,241,249,241,77,34,0,0,0,0,0,0
txn_06478,7,18,14,464,2,2,3,8,10,6,8,7,5,10,8,2,2,13,7,10,8,498,503,498,177,17,0,0,0,0,0,0
txn_08328,8,13,16,215,2,2,4,3,10,6,10,2,5,10,10,2,2,12,6,10,10,244,252,244,79,19,0,0,0,0,0,0
txn_03550,9,34,7,159,2,3,4,14,20,3,4,13,2,20,4,2,3,21,7,20,4,203,209,203,69,23,0,0,0,0,0,0
txn_02465,10,8,6,406,2,2,6,3,5,2,4,2,1,5,4,2,2,8,4,5,4,422,430,422,146,11,0,0,0,0,0,0
txn_06319,7,30,9,199,1,2,4,10,20,3,6,9,2,20,6,1,2,9,5,20,6,237,245,237,79,24,0,0,0,0,0,0
txn_04904,0,12,0,655,0,0,0,5,7,0,0,5,0,7,0,0,0,0,0,7,0,667,667,667,247,7,0,0,0,0,0,0
txn_01774,6,29,12,335,1,2,3,12,17,5,7,11,4,17,7,1,2,11,5,17,7,374,382,374,132,20,0,0,0,0,0,0
txn_02526,5,27,24,434,2,1,2,8,19,8,16,7,7,19,15,2,1,13,7,19,15,481,490,481,167,31,0,0,0,0,0,0
txn_01712,6,20,9,364,1,2,3,8,12,3,6,7,2,11,5,1,2,7,5,11,5,388,399,388,135,16,0,0,0,0,0,0
txn_09764,8,12,13,220,2,2,4,4,8,5,8,3,4,8,8,2,2,8,8,8,8,247,253,247,89,15,0,0,0,0,0,0
txn_02153,8,18,23,291,2,1,5,6,12,6,17,5,5,11,16,2,1,9,5,11,16,327,340,327,110,25,0,0,0,0,0,0
txn_04654,4,26,5,201,1,1,2,7,19,2,3,6,1,19,3,1,1,6,1,19,3,231,236,231,77,20,0,0,0,0,0,0
txn_02842,7,24,19,658,1,1,5,8,16,4,15,7,3,15,15,1,1,7,3,15,15,694,708,694,251,26,0,0,0,0,0,0
txn_03052,5,28,4,159,1,1,3,9,19,1,3,8,0,19,3,1,0,8,0,19,3,189,196,189,62,19,0,0,0,0,0,0
txn_01767,8,23,18,300,2,2,4,6,17,6,12,5,5,17,12,2,2,11,6,17,12,340,349,340,115,25,0,0,0,0,0,0
txn_04755,11,22,6,660,3,3,5,7,15,2,4,6,1,14,4,3,3,16,8,14,4,690,699,690,249,19,0,0,0,0,0,0
txn_05819,5,29,13,678,1,1,3,9,20,4,9,8,3,19,9,1,1,8,3,19,9,712,725,712,256,23,0,0,0,0,0,0
txn_05393,4,27,6,330,1,1,2,10,17,2,4,9,1,16,3,1,1,9,1,16,3,358,367,358,121,19,0,0,0,0,0,0
txn_09861,12,32,14,128,3,3,6,11,21,4,10,10,3,21,10,3,3,25,10,21,10,177,186,177,56,30,0,0,0,0,0,0
txn_07081,3,27,16,437,1,1,1,10,17,8,8,9,7,17,8,1,1,9,7,17,8,478,483,478,171,22,0,0,0,0,0,0
txn_01696,9,20,11,447,2,1,6,6,14,2,9,5,1,14,9,2,1,9,1,14,9,475,487,475,162,18,0,0,0,0,0,0
txn_05757,10,12,16,436,2,2,6,4,8,4,12,3,3,7,12,2,2,9,6,7,12,465,474,465,160,20,0,0,0,0,0,0
txn_02077,0,27,12,450,0,0,0,9,18,3,9,9,3,18,9,0,0,0,0,18,9,485,489,485,169,23,0,0,0,0,0,0
txn_05415,6,14,16,163,1,2,3,5,9,6,10,4,5,9,10,1,2,4,9,9,10,193,199,193,64,18,0,0,0,0,0,0
txn_01649,8,16,18,115,2,2,4,6,10,7,11,5,6,10,11,2,2,11,7,10,11,151,157,151,50,20,0,0,0,0,0,0
txn_01222,8,21,11,271,1,3,4,7,14,4,7,6,3,14,7,1,3,6,7,14,7,305,311,305,104,20,0,0,0,0,0,0
txn_08550,8,17,19,41,2,2,4,7,10,6,13,6,5,10,13,2,2,11,7,10,13,80,85,80,25,23,0,0,0,0,0,0
txn_06952,10,18,14,662,3,3,4,7,11,4,10,6,3,10,10,3,3,14,7,10,10,695,704,695,252,20,0,0,0,0,0,0
txn_06686,8,17,21,166,2,2,4,6,11,5,16,5,4,11,16,2,2,7,8,11,16,202,212,202,66,23,0,0,0,0,0,0
txn_06327,5,25,2,364,1,2,2,10,15,1,1,9,0,15,1,1,1,9,6,15,1,392,396,392,130,15,0,0,0,0,0,0
txn_01643,9,30,6,185,3,2,4,10,20,2,4,9,1,20,4,3,2,21,2,20,4,223,230,223,80,22,0,0,0,0,0,0
txn_05214,3,21,4,385,1,1,1,7,14,2,2,7,1,13,1,1,1,7,1,13,1,406,413,406,144,15,0,0,0,0,0,0
txn_01144,11,9,7,162,2,2,7,3,6,2,5,2,1,6,5,2,2,8,4,6,5,182,189,182,58,12,0,0,0,0,0,0
txn_09583,10,15,13,143,1,3,6,5,10,4,9,4,3,9,9,1,3,4,6,9,9,169,181,169,54,18,0,0,0,0,0,0
txn_06400,6,35,13,385,1,2,3,12,23,6,7,11,5,22,7,1,2,11,8,22,7,426,439,426,150,28,0,0,0,0,0,0
txn_06545,3,15,2,338,1,1,1,3,12,1,1,3,0,12,1,1,0,8,0,12,1,356,358,356,121,13,0,0,0,0,0,0
txn_00485,3,32,7,300,1,1,1,12,20,3,4,11,2,19,4,1,1,11,2,19,4,336,342,336,116,23,0,0,0,0,0,0
txn_01571,3,33,17,139,1,1,1,11,22,8,9,10,7,22,9,1,1,10,7,22,9,187,192,187,63,28,0,0,0,0,0,0
txn_04171,9,7,5,215,2,2,5,2,5,2,3,1,1,5,3,2,2,9,2,5,3,230,236,230,76,8,0,0,0,0,0,0
txn_01440,11,38,10,200,2,1,8,13,25,2,8,12,1,24,8,2,1,19,1,24,8,243,259,243,79,28,0,0,0,0,0,0
txn_00206,6,22,9,326,1,1,4,9,13,3,6,8,2,12,6,1,1,8,2,12,6,347,363,347,111,14,0,0,0,0,0,0
txn_03783,5,18,15,144,2,1,2,6,12,4,11,5,4,12,11,2,1,16,3,12,11,178,182,178,58,22,0,0,0,0,0,0
txn_08182,4,14,8,131,1,1,2,5,9,3,5,4,2,9,5,1,1,4,2,9,5,151,157,151,50,11,0,0,0,0,0,0
txn_03585,8,33,12,173,2,1,5,12,21,4,8,11,3,21,8,2,1,15,3,21,8,214,226,214,72,25,0,0,0,0,0,0
txn_06037,3,22,17,364,1,1,1,7,15,7,10,7,6,14,10,1,1,5,6,14,10,402,406,402,140,23,0,0,0,0,0,0
txn_02953,8,22,25,145,3,1,4,12,10,8,17,11,7,10,17,3,1,21,7,10,17,193,200,193,66,25,0,0,0,0,0,0
txn_01229,6,15,7,201,1,2,3,5,10,2,5,5,1,10,5,1,2,5,3,10,5,224,229,224,75,13,0,0,0,0,0,0
txn_01170,9,9,8,680,2,3,4,4,5,3,5,4,2,5,5,2,3,16,7,5,5,702,706,702,254,12,0,0,0,0,0,0
txn_08945,7,7,6,303,1,3,3,3,4,3,3,3,2,4,3,1,3,13,8,4,3,321,323,321,111,8,0,0,0,0,0,0
txn_05520,10,12,5,291,2,3,5,5,7,2,3,5,1,7,3,2,3,16,10,7,3,317,318,317,107,14,0,0,0,0,0,0
txn_08296,5,32,20,66,1,1,3,12,20,5,15,11,4,20,15,1,1,11,4,20,15,111,123,111,37,27,0,0,0,0,0,0
txn_04668,11,12,17,151,3,1,7,4,8,4,13,3,3,7,12,3,1,18,3,7,12,179,191,179,56,20,0,0,0,0,0,0
txn_04373,7,13,9,366,3,1,3,5,8,3,6,4,2,8,6,3,1,22,2,8,6,388,395,388,135,11,0,0,0,0,0,0
txn_02595,3,8,8,367,1,1,1,4,4,3,5,4,2,4,5,1,1,3,2,4,5,383,386,383,128,7,0,0,0,0,0,0
txn_01744,6,20,11,664,1,1,4,7,13,4,7,6,3,12,7,1,1,6,3,12,7,689,701,689,253,16,0,0,0,0,0,0
txn_04225,6,28,13,666,2,1,3,9,19,5,8,8,5,18,8,2,1,14,2,18,8,702,713,702,256,26,0,0,0,0,0,0
txn_09028,6,32,5,47,1,1,4,10,22,1,4,10,0,22,4,1,0,11,0,22,4,85,90,85,26,26,0,0,0,0,0,0
txn_05010,9,17,10,370,1,2,6,6,11,4,6,5,4,11,6,1,1,5,3,11,6,399,406,399,133,16,0,0,0,0,0,0
txn_03268,5,19,7,169,1,1,3,7,12,2,5,6,1,12,5,1,1,6,1,12,5,192,200,192,65,13,0,0,0,0,0,0
txn_06280,9,14,7,370,2,2,5,5,9,2,5,5,1,9,4,2,2,8,4,9,4,394,400,394,128,15,0,0,0,0,0,0
txn_08680,8,22,6,210,2,2,4,8,14,2,4,7,1,14,4,2,2,12,2,14,4,240,246,240,79,17,0,0,0,0,0,0
txn_00612,6,19,17,223,2,1,3,7,12,5,12,6,4,11,12,2,1,11,4,11,12,255,265,255,92,20,0,0,0,0,0,0
txn_01171,3,17,13,453,1,1,1,6,11,5,8,5,5,11,7,1,1,5,2,11,7,484,486,484,167,19,0,0,0,0,0,0
txn_01579,6,24,11,218,2,2,2,9,15,4,7,8,4,15,7,2,2,16,4,15,7,254,259,254,87,19,0,0,0,0,0,0
txn_04386,6,52,17,254,1,1,4,26,26,6,11,25,5,26,11,1,1,25,5,26,11,316,329,316,116,31,0,0,0,0,0,0
txn_02080,7,28,8,46,2,1,4,8,20,2,6,7,1,20,6,2,1,14,1,20,6,81,89,81,29,23,0,0,0,0,0,0
txn_03816,6,18,9,372,1,2,3,7,11,3,6,6,2,10,6,1,2,6,5,10,6,397,405,397,131,16,0,0,0,0,0,0
txn_06456,8,28,19,100,1,2,5,9,19,6,13,8,5,18,13,1,2,8,6,18,13,141,155,141,46,26,0,0,0,0,0,0
txn_04888,3,30,6,69,1,1,1,10,20,3,3,9,2,20,3,1,1,9,2,20,3,105,108,105,34,22,0,0,0,0,0,0
txn_06203,8,23,10,330,2,2,4,7,16,3,7,6,2,16,6,2,2,11,3,16,6,363,371,363,123,23,0,0,0,0,0,0
txn_06007,10,17,8,373,2,2,6,6,11,2,6,5,1,11,6,2,2,14,3,11,6,401,408,401,131,17,0,0,0,0,0,0
txn_08777,8,17,9,58,1,2,5,6,11,3,6,5,2,11,6,1,2,5,5,11,6,82,92,82,27,13,0,0,0,0,0,0
txn_01015,0,12,7,132,0,0,0,5,7,3,4,5,3,7,4,0,0,0,0,7,4,151,151,151,52,11,0,0,0,0,0,0
txn_05926,8,23,12,374,3,3,2,8,15,5,7,7,4,15,7,3,3,23,13,15,7,412,417,412,136,21,0,0,0,0,0,0
txn_00214,3,26,6,144,1,1,1,7,19,3,3,7,2,19,3,1,1,6,2,19,3,175,179,175,58,19,0,0,0,0,0,0
txn_07269,5,7,24,238,1,2,2,3,4,9,15,2,8,3,15,1,2,2,10,3,15,267,274,267,92,17,0,0,0,0,0,0
txn_09381,5,9,10,24,1,2,2,3,6,4,6,2,3,6,6,1,2,2,6,6,6,43,48,43,13,10,0,0,0,0,0,0
txn_09842,7,24,5,49,2,2,3,7,17,2,3,6,1,17,3,2,2,9,2,17,3,78,85,78,29,17,0,0,0,0,0,0
txn_02048,5,17,14,143,1,1,3,5,12,4,10,4,3,12,10,1,1,4,3,12,10,170,179,170,56,17,0,0,0,0,0,0
txn_09904,4,23,9,342,1,1,2,7,16,2,7,6,1,16,7,1,1,6,1,16,7,372,378,372,126,21,0,0,0,0,0,0
txn_00250,4,16,13,134,1,1,2,5,11,5,8,5,4,11,8,1,1,6,4,11,8,161,167,161,54,15,0,0,0,0,0,0
txn_08440,8,19,9,82,2,2,4,7,12,4,5,6,3,11,5,2,2,9,5,11,5,110,118,110,36,16,0,0,0,0,0,0
txn_08888,0,19,8,308,0,0,0,9,10,3,5,9,3,10,5,0,0,0,0,10,5,334,335,334,120,15,0,0,0,0,0,0
txn_07216,6,25,9,204,1,1,4,8,17,2,7,7,1,17,7,1,1,7,1,17,7,235,244,235,78,20,0,0,0,0,0,0
txn_09513,8,19,3,213,1,1,6,5,14,1,2,4,1,14,2,1,1,4,5,14,2,237,243,237,77,16,0,0,0,0,0,0
txn_03766,9,18,8,127,2,2,5,7,11,3,5,6,2,11,5,2,2,11,7,11,5,152,162,152,52,14,0,0,0,0,0,0
txn_02636,6,26,4,59,2,1,3,11,15,1,3,10,0,15,3,2,0,15,0,15,3,89,95,89,30,16,0,0,0,0,0,0
txn_08022,8,32,23,135,2,2,4,12,20,9,14,11,8,19,14,2,2,19,11,19,14,186,198,186,63,29,0,0,0,0,0,0
txn_06509,8,23,8,440,3,2,3,8,15,3,5,7,2,15,5,3,2,26,7,15,5,474,479,474,165,20,0,0,0,0,0,0
txn_07982,11,17,9,386,2,3,6,6,11,3,6,5,2,10,5,2,3,11,8,10,5,408,423,408,142,16,0,0,0,0,0,0
txn_08533,9,26,17,356,2,1,6,8,18,4,13,7,3,17,12,2,1,11,3,17,12,390,408,390,135,25,0,0,0,0,0,0
txn_08278,7,19,12,455,1,3,3,7,12,4,8,7,3,12,8,1,3,6,9,12,8,491,493,491,169,21,0,0,0,0,0,0
txn_06909,7,20,17,225,2,1,4,5,15,5,12,4,4,15,12,2,1,5,4,15,12,259,269,259,92,22,0,0,0,0,0,0
txn_00669,6,12,13,148,2,2,2,5,7,4,9,5,3,7,9,2,2,9,6,7,9,176,179,176,57,16,0,0,0,0,0,0
txn_03482,8,12,23,207,2,1,5,3,9,7,16,3,6,9,16,2,1,11,6,9,16,244,250,244,81,24,0,0,0,0,0,0
txn_05768,3,7,8,387,1,1,1,3,4,3,5,3,2,4,5,1,1,4,2,4,5,403,405,403,145,8,0,0,0,0,0,0
txn_07289,5,27,4,120,2,1,2,9,18,2,2,8,2,18,2,2,1,16,1,18,2,155,156,155,51,21,0,0,0,0,0,0
txn_04839,6,25,9,192,1,1,4,7,18,2,7,6,2,18,7,1,1,6,3,18,7,224,232,224,73,22,0,0,0,0,0,0
txn_00411,8,44,18,218,1,2,5,20,24,6,12,19,5,24,12,1,2,19,9,24,12,276,288,276,98,31,0,0,0,0,0,0
txn_01070,7,22,5,79,1,3,3,7,15,2,3,6,1,15,3,1,3,6,6,15,3,108,113,108,34,17,0,0,0,0,0,0
txn_03826,10,30,12,356,2,3,5,11,19,4,8,10,3,19,8,2,3,13,12,19,8,400,408,400,140,25,0,0,0,0,0,0
txn_04297,10,35,11,311,3,2,5,13,22,3,8,12,2,22,8,3,2,22,5,22,8,358,367,358,124,27,0,0,0,0,0,0
txn_04994,6,24,3,163,2,1,3,7,17,1,2,6,1,17,2,2,1,10,4,17,2,194,196,194,62,20,0,0,0,0,0,0
txn_08271,7,36,5,100,2,2,3,15,21,2,3,14,1,21,3,2,2,17,7,21,3,144,148,144,49,24,0,0,0,0,0,0
txn_01842,6,27,11,377,2,1,3,8,19,4,7,8,3,18,7,2,1,11,3,18,7,416,421,416,136,25,0,0,0,0,0,0
txn_08535,4,16,19,144,1,1,2,5,11,5,14,4,4,11,14,1,1,4,4,11,14,176,183,176,58,21,0,0,0,0,0,0
txn_05906,5,11,15,94,1,1,3,4,7,5,10,3,4,7,10,1,1,3,4,7,10,118,125,118,39,14,0,0,0,0,0,0
txn_03320,7,16,15,274,2,1,4,5,11,6,9,4,5,11,9,2,1,12,5,11,9,302,312,302,105,15,0,0,0,0,0,0
txn_05079,10,45,13,409,3,3,4,19,26,5,8,18,4,25,8,3,3,27,10,25,8,464,477,464,161,34,0,0,0,0,0,0
txn_03353,15,24,12,195,3,3,9,8,16,3,9,7,2,15,9,3,3,22,15,15,9,226,246,226,73,18,0,0,0,0,0,0
txn_06562,6,26,14,411,1,2,3,8,18,4,10,7,3,18,10,1,2,7,5,18,10,448,457,448,156,24,0,0,0,0,0,0
txn_09790,8,25,3,277,2,2,4,10,15,1,2,9,0,15,2,2,1,15,5,15,2,307,313,307,106,17,0,0,0,0,0,0
txn_06391,9,14,6,369,1,3,5,3,11,2,4,2,1,11,4,1,3,2,8,11,4,390,398,390,133,13,0,0,0,0,0,0
txn_04324,3,12,9,667,1,1,1,4,8,4,5,4,3,8,5,1,1,5,3,8,5,687,691,687,252,12,0,0,0,0,0,0
txn_00942,3,24,0,147,1,1,1,9,15,0,0,9,0,15,0,1,1,4,2,15,0,174,174,174,59,16,0,0,0,0,0,0
txn_00061,9,35,19,240,3,2,4,12,23,6,13,11,6,22,13,3,2,26,5,22,13,291,303,291,100,31,0,0,0,0,0,0
txn_03442,7,18,2,202,2,2,3,7,11,1,1,6,0,11,1,2,1,13,1,11,1,226,229,226,74,13,0,0,0,0,0,0
txn_01779,6,21,11,204,2,1,3,7,14,4,7,6,3,14,7,2,1,14,3,14,7,235,242,235,80,18,0,0,0,0,0,0
txn_00666,9,31,20,267,1,1,7,10,21,5,15,9,4,21,15,1,1,9,4,21,15,310,327,310,110,28,0,0,0,0,0,0
txn_04459,5,38,9,670,1,2,2,14,24,3,6,13,2,23,6,1,2,13,3,23,6,713,722,713,261,27,0,0,0,0,0,0
txn_05699,8,23,22,207,1,2,5,6,17,7,15,5,6,17,15,1,2,5,13,17,15,248,260,248,83,27,0,0,0,0,0,0
txn_05802,5,19,21,467,1,2,2,8,11,5,16,7,4,10,16,1,2,7,6,10,16,503,512,503,176,23,0,0,0,0,0,0
txn_08948,7,24,20,216,2,1,4,6,18,6,14,6,5,18,14,2,1,13,5,18,14,258,267,258,83,28,0,0,0,0,0,0
txn_08972,3,16,8,306,1,1,1,6,10,3,5,5,3,10,5,1,1,5,5,10,5,328,333,328,115,12,0,0,0,0,0,0
txn_00747,6,21,18,330,1,2,3,5,16,6,12,4,6,16,12,1,2,4,4,16,12,370,375,370,123,26,0,0,0,0,0,0
txn_07742,6,24,13,257,2,2,2,8,16,5,8,7,4,16,8,2,2,10,6,16,8,296,300,296,100,23,0,0,0,0,0,0
txn_04757,13,25,8,242,3,4,6,9,16,4,4,8,3,16,4,3,4,44,36,16,4,283,288,283,96,22,0,0,0,0,0,0
txn_05732,3,27,17,458,1,1,1,7,20,7,10,7,6,20,10,1,1,10,6,20,10,497,505,497,172,24,0,0,0,0,0,0
txn_03791,4,12,15,204,1,1,2,4,8,5,10,3,4,8,10,1,1,3,4,8,10,229,235,229,77,15,0,0,0,0,0,0
txn_02803,5,18,8,280,1,2,2,7,11,3,5,6,3,11,5,1,1,6,4,11,5,308,311,308,106,16,0,0,0,0,0,0
txn_06469,5,21,8,309,1,1,3,9,12,2,6,8,1,12,6,1,1,8,1,12,6,334,343,334,116,14,0,0,0,0,0,0
txn_01474,9,16,12,123,1,2,6,3,13,4,8,2,3,13,8,1,2,2,5,13,8,150,160,150,46,19,0,0,0,0,0,0
txn_08967,10,17,7,672,2,2,6,6,11,2,5,5,1,11,5,2,2,10,7,11,5,698,706,698,255,15,0,0,0,0,0,0
txn_07121,12,20,28,166,2,3,7,7,13,9,19,6,8,13,19,2,3,26,11,13,19,214,226,214,68,30,0,0,0,0,0,0
txn_03781,4,24,15,283,1,1,2,8,16,5,10,7,4,16,10,1,1,7,4,16,10,318,326,318,110,21,0,0,0,0,0,0
txn_08225,9,13,14,261,2,3,4,4,9,5,9,3,4,9,9,2,3,17,10,9,9,291,297,291,97,17,0,0,0,0,0,0
txn_08127,7,33,15,210,3,1,3,12,21,6,9,11,6,21,9,3,1,18,3,21,9,259,265,259,90,27,0,0,0,0,0,0
txn_04947,5,16,3,205,2,1,2,6,10,1,2,5,0,10,2,2,0,16,0,10,2,225,229,225,74,11,0,0,0,0,0,0
txn_07250,7,21,20,414,1,1,5,7,14,5,15,6,4,14,15,1,1,6,4,14,15,450,462,450,156,24,0,0,0,0,0,0
txn_07475,9,23,12,105,3,2,4,8,15,4,8,7,3,15,8,3,2,27,8,15,8,143,149,143,44,23,0,0,0,0,0,0
txn_07388,4,31,5,55,1,1,2,11,20,1,4,10,1,20,4,1,1,10,1,20,4,92,95,92,35,23,0,0,0,0,0,0
txn_00542,8,16,24,47,1,3,4,6,10,7,17,5,6,10,17,1,3,5,11,10,17,84,95,84,26,23,0,0,0,0,0,0
txn_06609,11,11,9,333,3,3,5,5,6,3,6,4,2,6,6,3,3,20,7,6,6,358,364,358,119,13,0,0,0,0,0,0
txn_02247,5,22,15,683,1,1,3,7,15,5,10,6,4,14,10,1,1,6,4,14,10,716,725,716,258,22,0,0,0,0,0,0
txn_04611,6,19,7,269,2,2,2,6,13,2,5,6,1,12,5,2,2,15,2,12,5,299,301,299,98,19,0,0,0,0,0,0
txn_01812,6,24,6,228,2,1,3,8,16,2,4,7,1,16,4,2,1,13,1,16,4,258,264,258,93,18,0,0,0,0,0,0
txn_03060,3,15,5,312,1,1,1,6,9,2,3,6,1,9,3,1,1,11,1,9,3,334,335,334,116,12,0,0,0,0,0,0
txn_04526,18,22,29,102,5,5,8,8,14,9,20,8,9,14,20,5,4,39,17,14,20,159,171,159,49,36,0,0,0,0,0,0
txn_07981,9,26,12,213,3,2,4,8,18,4,8,7,3,18,8,3,1,16,3,18,8,252,260,252,84,24,0,0,0,0,0,0
txn_06127,9,11,6,146,3,2,4,5,6,2,4,4,2,6,4,3,2,15,8,6,4,169,172,169,56,11,0,0,0,0,0,0
txn_03108,8,19,16,314,2,2,4,6,13,6,10,5,5,13,10,2,2,10,11,13,10,350,357,350,121,22,0,0,0,0,0,0
txn_05132,4,20,12,231,1,1,2,9,11,4,8,9,3,11,8,1,1,6,3,11,8,264,267,264,98,18,0,0,0,0,0,0
txn_03047,4,7,6,150,1,1,2,3,4,2,4,3,2,4,4,1,1,9,1,4,4,166,167,166,56,9,0,0,0,0,0,0
txn_00152,3,25,11,675,1,1,1,7,18,4,7,7,3,18,7,1,1,2,3,18,7,711,714,711,260,23,0,0,0,0,0,0
txn_09273,7,24,9,438,1,1,5,8,16,2,7,7,1,15,6,1,1,7,1,15,6,463,478,463,162,18,0,0,0,0,0,0
txn_09729,6,10,7,317,1,2,3,3,7,2,5,2,1,7,5,1,2,2,2,7,5,334,340,334,115,10,0,0,0,0,0,0
txn_01459,11,25,14,137,2,2,7,9,16,4,10,8,3,16,10,2,2,17,7,16,10,174,187,174,57,22,0,0,0,0,0,0
txn_06658,3,10,23,62,1,1,1,4,6,7,16,3,6,6,16,1,1,3,6,6,16,94,98,94,30,20,0,0,0,0,0,0
txn_00184,6,24,10,341,2,1,3,9,15,4,6,8,3,14,6,2,1,15,3,14,6,374,381,374,129,20,0,0,0,0,0,0
txn_00162,6,12,8,202,1,2,3,4,8,3,5,3,2,8,5,1,2,3,4,8,5,223,228,223,75,12,0,0,0,0,0,0
txn_07894,0,18,5,56,0,0,0,6,12,1,4,6,1,12,4,0,0,0,0,12,4,78,79,78,26,15,0,0,0,0,0,0
txn_05617,0,11,10,245,0,0,0,5,6,4,6,5,4,6,5,0,0,0,0,6,5,264,266,264,93,12,0,0,0,0,0,0
txn_06028,3,27,4,62,1,1,1,12,15,2,2,12,2,15,2,1,1,12,2,15,2,95,96,95,34,18,0,0,0,0,0,0
txn_08940,11,20,12,270,3,3,5,7,13,3,9,6,2,13,9,3,3,15,10,13,9,307,313,307,107,23,0,0,0,0,0,0
txn_05561,0,10,9,151,0,0,0,3,7,3,6,3,3,7,6,0,0,0,0,7,6,170,170,170,56,13,0,0,0,0,0,0
txn_00766,20,28,18,111,6,6,8,7,21,5,13,6,4,21,13,6,5,47,22,21,13,160,177,160,46,30,0,0,0,0,0,0
txn_01507,9,16,22,331,2,1,6,6,10,6,16,5,5,10,16,2,1,9,5,10,16,366,378,366,126,21,0,0,0,0,0,0
txn_02192,3,24,16,469,1,1,1,9,15,6,10,8,5,14,9,1,1,8,5,14,9,502,512,502,177,22,0,0,0,0,0,0
txn_03675,5,14,12,334,1,2,2,6,8,5,7,5,4,8,7,1,2,5,6,8,7,360,365,360,126,13,0,0,0,0,0,0
txn_02335,6,35,13,199,2,1,3,9,26,4,9,9,4,25,9,2,1,16,2,25,9,250,253,250,80,36,0,0,0,0,0,0
txn_07810,5,16,16,438,2,1,2,6,10,6,10,5,5,9,9,2,1,9,5,9,9,465,475,465,164,17,0,0,0,0,0,0
txn_00043,7,14,7,372,1,2,4,4,10,3,4,3,2,9,3,1,2,3,7,9,3,391,400,391,135,13,0,0,0,0,0,0
txn_09019,5,18,9,221,1,2,2,7,11,4,5,6,3,11,4,1,2,6,9,11,4,244,253,244,83,13,0,0,0,0,0,0
txn_05453,3,29,8,216,1,1,1,8,21,3,5,8,3,21,5,1,1,7,2,21,5,255,256,255,86,26,0,0,0,0,0,0
txn_04461,7,26,8,208,2,1,4,9,17,2,6,8,1,16,6,2,1,17,1,16,6,237,249,237,76,20,0,0,0,0,0,0
txn_02313,5,24,10,190,1,1,3,7,17,2,8,6,1,17,8,1,1,6,1,17,8,222,229,222,72,22,0,0,0,0,0,0
txn_08745,4,21,11,264,1,1,2,6,15,3,8,5,2,15,8,1,1,5,2,15,8,293,300,293,97,20,0,0,0,0,0,0
txn_08757,7,14,5,302,1,3,3,5,9,2,3,4,1,9,3,1,3,4,8,9,3,322,328,322,111,10,0,0,0,0,0,0
txn_00034,8,29,24,443,2,1,5,10,19,8,16,9,7,19,16,2,1,17,7,19,16,491,504,491,172,29,0,0,0,0,0,0
txn_05575,7,24,11,176,2,1,4,9,15,4,7,8,3,14,7,2,1,15,3,14,7,208,218,208,71,20,0,0,0,0,0,0
txn_03467,10,27,14,207,2,4,4,8,19,5,9,7,5,19,9,2,4,25,11,19,9,251,258,251,82,26,0,0,0,0,0,0
txn_09779,7,25,16,328,1,1,5,8,17,6,10,7,5,16,10,1,1,7,5,16,10,362,376,362,117,22,0,0,0,0,0,0
txn_04462,7,16,18,205,2,1,4,6,10,5,13,5,4,10,12,2,1,12,4,10,12,237,246,237,79,21,0,0,0,0,0,0
txn_06638,5,37,21,219,1,1,3,15,22,6,15,14,5,22,15,1,1,14,5,22,15,271,282,271,93,30,0,0,0,0,0,0
txn_04477,9,24,12,219,2,2,5,6,18,4,8,5,3,17,8,2,2,10,6,17,8,254,264,254,83,25,0,0,0,0,0,0
txn_07153,10,25,23,320,3,1,6,8,17,7,16,7,6,17,16,3,1,20,6,17,16,365,378,365,126,28,0,0,0,0,0,0
txn_07737,14,27,5,255,4,4,6,10,17,2,3,9,1,17,3,4,4,54,36,17,3,294,301,294,98,22,0,0,0,0,0,0
txn_00421,3,39,9,258,1,1,1,13,26,2,7,13,2,26,7,1,1,5,4,26,7,307,309,307,104,32,0,0,0,0,0,0
txn_03394,4,45,26,323,1,1,2,19,26,8,18,18,8,26,18,1,1,18,1,26,18,390,398,390,140,38,0,0,0,0,0,0
txn_09709,3,18,10,193,1,1,1,7,11,5,5,6,4,10,5,1,1,6,4,10,5,219,224,219,75,15,0,0,0,0,0,0
txn_03380,0,28,9,678,0,0,0,9,19,3,6,9,3,18,6,0,0,0,0,18,6,712,715,712,261,24,0,0,0,0,0,0
txn_09963,5,30,6,685,2,1,2,10,20,3,3,9,3,20,3,2,1,17,5,20,3,722,726,722,261,23,0,0,0,0,0,0
txn_06760,4,31,13,461,1,1,2,10,21,5,8,9,4,21,8,1,1,9,4,21,8,500,509,500,173,24,0,0,0,0,0,0
txn_02017,7,24,17,446,1,1,5,5,19,4,13,4,3,19,13,1,1,4,3,19,13,481,494,481,163,27,0,0,0,0,0,0
txn_01334,7,12,2,61,2,1,4,4,8,1,1,3,1,8,1,2,1,15,1,8,1,80,82,80,25,11,0,0,0,0,0,0
txn_00768,5,9,16,372,1,2,2,3,6,6,10,2,5,6,10,1,2,2,13,6,10,396,402,396,138,13,0,0,0,0,0,0
txn_01414,8,8,13,359,2,1,5,3,5,4,9,2,3,5,9,2,1,10,3,5,9,380,388,380,133,12,0,0,0,0,0,0
txn_03629,5,22,23,188,1,1,3,7,15,6,17,7,5,15,17,1,1,3,5,15,17,230,238,230,82,28,0,0,0,0,0,0
txn_02413,3,14,9,260,1,1,1,6,8,2,7,6,2,8,7,1,1,8,1,8,7,284,286,284,98,14,0,0,0,0,0,0
txn_07383,0,32,10,30,0,0,0,10,22,2,8,10,2,22,8,0,0,0,0,22,8,71,72,71,22,29,0,0,0,0,0,0
txn_09080,8,23,14,294,2,2,4,12,11,6,8,12,5,11,8,2,2,16,8,11,8,335,339,335,118,20,0,0,0,0,0,0
txn_03492,3,4,14,210,1,1,1,2,2,6,8,1,5,2,8,1,1,1,5,2,8,228,231,228,77,9,0,0,0,0,0,0
txn_07060,4,25,21,197,1,1,2,10,15,7,14,9,6,15,14,1,1,9,6,15,14,236,247,236,81,22,0,0,0,0,0,0
txn_06316,8,21,12,108,1,3,4,8,13,5,7,7,4,13,7,1,3,7,8,13,7,142,149,142,47,18,0,0,0,0,0,0
txn_00140,3,24,10,151,1,1,1,8,16,3,7,8,2,16,6,1,1,8,2,16,6,182,188,182,60,21,0,0,0,0,0,0
txn_04907,5,21,14,207,2,1,2,7,14,6,8,6,5,14,8,2,1,10,5,14,8,238,247,238,79,19,0,0,0,0,0,0
txn_01496,5,32,11,210,1,2,2,12,20,3,8,12,2,20,8,1,2,12,6,20,8,253,258,253,85,27,0,0,0,0,0,0
txn_03885,8,38,9,213,2,1,5,14,24,2,7,13,1,24,7,2,1,16,1,24,7,257,268,257,86,26,0,0,0,0,0,0
txn_02974,10,13,6,207,3,3,4,6,7,2,4,5,1,7,4,3,3,30,4,7,4,231,236,231,78,12,0,0,0,0,0,0
txn_04344,6,22,4,470,2,2,2,9,13,2,2,8,1,13,2,2,2,15,3,13,2,498,502,498,177,15,0,0,0,0,0,0
txn_00362,3,34,15,267,1,1,1,11,23,4,11,10,3,23,11,1,1,10,3,23,11,314,319,314,105,31,0,0,0,0,0,0
txn_03015,5,16,22,143,1,2,2,7,9,6,16,6,5,9,16,1,2,6,8,9,16,180,186,180,59,22,0,0,0,0,0,0
txn_05971,17,29,22,473,4,7,6,10,19,8,14,9,7,19,14,4,7,46,32,19,14,533,541,533,185,34,0,0,0,0,0,0
txn_07036,20,26,19,104,7,6,7,9,17,11,8,9,10,17,7,7,6,45,27,17,7,152,169,152,50,25,0,0,0,0,0,0
txn_08531,6,22,7,449,1,1,4,6,16,3,4,5,3,15,4,1,1,5,5,15,4,476,484,476,165,20,0,0,0,0,0,0
txn_05792,11,7,16,210,2,3,6,3,4,6,10,2,5,4,10,2,3,4,16,4,10,239,244,239,79,16,0,0,0,0,0,0
txn_02544,6,17,11,134,2,2,2,5,12,5,6,4,4,12,6,2,2,10,7,12,6,162,168,162,53,16,0,0,0,0,0,0
txn_03426,4,14,11,688,1,1,2,4,10,4,7,3,3,10,7,1,1,3,3,10,7,711,717,711,256,15,0,0,0,0,0,0
txn_01195,9,26,12,271,2,3,4,10,16,5,7,10,4,16,7,2,2,9,9,16,7,313,318,313,107,24,0,0,0,0,0,0
txn_00718,8,23,5,464,2,2,4,6,17,2,3,5,1,17,2,2,2,11,2,17,2,494,500,494,167,21,0,0,0,0,0,0
txn_00563,5,23,12,147,1,1,3,10,13,4,8,9,3,13,8,1,1,9,3,13,8,179,187,179,61,18,0,0,0,0,0,0
txn_09596,6,21,9,201,1,2,3,7,14,4,5,7,3,14,5,1,2,7,7,14,5,235,237,235,79,20,0,0,0,0,0,0
txn_07023,10,40,11,376,2,3,5,15,25,4,7,14,3,24,6,2,3,17,10,24,6,424,437,424,139,33,0,0,0,0,0,0
txn_06932,6,28,10,326,2,1,3,9,19,3,7,9,2,19,7,2,1,10,2,19,7,362,370,362,125,24,0,0,0,0,0,0
txn_01368,8,23,8,329,1,2,5,8,15,4,4,7,4,15,4,1,2,7,7,15,4,360,368,360,127,17,0,0,0,0,0,0
txn_07395,7,25,2,124,1,3,3,7,18,1,1,6,0,18,1,1,2,6,7,18,1,153,158,153,47,18,0,0,0,0,0,0
txn_00931,15,23,18,221,3,3,9,8,15,7,11,7,6,14,11,3,3,17,16,14,11,264,277,264,89,25,0,0,0,0,0,0
txn_07903,11,24,20,466,2,2,7,8,16,7,13,7,6,16,13,2,2,14,7,16,13,508,521,508,176,25,0,0,0,0,0,0
txn_08403,10,21,24,261,3,1,6,7,14,7,17,6,6,14,16,3,1,14,6,14,16,301,316,301,100,26,0,0,0,0,0,0
txn_02394,9,18,7,223,1,2,6,6,12,3,4,5,3,12,4,1,2,5,5,12,4,251,257,251,86,16,0,0,0,0,0,0
txn_06671,7,8,17,330,1,2,4,2,6,5,12,1,4,6,11,1,2,1,7,6,11,354,362,354,112,17,0,0,0,0,0,0
txn_07172,6,6,12,469,2,2,2,3,3,4,8,2,3,3,7,2,2,3,5,3,7,487,493,487,168,11,0,0,0,0,0,0
txn_01705,5,21,6,223,1,1,3,6,15,2,4,5,1,15,4,1,1,5,1,15,4,248,255,248,83,16,0,0,0,0,0,0
txn_02068,3,24,9,147,1,1,1,8,16,2,7,7,1,16,7,1,1,7,1,16,7,179,183,179,59,21,0,0,0,0,0,0
txn_02108,9,15,4,142,2,2,5,7,8,2,2,6,1,8,2,2,2,10,3,8,2,164,170,164,52,12,0,0,0,0,0,0
txn_08713,3,13,9,345,1,1,1,4,9,3,6,3,2,8,6,1,1,3,2,8,6,364,370,364,125,13,0,0,0,0,0,0
txn_03218,9,16,14,222,3,2,4,6,10,5,9,5,4,10,9,3,2,19,8,10,9,254,261,254,84,18,0,0,0,0,0,0
txn_05230,3,29,10,221,1,1,1,13,16,3,7,13,2,16,7,1,1,4,2,16,7,261,263,261,91,22,0,0,0,0,0,0
txn_05553,9,10,20,137,2,1,6,4,6,4,16,3,3,6,16,2,1,11,3,6,16,168,176,168,52,21,0,0,0,0,0,0
txn_08371,5,17,9,297,1,1,3,4,13,3,6,3,2,13,6,1,1,3,2,13,6,321,328,321,108,16,0,0,0,0,0,0
txn_05940,3,12,9,417,1,1,1,3,9,3,6,3,3,9,5,1,1,6,3,9,5,438,441,438,153,15,0,0,0,0,0,0
txn_03111,7,29,17,165,1,2,4,7,22,6,11,6,5,22,11,1,2,6,7,22,11,211,218,211,67,31,0,0,0,0,0,0
txn_09392,3,12,7,300,1,1,1,5,7,3,4,4,2,6,4,1,1,4,2,6,4,316,322,316,108,10,0,0,0,0,0,0
txn_02715,13,16,31,114,6,3,4,6,10,10,21,6,9,10,20,6,3,45,17,10,20,158,174,158,49,30,0,0,0,0,0,0
txn_05373,3,10,15,52,1,1,1,4,6,4,11,4,4,6,11,1,1,3,7,6,11,79,80,79,30,18,0,0,0,0,0,0
txn_09239,6,17,10,208,2,2,2,6,11,5,5,5,4,11,5,2,2,12,7,11,5,237,241,237,80,16,0,0,0,0,0,0
txn_05731,7,10,17,137,2,3,2,4,6,6,11,3,5,6,11,2,3,11,12,6,11,166,171,166,54,15,0,0,0,0,0,0
txn_03231,7,35,14,162,2,2,3,14,21,6,8,13,5,20,8,2,2,20,7,20,8,209,218,209,72,26,0,0,0,0,0,0
txn_07875,6,14,17,439,2,2,2,4,10,6,11,4,5,10,10,2,2,19,9,10,10,469,476,469,165,18,0,0,0,0,0,0
txn_02963,7,35,9,153,2,2,3,14,21,4,5,13,3,21,5,2,2,16,5,21,5,198,204,198,68,25,0,0,0,0,0,0
txn_07258,0,30,7,149,0,0,0,7,23,2,5,7,2,23,5,0,0,0,0,23,5,185,186,185,60,27,0,0,0,0,0,0
txn_02699,6,22,16,274,1,1,4,7,15,5,11,6,4,15,10,1,1,6,4,15,10,307,318,307,103,22,0,0,0,0,0,0
txn_05316,5,31,8,178,1,1,3,8,23,3,5,8,2,22,5,1,1,3,2,22,5,214,222,214,71,25,0,0,0,0,0,0
txn_03835,7,18,3,213,1,2,4,6,12,1,2,5,0,11,1,1,1,5,4,11,1,231,241,231,77,12,0,0,0,0,0,0
txn_03198,5,11,20,93,2,1,2,5,6,8,12,4,7,6,12,2,1,15,7,6,12,123,129,123,42,15,0,0,0,0,0,0
txn_03438,3,34,8,362,1,1,1,13,21,3,5,12,3,21,5,1,1,12,7,21,5,405,407,405,144,25,0,0,0,0,0,0
txn_07137,3,22,5,193,1,1,1,9,13,2,3,8,1,13,3,1,1,8,1,13,3,218,223,218,74,14,0,0,0,0,0,0
txn_08495,7,17,4,225,2,2,3,7,10,2,2,6,1,10,2,2,2,9,8,10,2,250,253,250,83,13,0,0,0,0,0,0
txn_07169,5,32,13,441,2,1,2,11,21,4,9,10,4,20,9,2,1,14,2,20,9,483,491,483,169,28,0,0,0,0,0,0
txn_00158,5,22,12,60,1,1,3,6,16,3,9,5,2,16,9,1,1,5,2,16,9,91,99,91,27,21,0,0,0,0,0,0
txn_02841,4,20,3,226,1,1,2,8,12,1,2,7,1,11,2,1,0,7,0,11,2,247,253,247,86,12,0,0,0,0,0,0
txn_09279,3,12,7,450,1,1,1,5,7,2,5,4,1,7,5,1,1,4,1,7,5,469,472,469,164,11,0,0,0,0,0,0
txn_08619,8,34,17,379,2,2,4,12,22,7,10,11,6,22,10,2,2,16,12,22,10,428,438,428,143,29,0,0,0,0,0,0
txn_09216,5,17,5,680,1,2,2,7,10,2,3,6,1,10,3,1,2,6,2,10,3,703,707,703,259,12,0,0,0,0,0,0
txn_03645,5,7,22,332,1,1,3,2,5,8,14,1,7,5,14,1,1,1,7,5,14,359,366,359,117,16,0,0,0,0,0,0
txn_00872,5,21,8,59,1,1,3,10,11,2,6,9,2,11,6,1,1,9,3,11,6,89,93,89,31,16,0,0,0,0,0,0
txn_08561,6,22,9,108,2,2,2,8,14,4,5,7,3,14,4,2,2,11,10,14,4,138,145,138,46,19,0,0,0,0,0,0
txn_09618,8,13,12,390,2,3,3,4,9,5,7,3,4,9,7,2,3,15,12,9,7,417,423,417,148,14,0,0,0,0,0,0
txn_01764,5,17,13,443,2,1,2,7,10,4,9,6,3,10,9,2,1,12,3,10,9,473,478,473,168,17,0,0,0,0,0,0
txn_03899,7,15,19,337,2,1,4,5,10,7,12,4,6,9,12,2,1,15,6,9,12,369,378,369,127,20,0,0,0,0,0,0
txn_05291,8,10,4,172,1,2,5,3,7,1,3,2,0,7,3,1,1,2,3,7,3,185,194,185,61,7,0,0,0,0,0,0
txn_09642,8,16,8,375,3,2,3,7,9,2,6,6,1,9,6,3,2,14,5,9,6,402,407,402,139,15,0,0,0,0,0,0
txn_04315,6,12,12,315,1,2,3,4,8,4,8,3,3,8,8,1,2,3,6,8,8,339,345,339,116,14,0,0,0,0,0,0
txn_00439,7,24,16,347,2,2,3,8,16,5,11,7,4,16,11,2,2,13,10,16,11,388,394,388,133,25,0,0,0,0,0,0
txn_06296,6,34,23,393,1,1,4,11,23,6,17,10,5,23,17,1,1,10,5,23,17,442,456,442,157,31,0,0,0,0,0,0
txn_08930,6,23,4,476,2,1,3,8,15,1,3,7,0,15,3,2,0,15,0,15,3,502,509,502,176,16,0,0,0,0,0,0
txn_08761,4,23,10,396,1,1,2,9,14,4,6,8,4,14,6,1,1,8,1,14,6,430,433,430,155,19,0,0,0,0,0,0
txn_06240,10,23,16,683,2,2,6,9,14,5,11,9,4,14,11,2,2,9,7,14,11,724,732,724,265,26,0,0,0,0,0,0
txn_01148,5,17,17,226,1,1,3,7,10,5,12,6,4,9,12,1,1,6,4,9,12,256,265,256,87,19,0,0,0,0,0,0
txn_09163,7,35,12,332,1,2,4,11,24,3,9,10,2,23,8,1,2,10,9,23,8,371,386,371,128,27,0,0,0,0,0,0
txn_02898,9,15,8,58,3,2,4,5,10,3,5,4,2,10,5,3,2,13,8,10,5,85,90,85,31,15,0,0,0,0,0,0
txn_03459,10,35,4,686,3,2,5,13,22,2,2,12,1,22,2,3,2,26,4,22,2,725,735,725,266,24,0,0,0,0,0,0
txn_03588,7,17,28,200,1,1,5,6,11,9,19,6,8,11,18,1,1,7,8,11,18,241,252,241,81,27,0,0,0,0,0,0
txn_02618,8,44,17,471,3,1,4,13,31,6,11,12,5,30,10,3,1,24,5,30,10,526,540,526,180,37,0,0,0,0,0,0
txn_07366,5,23,25,453,1,1,3,7,16,8,17,6,7,15,17,1,1,6,7,15,17,493,506,493,171,27,0,0,0,0,0,0
txn_01208,4,15,6,65,1,1,2,6,9,2,4,5,1,9,4,1,1,5,1,9,4,84,90,84,27,10,0,0,0,0,0,0
txn_02014,7,15,23,302,2,1,4,6,9,8,15,6,7,9,15,2,1,17,7,9,15,341,347,341,118,22,0,0,0,0,0,0
txn_04266,6,20,8,350,1,1,4,7,13,2,6,6,1,13,6,1,1,6,1,13,6,374,384,374,130,14,0,0,0,0,0,0
txn_04137,6,29,14,111,1,1,4,9,20,4,10,8,3,20,10,1,1,8,3,20,10,148,160,148,48,23,0,0,0,0,0,0
txn_02547,8,16,18,382,2,3,3,7,9,5,13,6,4,9,13,2,3,16,7,9,13,420,424,420,138,22,0,0,0,0,0,0
txn_07073,12,22,7,214,3,3,6,7,15,2,5,6,1,14,5,3,3,16,8,14,5,244,255,244,78,20,0,0,0,0,0,0
txn_06927,4,7,9,196,1,1,2,2,5,3,6,1,2,5,6,1,1,1,2,5,6,211,216,211,70,9,0,0,0,0,0,0
txn_08555,11,18,4,446,2,2,7,5,13,1,3,4,0,12,3,2,1,16,1,12,3,468,479,468,163,16,0,0,0,0,0,0
txn_00759,7,10,9,234,1,2,4,4,6,3,6,3,2,6,6,1,2,3,5,6,6,252,260,252,92,9,0,0,0,0,0,0
txn_00022,7,22,14,140,2,2,3,10,12,4,10,10,3,12,10,2,2,13,8,12,10,177,183,177,60,20,0,0,0,0,0,0
txn_08394,5,26,19,455,1,1,3,10,16,8,11,9,7,16,10,1,1,9,7,16,10,494,505,494,176,22,0,0,0,0,0,0
txn_08185,5,12,9,318,2,1,2,5,7,4,5,4,4,7,5,2,1,10,7,7,5,341,344,341,119,12,0,0,0,0,0,0
txn_05465,7,13,7,169,2,1,4,7,6,2,5,6,1,6,5,2,1,13,1,6,5,190,196,190,64,10,0,0,0,0,0,0
txn_09639,6,22,11,263,1,1,4,9,13,3,8,8,2,13,8,1,1,8,2,13,8,292,302,292,100,17,0,0,0,0,0,0
txn_08392,3,20,9,172,1,1,1,7,13,4,5,7,3,13,5,1,1,8,3,13,5,201,204,201,68,16,0,0,0,0,0,0
txn_06761,7,23,15,216,2,1,4,7,16,4,11,7,3,16,11,2,1,13,3,16,11,255,261,255,83,25,0,0,0,0,0,0
txn_03988,5,16,19,273,1,2,2,5,11,5,14,5,4,11,14,1,2,12,7,11,14,308,313,308,108,25,0,0,0,0,0,0
txn_01269,9,9,7,65,2,3,4,4,5,3,4,3,2,5,4,2,3,16,8,5,4,84,90,84,27,9,0,0,0,0,0,0
txn_01618,12,12,17,321,3,2,7,4,8,5,12,3,4,8,11,3,2,20,6,8,11,350,362,350,118,18,0,0,0,0,0,0
txn_00682,5,13,6,305,1,1,3,4,9,2,4,3,2,9,4,1,1,3,4,9,4,325,329,325,112,12,0,0,0,0,0,0
txn_03539,10,21,16,448,3,2,5,6,15,4,12,5,3,15,11,3,2,14,6,15,11,483,495,483,168,24,0,0,0,0,0,0
txn_07722,6,11,12,143,2,1,3,4,7,4,8,4,3,7,8,2,1,8,3,7,8,168,172,168,55,14,0,0,0,0,0,0
txn_01137,11,12,21,191,2,2,7,4,8,7,14,3,6,8,14,2,2,12,9,8,14,226,235,226,81,21,0,0,0,0,0,0
txn_02768,16,28,10,96,5,4,7,9,19,3,7,8,3,19,7,5,4,60,38,19,7,142,150,142,43,25,0,0,0,0,0,0
txn_00995,6,21,17,180,1,2,3,7,14,5,12,6,4,13,12,1,2,6,7,13,12,215,224,215,72,23,0,0,0,0,0,0
txn_00292,3,18,19,353,1,1,1,7,11,6,13,6,5,10,13,1,1,6,5,10,13,387,393,387,134,22,0,0,0,0,0,0
txn_00091,8,15,15,36,2,2,4,6,9,5,10,6,4,9,10,2,2,9,6,9,10,70,74,70,22,19,0,0,0,0,0,0
txn_00438,7,18,13,204,1,2,4,7,11,4,9,6,3,11,9,1,2,6,5,11,9,234,242,234,79,17,0,0,0,0,0,0
txn_09093,3,39,10,263,1,1,1,14,25,5,5,13,5,24,5,1,1,13,2,24,5,307,315,307,107,26,0,0,0,0,0,0
txn_04306,9,27,9,207,1,2,6,8,19,4,5,7,3,18,5,1,2,7,7,18,5,241,252,241,80,22,0,0,0,0,0,0
txn_06470,5,29,17,472,1,2,2,10,19,6,11,9,5,18,10,1,2,9,6,18,10,512,523,512,177,27,0,0,0,0,0,0
txn_00510,8,34,20,332,2,1,5,12,22,7,13,11,6,21,13,2,1,15,6,21,13,381,394,381,133,30,0,0,0,0,0,0
txn_03352,3,10,17,127,1,1,1,4,6,5,12,3,4,6,11,1,1,3,4,6,11,149,157,149,48,14,0,0,0,0,0,0
txn_09876,5,25,7,237,2,1,2,8,17,2,5,7,1,17,5,2,1,13,1,17,5,267,274,267,96,18,0,0,0,0,0,0
txn_05194,5,24,3,211,2,1,2,9,15,1,2,8,0,15,2,2,0,13,0,15,2,239,243,239,80,16,0,0,0,0,0,0
txn_05934,6,21,18,265,2,2,2,7,14,5,13,6,5,14,13,2,2,14,7,14,13,308,310,308,103,27,0,0,0,0,0,0
txn_02388,0,2,6,378,0,0,0,1,1,2,4,1,2,1,4,0,0,0,0,1,4,386,386,386,136,5,0,0,0,0,0,0
txn_09575,8,14,14,376,2,3,3,6,8,6,8,5,5,8,8,2,3,12,9,8,8,408,412,408,135,17,0,0,0,0,0,0
txn_09364,11,28,10,210,1,3,7,9,19,4,6,8,3,19,6,1,3,8,16,19,6,248,259,248,84,22,0,0,0,0,0,0
txn_00774,8,0,15,154,1,2,5,0,0,4,11,0,3,0,11,1,2,6,5,0,11,172,177,172,54,11,0,0,0,0,0,0
txn_03521,8,4,18,150,2,1,5,2,2,5,13,1,4,2,13,2,1,5,4,2,13,173,180,173,56,14,0,0,0,0,0,0
txn_02140,6,29,8,691,1,1,4,9,20,2,6,8,1,19,6,1,1,8,1,19,6,722,734,722,260,21,0,0,0,0,0,0
txn_03452,8,8,14,61,3,1,4,3,5,5,9,2,4,5,9,3,1,16,4,5,9,85,91,85,32,13,0,0,0,0,0,0
txn_00505,8,22,6,479,1,3,4,6,16,3,3,5,2,15,3,1,3,5,7,15,3,506,515,506,176,18,0,0,0,0,0,0
txn_04636,10,19,18,63,2,2,6,6,13,7,11,5,6,13,11,2,2,12,8,13,11,99,110,99,32,20,0,0,0,0,0,0
txn_08043,7,19,18,210,2,1,4,7,12,6,12,6,5,12,12,2,1,14,5,12,12,246,254,246,84,21,0,0,0,0,0,0
txn_05480,4,26,15,153,1,1,2,10,16,6,9,9,5,16,9,1,1,9,5,16,9,192,198,192,66,22,0,0,0,0,0,0
txn_02966,6,20,23,473,2,1,3,6,14,7,16,5,6,14,16,2,1,12,6,14,16,514,522,514,178,26,0,0,0,0,0,0
txn_04148,3,16,19,379,1,1,1,5,11,7,12,5,7,11,12,1,1,13,1,11,12,414,417,414,139,22,0,0,0,0,0,0
txn_04363,5,30,11,146,1,2,2,13,17,4,7,12,3,17,7,1,2,12,6,17,7,187,192,187,64,22,0,0,0,0,0,0
txn_00273,11,15,12,693,3,2,6,5,10,3,9,4,2,10,8,3,2,19,7,10,8,719,731,719,258,17,0,0,0,0,0,0
txn_07557,11,26,24,355,3,1,7,8,18,7,17,7,6,18,17,3,1,20,6,18,17,401,416,401,138,29,0,0,0,0,0,0
txn_01397,7,30,7,130,1,2,4,9,21,2,5,8,1,21,5,1,2,8,3,21,5,165,174,165,54,22,0,0,0,0,0,0
txn_03801,9,17,12,194,3,2,4,7,10,5,7,6,4,10,7,3,2,14,5,10,7,224,232,224,83,14,0,0,0,0,0,0
txn_09322,6,10,15,150,2,2,2,4,6,5,10,4,5,6,10,2,2,14,5,6,10,179,181,179,61,16,0,0,0,0,0,0
txn_04041,8,16,6,109,2,1,5,6,10,1,5,5,0,10,5,2,0,11,0,10,5,131,139,131,42,13,0,0,0,0,0,0
txn_07831,0,15,5,343,0,0,0,5,10,2,3,5,2,10,3,0,0,0,0,10,3,363,363,363,127,13,0,0,0,0,0,0
txn_00430,3,31,17,175,1,1,1,10,21,5,12,9,4,21,11,1,1,9,4,21,11,219,226,219,71,30,0,0,0,0,0,0
txn_08523,9,31,5,305,2,2,5,9,22,2,3,9,1,22,3,2,2,9,2,22,3,348,350,348,115,29,0,0,0,0,0,0
txn_05250,14,32,15,457,1,2,11,9,23,4,11,8,3,22,11,1,2,8,4,22,11,496,518,496,171,27,0,0,0,0,0,0
txn_01881,10,15,11,199,2,2,6,6,9,4,7,5,3,9,7,2,2,10,6,9,7,226,235,226,76,15,0,0,0,0,0,0
txn_08032,11,24,19,228,2,3,6,8,16,7,12,7,6,16,12,2,3,11,16,16,12,273,282,273,90,26,0,0,0,0,0,0
txn_04048,3,24,8,268,1,1,1,9,15,2,6,8,2,15,6,1,1,8,5,15,6,302,303,302,103,21,0,0,0,0,0,0
txn_05434,5,29,12,168,1,1,3,9,20,4,8,8,3,20,8,1,1,8,3,20,8,206,214,206,68,24,0,0,0,0,0,0
txn_03460,10,18,18,381,3,1,6,6,12,5,13,5,4,12,12,3,1,19,4,12,12,415,427,415,142,22,0,0,0,0,0,0
txn_06138,6,9,14,459,2,1,3,4,5,4,10,3,3,5,10,2,1,10,3,5,10,481,488,481,169,12,0,0,0,0,0,0
txn_05223,9,22,10,30,2,3,4,8,14,4,6,8,3,14,6,2,3,10,7,14,6,68,71,68,21,21,0,0,0,0,0,0
txn_03237,9,19,17,82,2,2,5,6,13,4,13,5,3,13,13,2,1,17,3,13,13,119,127,119,35,25,0,0,0,0,0,0
txn_00219,5,46,17,228,1,2,2,19,27,6,11,18,5,27,11,1,2,18,8,27,11,285,296,285,101,32,0,0,0,0,0,0
txn_06634,13,21,17,275,3,2,8,6,15,5,12,5,4,15,12,3,2,20,6,15,12,314,326,314,109,24,0,0,0,0,0,0
txn_08703,9,16,17,346,3,2,4,5,11,7,10,4,6,11,10,3,2,18,9,11,10,380,388,380,130,21,0,0,0,0,0,0
txn_06928,7,31,20,348,2,2,3,13,18,5,15,12,4,18,15,2,2,24,6,18,15,395,406,395,135,29,0,0,0,0,0,0
txn_00287,7,25,14,365,1,2,4,7,18,7,7,6,6,18,7,1,2,6,7,18,7,404,411,404,141,24,0,0,0,0,0,0
txn_05385,5,30,28,117,1,2,2,9,21,9,19,8,8,21,19,1,2,8,15,21,19,170,180,170,56,33,0,0,0,0,0,0
txn_07637,15,8,9,334,5,4,6,3,5,4,5,3,3,5,5,5,4,58,38,5,5,361,366,361,123,15,0,0,0,0,0,0
txn_03616,9,17,14,66,2,2,5,6,11,3,11,5,2,11,11,2,2,13,5,11,11,98,106,98,29,20,0,0,0,0,0,0
txn_02125,5,25,10,476,1,2,2,9,16,3,7,8,2,16,7,1,2,8,7,16,7,510,516,510,177,22,0,0,0,0,0,0
txn_03845,6,20,20,177,1,2,3,6,14,8,12,6,7,14,12,1,2,3,8,14,12,216,223,216,72,24,0,0,0,0,0,0
txn_06694,5,16,6,68,1,1,3,5,11,1,5,4,1,11,5,1,1,4,6,11,5,92,95,92,28,16,0,0,0,0,0,0
txn_05015,12,17,17,266,3,1,8,5,12,5,12,4,4,12,11,3,1,20,4,12,11,297,312,297,99,20,0,0,0,0,0,0
txn_08880,13,25,6,209,3,4,6,8,17,2,4,7,1,16,4,3,4,44,31,16,4,242,253,242,78,21,0,0,0,0,0,0
txn_03092,6,17,13,368,2,2,2,6,11,5,8,5,4,11,8,2,2,8,6,11,8,400,404,400,140,18,0,0,0,0,0,0
txn_02418,6,21,6,213,2,1,3,7,14,2,4,6,2,14,4,2,1,8,4,14,4,242,246,242,81,17,0,0,0,0,0,0
txn_05218,10,25,23,481,1,2,7,13,12,6,17,13,5,12,17,1,2,13,7,12,17,530,539,530,188,30,0,0,0,0,0,0
txn_02790,5,33,26,64,1,1,3,10,23,10,16,9,9,23,16,1,1,9,9,23,16,119,128,119,45,34,0,0,0,0,0,0
txn_04748,8,17,7,335,2,2,4,6,11,3,4,5,2,11,3,2,2,8,5,11,3,360,367,360,116,15,0,0,0,0,0,0
txn_09718,0,15,16,308,0,0,0,3,12,4,12,3,4,12,12,0,0,0,0,12,12,335,339,335,114,20,0,0,0,0,0,0
txn_06427,12,25,9,133,3,3,6,8,17,3,6,7,2,17,6,3,3,20,7,17,6,170,179,170,55,21,0,0,0,0,0,0
txn_00126,7,18,20,308,1,2,4,4,14,5,15,3,4,14,15,1,2,3,5,14,15,342,353,342,115,23,0,0,0,0,0,0
txn_02678,6,32,45,240,1,2,3,9,23,27,18,8,26,23,17,1,2,8,29,23,17,302,323,302,112,36,0,0,0,0,0,0
txn_06265,4,17,12,182,1,1,2,6,11,3,9,5,2,11,9,1,1,5,2,11,9,210,215,210,71,18,0,0,0,0,0,0
txn_03698,0,22,15,385,0,0,0,7,15,5,10,7,5,15,10,0,0,0,0,15,10,420,422,420,140,24,0,0,0,0,0,0
txn_04131,6,19,7,180,1,2,3,7,12,2,5,6,1,12,5,1,2,6,4,12,5,207,212,207,68,16,0,0,0,0,0,0
txn_01429,10,13,12,399,2,3,5,4,9,5,7,4,4,9,7,2,3,11,8,9,7,433,434,433,152,20,0,0,0,0,0,0
txn_02499,5,26,13,484,1,2,2,9,17,5,8,9,4,16,7,1,2,9,6,16,7,521,528,521,184,24,0,0,0,0,0,0
txn_09052,7,27,8,268,2,2,3,9,18,3,5,8,2,17,5,2,2,17,6,17,5,301,310,301,102,21,0,0,0,0,0,0
txn_03417,8,16,25,358,2,1,5,6,10,8,17,5,7,10,17,2,1,16,7,10,17,397,407,397,138,23,0,0,0,0,0,0
txn_04161,21,47,8,140,7,6,8,19,28,3,5,18,3,27,4,7,6,98,42,27,4,207,216,207,66,38,0,0,0,0,0,0
txn_04123,9,30,10,688,1,3,5,10,20,3,7,9,2,19,7,1,3,9,6,19,7,727,737,727,264,25,0,0,0,0,0,0
txn_08090,6,16,13,72,1,1,4,7,9,4,9,7,3,9,9,1,1,8,3,9,9,100,107,100,34,15,0,0,0,0,0,0
txn_06103,7,25,13,371,2,2,3,9,16,5,8,8,4,16,8,2,2,13,5,16,8,409,416,409,144,22,0,0,0,0,0,0
txn_09215,5,36,38,271,2,1,2,13,23,23,15,12,22,23,15,2,1,17,22,23,15,339,350,339,126,32,0,0,0,0,0,0
txn_03514,5,24,15,136,1,2,2,8,16,6,9,7,5,16,9,1,2,7,6,16,9,174,180,174,59,22,0,0,0,0,0,0
txn_08520,11,34,15,286,1,2,8,9,25,3,12,8,2,25,12,1,2,8,3,25,12,329,346,329,110,29,0,0,0,0,0,0
txn_01600,0,10,15,311,0,0,0,3,7,4,11,3,4,7,11,0,0,0,0,7,11,334,336,334,115,16,0,0,0,0,0,0
txn_01783,6,12,13,65,2,2,2,5,7,4,9,4,4,7,9,2,2,11,10,7,9,94,96,94,30,16,0,0,0,0,0,0
txn_03365,11,25,21,388,3,3,5,9,16,7,14,8,6,16,14,3,3,26,11,16,14,433,445,433,143,27,0,0,0,0,0,0
txn_09025,7,24,17,231,2,1,4,10,14,5,12,9,4,14,12,2,1,15,4,14,12,272,279,272,91,24,0,0,0,0,0,0
txn_03854,4,35,16,276,1,1,2,11,24,4,12,10,3,23,12,1,1,10,3,23,12,321,331,321,106,32,0,0,0,0,0,0
txn_06571,3,15,7,374,1,1,1,6,9,3,4,6,2,9,4,1,1,5,2,9,4,398,399,398,141,13,0,0,0,0,0,0
txn_03537,4,19,12,126,1,1,2,6,13,3,9,5,2,13,9,1,1,5,2,13,9,155,161,155,50,19,0,0,0,0,0,0
txn_02601,9,23,16,695,1,3,5,6,17,6,10,5,5,16,10,1,3,5,16,16,10,733,743,733,263,26,0,0,0,0,0,0
txn_06076,9,22,13,213,3,2,4,6,16,5,8,5,4,16,7,3,2,16,8,16,7,248,257,248,81,23,0,0,0,0,0,0
txn_02946,8,16,17,690,2,2,4,6,10,6,11,5,6,10,11,2,2,9,6,10,11,726,731,726,266,20,0,0,0,0,0,0
txn_04385,7,19,10,274,2,1,4,6,13,3,7,5,2,12,7,2,1,11,2,12,7,300,310,300,101,17,0,0,0,0,0,0
txn_04718,8,27,17,361,1,2,5,9,18,5,12,8,4,18,12,1,2,8,8,18,12,400,413,400,138,25,0,0,0,0,0,0
txn_07955,0,28,8,201,0,0,0,9,19,2,6,9,2,19,6,0,0,0,0,19,6,234,237,234,79,22,0,0,0,0,0,0
txn_00422,5,20,2,202,1,2,2,7,13,1,1,6,0,12,1,1,1,6,4,12,1,223,229,223,74,13,0,0,0,0,0,0
txn_00293,0,22,15,364,0,0,0,10,12,6,9,10,6,12,8,0,0,0,0,12,8,400,401,400,143,21,0,0,0,0,0,0
txn_07265,5,35,3,289,2,1,2,9,26,1,2,8,0,25,2,2,0,11,0,25,2,325,332,325,108,26,0,0,0,0,0,0
txn_02753,7,20,9,462,1,2,4,5,15,4,5,4,3,14,5,1,2,4,4,14,5,488,498,488,169,19,0,0,0,0,0,0
txn_01267,8,26,15,164,2,2,4,8,18,6,9,7,6,18,9,2,2,13,10,18,9,207,213,207,69,25,0,0,0,0,0,0
txn_02823,4,32,6,216,1,1,2,10,22,3,3,9,3,21,3,1,1,9,4,21,3,251,258,251,83,24,0,0,0,0,0,0
txn_05582,5,18,15,213,1,1,3,8,10,5,10,7,4,10,10,1,1,7,4,10,10,244,251,244,85,17,0,0,0,0,0,0
txn_03180,5,17,10,213,2,1,2,6,11,4,6,5,3,11,6,2,1,14,3,11,6,238,245,238,81,14,0,0,0,0,0,0
txn_09827,12,34,6,139,2,3,7,12,22,2,4,11,1,22,4,2,3,17,7,22,4,184,191,184,60,27,0,0,0,0,0,0
txn_07895,3,14,7,175,1,1,1,7,7,3,4,7,2,6,4,1,1,6,2,6,4,197,199,197,68,11,0,0,0,0,0,0
txn_05714,9,16,18,339,3,1,5,5,11,6,12,4,5,11,12,3,1,12,5,11,12,373,382,373,128,20,0,0,0,0,0,0
txn_00491,7,38,7,167,1,1,5,15,23,2,5,14,1,23,5,1,1,14,1,23,5,208,219,208,72,23,0,0,0,0,0,0
txn_06682,5,27,10,97,1,1,3,10,17,3,7,9,2,17,7,1,1,9,2,17,7,132,139,132,44,21,0,0,0,0,0,0
txn_02347,7,32,7,377,1,3,3,10,22,4,3,9,3,21,3,1,3,9,11,21,3,412,423,412,144,23,0,0,0,0,0,0
txn_08740,11,29,8,337,2,3,6,9,20,3,5,8,2,20,5,2,3,13,8,20,5,375,385,375,129,23,0,0,0,0,0,0
txn_00186,5,12,19,340,1,1,3,5,7,7,12,4,6,7,12,1,1,4,6,7,12,368,376,368,130,15,0,0,0,0,0,0
txn_06093,4,28,7,336,1,1,2,8,20,2,5,8,2,20,5,1,1,19,1,20,5,374,375,374,125,26,0,0,0,0,0,0
txn_03072,4,27,26,64,1,1,2,8,19,8,18,7,7,19,18,1,1,7,7,19,18,112,121,112,36,31,0,0,0,0,0,0
txn_02476,7,15,17,35,1,3,3,5,10,6,11,4,5,10,11,1,3,4,15,10,11,65,74,65,21,17,0,0,0,0,0,0
txn_06191,7,39,27,343,2,2,3,15,24,10,17,14,10,24,16,2,1,18,3,24,16,410,416,410,143,40,0,0,0,0,0,0
txn_02858,8,29,3,339,2,2,4,11,18,1,2,10,0,18,2,2,1,19,2,18,2,373,379,373,126,19,0,0,0,0,0,0
txn_00519,5,28,3,270,2,1,2,8,20,1,2,7,0,20,2,2,0,16,0,20,2,301,306,301,100,20,0,0,0,0,0,0
txn_08116,8,36,7,204,2,2,4,14,22,3,4,13,2,21,4,2,2,20,7,21,4,248,255,248,83,27,0,0,0,0,0,0
txn_09254,10,10,16,215,1,2,7,2,8,7,9,1,6,8,9,1,2,1,9,8,9,241,251,241,81,15,0,0,0,0,0,0
txn_04689,4,23,18,479,1,1,2,8,15,7,11,7,6,14,11,1,1,7,6,14,11,517,524,517,181,24,0,0,0,0,0,0
txn_09268,7,15,8,278,2,2,3,5,10,2,6,4,1,10,6,2,2,9,3,10,6,302,308,302,106,14,0,0,0,0,0,0
txn_03535,4,2,9,419,1,1,2,1,1,2,7,1,1,1,7,1,1,5,1,1,7,432,434,432,151,8,0,0,0,0,0,0
txn_00895,6,16,2,146,2,2,2,5,11,1,1,4,0,11,1,2,1,11,4,11,1,166,170,166,53,11,0,0,0,0,0,0
txn_07501,3,14,15,382,1,1,1,6,8,5,10,5,4,8,10,1,1,5,4,8,10,406,414,406,134,15,0,0,0,0,0,0
txn_09069,5,12,12,152,1,1,3,5,7,4,8,4,3,7,8,1,1,4,3,7,8,174,181,174,59,12,0,0,0,0,0,0
txn_05325,3,18,10,204,1,1,1,7,11,3,7,6,3,11,7,1,1,6,1,11,7,232,235,232,78,16,0,0,0,0,0,0
txn_00005,7,12,14,697,2,1,4,4,8,4,10,3,3,8,10,2,1,8,3,8,10,722,730,722,261,15,0,0,0,0,0,0
txn_02825,3,25,5,450,1,1,1,8,17,2,3,8,2,16,3,1,1,12,7,16,3,479,483,479,170,19,0,0,0,0,0,0
txn_03311,10,24,14,484,3,1,6,8,16,4,10,7,3,16,10,3,1,20,3,16,10,519,532,519,183,22,0,0,0,0,0,0
txn_01763,4,41,15,693,1,1,2,21,20,5,10,21,5,20,10,1,1,1,5,20,10,748,753,748,281,29,0,0,0,0,0,0
txn_02861,3,21,18,231,1,1,1,8,13,6,12,7,5,12,12,1,1,7,5,12,12,267,273,267,92,23,0,0,0,0,0,0
txn_09303,6,32,13,207,2,2,2,10,22,4,9,9,4,22,9,2,2,13,12,22,9,250,258,250,82,27,0,0,0,0,0,0
txn_05400,5,30,9,345,1,2,2,9,21,2,7,8,1,20,7,1,2,8,8,20,7,378,389,378,129,24,0,0,0,0,0,0
txn_09118,5,19,6,218,1,2,2,7,12,3,3,6,3,12,3,1,2,6,8,12,3,245,248,245,84,14,0,0,0,0,0,0
txn_04175,3,26,8,323,1,1,1,9,17,2,6,8,2,17,6,1,1,8,4,17,6,359,360,359,123,23,0,0,0,0,0,0
txn_09568,4,16,8,385,1,1,2,6,10,3,5,6,2,10,5,1,1,11,2,10,5,409,413,409,137,13,0,0,0,0,0,0
txn_06225,0,32,7,242,0,0,0,11,21,2,5,11,2,21,5,0,0,0,0,21,5,280,281,280,103,25,0,0,0,0,0,0
txn_04255,7,26,4,228,1,3,3,7,19,2,2,6,1,19,2,1,3,6,8,19,2,260,265,260,86,20,0,0,0,0,0,0
txn_05407,10,16,15,314,3,2,5,6,10,5,10,5,5,10,10,3,2,19,6,10,10,347,355,347,116,20,0,0,0,0,0,0
txn_02863,7,22,28,142,1,2,4,8,14,11,17,7,10,14,17,1,1,7,10,14,17,189,199,189,66,26,0,0,0,0,0,0
txn_02969,6,22,5,696,2,1,3,7,15,2,3,6,2,14,3,2,1,15,4,14,3,721,729,721,262,18,0,0,0,0,0,0
txn_09722,6,13,10,698,1,2,3,5,8,3,7,4,2,8,7,1,2,4,6,8,7,720,727,720,264,13,0,0,0,0,0,0
txn_04478,8,26,20,143,1,1,6,9,17,4,16,8,3,17,16,1,1,8,3,17,16,184,197,184,67,27,0,0,0,0,0,0
txn_02331,4,25,8,378,1,1,2,8,17,3,5,7,2,16,5,1,1,7,2,16,5,407,415,407,142,19,0,0,0,0,0,0
txn_01977,3,18,19,197,1,1,1,7,11,8,11,6,7,11,11,1,1,6,7,11,11,233,237,233,87,20,0,0,0,0,0,0
txn_09690,6,10,8,383,1,2,3,3,7,4,4,2,3,7,4,1,2,2,6,7,4,400,407,400,139,9,0,0,0,0,0,0
txn_07788,6,12,11,216,1,1,4,3,9,3,8,2,2,9,8,1,1,2,2,9,8,235,245,235,79,12,0,0,0,0,0,0
txn_05457,13,31,19,170,2,3,8,7,24,5,14,6,4,24,14,2,3,17,7,24,14,219,233,219,68,33,0,0,0,0,0,0
txn_04672,5,19,6,342,2,1,2,8,11,3,3,7,3,11,3,2,1,14,5,11,3,371,372,371,130,15,0,0,0,0,0,0
txn_03737,7,18,17,234,2,2,3,7,11,6,11,6,5,11,11,2,2,14,8,11,11,270,276,270,89,21,0,0,0,0,0,0
txn_02266,7,14,16,463,2,1,4,4,10,5,11,3,5,10,11,2,1,10,5,10,11,493,500,493,172,19,0,0,0,0,0,0
txn_02656,7,17,4,452,2,2,3,4,13,2,2,3,1,13,2,2,2,11,6,13,2,475,480,475,167,14,0,0,0,0,0,0
txn_02507,9,26,17,351,3,1,5,8,18,6,11,7,5,18,11,3,1,24,5,18,11,392,403,392,134,25,0,0,0,0,0,0
txn_01344,12,30,9,291,3,2,7,9,21,3,6,8,2,21,6,3,2,23,8,21,6,330,342,330,111,26,0,0,0,0,0,0
txn_01455,5,15,18,210,1,2,2,5,10,6,12,4,5,10,12,1,2,4,6,10,12,242,248,242,80,19,0,0,0,0,0,0
txn_01226,9,18,17,245,2,1,6,7,11,5,12,6,4,11,12,2,1,11,4,11,12,278,289,278,101,19,0,0,0,0,0,0
txn_06341,10,35,24,216,2,2,6,11,24,7,17,10,6,24,17,2,2,18,10,24,17,274,285,274,91,37,0,0,0,0,0,0
txn_08765,10,21,4,422,3,2,5,7,14,1,3,6,0,14,3,3,1,24,3,14,3,452,457,452,156,18,0,0,0,0,0,0
txn_07837,3,35,18,185,1,1,1,11,24,7,11,11,6,24,10,1,1,4,6,24,10,236,241,236,81,33,0,0,0,0,0,0
txn_01568,9,17,5,337,3,2,4,6,11,2,3,5,1,11,3,3,2,27,6,11,3,364,368,364,117,15,0,0,0,0,0,0
txn_02251,6,27,9,149,2,2,2,10,17,3,6,9,2,17,6,2,2,18,6,17,6,186,191,186,61,21,0,0,0,0,0,0
txn_05891,8,24,10,231,2,3,3,11,13,3,7,11,2,13,7,2,3,17,8,13,7,268,273,268,91,20,0,0,0,0,0,0
txn_06589,9,31,12,171,2,2,5,14,17,4,8,13,4,17,8,2,2,19,6,17,8,220,223,220,75,27,0,0,0,0,0,0
txn_08730,8,23,9,701,2,2,4,9,14,3,6,8,2,13,6,2,2,12,3,13,6,733,741,733,268,20,0,0,0,0,0,0
txn_00386,10,15,16,345,3,2,5,5,10,5,11,4,4,10,11,3,2,15,6,10,11,379,386,379,128,21,0,0,0,0,0,0
txn_04677,9,28,18,118,1,2,6,9,19,5,13,8,4,19,12,1,2,8,8,19,12,158,173,158,51,26,0,0,0,0,0,0
txn_09264,7,20,17,273,3,1,3,7,13,5,12,6,4,12,12,3,1,19,4,12,12,309,317,309,103,23,0,0,0,0,0,0
txn_04068,9,14,5,157,2,2,5,3,11,2,3,2,1,11,3,2,2,12,6,11,3,179,185,179,55,14,0,0,0,0,0,0
txn_03372,6,8,23,700,1,1,4,2,6,8,15,1,7,6,14,1,1,1,7,6,14,725,737,725,262,17,0,0,0,0,0,0
txn_08059,5,18,15,160,1,1,3,7,11,6,9,6,5,11,9,1,1,6,5,11,9,191,198,191,64,17,0,0,0,0,0,0
txn_06905,7,31,5,195,2,1,4,10,21,1,4,9,0,21,4,2,0,12,0,21,4,231,238,231,76,23,0,0,0,0,0,0
txn_07548,4,32,10,100,1,1,2,12,20,4,6,11,3,20,6,1,1,11,3,20,6,140,146,140,48,23,0,0,0,0,0,0
txn_00992,12,6,7,275,3,4,5,2,4,3,4,1,2,4,4,3,4,37,37,4,4,293,300,293,98,7,0,0,0,0,0,0
txn_02443,8,47,27,455,2,2,4,26,21,11,16,25,10,21,16,2,2,28,17,21,16,526,537,526,197,34,0,0,0,0,0,0
txn_06338,5,10,9,386,2,1,2,5,5,3,6,4,2,4,5,2,1,7,2,4,5,399,410,399,140,8,0,0,0,0,0,0
txn_01704,3,24,8,348,1,1,1,8,16,4,4,8,3,16,4,1,1,14,3,16,4,380,383,380,133,18,0,0,0,0,0,0
txn_08478,4,27,4,326,2,1,1,8,19,2,2,7,1,19,2,2,1,14,1,19,2,358,361,358,122,20,0,0,0,0,0,0
txn_08751,6,35,16,346,1,2,3,12,23,4,12,11,3,22,12,1,2,11,8,22,12,391,403,391,135,29,0,0,0,0,0,0
txn_08473,3,13,9,177,1,1,1,6,7,4,5,6,3,7,5,1,1,5,3,7,5,200,202,200,70,11,0,0,0,0,0,0
txn_02906,5,28,13,481,1,1,3,8,20,4,9,7,3,20,9,1,1,7,3,20,9,518,527,518,180,24,0,0,0,0,0,0
txn_01835,7,19,23,702,2,2,3,7,12,8,15,6,7,12,14,2,2,10,11,12,14,740,751,740,267,24,0,0,0,0,0,0
txn_04867,4,40,12,140,1,1,2,15,25,4,8,14,4,25,8,1,1,14,3,25,8,190,196,190,66,29,0,0,0,0,0,0
txn_09128,12,35,9,329,3,3,6,12,23,3,6,12,3,22,5,3,3,28,12,22,5,374,385,374,126,30,0,0,0,0,0,0
txn_09519,12,36,6,703,3,3,6,10,26,2,4,9,1,25,4,3,3,22,9,25,4,747,757,747,268,32,0,0,0,0,0,0
txn_02470,8,27,8,391,1,2,5,7,20,3,5,6,2,20,5,1,2,6,5,20,5,424,434,424,139,21,0,0,0,0,0,0
txn_04170,7,29,5,174,2,2,3,10,19,2,3,9,1,18,3,2,2,17,3,18,3,208,215,208,68,21,0,0,0,0,0,0
txn_02831,21,11,31,105,6,6,9,3,8,10,21,3,9,8,20,6,5,48,22,8,20,152,168,152,45,30,0,0,0,0,0,0
txn_01216,6,20,12,340,2,2,2,7,13,4,8,6,3,13,8,2,2,11,4,13,8,375,378,375,121,21,0,0,0,0,0,0
txn_01087,9,30,6,248,2,2,5,13,17,3,3,13,2,17,3,2,2,10,4,17,3,289,293,289,106,22,0,0,0,0,0,0
txn_06149,7,17,16,66,2,1,4,6,11,5,11,5,4,11,11,2,1,17,4,11,11,99,106,99,31,20,0,0,0,0,0,0
txn_09823,0,30,4,216,0,0,0,8,22,2,2,8,2,21,2,0,0,0,0,21,2,249,250,249,84,24,0,0,0,0,0,0
txn_00474,5,13,9,484,1,1,3,4,9,2,7,3,2,9,7,1,1,3,3,9,7,505,511,505,175,15,0,0,0,0,0,0
txn_08243,3,12,16,211,1,1,1,4,8,4,12,3,3,8,12,1,1,3,3,8,12,238,242,238,79,18,0,0,0,0,0,0
txn_02612,5,18,17,176,1,2,2,6,12,5,12,6,4,12,12,1,2,5,9,12,12,214,216,214,70,24,0,0,0,0,0,0
txn_02429,8,28,7,704,2,2,4,8,20,2,5,7,2,19,5,2,2,12,5,19,5,740,747,740,265,25,0,0,0,0,0,0
txn_06257,9,27,21,402,1,1,7,9,18,4,17,8,3,18,17,1,1,8,3,18,17,444,459,444,156,28,0,0,0,0,0,0
txn_08826,8,20,2,146,2,2,4,7,13,1,1,7,0,13,1,2,1,12,2,13,1,175,176,175,64,17,0,0,0,0,0,0
txn_02307,9,20,14,466,3,2,4,7,13,6,8,6,5,12,8,3,2,26,7,12,8,499,509,499,175,19,0,0,0,0,0,0
txn_09650,9,12,13,114,1,3,5,4,8,4,9,3,3,8,8,1,2,3,6,8,8,137,148,137,42,15,0,0,0,0,0,0
txn_02127,13,25,13,380,3,3,7,10,15,4,9,9,3,15,9,3,3,29,17,15,9,420,431,420,145,24,0,0,0,0,0,0
txn_00757,8,31,14,487,1,2,5,10,21,5,9,9,4,21,9,1,2,9,7,21,9,528,540,528,183,26,0,0,0,0,0,0
txn_06289,5,24,9,276,2,1,2,10,14,4,5,9,3,14,5,2,1,15,3,14,5,308,314,308,108,17,0,0,0,0,0,0
txn_07194,7,19,14,156,1,2,4,6,13,5,9,5,4,13,8,1,2,5,10,13,8,184,196,184,61,17,0,0,0,0,0,0
txn_02690,10,24,8,425,3,2,5,9,15,3,5,8,2,15,5,3,2,21,4,15,5,460,467,460,160,21,0,0,0,0,0,0
txn_05358,5,13,13,366,2,1,2,4,9,4,9,3,3,9,9,2,1,8,3,9,9,392,397,392,134,17,0,0,0,0,0,0
txn_07789,8,22,15,221,2,2,4,7,15,3,12,6,2,15,11,2,2,11,3,15,11,256,266,256,83,25,0,0,0,0,0,0
txn_05173,8,28,7,705,3,2,3,11,17,2,5,10,1,17,5,3,2,40,5,17,5,741,748,741,272,21,0,0,0,0,0,0
txn_05295,11,29,13,293,3,3,5,11,18,5,8,10,4,17,8,3,2,19,9,17,8,338,346,338,115,26,0,0,0,0,0,0
txn_04474,6,14,19,214,2,2,2,6,8,11,8,5,10,8,8,2,2,12,13,8,8,247,253,247,87,15,0,0,0,0,0,0
txn_07332,7,33,10,67,1,3,3,12,21,4,6,11,3,21,6,1,3,11,6,21,6,111,117,111,37,25,0,0,0,0,0,0
txn_00551,9,24,18,219,3,2,4,9,15,6,12,8,5,15,11,3,2,26,7,15,11,259,270,259,88,23,0,0,0,0,0,0
txn_06136,12,35,17,468,3,1,8,12,23,4,13,11,3,23,12,3,1,23,3,23,12,511,532,511,177,29,0,0,0,0,0,0
txn_01784,7,15,9,183,2,1,4,5,10,2,7,4,1,10,7,2,1,8,1,10,7,206,214,206,67,14,0,0,0,0,0,0
txn_01833,9,35,25,214,2,1,6,12,23,7,18,11,6,23,18,2,1,20,6,23,18,271,283,271,90,36,0,0,0,0,0,0
txn_06424,9,32,15,469,1,2,6,10,22,5,10,9,4,21,10,1,2,9,7,21,10,509,525,509,176,27,0,0,0,0,0,0
txn_04778,4,14,17,343,1,1,2,4,10,5,12,4,4,10,12,1,1,13,4,10,12,372,378,372,121,19,0,0,0,0,0,0
txn_06492,5,27,21,369,1,1,3,10,17,8,13,9,7,16,13,1,1,9,7,16,13,409,422,409,144,24,0,0,0,0,0,0
txn_00455,8,19,18,490,2,2,4,7,12,6,12,6,5,12,12,2,2,14,8,12,12,527,535,527,184,22,0,0,0,0,0,0
txn_05488,9,14,10,217,2,2,5,6,8,3,7,5,3,8,7,2,2,11,7,8,7,246,250,246,81,17,0,0,0,0,0,0
txn_05932,7,16,22,85,3,2,2,7,9,6,16,6,5,9,16,3,2,19,5,9,16,126,130,126,40,24,0,0,0,0,0,0
txn_02371,5,20,15,222,1,1,3,6,14,5,10,5,4,14,10,1,1,5,4,14,10,254,262,254,85,20,0,0,0,0,0,0
txn_06284,6,23,12,67,2,2,2,8,15,4,8,7,3,15,8,2,2,12,7,15,8,104,108,104,38,22,0,0,0,0,0,0
txn_09531,5,19,6,351,1,2,2,7,12,3,3,6,2,12,3,1,2,6,5,12,3,377,381,377,131,14,0,0,0,0,0,0
txn_09030,3,28,10,329,1,1,1,7,21,4,6,6,3,21,6,1,1,6,3,21,6,366,370,366,123,26,0,0,0,0,0,0
txn_07939,5,18,13,145,1,1,3,5,13,4,9,4,4,13,9,1,1,4,4,13,9,177,181,177,56,21,0,0,0,0,0,0
txn_07661,12,25,6,708,3,3,6,9,16,2,4,8,1,15,4,3,3,22,10,15,4,739,751,739,270,20,0,0,0,0,0,0
txn_04416,8,27,12,278,2,2,4,7,20,3,9,6,2,20,9,2,2,13,5,20,9,317,325,317,103,27,0,0,0,0,0,0
txn_07050,10,36,5,295,3,2,5,13,23,2,3,12,1,23,3,3,2,26,4,23,3,337,346,337,116,24,0,0,0,0,0,0
txn_07998,8,18,12,153,2,3,3,7,11,5,7,6,4,11,7,2,3,13,10,11,7,182,191,182,61,15,0,0,0,0,0,0
txn_01604,3,44,9,710,1,1,1,13,31,3,6,12,2,30,6,1,1,12,2,30,6,757,766,757,274,34,0,0,0,0,0,0
txn_03949,6,34,13,388,2,1,3,11,23,3,10,10,2,23,10,2,1,17,2,23,10,434,441,434,142,30,0,0,0,0,0,0
txn_01929,5,8,11,233,2,1,2,2,6,2,9,2,2,6,9,2,1,12,2,6,9,257,257,257,86,17,0,0,0,0,0,0
txn_07780,7,29,13,298,1,1,5,10,19,3,10,9,2,18,9,1,1,9,2,18,9,330,347,330,113,22,0,0,0,0,0,0
txn_06560,3,15,14,179,1,1,1,6,9,5,9,5,5,8,9,1,1,5,1,8,9,208,211,208,70,18,0,0,0,0,0,0
txn_01245,6,28,24,317,1,1,4,10,18,7,17,9,6,17,17,1,1,9,6,17,17,361,375,361,124,28,0,0,0,0,0,0
txn_05669,14,36,20,219,1,3,10,11,25,11,9,10,10,25,9,1,3,10,17,25,9,273,289,273,94,31,0,0,0,0,0,0
txn_05927,5,28,8,93,1,2,2,9,19,3,5,8,2,19,5,1,1,8,2,19,5,128,134,128,41,21,0,0,0,0,0,0
txn_09772,3,30,8,706,1,1,1,11,19,4,4,10,3,18,3,1,1,10,3,18,3,738,747,738,269,21,0,0,0,0,0,0
txn_05097,4,20,7,120,1,1,2,9,11,2,5,8,2,11,5,1,1,8,3,11,5,148,151,148,51,15,0,0,0,0,0,0
txn_02613,3,15,26,148,1,1,1,6,9,7,19,5,6,9,19,1,1,5,6,9,19,185,192,185,60,23,0,0,0,0,0,0
txn_09707,6,38,11,346,2,1,3,13,25,3,8,12,2,25,8,2,1,18,2,25,8,389,401,389,126,28,0,0,0,0,0,0
txn_08085,9,11,5,206,1,2,6,3,8,1,4,2,0,8,4,1,1,2,3,8,4,220,231,220,73,8,0,0,0,0,0,0
txn_09792,10,17,3,354,2,3,5,6,11,1,2,5,0,10,2,2,2,6,5,10,2,377,384,377,128,14,0,0,0,0,0,0
txn_07454,4,29,14,386,1,1,2,9,20,5,9,8,4,20,8,1,1,8,4,20,8,422,433,422,146,24,0,0,0,0,0,0
txn_03770,3,18,14,237,1,1,1,7,11,6,8,6,5,11,8,1,1,6,5,11,8,268,272,268,91,17,0,0,0,0,0,0
txn_02730,8,15,20,221,2,3,3,6,9,7,13,5,6,8,13,2,2,12,13,8,13,254,264,254,87,19,0,0,0,0,0,0
txn_05574,7,20,3,55,2,2,3,8,12,1,2,7,0,12,2,2,1,11,4,12,2,81,85,81,31,14,0,0,0,0,0,0
txn_05196,9,24,8,217,3,2,4,8,16,3,5,7,2,16,5,3,2,26,8,16,5,251,258,251,84,20,0,0,0,0,0,0
txn_05179,7,19,8,319,2,2,3,7,12,4,4,6,3,12,4,2,2,9,8,12,4,348,353,348,120,15,0,0,0,0,0,0
txn_04224,6,30,10,712,2,1,3,10,20,4,6,9,4,19,6,2,1,14,1,19,6,750,758,750,274,25,0,0,0,0,0,0
txn_03358,8,28,9,145,1,1,6,7,21,2,7,6,1,21,7,1,1,6,1,21,7,177,190,177,57,22,0,0,0,0,0,0
txn_08603,5,36,11,471,2,1,2,10,26,5,6,10,4,25,5,2,1,9,4,25,5,514,523,514,178,29,0,0,0,0,0,0
txn_09036,6,28,14,348,2,1,3,10,18,4,10,9,3,18,10,2,1,15,3,18,10,387,396,387,135,24,0,0,0,0,0,0
txn_09250,5,25,4,186,1,2,2,10,15,2,2,9,1,15,2,1,2,9,5,15,2,216,220,216,73,16,0,0,0,0,0,0
txn_01111,3,7,14,493,1,1,1,3,4,5,9,3,4,3,9,1,1,8,4,3,9,513,517,513,180,12,0,0,0,0,0,0
txn_02242,7,18,10,149,1,3,3,7,11,4,6,6,3,11,5,1,3,6,8,11,5,176,184,176,66,16,0,0,0,0,0,0
txn_01690,6,41,15,234,1,2,3,14,27,5,10,13,4,27,10,1,2,13,9,27,10,286,296,286,96,33,0,0,0,0,0,0
txn_05370,9,34,9,120,1,3,5,12,22,3,6,11,2,22,6,1,3,11,6,22,6,163,172,163,54,25,0,0,0,0,0,0
txn_07588,7,20,24,714,1,1,5,6,14,8,16,5,7,14,15,1,1,5,7,14,15,750,765,750,275,24,0,0,0,0,0,0
txn_06335,5,10,15,405,2,1,2,5,5,4,11,4,4,5,11,2,1,10,5,5,11,433,435,433,154,16,0,0,0,0,0,0
txn_02363,5,24,17,270,2,1,2,8,16,6,11,7,5,16,11,2,1,16,5,16,11,308,316,308,105,23,0,0,0,0,0,0
txn_03191,7,26,12,152,2,1,4,9,17,4,8,8,3,17,8,2,1,14,3,17,8,188,197,188,62,21,0,0,0,0,0,0
txn_00830,4,25,8,220,1,1,2,8,17,3,5,7,2,16,4,1,1,7,2,16,4,247,257,247,82,20,0,0,0,0,0,0
txn_04165,0,16,8,299,0,0,0,5,11,3,5,5,3,11,5,0,0,0,0,11,5,321,323,321,112,15,0,0,0,0,0,0
txn_03619,3,14,24,218,1,1,1,5,9,9,15,4,8,9,15,1,1,4,8,9,15,255,259,255,88,22,0,0,0,0,0,0
txn_08046,3,24,13,152,1,1,1,11,13,3,10,10,3,13,10,1,1,10,3,13,10,190,192,190,64,22,0,0,0,0,0,0
txn_06924,11,27,18,224,3,2,6,11,16,5,13,10,4,16,13,3,1,22,4,16,13,268,280,268,90,26,0,0,0,0,0,0
txn_09133,4,16,10,716,1,1,2,5,11,3,7,4,2,10,6,1,1,4,2,10,6,735,746,735,269,15,0,0,0,0,0,0
txn_09445,8,26,8,247,3,2,3,9,17,3,5,8,2,17,5,3,2,20,4,17,5,284,289,284,96,22,0,0,0,0,0,0
txn_09299,3,13,10,99,1,1,1,5,8,3,7,4,3,8,7,1,1,4,3,8,7,122,125,122,40,13,0,0,0,0,0,0
txn_01407,9,15,17,106,2,1,6,5,10,5,12,4,4,10,12,2,1,15,4,10,12,136,147,136,42,19,0,0,0,0,0,0
txn_03641,8,27,13,273,1,2,5,9,18,4,9,8,3,17,9,1,2,8,6,17,9,306,321,306,104,21,0,0,0,0,0,0
txn_02497,5,29,2,180,1,1,3,7,22,1,1,6,1,22,1,1,1,6,2,22,1,212,216,212,69,22,0,0,0,0,0,0
txn_05119,8,35,8,111,1,3,4,12,23,3,5,11,2,22,5,1,3,11,6,22,5,153,162,153,48,27,0,0,0,0,0,0
txn_09107,7,16,8,302,2,1,4,5,11,2,6,4,1,11,6,2,1,11,1,11,6,325,333,325,111,14,0,0,0,0,0,0
txn_09046,6,47,29,428,1,2,3,19,28,9,20,18,8,27,20,1,2,18,10,27,20,491,510,491,171,41,0,0,0,0,0,0
txn_01964,3,19,12,163,1,1,1,7,12,4,8,6,3,12,8,1,1,6,3,12,8,194,197,194,63,19,0,0,0,0,0,0
txn_05414,9,19,14,237,2,2,5,7,12,4,10,6,3,12,10,2,2,14,6,12,10,271,279,271,90,21,0,0,0,0,0,0
txn_01386,6,17,19,717,2,1,3,7,10,6,13,6,5,10,13,2,1,14,5,10,13,750,759,750,278,19,0,0,0,0,0,0
txn_07016,5,24,7,183,2,1,2,9,15,3,4,9,2,15,4,2,1,10,2,15,4,216,219,216,74,18,0,0,0,0,0,0
txn_05036,7,45,5,225,2,2,3,20,25,2,3,19,1,24,3,2,2,27,3,24,3,275,282,275,96,27,0,0,0,0,0,0
txn_08359,3,20,12,458,1,1,1,7,13,4,8,7,4,13,8,1,1,2,2,13,8,492,493,492,176,21,0,0,0,0,0,0
txn_00356,9,11,16,250,3,2,4,4,7,6,10,3,5,7,10,3,2,17,8,7,10,280,286,280,96,17,0,0,0,0,0,0
txn_01889,9,20,4,388,2,2,5,7,13,1,3,6,0,13,3,2,1,15,5,13,3,414,421,414,143,15,0,0,0,0,0,0
txn_06544,7,20,14,383,2,2,3,7,13,6,8,6,5,13,8,2,2,12,7,13,8,419,424,419,147,21,0,0,0,0,0,0
txn_01356,6,32,13,158,1,1,4,10,22,3,10,9,2,22,10,1,1,9,2,22,10,199,209,199,65,27,0,0,0,0,0,0
txn_00335,5,23,18,161,2,1,2,8,15,7,11,7,6,15,11,2,1,12,6,15,11,201,207,201,68,23,0,0,0,0,0,0
txn_03270,4,7,4,354,1,1,2,3,4,2,2,2,2,4,2,1,1,2,1,4,2,367,369,367,127,6,0,0,0,0,0,0
txn_05406,11,32,10,487,2,3,6,14,18,4,6,13,3,18,6,2,3,19,10,18,6,527,540,527,188,22,0,0,0,0,0,0
txn_05648,7,23,13,88,1,1,5,9,14,3,10,8,2,14,9,1,1,8,2,14,9,117,131,117,38,19,0,0,0,0,0,0
txn_04434,7,14,16,181,1,1,5,3,11,3,13,2,2,10,13,1,1,2,2,10,13,205,218,205,65,19,0,0,0,0,0,0
txn_03850,9,5,19,275,2,1,6,2,3,5,14,1,4,3,14,2,1,5,4,3,14,299,308,299,101,15,0,0,0,0,0,0
txn_00291,6,14,4,103,2,1,3,5,9,1,3,5,0,9,3,2,0,13,0,9,3,123,127,123,40,11,0,0,0,0,0,0
txn_01865,5,15,16,311,1,2,2,6,9,6,10,5,5,9,9,1,2,5,6,9,9,341,347,341,118,18,0,0,0,0,0,0
txn_02869,4,19,20,351,1,1,2,7,12,8,12,6,7,12,12,1,1,6,7,12,12,388,394,388,137,21,0,0,0,0,0,0
txn_09835,4,21,5,200,1,1,2,7,14,2,3,6,2,14,3,1,1,6,1,14,3,227,230,227,83,16,0,0,0,0,0,0
txn_09161,5,17,6,253,1,2,2,7,10,3,3,7,2,10,3,1,2,10,6,10,3,280,281,280,98,14,0,0,0,0,0,0
txn_08968,8,26,28,213,2,2,4,10,16,11,17,9,10,16,17,2,2,19,12,16,17,264,275,264,90,28,0,0,0,0,0,0
txn_08672,5,17,11,203,1,2,2,6,11,3,8,5,2,11,8,1,2,5,9,11,8,230,236,230,83,16,0,0,0,0,0,0
txn_07029,10,36,10,221,2,3,5,14,22,4,6,13,3,21,6,2,3,16,8,21,6,265,277,265,91,26,0,0,0,0,0,0
txn_05212,6,35,11,141,1,2,3,13,22,5,6,12,4,22,6,1,2,12,7,22,6,187,193,187,64,26,0,0,0,0,0,0
txn_04647,8,19,12,68,3,1,4,6,13,4,8,5,3,12,8,3,1,19,3,12,8,97,107,97,30,18,0,0,0,0,0,0
txn_01886,4,15,12,240,1,1,2,4,11,3,9,4,2,11,9,1,1,6,2,11,9,266,271,266,87,18,0,0,0,0,0,0
txn_00915,3,22,9,206,1,1,1,8,14,4,5,8,3,14,5,1,1,9,3,14,5,238,240,238,88,18,0,0,0,0,0,0
txn_00346,7,15,17,371,2,2,3,7,8,7,10,6,6,8,10,2,2,12,12,8,10,405,410,405,142,18,0,0,0,0,0,0
txn_05783,6,14,13,332,1,2,3,5,9,5,8,4,4,9,8,1,2,4,8,9,8,357,365,357,123,14,0,0,0,0,0,0
txn_06415,11,26,24,720,2,2,7,7,19,7,17,6,6,18,16,2,2,15,9,18,16,759,781,759,276,30,0,0,0,0,0,0
txn_04028,9,30,17,223,2,1,6,10,20,4,13,9,3,20,12,2,1,20,3,20,12,263,279,263,88,28,0,0,0,0,0,0
txn_04208,3,36,14,116,1,1,1,14,22,5,9,14,4,21,8,1,1,7,4,21,8,160,169,160,55,26,0,0,0,0,0,0
txn_04393,5,22,8,227,1,2,2,7,15,2,6,6,2,15,6,1,1,6,4,15,6,258,262,258,86,19,0,0,0,0,0,0
txn_06287,6,21,8,394,2,2,2,7,14,4,4,7,3,14,4,2,2,13,7,14,4,425,429,425,141,17,0,0,0,0,0,0
txn_08858,6,4,10,386,2,1,3,2,2,2,8,1,1,2,8,2,1,6,1,2,8,400,406,400,138,9,0,0,0,0,0,0
txn_00501,8,15,5,183,2,2,4,5,10,2,3,5,1,10,3,2,2,19,6,10,3,209,211,209,69,15,0,0,0,0,0,0
txn_02766,3,20,15,251,1,1,1,9,11,6,9,8,5,11,9,1,1,8,5,11,9,284,289,284,105,18,0,0,0,0,0,0
txn_02719,8,20,4,707,2,2,4,7,13,1,3,6,0,12,2,2,1,11,2,12,2,726,739,726,265,13,0,0,0,0,0,0
txn_03391,15,23,20,281,5,5,5,7,16,6,14,7,5,15,14,5,5,54,23,15,14,326,339,326,108,25,0,0,0,0,0,0
txn_01374,3,14,17,495,1,1,1,5,9,4,13,4,3,9,13,1,1,4,3,9,13,524,529,524,182,19,0,0,0,0,0,0
txn_09413,6,26,8,278,1,2,3,10,16,2,6,9,2,16,6,1,1,9,6,16,6,314,318,314,108,21,0,0,0,0,0,0
txn_07138,6,18,16,430,2,2,2,6,12,6,10,5,5,11,10,2,1,14,5,11,10,462,470,462,162,19,0,0,0,0,0,0
txn_04983,16,20,6,707,4,4,8,5,15,3,3,4,2,15,3,4,4,47,34,15,3,742,749,742,266,22,0,0,0,0,0,0
txn_06775,6,12,5,70,2,2,2,6,6,2,3,5,1,6,3,2,2,11,4,6,3,90,93,90,30,9,0,0,0,0,0,0
txn_06329,6,27,9,391,2,1,3,10,17,3,6,9,2,17,6,2,1,16,2,17,6,427,433,427,149,21,0,0,0,0,0,0
txn_03839,8,25,8,209,2,1,5,8,17,2,6,7,1,17,6,2,1,14,1,17,6,241,250,241,80,20,0,0,0,0,0,0
txn_02585,5,12,14,155,2,1,2,5,7,6,8,4,5,7,8,2,1,9,5,7,8,181,186,181,61,13,0,0,0,0,0,0
txn_06407,4,18,15,256,1,1,2,4,14,4,11,3,3,14,11,1,1,3,3,14,11,284,293,284,96,19,0,0,0,0,0,0
txn_09203,6,18,15,220,1,1,4,5,13,4,11,4,3,13,11,1,1,4,3,13,11,248,259,248,83,18,0,0,0,0,0,0
txn_07513,5,26,16,408,1,2,2,9,17,6,10,9,5,17,10,1,2,6,7,17,10,452,455,452,161,26,0,0,0,0,0,0
txn_07488,13,35,7,102,3,3,7,9,26,2,5,8,1,26,5,3,3,24,9,26,5,147,157,147,43,29,0,0,0,0,0,0
txn_01051,0,32,11,209,0,0,0,7,25,4,7,7,4,25,7,0,0,0,0,25,7,249,252,249,88,30,0,0,0,0,0,0
txn_01840,8,28,11,279,2,2,4,10,18,4,7,9,4,18,7,2,2,15,6,18,7,321,326,321,110,24,0,0,0,0,0,0
txn_00256,10,27,14,112,3,2,5,8,19,4,10,7,4,18,10,3,2,24,2,18,10,152,163,152,47,27,0,0,0,0,0,0
txn_02516,8,27,17,374,2,2,4,9,18,7,10,8,6,18,10,2,2,15,11,18,10,416,426,416,145,24,0,0,0,0,0,0
txn_01800,5,30,24,391,1,1,3,9,21,6,18,8,5,21,18,1,1,8,5,21,18,435,450,435,144,28,0,0,0,0,0,0
txn_08990,6,20,11,281,1,1,4,7,13,3,8,7,3,13,8,1,1,5,2,13,8,316,318,316,111,24,0,0,0,0,0,0
txn_01412,4,34,10,472,1,1,2,12,22,3,7,11,2,22,7,1,1,11,2,22,7,515,520,515,181,27,0,0,0,0,0,0
txn_09023,6,19,10,27,1,2,3,8,11,4,6,7,3,11,6,1,2,7,8,11,6,57,62,57,19,16,0,0,0,0,0,0
txn_03274,9,25,7,720,2,2,5,8,17,2,5,7,1,17,5,2,2,12,3,17,5,751,761,751,275,20,0,0,0,0,0,0
txn_01035,6,29,16,432,1,1,4,8,21,5,11,7,4,20,11,1,1,7,4,20,11,471,483,471,164,27,0,0,0,0,0,0
txn_07375,8,28,14,71,2,3,3,10,18,6,8,9,5,18,8,2,3,21,10,18,8,114,121,114,38,23,0,0,0,0,0,0
txn_08062,10,37,18,461,2,2,6,13,24,4,14,12,3,24,13,2,1,17,3,24,13,511,526,511,179,34,0,0,0,0,0,0
txn_00063,5,21,6,143,2,1,2,9,12,3,3,8,2,12,3,2,1,13,2,12,3,171,175,171,59,14,0,0,0,0,0,0
txn_04498,8,27,12,220,2,2,4,10,17,2,10,9,1,17,10,2,2,13,4,17,10,260,267,260,85,25,0,0,0,0,0,0
txn_07207,11,17,10,354,2,3,6,7,10,4,6,6,3,10,6,2,3,11,10,10,6,384,392,384,134,15,0,0,0,0,0,0
txn_00309,12,27,8,281,2,3,7,10,17,3,5,10,2,16,5,2,3,21,9,16,5,322,328,322,109,24,0,0,0,0,0,0
txn_09210,8,23,16,151,3,1,4,9,14,6,10,8,5,14,10,3,1,19,5,14,10,191,198,191,72,22,0,0,0,0,0,0
txn_04849,8,22,6,283,2,1,5,9,13,1,5,8,0,13,5,2,0,12,0,13,5,310,319,310,106,15,0,0,0,0,0,0
txn_06251,7,17,3,377,2,1,4,6,11,1,2,5,1,11,2,2,0,15,0,11,2,401,404,401,139,15,0,0,0,0,0,0
txn_03150,8,10,13,254,1,3,4,3,7,4,9,3,3,7,9,1,3,3,10,7,9,280,285,280,100,16,0,0,0,0,0,0
txn_09311,7,27,18,227,2,3,2,9,18,5,13,8,4,17,12,2,3,11,11,17,12,267,279,267,88,26,0,0,0,0,0,0
txn_05848,8,29,9,155,3,2,3,10,19,3,6,9,2,19,6,3,2,14,5,19,6,196,201,196,63,25,0,0,0,0,0,0
txn_07881,3,18,7,349,1,1,1,6,12,3,4,6,3,12,4,1,1,6,2,12,4,377,377,377,124,17,0,0,0,0,0,0
txn_08092,4,10,18,313,1,1,2,4,6,7,11,3,6,6,11,1,1,3,6,6,11,340,345,340,119,15,0,0,0,0,0,0
txn_06574,3,8,17,283,1,1,1,3,5,6,11,3,6,5,11,1,1,5,3,5,11,310,311,310,108,16,0,0,0,0,0,0
txn_08312,10,16,5,284,2,2,6,7,9,2,3,6,1,9,3,2,2,10,3,9,3,309,315,309,110,13,0,0,0,0,0,0
txn_04501,8,22,16,219,2,1,5,8,14,4,12,7,3,14,12,2,1,16,3,14,12,255,265,255,84,22,0,0,0,0,0,0
txn_08538,8,24,13,243,1,1,6,9,15,3,10,8,2,15,10,1,1,8,2,15,10,275,288,275,92,19,0,0,0,0,0,0
txn_05388,8,18,10,490,2,3,3,6,12,4,6,5,3,12,6,2,3,9,7,12,6,521,526,521,183,17,0,0,0,0,0,0
txn_02600,5,8,15,357,2,1,2,4,4,5,10,3,4,4,10,2,1,11,4,4,10,378,385,378,132,12,0,0,0,0,0,0
txn_05463,6,32,19,186,2,1,3,10,22,6,13,10,5,22,13,2,1,11,5,22,13,237,243,237,79,32,0,0,0,0,0,0
txn_05578,9,15,19,109,2,2,5,6,9,7,12,5,6,9,12,2,2,17,12,9,12,144,152,144,47,19,0,0,0,0,0,0
txn_03209,7,16,16,123,2,2,3,5,11,4,12,4,3,11,12,2,2,10,4,11,12,155,162,155,49,20,0,0,0,0,0,0
txn_04130,5,10,9,380,2,1,2,4,6,3,6,3,2,6,6,2,1,7,2,6,6,398,404,398,138,10,0,0,0,0,0,0
txn_05310,8,45,9,389,2,2,4,20,25,3,6,19,2,25,6,2,2,27,3,25,6,444,451,444,159,29,0,0,0,0,0,0
txn_03902,0,20,13,286,0,0,0,7,13,5,8,7,5,13,7,0,0,0,0,13,7,317,319,317,111,20,0,0,0,0,0,0
txn_00712,9,24,26,123,1,2,6,6,18,8,18,5,7,18,18,1,2,5,13,18,18,167,182,167,54,28,0,0,0,0,0,0
txn_04930,3,19,5,240,1,1,1,7,12,2,3,7,1,12,3,1,1,7,1,12,3,265,267,265,91,14,0,0,0,0,0,0
txn_05983,7,33,24,212,1,1,5,10,23,7,17,9,6,22,16,1,1,9,6,22,16,256,276,256,92,30,0,0,0,0,0,0
txn_02196,5,37,14,68,1,1,3,12,25,5,9,11,4,25,9,1,1,11,4,25,9,114,124,114,37,28,0,0,0,0,0,0
txn_06106,8,41,8,383,1,1,6,15,26,2,6,14,1,25,6,1,1,14,1,25,6,424,440,424,148,26,0,0,0,0,0,0
txn_04045,6,20,15,288,2,1,3,7,13,4,11,6,3,13,11,2,1,12,3,13,11,321,329,321,109,21,0,0,0,0,0,0
txn_04460,7,19,9,463,1,2,4,7,12,3,6,6,2,11,6,1,2,6,3,11,6,486,498,486,174,13,0,0,0,0,0,0
txn_00299,9,24,14,710,2,2,5,8,16,4,10,7,3,15,9,2,2,9,10,15,9,742,757,742,269,21,0,0,0,0,0,0
txn_02435,6,15,16,723,1,1,4,5,10,4,12,4,3,10,12,1,1,4,3,10,12,749,760,749,275,17,0,0,0,0,0,0
txn_03337,8,32,16,711,3,1,4,14,18,5,11,13,4,18,11,3,1,21,4,18,11,754,767,754,277,24,0,0,0,0,0,0
txn_00988,5,23,19,223,1,1,3,8,15,7,12,7,6,15,12,1,1,7,6,15,12,263,270,263,89,24,0,0,0,0,0,0
txn_00343,12,17,17,187,4,3,5,5,12,5,12,5,4,11,12,4,3,54,35,11,12,228,233,228,74,25,0,0,0,0,0,0
txn_05225,7,17,12,360,2,2,3,5,12,5,7,4,4,12,7,2,2,16,6,12,7,390,396,390,135,17,0,0,0,0,0,0
txn_03658,9,17,13,129,2,2,5,4,13,5,8,3,4,13,8,2,2,8,8,13,8,161,168,161,50,20,0,0,0,0,0,0
txn_02203,5,15,23,291,1,1,3,5,10,8,15,4,7,10,14,1,1,4,7,10,14,325,334,325,112,22,0,0,0,0,0,0
txn_08852,6,33,17,218,1,1,4,14,19,5,12,13,4,18,12,1,1,13,4,18,12,260,274,260,90,25,0,0,0,0,0,0
txn_02375,3,26,7,62,1,1,1,9,17,2,5,8,2,17,5,1,1,8,1,17,5,94,98,94,31,19,0,0,0,0,0,0
txn_08470,7,13,6,113,2,2,3,6,7,2,4,5,2,7,4,2,2,11,4,7,4,136,139,136,45,11,0,0,0,0,0,0
txn_04316,14,28,14,144,3,3,8,10,18,4,10,9,3,18,10,3,3,29,17,18,10,188,200,188,60,27,0,0,0,0,0,0
txn_06056,6,16,19,158,2,1,3,6,10,7,12,5,6,9,12,2,1,9,6,9,12,189,199,189,63,18,0,0,0,0,0,0
txn_02765,8,15,22,411,2,2,4,6,9,8,14,5,7,9,14,2,2,14,11,9,14,446,456,446,159,20,0,0,0,0,0,0
txn_05486,4,27,5,316,1,1,2,8,19,2,3,7,2,19,3,1,1,7,2,19,3,347,352,347,119,20,0,0,0,0,0,0
txn_01385,8,35,16,475,2,3,3,12,23,6,10,11,5,22,10,2,3,20,12,22,10,526,534,526,184,31,0,0,0,0,0,0
txn_05485,8,14,8,148,2,2,4,6,8,2,6,5,1,8,6,2,2,12,8,8,6,173,178,173,57,14,0,0,0,0,0,0
txn_02664,7,25,13,156,1,2,4,7,18,4,9,6,3,18,9,1,2,6,4,18,9,193,201,193,63,24,0,0,0,0,0,0
txn_04674,6,18,13,189,2,1,3,6,12,3,10,6,2,12,10,2,1,10,2,12,10,222,226,222,73,21,0,0,0,0,0,0
txn_02594,10,29,8,84,1,2,7,8,21,3,5,7,2,21,5,1,2,7,3,21,5,119,131,119,38,22,0,0,0,0,0,0
txn_07317,4,31,10,69,1,1,2,10,21,2,8,9,1,20,8,1,1,9,1,20,8,106,114,106,32,26,0,0,0,0,0,0
txn_08896,10,29,14,394,2,2,6,9,20,4,10,8,3,19,10,2,2,12,6,19,10,434,447,434,149,27,0,0,0,0,0,0
txn_03099,5,18,15,129,1,2,2,6,12,6,9,5,5,12,9,1,2,5,7,12,9,163,167,163,54,20,0,0,0,0,0,0
txn_06687,8,14,25,222,1,2,5,4,10,7,18,3,6,10,18,1,2,3,9,10,18,258,269,258,84,24,0,0,0,0,0,0
txn_07478,7,14,3,394,2,2,3,7,7,1,2,6,0,7,2,2,1,15,5,7,2,413,418,413,138,8,0,0,0,0,0,0
txn_03076,10,14,24,493,3,3,4,5,9,8,16,4,7,9,16,3,3,15,14,9,16,532,541,532,186,22,0,0,0,0,0,0
txn_03927,8,36,10,257,2,2,4,12,24,3,7,11,2,24,7,2,2,16,4,24,7,299,311,299,107,26,0,0,0,0,0,0
txn_02467,5,10,14,216,2,1,2,5,5,4,10,4,4,5,10,2,1,11,3,5,10,244,245,244,81,16,0,0,0,0,0,0
txn_06767,5,10,4,154,1,1,3,3,7,1,3,3,0,7,3,1,0,2,0,7,3,170,173,170,63,10,0,0,0,0,0,0
txn_09742,11,17,12,342,2,3,6,5,12,4,8,5,3,12,8,2,3,12,11,12,8,378,382,378,125,22,0,0,0,0,0,0
txn_07771,9,16,25,243,2,2,5,6,10,8,17,5,7,10,17,2,2,16,8,10,17,283,293,283,96,23,0,0,0,0,0,0
txn_02707,6,25,9,714,1,1,4,10,15,2,7,9,1,14,6,1,1,9,1,14,6,738,754,738,270,16,0,0,0,0,0,0
txn_03486,10,28,6,160,3,2,5,12,16,2,4,11,2,16,4,3,2,24,4,16,4,201,204,201,67,22,0,0,0,0,0,0
txn_05484,5,27,10,192,1,1,3,8,19,3,7,7,2,19,7,1,1,7,2,19,7,227,234,227,75,23,0,0,0,0,0,0
txn_04193,7,22,15,226,2,1,4,7,15,6,9,6,6,15,9,2,1,10,2,15,9,262,270,262,88,21,0,0,0,0,0,0
txn_05554,8,23,12,715,1,3,4,7,16,5,7,6,4,16,7,1,3,6,9,16,7,751,758,751,274,21,0,0,0,0,0,0
txn_03594,3,20,10,198,1,1,1,7,13,3,7,6,3,13,7,1,1,6,3,13,7,227,231,227,77,17,0,0,0,0,0,0
txn_03200,7,33,16,230,1,2,4,14,19,5,11,13,4,18,11,1,2,13,8,18,11,274,286,274,95,25,0,0,0,0,0,0
txn_03943,8,34,25,465,1,2,5,8,26,9,16,7,8,25,15,1,2,7,14,25,15,514,532,514,180,35,0,0,0,0,0,0
txn_09666,8,35,6,287,2,1,5,11,24,1,5,10,0,23,5,2,0,18,0,23,5,320,336,320,111,24,0,0,0,0,0,0
txn_00404,9,12,14,726,2,2,5,5,7,4,10,4,3,7,9,2,2,9,6,7,9,750,761,750,276,15,0,0,0,0,0,0
txn_03029,8,21,16,718,3,1,4,6,15,5,11,5,4,14,10,3,1,16,4,14,10,747,763,747,270,22,0,0,0,0,0,0
txn_08516,6,29,9,385,1,1,4,8,21,2,7,7,1,21,7,1,1,7,1,21,7,420,429,420,144,24,0,0,0,0,0,0
txn_07118,3,21,21,727,1,1,1,9,12,6,15,8,5,12,14,1,1,8,5,12,14,762,772,762,280,23,0,0,0,0,0,0
txn_06281,9,34,11,278,3,2,4,11,23,4,7,10,3,23,7,3,2,23,5,23,7,322,332,322,109,27,0,0,0,0,0,0
txn_06901,6,33,17,147,1,2,3,10,23,5,12,9,4,22,12,1,2,9,7,22,12,191,203,191,60,31,0,0,0,0,0,0
txn_00427,5,18,7,319,2,1,2,6,12,2,5,6,1,12,5,2,1,19,1,12,5,347,349,347,119,17,0,0,0,0,0,0
txn_02002,5,16,7,396,1,2,2,4,12,3,4,3,2,12,4,1,2,3,12,12,4,418,424,418,145,14,0,0,0,0,0,0
txn_00058,6,25,18,293,2,1,3,8,17,6,12,7,5,16,11,2,1,16,5,16,11,329,342,329,113,24,0,0,0,0,0,0
txn_05498,3,29,9,71,1,1,1,9,20,3,6,9,3,20,6,1,1,5,2,20,6,110,112,110,35,25,0,0,0,0,0,0
txn_07760,8,21,19,352,1,3,4,5,16,7,12,4,6,15,11,1,3,4,11,15,11,387,400,387,123,25,0,0,0,0,0,0
txn_05667,8,40,9,232,2,2,4,15,25,3,6,14,2,25,6,2,2,19,5,25,6,282,289,282,96,29,0,0,0,0,0,0
txn_02757,6,18,15,163,2,2,2,6,12,4,11,5,4,12,11,2,2,13,5,12,11,199,202,199,64,22,0,0,0,0,0,0
txn_04261,6,32,24,388,1,2,3,10,22,8,16,9,7,21,16,1,2,9,10,21,16,436,450,436,150,32,0,0,0,0,0,0
txn_01445,5,21,20,225,1,2,2,7,14,6,14,6,5,14,14,1,2,6,8,14,14,263,271,263,89,24,0,0,0,0,0,0
txn_08488,4,15,25,434,1,1,2,5,10,9,16,4,8,10,15,1,1,4,8,10,15,469,478,469,165,23,0,0,0,0,0,0
txn_04285,6,8,7,151,2,1,3,3,5,2,5,2,1,5,5,2,1,11,1,5,5,167,172,167,55,9,0,0,0,0,0,0
txn_03508,7,21,6,228,1,2,4,5,16,2,4,4,1,16,4,1,2,4,4,16,4,254,262,254,84,17,0,0,0,0,0,0
txn_02265,7,16,14,132,1,2,4,6,10,5,9,5,4,10,9,1,2,5,8,10,9,160,169,160,53,15,0,0,0,0,0,0
txn_08481,5,21,6,74,1,1,3,6,15,2,4,5,1,15,4,1,1,5,1,15,4,99,106,99,31,16,0,0,0,0,0,0
txn_07700,5,14,21,498,1,2,2,4,10,8,13,3,7,10,13,1,2,3,10,10,13,533,538,533,185,22,0,0,0,0,0,0
txn_08897,13,21,10,357,1,3,9,5,16,3,7,4,2,16,6,1,3,4,9,16,6,383,401,383,128,20,0,0,0,0,0,0
txn_05433,6,44,3,231,1,2,3,13,31,1,2,12,0,30,2,1,1,12,2,30,2,276,284,276,91,31,0,0,0,0,0,0
txn_03717,6,19,0,229,2,1,3,8,11,0,0,7,0,11,0,2,1,14,2,11,0,252,254,252,85,12,0,0,0,0,0,0
txn_03575,10,37,21,155,3,2,5,12,25,6,15,11,5,24,14,3,2,24,6,24,14,209,223,209,67,37,0,0,0,0,0,0
txn_01630,9,20,30,225,3,2,4,8,12,9,21,7,8,12,21,3,2,24,11,12,21,276,284,276,91,30,0,0,0,0,0,0
txn_02082,3,28,15,399,1,1,1,8,20,6,9,8,6,20,8,1,1,3,5,20,8,441,445,441,154,27,0,0,0,0,0,0
txn_00383,7,25,9,228,1,2,4,9,16,3,6,8,2,15,6,1,2,8,4,15,6,260,269,260,86,20,0,0,0,0,0,0
txn_09804,0,17,21,401,0,0,0,7,10,5,16,7,5,9,16,0,0,0,0,9,16,437,439,437,153,25,0,0,0,0,0,0
txn_09453,8,19,17,132,2,2,4,6,13,6,11,5,5,13,11,2,2,19,7,13,11,170,176,170,55,23,0,0,0,0,0,0
txn_03182,15,33,16,436,1,2,12,9,24,4,12,8,3,24,12,1,2,8,4,24,12,478,500,478,166,28,0,0,0,0,0,0
txn_00318,8,14,6,87,2,2,4,4,10,2,4,3,1,10,4,2,2,9,8,10,4,108,115,108,34,12,0,0,0,0,0,0
txn_07347,8,28,22,151,2,1,5,7,21,6,16,6,5,21,16,2,1,13,5,21,16,198,209,198,61,32,0,0,0,0,0,0
txn_08540,6,21,10,439,2,2,2,8,13,4,6,8,3,13,6,2,2,8,9,13,6,475,476,475,168,20,0,0,0,0,0,0
txn_02780,6,30,11,345,2,2,2,12,18,3,8,11,3,18,8,2,2,21,5,18,8,388,392,388,132,24,0,0,0,0,0,0
txn_05704,7,13,18,212,2,1,4,5,8,4,14,4,3,8,14,2,1,8,3,8,14,244,250,244,80,21,0,0,0,0,0,0
txn_03420,15,39,30,116,3,3,9,13,26,10,20,12,9,26,19,3,3,28,15,26,19,182,200,182,59,40,0,0,0,0,0,0
txn_07640,11,25,13,477,3,3,5,9,16,5,8,8,4,16,8,3,3,16,11,16,8,520,526,520,182,24,0,0,0,0,0,0
txn_03063,4,16,8,236,1,1,2,5,11,3,5,4,2,11,5,1,1,4,2,11,5,259,264,259,89,14,0,0,0,0,0,0
txn_04006,6,21,7,501,1,2,3,7,14,3,4,6,2,14,4,1,2,6,4,14,4,528,535,528,185,15,0,0,0,0,0,0
txn_08519,9,19,7,135,2,1,6,5,14,1,6,4,0,14,6,2,0,12,0,14,6,160,170,160,50,17,0,0,0,0,0,0
txn_09669,0,24,4,466,0,0,0,8,16,1,3,8,1,16,3,0,0,0,0,16,3,491,494,491,177,17,0,0,0,0,0,0
txn_00568,8,27,17,348,1,2,5,8,19,6,11,7,5,19,11,1,2,7,6,19,11,390,400,390,131,26,0,0,0,0,0,0
txn_07564,9,37,21,322,2,1,6,12,25,7,14,11,6,24,13,2,1,15,6,24,13,369,389,369,127,32,0,0,0,0,0,0
txn_02777,3,15,11,213,1,1,1,5,10,3,8,5,2,9,8,1,1,7,2,9,8,239,242,239,86,18,0,0,0,0,0,0
txn_00740,7,42,19,230,1,2,4,14,28,6,13,13,5,27,13,1,2,13,9,27,13,285,298,285,95,36,0,0,0,0,0,0
txn_01771,10,25,12,442,1,3,6,8,17,4,8,7,3,16,8,1,3,7,10,16,8,472,489,472,166,19,0,0,0,0,0,0
txn_01038,9,20,16,112,2,2,5,6,14,5,11,5,5,14,11,2,2,19,7,14,11,148,157,148,46,23,0,0,0,0,0,0
txn_05949,5,19,18,90,1,2,2,7,12,6,12,6,5,12,12,1,2,6,8,12,12,126,132,126,42,21,0,0,0,0,0,0
txn_01981,3,9,7,359,1,1,1,4,5,3,4,3,2,5,4,1,1,3,2,5,4,374,378,374,130,7,0,0,0,0,0,0
txn_05694,13,19,13,390,3,3,7,8,11,4,9,7,3,11,9,3,3,17,11,11,9,425,435,425,146,20,0,0,0,0,0,0
txn_05177,9,26,9,289,2,1,6,8,18,2,7,7,1,18,7,2,1,14,1,18,7,322,333,322,113,21,0,0,0,0,0,0
txn_09983,4,8,14,96,1,1,2,3,5,5,9,3,4,5,9,1,1,6,4,5,9,118,122,118,39,13,0,0,0,0,0,0
txn_00958,9,29,12,228,2,2,5,7,22,4,8,6,3,22,8,2,2,13,5,22,8,271,278,271,89,29,0,0,0,0,0,0
txn_06398,3,16,29,233,1,1,1,6,10,11,18,5,10,10,18,1,1,5,10,10,18,276,281,276,96,25,0,0,0,0,0,0
txn_07403,4,4,3,156,1,1,2,2,2,1,2,1,1,2,2,1,1,1,4,2,2,165,167,165,55,4,0,0,0,0,0,0
txn_07753,6,29,12,219,2,2,2,10,19,5,7,9,4,18,7,2,2,13,14,18,7,260,266,260,86,25,0,0,0,0,0,0
txn_02736,7,23,16,292,1,1,5,6,17,5,11,5,4,17,11,1,1,5,4,17,11,326,338,326,115,22,0,0,0,0,0,0
txn_00056,6,22,16,352,2,2,2,8,14,5,11,7,4,14,11,2,2,20,6,14,11,390,396,390,127,22,0,0,0,0,0,0
txn_03861,12,42,24,504,2,2,8,14,28,6,18,13,5,27,18,2,2,26,8,27,18,563,582,563,194,39,0,0,0,0,0,0
txn_08174,6,12,21,231,2,1,3,5,7,8,13,4,7,7,13,2,1,15,7,7,13,261,270,261,92,16,0,0,0,0,0,0
txn_05847,7,22,15,173,1,1,5,8,14,5,10,7,4,14,10,1,1,7,4,14,10,205,217,205,69,19,0,0,0,0,0,0
txn_01420,9,16,16,232,2,2,5,6,10,5,11,5,4,9,11,2,2,14,11,9,11,263,273,263,87,19,0,0,0,0,0,0
txn_00388,7,15,11,259,2,1,4,6,9,3,8,5,2,9,8,2,1,9,2,9,8,283,292,283,96,15,0,0,0,0,0,0
txn_08759,11,38,3,73,2,2,7,13,25,1,2,12,0,25,2,2,1,17,3,25,2,117,125,117,37,27,0,0,0,0,0,0
txn_03689,9,24,8,223,1,3,5,8,16,3,5,7,2,16,5,1,3,7,8,16,5,256,264,256,87,19,0,0,0,0,0,0
txn_02320,3,19,16,262,1,1,1,7,12,6,10,7,5,12,10,1,1,6,5,12,10,297,300,297,104,20,0,0,0,0,0,0
txn_01162,13,27,8,286,3,2,8,8,19,2,6,7,1,19,6,3,2,19,7,19,6,325,334,325,107,26,0,0,0,0,0,0
txn_01674,8,12,13,281,2,1,5,4,8,3,10,3,2,8,10,2,1,6,2,8,10,304,314,304,102,14,0,0,0,0,0,0
txn_04798,3,22,18,189,1,1,1,9,13,6,12,9,5,13,12,1,1,5,5,13,12,229,232,229,81,23,0,0,0,0,0,0
txn_06431,6,37,8,356,1,1,4,13,24,2,6,12,1,23,6,1,1,12,1,23,6,395,407,395,137,25,0,0,0,0,0,0
txn_05587,4,26,9,154,1,1,2,7,19,2,7,7,1,19,7,1,1,4,1,19,7,186,193,186,61,21,0,0,0,0,0,0
txn_05020,10,18,9,358,2,3,5,6,12,3,6,5,2,12,6,2,3,12,7,12,6,389,395,389,133,18,0,0,0,0,0,0
txn_02449,0,20,2,397,0,0,0,7,13,1,1,7,1,12,0,0,0,0,0,12,0,416,419,416,139,13,0,0,0,0,0,0
txn_01994,8,24,10,154,1,2,5,7,17,3,7,6,2,17,7,1,2,6,12,17,7,185,196,185,59,19,0,0,0,0,0,0
txn_01085,6,22,6,246,1,2,3,7,15,2,4,6,1,15,4,1,2,6,3,15,4,274,280,274,92,17,0,0,0,0,0,0
txn_07554,6,28,20,195,2,1,3,8,20,5,15,7,4,19,15,2,1,16,4,19,15,240,249,240,77,32,0,0,0,0,0,0
txn_02927,13,17,12,215,4,4,5,6,11,4,8,6,4,11,8,4,4,55,39,11,8,248,257,248,91,21,0,0,0,0,0,0
txn_06697,9,10,9,103,1,3,5,3,7,3,6,2,2,7,6,1,3,2,12,7,6,123,131,123,39,11,0,0,0,0,0,0
txn_02101,9,20,15,221,2,1,6,5,15,4,11,4,3,15,11,2,1,9,3,15,11,253,265,253,82,22,0,0,0,0,0,0
txn_02319,6,32,16,235,2,1,3,8,24,4,12,7,3,23,12,2,1,13,3,23,12,278,289,278,90,31,0,0,0,0,0,0
txn_05472,12,44,5,223,2,2,8,13,31,1,4,12,0,31,4,2,1,16,1,31,4,271,284,271,89,31,0,0,0,0,0,0
txn_09100,10,26,8,115,3,2,5,10,16,2,6,9,1,16,6,3,2,22,5,16,6,151,159,151,47,21,0,0,0,0,0,0
txn_07965,4,25,15,397,1,1,2,10,15,6,9,9,5,14,8,1,1,9,5,14,8,430,441,430,144,21,0,0,0,0,0,0
txn_03650,5,26,14,117,1,2,2,7,19,5,9,6,5,19,8,1,2,6,7,19,8,155,162,155,49,25,0,0,0,0,0,0
txn_01415,5,11,12,397,1,2,2,4,7,3,9,3,2,7,9,1,2,3,7,7,9,419,425,419,137,15,0,0,0,0,0,0
txn_04484,5,23,10,234,2,1,2,7,16,4,6,6,3,15,6,2,1,10,3,15,6,265,272,265,88,20,0,0,0,0,0,0
txn_02312,5,11,19,192,1,1,3,4,7,7,12,3,6,7,12,1,1,3,6,7,12,220,227,220,77,16,0,0,0,0,0,0
txn_06973,3,25,11,398,1,1,1,8,17,5,6,7,4,17,6,1,1,7,4,17,6,431,437,431,145,19,0,0,0,0,0,0
txn_09969,6,22,8,729,1,2,3,8,14,3,5,7,3,13,4,1,2,7,9,13,4,756,765,756,278,17,0,0,0,0,0,0
txn_07272,11,22,17,403,3,1,7,7,15,4,13,6,3,15,13,3,1,20,3,15,13,437,453,437,152,20,0,0,0,0,0,0
txn_04196,0,25,15,305,0,0,0,8,17,6,9,8,6,17,9,0,0,0,0,17,9,344,345,344,121,25,0,0,0,0,0,0
txn_01957,11,20,13,289,2,3,6,8,12,4,9,7,3,12,9,2,3,12,8,12,9,324,333,324,109,21,0,0,0,0,0,0
txn_07484,6,23,4,164,2,1,3,7,16,1,3,6,1,16,3,2,1,11,5,16,3,196,197,196,63,21,0,0,0,0,0,0
txn_00469,6,23,7,469,2,2,2,9,14,3,4,8,2,14,4,2,2,15,4,14,4,499,505,499,179,16,0,0,0,0,0,0
txn_02390,20,15,14,335,7,6,7,5,10,4,10,4,3,10,9,7,6,46,25,10,9,369,384,369,123,20,0,0,0,0,0,0
txn_00986,8,14,17,496,2,1,5,5,9,4,13,4,3,8,12,2,1,8,3,8,12,523,535,523,183,19,0,0,0,0,0,0
txn_05491,5,18,15,239,1,2,2,6,12,4,11,6,4,12,10,1,2,6,6,12,10,272,277,272,93,23,0,0,0,0,0,0
txn_01702,11,15,11,195,3,3,5,4,11,4,7,3,3,11,7,3,3,18,7,11,7,227,232,227,75,19,0,0,0,0,0,0
txn_03068,8,24,20,444,2,3,3,9,15,6,14,8,5,14,14,2,3,14,12,14,14,488,496,488,170,29,0,0,0,0,0,0
txn_01403,12,31,10,322,4,4,4,10,21,4,6,9,3,21,6,4,4,35,15,21,6,364,375,364,124,24,0,0,0,0,0,0
txn_00060,6,7,13,65,1,1,4,3,4,4,9,3,3,4,9,1,1,5,3,4,9,87,91,87,28,13,0,0,0,0,0,0
txn_03002,9,20,12,400,3,1,5,5,15,4,8,4,4,15,8,3,1,13,5,15,8,437,441,437,141,26,0,0,0,0,0,0
txn_02148,11,48,10,506,3,2,6,26,22,3,7,25,2,21,7,3,2,39,4,21,7,561,575,561,204,26,0,0,0,0,0,0
txn_02165,6,19,10,480,1,1,4,4,15,3,7,3,2,15,7,1,1,3,2,15,7,506,515,506,176,18,0,0,0,0,0,0
txn_05808,12,18,19,292,3,2,7,6,12,5,14,5,4,12,14,3,1,23,4,12,14,330,341,330,110,24,0,0,0,0,0,0
txn_05100,7,16,8,157,1,3,3,7,9,3,5,7,2,9,5,1,3,6,8,9,5,184,188,184,69,14,0,0,0,0,0,0
txn_02105,4,28,18,218,1,1,2,10,18,8,10,9,7,18,10,1,1,9,7,18,10,260,268,260,97,24,0,0,0,0,0,0
txn_07522,10,21,18,403,1,2,7,7,14,5,13,6,4,14,13,1,2,6,6,14,13,436,452,436,144,20,0,0,0,0,0,0
txn_05248,10,27,12,157,2,2,6,9,18,4,8,8,3,18,8,2,2,17,5,18,8,200,206,200,65,27,0,0,0,0,0,0
txn_08120,7,20,14,325,1,2,4,4,16,6,8,4,5,15,8,1,1,4,5,15,8,360,366,360,121,23,0,0,0,0,0,0
txn_00987,7,24,10,362,1,3,3,8,16,3,7,7,2,15,6,1,2,7,6,15,6,390,403,390,132,20,0,0,0,0,0,0
txn_01998,10,17,13,146,3,3,4,7,10,5,8,7,4,10,8,3,3,47,36,10,8,183,186,183,61,19,0,0,0,0,0,0
txn_07980,12,10,22,159,2,3,7,4,6,8,14,3,7,6,14,2,3,6,16,6,14,193,203,193,63,19,0,0,0,0,0,0
txn_09646,0,30,2,406,0,0,0,7,23,1,1,7,1,23,1,0,0,0,0,23,1,437,438,437,144,23,0,0,0,0,0,0
txn_06173,6,23,9,224,2,2,2,8,15,2,7,7,2,14,7,2,2,10,6,14,7,255,262,255,84,20,0,0,0,0,0,0
txn_05663,6,20,13,226,2,2,2,8,12,5,8,7,4,12,8,2,2,12,7,12,8,260,265,260,89,19,0,0,0,0,0,0
txn_08438,7,22,10,472,1,1,5,9,13,3,7,8,2,13,7,1,1,8,2,13,7,497,511,497,179,14,0,0,0,0,0,0
txn_09802,9,24,13,149,2,3,4,7,17,4,9,6,3,16,9,2,3,13,31,16,9,184,195,184,58,24,0,0,0,0,0,0
txn_02345,9,9,10,166,3,1,5,3,6,2,8,2,1,6,8,3,1,15,1,6,8,186,194,186,59,13,0,0,0,0,0,0
txn_00842,8,29,11,327,1,3,4,8,21,4,7,7,3,21,6,1,3,7,13,21,6,366,375,366,123,27,0,0,0,0,0,0
txn_02550,8,18,4,236,1,2,5,6,12,2,2,6,2,12,2,1,2,7,4,12,2,264,266,264,88,19,0,0,0,0,0,0
txn_01716,5,13,15,730,2,1,2,4,9,6,9,4,5,9,9,2,1,22,5,9,9,755,763,755,279,15,0,0,0,0,0,0
txn_00203,7,20,11,295,1,1,5,4,16,3,8,3,2,16,8,1,1,3,2,16,8,322,333,322,107,19,0,0,0,0,0,0
txn_04288,6,21,8,322,1,2,3,5,16,3,5,4,2,15,5,1,2,4,5,15,5,349,357,349,118,19,0,0,0,0,0,0
txn_05467,6,17,29,719,1,2,3,4,13,11,18,3,10,13,18,1,2,3,12,13,18,762,771,762,279,26,0,0,0,0,0,0
txn_05662,7,27,13,221,1,1,5,9,18,3,10,8,2,17,10,1,1,8,2,17,10,254,268,254,92,22,0,0,0,0,0,0
txn_08154,6,31,15,223,1,2,3,10,21,5,10,10,4,21,10,1,2,7,7,21,10,269,275,269,97,30,0,0,0,0,0,0
txn_07683,5,16,10,496,1,1,3,5,11,3,7,4,2,11,7,1,1,4,2,11,7,518,527,518,182,14,0,0,0,0,0,0
txn_07020,11,22,7,249,3,3,5,9,13,3,4,8,2,13,4,3,3,25,5,13,4,283,289,283,96,18,0,0,0,0,0,0
txn_07155,6,18,39,483,2,1,3,6,12,23,16,5,22,12,15,2,1,17,22,12,15,538,546,538,198,26,0,0,0,0,0,0
txn_00709,7,20,8,409,1,2,4,8,12,4,4,7,3,11,3,1,2,7,6,11,3,433,444,433,144,15,0,0,0,0,0,0
txn_05604,3,12,18,220,1,1,1,5,7,5,13,4,5,7,12,1,1,4,2,7,12,249,253,249,84,18,0,0,0,0,0,0
txn_08581,7,20,25,93,1,2,4,8,12,6,19,7,5,12,19,1,2,7,8,12,19,133,145,133,43,25,0,0,0,0,0,0
txn_05423,7,36,7,401,1,3,3,9,27,3,4,8,2,26,4,1,3,8,9,26,4,442,451,442,143,29,0,0,0,0,0,0
txn_02137,7,17,18,282,1,1,5,5,12,5,13,4,4,11,12,1,1,4,4,11,12,310,324,310,105,20,0,0,0,0,0,0
txn_02156,4,18,18,76,1,1,2,7,11,5,13,7,4,11,13,1,1,3,4,11,13,113,116,113,37,23,0,0,0,0,0,0
txn_03289,6,9,4,298,1,2,3,3,6,1,3,2,1,6,3,1,2,2,6,6,3,311,317,311,106,8,0,0,0,0,0,0
txn_06242,5,23,18,162,2,1,2,9,14,6,12,8,6,14,12,2,1,12,5,14,12,203,208,203,68,25,0,0,0,0,0,0
txn_00536,3,10,9,351,1,1,1,3,7,3,6,2,3,7,6,1,0,2,0,7,6,371,373,371,125,12,0,0,0,0,0,0
txn_03197,9,29,6,393,2,3,4,11,18,2,4,10,1,18,4,2,3,16,7,18,4,433,437,433,150,24,0,0,0,0,0,0
txn_09376,3,14,11,414,1,1,1,5,9,2,9,5,1,8,8,1,1,5,1,8,8,435,442,435,152,17,0,0,0,0,0,0
txn_02225,18,30,23,138,4,7,7,10,20,8,15,9,7,20,15,4,7,48,32,20,15,201,209,201,63,35,0,0,0,0,0,0
txn_02254,3,27,3,33,1,1,1,9,18,1,2,9,1,18,2,1,1,7,1,18,2,65,66,65,21,20,0,0,0,0,0,0
txn_09222,6,18,7,446,2,1,3,6,12,2,5,5,1,12,5,2,1,11,1,12,5,472,477,472,166,16,0,0,0,0,0,0
txn_04103,6,27,23,176,1,1,4,11,16,6,17,10,5,16,17,1,1,10,5,16,17,221,232,221,75,27,0,0,0,0,0,0
txn_06867,3,19,9,295,1,1,1,6,13,3,6,6,2,13,6,1,1,6,2,13,6,324,326,324,115,18,0,0,0,0,0,0
txn_08044,12,19,14,363,3,3,6,6,13,5,9,5,4,13,9,3,3,16,11,13,9,400,408,400,137,21,0,0,0,0,0,0
txn_09704,9,25,14,392,2,2,5,8,17,3,11,7,2,17,11,2,2,13,5,17,11,429,440,429,147,26,0,0,0,0,0,0
txn_06159,6,27,19,169,1,2,3,9,18,6,13,8,5,17,13,1,2,8,7,17,13,213,221,213,69,29,0,0,0,0,0,0
txn_02705,7,30,20,198,2,1,4,8,22,7,13,7,6,22,13,2,1,13,6,22,13,245,255,245,83,30,0,0,0,0,0,0
txn_00085,4,28,8,241,2,1,1,10,18,3,5,9,3,18,5,2,1,17,2,18,5,279,281,279,97,22,0,0,0,0,0,0
txn_06681,3,18,20,722,1,1,1,7,11,7,13,6,6,11,13,1,1,6,6,11,13,758,763,758,278,22,0,0,0,0,0,0
txn_01173,5,26,6,396,1,1,3,7,19,2,4,6,1,19,4,1,1,6,1,19,4,425,433,425,147,19,0,0,0,0,0,0
txn_04207,11,25,13,149,1,3,7,8,17,4,9,7,3,17,9,1,3,7,10,17,9,180,198,180,59,19,0,0,0,0,0,0
txn_07979,7,27,10,725,1,2,4,9,18,3,7,8,2,17,7,1,2,8,3,17,7,756,769,756,275,21,0,0,0,0,0,0
txn_05682,4,22,12,329,1,1,2,8,14,6,6,7,5,14,6,1,1,7,5,14,6,362,367,362,127,18,0,0,0,0,0,0
txn_03970,8,17,17,90,2,1,5,5,12,6,11,4,5,12,11,2,1,12,5,12,11,119,132,119,39,17,0,0,0,0,0,0
txn_02727,5,21,6,215,2,1,2,8,13,2,4,7,1,12,4,2,1,14,1,12,4,240,247,240,81,15,0,0,0,0,0,0
txn_05396,4,15,20,308,1,1,2,8,7,6,14,7,5,7,14,1,1,7,5,7,14,341,347,341,120,18,0,0,0,0,0,0
txn_07426,9,16,9,311,2,2,5,5,11,2,7,4,1,11,7,2,2,11,6,11,7,338,345,338,114,17,0,0,0,0,0,0
txn_09685,0,28,8,499,0,0,0,10,18,3,5,10,3,18,5,0,0,0,0,18,5,533,535,533,190,22,0,0,0,0,0,0
txn_06992,9,33,14,246,3,2,4,14,19,5,9,13,5,18,8,3,2,21,6,18,8,291,302,291,97,27,0,0,0,0,0,0
txn_08633,6,26,14,247,1,1,4,10,16,4,10,9,3,15,10,1,1,9,3,15,10,281,293,281,95,21,0,0,0,0,0,0
txn_00504,7,16,16,414,2,2,3,5,11,4,12,5,3,11,11,2,2,8,4,11,11,447,453,447,155,23,0,0,0,0,0,0
txn_06550,5,19,17,93,1,2,2,7,12,5,12,7,4,12,12,1,2,13,6,12,12,129,134,129,43,21,0,0,0,0,0,0
txn_00758,4,22,13,733,1,1,2,6,16,4,9,5,3,16,9,1,1,5,3,16,9,762,772,762,279,20,0,0,0,0,0,0
txn_07790,0,7,11,337,0,0,0,2,5,4,7,2,4,5,7,0,0,0,0,5,7,355,355,355,124,12,0,0,0,0,0,0
txn_08202,8,14,14,234,2,2,4,5,9,5,9,5,5,9,9,2,2,20,6,9,9,268,270,268,92,20,0,0,0,0,0,0
txn_03875,4,23,11,394,1,1,2,8,15,5,6,7,5,15,6,1,1,7,5,15,6,429,432,429,151,20,0,0,0,0,0,0
txn_03000,8,14,17,354,1,1,6,3,11,3,14,2,2,10,14,1,1,2,2,10,14,378,393,378,124,19,0,0,0,0,0,0
txn_00270,5,31,30,152,1,2,2,9,22,11,19,8,10,22,19,1,2,8,14,22,19,209,218,209,69,36,0,0,0,0,0,0
txn_04217,4,13,19,238,1,1,2,5,8,7,12,4,6,8,12,1,1,4,6,8,12,267,274,267,90,17,0,0,0,0,0,0
txn_04433,9,37,16,356,1,3,5,11,26,4,12,10,3,25,11,1,3,10,9,25,11,402,418,402,133,32,0,0,0,0,0,0
txn_04861,9,10,13,301,2,2,5,4,6,3,10,3,2,6,10,2,2,10,4,6,10,327,333,327,109,16,0,0,0,0,0,0
txn_06633,4,19,12,332,1,1,2,7,12,4,8,6,3,12,8,1,1,6,3,12,8,361,367,361,125,17,0,0,0,0,0,0
txn_01262,6,47,14,340,2,2,2,19,28,3,11,18,2,27,11,2,2,20,7,27,11,393,407,393,133,35,0,0,0,0,0,0
txn_08504,7,28,26,298,1,1,5,10,18,7,19,9,6,17,19,1,1,9,6,17,19,343,359,343,122,29,0,0,0,0,0,0
txn_06716,9,25,30,222,3,2,4,9,16,10,20,8,9,16,20,3,2,22,11,16,20,275,286,275,94,31,0,0,0,0,0,0
txn_09142,4,32,13,79,1,1,2,9,23,4,9,9,3,23,9,1,1,8,3,23,9,124,128,124,39,30,0,0,0,0,0,0
txn_03457,14,37,13,406,3,4,7,11,26,6,7,11,5,26,7,3,4,45,36,26,7,465,470,465,160,35,0,0,0,0,0,0
txn_00726,9,31,17,71,1,2,6,9,22,5,12,8,4,22,12,1,2,8,6,22,12,115,128,115,35,29,0,0,0,0,0,0
txn_01324,11,16,6,502,3,2,6,6,10,3,3,5,2,10,3,3,2,18,4,10,3,530,535,530,186,15,0,0,0,0,0,0
txn_02033,9,10,24,449,2,3,4,4,6,7,17,3,6,6,16,2,3,9,17,6,16,480,492,480,168,20,0,0,0,0,0,0
txn_04184,6,27,12,244,1,2,3,9,18,4,8,8,3,18,8,1,2,8,8,18,8,282,289,282,97,23,0,0,0,0,0,0
txn_09189,4,28,15,229,1,1,2,9,19,6,9,8,6,19,9,1,1,8,5,19,9,270,276,270,93,24,0,0,0,0,0,0
txn_01754,6,15,11,222,2,2,2,7,8,4,7,6,3,8,7,2,2,13,4,8,7,250,254,250,86,14,0,0,0,0,0,0
txn_00993,4,30,8,69,1,1,2,11,19,4,4,10,3,19,4,1,1,10,3,19,4,106,111,106,36,21,0,0,0,0,0,0
txn_09464,4,35,14,284,1,1,2,12,23,5,9,11,4,23,9,1,1,11,4,23,9,331,337,331,113,29,0,0,0,0,0,0
txn_06502,7,31,9,77,2,1,4,11,20,2,7,10,1,20,7,2,1,16,1,20,7,116,124,116,37,24,0,0,0,0,0,0
txn_02299,10,22,24,399,2,3,5,7,15,6,18,6,5,15,17,2,3,11,16,15,17,440,455,440,150,29,0,0,0,0,0,0
txn_05143,3,17,13,106,1,1,1,6,11,4,9,5,4,11,9,1,1,5,2,11,9,138,139,138,45,20,0,0,0,0,0,0
txn_01887,6,33,7,99,2,1,3,14,19,3,4,13,3,19,4,2,1,17,7,19,4,142,145,142,49,23,0,0,0,0,0,0
txn_07309,14,34,9,727,3,2,9,14,20,3,6,13,2,19,6,3,2,21,6,19,6,770,784,770,281,28,1,1,1,0,0,0
txn_07070,10,32,10,416,1,2,7,10,22,4,6,9,3,22,6,1,2,9,7,22,6,456,468,456,161,26,0,0,0,0,0,0
txn_00864,10,33,5,157,3,3,4,14,19,2,3,13,1,18,3,3,3,26,9,18,3,196,205,196,63,22,0,0,0,0,0,0
txn_08071,11,17,8,362,2,3,6,5,12,2,6,4,1,12,5,2,3,13,8,12,5,388,398,388,130,18,0,0,0,0,0,0
txn_09257,3,25,12,475,1,1,1,10,15,4,8,9,4,15,8,1,1,9,1,15,8,514,515,514,185,23,0,0,0,0,0,0
txn_09822,5,35,8,171,2,1,2,12,23,3,5,11,2,23,5,2,1,17,2,23,5,215,219,215,71,27,0,0,0,0,0,0
txn_05082,16,36,31,74,5,4,7,13,23,10,21,13,10,23,20,5,4,35,15,23,20,145,157,145,44,45,0,0,0,0,0,0
txn_08355,8,15,25,485,2,1,5,5,10,9,16,4,8,10,15,2,1,9,8,10,15,522,533,522,184,23,0,0,0,0,0,0
txn_05149,7,25,9,260,1,2,4,11,14,4,5,10,4,14,5,1,2,10,5,14,5,294,301,294,109,17,0,0,0,0,0,0
txn_00092,8,24,9,728,1,3,4,7,17,3,6,6,2,16,6,1,3,6,6,16,6,760,769,760,276,21,0,0,0,0,0,0
txn_08148,3,37,14,730,1,1,1,11,26,4,10,11,3,26,10,1,1,5,3,26,10,777,784,777,284,31,0,0,0,0,0,0
txn_05720,10,27,15,356,2,3,5,14,13,4,11,14,3,12,11,2,3,6,11,12,11,397,408,397,136,22,0,0,0,0,0,0
txn_06077,7,42,0,197,2,3,2,13,29,0,0,13,0,29,0,2,3,34,35,29,0,246,246,246,81,31,0,0,0,0,0,0
txn_05700,11,20,7,263,3,2,6,7,13,3,4,6,2,13,3,3,2,23,4,13,3,292,301,292,104,18,0,0,0,0,0,0
txn_03122,5,23,15,225,1,1,3,8,15,4,11,8,3,14,11,1,1,7,3,14,11,264,268,264,88,26,0,0,0,0,0,0
txn_06246,10,15,10,109,3,2,5,6,9,3,7,5,2,9,7,3,2,13,8,9,7,137,144,137,44,16,0,0,0,0,0,0
txn_09489,6,24,9,249,2,2,2,8,16,3,6,7,2,16,6,2,2,13,7,16,6,281,288,281,93,20,0,0,0,0,0,0
txn_01183,5,48,25,252,1,1,3,26,22,7,18,25,6,22,18,1,1,25,6,22,18,316,330,316,117,31,0,0,0,0,0,0
txn_05850,4,22,10,451,1,1,2,7,15,4,6,6,3,14,5,1,1,6,3,14,5,477,487,477,170,17,0,0,0,0,0,0
txn_02256,5,26,5,255,2,1,2,8,18,2,3,7,1,18,3,2,1,14,1,18,3,287,291,287,96,20,0,0,0,0,0,0
txn_01570,0,23,26,397,0,0,0,6,17,7,19,6,7,17,19,0,0,0,0,17,19,439,446,439,152,30,0,0,0,0,0,0
txn_00451,6,35,10,247,1,2,3,11,24,4,6,10,3,24,6,1,2,10,6,24,6,292,298,292,100,28,0,0,0,0,0,0
txn_04896,4,22,3,189,1,1,2,8,14,1,2,7,0,14,2,1,0,7,0,14,2,213,218,213,71,14,0,0,0,0,0,0
txn_04931,9,21,3,102,2,2,5,5,16,1,2,4,0,16,2,2,1,13,6,16,2,127,135,127,38,16,0,0,0,0,0,0
txn_05134,5,27,9,366,1,2,2,8,19,3,6,7,2,19,6,1,2,7,5,19,6,400,407,400,137,22,0,0,0,0,0,0
txn_04082,8,29,21,400,3,1,4,7,22,6,15,6,5,22,15,3,1,15,5,22,15,450,458,450,151,35,0,0,0,0,0,0
txn_00347,3,16,11,300,1,1,1,5,11,4,7,4,3,11,7,1,1,4,3,11,7,327,330,327,116,17,0,0,0,0,0,0
txn_09394,8,28,5,236,2,2,4,8,20,2,3,7,1,20,3,2,2,15,4,20,3,271,277,271,90,22,0,0,0,0,0,0
txn_05022,10,18,10,82,2,1,7,8,10,2,8,7,1,10,8,2,1,16,1,10,8,109,120,109,36,16,0,0,0,0,0,0
txn_03490,11,30,10,736,3,2,6,10,20,3,7,9,2,19,7,3,2,15,8,19,7,771,787,771,280,27,0,0,0,0,0,0
txn_05473,9,36,17,160,2,2,5,12,24,7,10,11,6,24,10,2,2,18,12,24,10,213,222,213,71,32,0,0,0,0,0,0
txn_07325,3,17,12,237,1,1,1,7,10,4,8,6,3,10,8,1,1,6,3,10,8,265,269,265,91,16,0,0,0,0,0,0
txn_05217,8,21,21,50,1,2,5,5,16,7,14,4,6,16,14,1,2,4,8,16,14,89,100,89,27,25,0,0,0,0,0,0
txn_07435,5,5,21,451,2,1,2,2,3,8,13,1,7,3,12,2,1,7,7,3,12,475,482,475,168,15,0,0,0,0,0,0
txn_08421,6,16,23,738,1,1,4,5,11,8,15,4,7,10,15,1,1,4,7,10,15,770,783,770,283,22,0,0,0,0,0,0
txn_07440,9,49,30,733,2,2,5,26,23,11,19,25,10,22,19,2,2,28,17,22,19,802,821,802,300,37,0,0,0,0,0,0
txn_03359,8,13,18,85,3,2,3,4,9,7,11,3,6,9,11,3,2,36,32,9,11,117,124,117,38,17,0,0,0,0,0,0
txn_02352,6,26,23,264,1,2,3,10,16,6,17,9,5,15,17,1,2,9,5,15,17,311,319,311,110,31,0,0,0,0,0,0
txn_00880,3,34,4,282,1,1,1,12,22,1,3,11,1,22,3,1,1,11,2,22,3,320,323,320,109,24,0,0,0,0,0,0
txn_04610,5,38,10,45,1,1,3,12,26,3,7,11,2,26,7,1,1,11,2,26,7,90,98,90,28,29,0,0,0,0,0,0
txn_06057,5,22,21,159,1,2,2,9,13,6,15,8,5,13,15,1,2,8,6,13,15,199,207,199,68,23,0,0,0,0,0,0
txn_05351,8,28,17,355,1,1,6,8,20,6,11,7,5,19,10,1,1,7,5,19,10,390,408,390,126,25,0,0,0,0,0,0
txn_06237,8,31,14,250,1,1,6,9,22,4,10,8,3,22,10,1,1,8,3,22,10,289,303,289,99,25,0,0,0,0,0,0
txn_06817,3,13,10,287,1,1,1,3,10,4,6,3,3,10,6,1,1,6,3,10,6,310,313,310,105,14,0,0,0,0,0,0
txn_01508,4,19,13,70,1,1,2,7,12,3,10,7,3,12,10,1,1,10,1,12,10,106,106,106,34,24,0,0,0,0,0,0
txn_05605,8,17,12,324,2,2,4,6,11,5,7,5,4,11,7,2,2,14,5,11,7,356,361,356,123,18,0,0,0,0,0,0
txn_09129,4,19,8,149,1,1,2,6,13,3,5,6,2,13,5,1,1,3,2,13,5,178,180,178,58,18,0,0,0,0,0,0
txn_09768,3,11,11,303,1,1,1,4,7,3,8,4,3,7,8,1,1,3,3,7,8,326,328,326,116,15,0,0,0,0,0,0
txn_05840,7,43,16,735,2,2,3,22,21,7,9,21,6,20,8,2,2,22,11,20,8,786,801,786,292,28,0,0,0,0,0,0
txn_04119,13,17,14,505,3,3,7,5,12,6,8,4,5,11,8,3,3,16,8,11,8,537,549,537,188,19,0,0,0,0,0,0
txn_05001,9,34,18,44,3,1,5,9,25,6,12,8,5,25,12,3,1,16,5,25,12,96,105,96,28,34,0,0,0,0,0,0
txn_01906,6,16,21,88,2,2,2,6,10,8,13,6,7,10,13,2,2,16,10,10,13,127,131,127,43,21,0,0,0,0,0,0
txn_03217,0,17,2,293,0,0,0,6,11,1,1,6,1,11,1,0,0,0,0,11,1,312,312,312,110,12,0,0,0,0,0,0
txn_05227,4,46,6,508,1,1,2,20,26,2,4,20,1,26,4,1,1,9,1,26,4,562,564,562,201,30,0,0,0,0,0,0
txn_08742,8,27,7,150,1,2,5,7,20,2,5,6,1,20,5,1,2,6,7,20,5,181,192,181,58,20,0,0,0,0,0,0
txn_08235,6,20,26,304,1,2,3,7,13,8,18,6,7,13,18,1,2,6,9,13,18,350,356,350,118,29,0,0,0,0,0,0
txn_05942,3,29,20,200,1,1,1,12,17,6,14,12,5,17,14,1,1,7,5,17,14,249,252,249,86,29,0,0,0,0,0,0
txn_05431,8,20,10,487,2,2,4,7,13,3,7,6,2,13,7,2,1,11,2,13,7,517,525,517,182,17,0,0,0,0,0,0
txn_01118,7,10,2,179,2,3,2,5,5,1,1,5,0,5,1,2,2,14,6,5,1,195,198,195,66,6,0,0,0,0,0,0
txn_06454,8,14,10,327,2,3,3,4,10,3,7,4,2,10,7,2,3,10,8,10,7,355,359,355,121,16,0,0,0,0,0,0
txn_06485,4,16,13,306,1,1,2,6,10,5,8,5,5,10,8,1,1,5,2,10,8,336,339,336,121,17,0,0,0,0,0,0
txn_03804,7,29,11,165,1,1,5,8,21,2,9,7,1,20,8,1,1,7,1,20,8,197,212,197,63,24,0,0,0,0,0,0
txn_02641,11,15,11,258,2,3,6,5,10,5,6,4,4,10,6,2,3,16,11,10,6,288,295,288,97,16,0,0,0,0,0,0
txn_08267,3,17,24,740,1,1,1,6,11,6,18,6,5,10,17,1,1,7,5,10,17,775,784,775,285,25,0,0,0,0,0,0
txn_04574,8,37,6,478,2,1,5,12,25,1,5,11,0,25,5,2,0,22,0,25,5,516,529,516,183,25,0,0,0,0,0,0
txn_09881,7,11,15,162,2,2,3,3,8,6,9,2,5,8,9,2,2,8,31,8,9,191,195,191,63,17,0,0,0,0,0,0
txn_02334,5,28,24,232,1,1,3,10,18,6,18,9,5,17,18,1,1,9,5,17,18,276,289,276,93,29,0,0,0,0,0,0
txn_01506,3,17,18,481,1,1,1,4,13,5,13,3,4,12,13,1,1,3,4,12,13,509,519,509,179,21,0,0,0,0,0,0
txn_01142,3,29,10,237,1,1,1,10,19,4,6,9,4,19,6,1,1,9,3,19,6,276,279,276,95,24,0,0,0,0,0,0
txn_03738,10,23,24,309,1,3,6,6,17,8,16,5,7,17,16,1,3,5,16,17,16,354,366,354,124,28,0,0,0,0,0,0
txn_03253,7,25,17,511,1,3,3,9,16,8,9,8,7,16,9,1,3,8,14,16,9,553,560,553,196,22,0,0,0,0,0,0
txn_04156,4,33,5,453,1,1,2,13,20,2,3,13,1,19,3,1,1,5,1,19,3,490,495,490,174,23,0,0,0,0,0,0
txn_09724,5,41,7,239,2,1,2,15,26,2,5,14,1,26,5,2,1,20,1,26,5,287,292,287,98,29,0,0,0,0,0,0
txn_09547,8,28,8,126,1,3,4,10,18,3,5,9,2,18,5,1,3,9,7,18,5,164,170,164,54,22,0,0,0,0,0,0
txn_02176,9,20,22,369,3,1,5,7,13,5,17,6,4,13,16,3,1,18,4,13,16,405,420,405,139,24,0,0,0,0,0,0
txn_05832,4,27,11,403,1,1,2,10,17,4,7,10,3,16,6,1,1,8,3,16,6,434,445,434,145,20,0,0,0,0,0,0
txn_08783,8,19,15,483,1,3,4,6,13,4,11,5,3,13,10,1,3,5,12,13,10,513,525,513,181,20,0,0,0,0,0,0
txn_09947,6,30,22,266,1,1,4,11,19,7,15,10,6,18,14,1,1,10,6,18,14,306,324,306,111,26,0,0,0,0,0,0
txn_01123,5,12,19,153,1,2,2,3,9,5,14,3,4,9,14,1,2,7,7,9,14,185,189,185,59,21,0,0,0,0,0,0
txn_00664,4,48,14,403,1,1,2,21,27,5,9,20,4,26,8,1,1,20,4,26,8,455,469,455,164,29,0,0,0,0,0,0
txn_09105,9,24,5,404,2,2,5,9,15,2,3,9,2,15,3,2,2,13,9,15,3,439,442,439,147,22,0,0,0,0,0,0
txn_02886,4,30,13,409,1,1,2,9,21,4,9,8,3,20,9,1,1,8,3,20,9,446,456,446,155,25,0,0,0,0,0,0
txn_03944,9,23,14,240,3,2,4,10,13,3,11,9,2,13,11,3,2,17,6,13,11,278,286,278,94,21,0,0,0,0,0,0
txn_06026,8,33,16,736,2,2,4,11,22,4,12,10,3,22,12,2,2,17,7,22,12,784,793,784,286,31,0,0,0,0,0,0
txn_01281,4,19,25,485,1,1,2,5,14,8,17,4,8,14,17,1,1,4,3,14,17,527,533,527,188,27,0,0,0,0,0,0
txn_07584,7,25,21,242,2,1,4,8,17,6,15,7,5,17,15,2,1,14,5,17,15,286,295,286,96,29,0,0,0,0,0,0
txn_03676,6,21,10,165,1,2,3,6,15,3,7,5,2,14,7,1,2,5,4,14,7,194,202,194,63,20,0,0,0,0,0,0
txn_04914,9,32,13,115,2,1,6,13,19,3,10,12,2,19,10,2,1,23,2,19,10,158,169,158,52,25,0,0,0,0,0,0
txn_03299,7,18,7,156,2,2,3,5,13,2,5,4,1,13,5,2,2,11,4,13,5,182,188,182,58,17,0,0,0,0,0,0
txn_05874,5,18,17,182,2,1,2,6,12,6,11,5,5,12,11,2,1,18,5,12,11,217,222,217,72,21,0,0,0,0,0,0
txn_09004,3,14,9,490,1,1,1,4,10,4,5,3,3,10,5,1,1,3,3,10,5,511,516,511,181,12,0,0,0,0,0,0
txn_05800,6,24,10,358,1,1,4,8,16,3,7,7,2,16,7,1,1,7,2,16,7,388,398,388,132,18,0,0,0,0,0,0
txn_01678,7,31,6,364,1,2,4,12,19,2,4,11,1,18,4,1,2,11,5,18,4,397,408,397,138,20,0,0,0,0,0,0
txn_07535,0,29,12,739,0,0,0,9,20,3,9,9,3,19,9,0,0,0,0,19,9,776,780,776,283,28,0,0,0,0,0,0
txn_07648,4,37,8,741,1,1,2,12,25,3,5,11,2,25,5,1,1,11,2,25,5,784,790,784,287,28,0,0,0,0,0,0
txn_00636,8,17,11,506,2,1,5,5,12,3,8,4,2,12,8,2,1,11,2,12,8,532,542,532,186,16,0,0,0,0,0,0
txn_00896,8,12,9,156,2,2,4,4,8,3,6,4,2,8,6,2,2,12,3,8,6,183,185,183,60,16,0,0,0,0,0,0
txn_03742,7,17,12,290,1,1,5,5,12,2,10,4,1,12,10,1,1,4,1,12,10,314,326,314,104,17,0,0,0,0,0,0
txn_02772,10,38,4,293,2,1,7,12,26,2,2,11,2,26,2,2,1,20,7,26,2,340,345,340,114,30,0,0,0,0,0,0
txn_07151,8,21,3,285,2,2,4,8,13,1,2,7,1,13,2,2,1,13,1,13,2,314,317,314,107,17,0,0,0,0,0,0
txn_02760,6,13,17,106,2,2,2,5,8,5,12,4,5,8,12,2,2,7,11,8,12,139,142,139,45,20,0,0,0,0,0,0
txn_08412,10,23,17,288,2,1,7,6,17,4,13,5,3,16,12,2,1,9,3,16,12,320,338,320,107,23,0,0,0,0,0,0
txn_03706,7,37,9,217,2,2,3,13,24,3,6,13,2,23,6,2,2,15,7,23,6,265,270,265,89,29,0,0,0,0,0,0
txn_07227,12,28,11,404,2,2,8,9,19,3,8,8,2,19,8,2,2,15,8,19,8,443,455,443,153,25,0,0,0,0,0,0
txn_06022,3,17,10,741,1,1,1,7,10,3,7,7,3,9,7,1,1,5,1,9,7,765,771,765,285,15,0,0,0,0,0,0
txn_00195,5,23,14,75,2,1,2,8,15,4,10,7,3,15,10,2,1,12,3,15,10,112,117,112,35,23,0,0,0,0,0,0
txn_05556,3,15,2,114,1,1,1,6,9,1,1,5,0,9,1,1,0,5,0,9,1,131,134,131,44,9,0,0,0,0,0,0
txn_06167,6,34,18,296,1,2,3,10,24,5,13,9,4,24,13,1,2,9,14,24,13,341,354,341,114,29,0,0,0,0,0,0
txn_00457,7,19,18,241,1,1,5,6,13,3,15,5,2,13,15,1,1,5,2,13,15,271,285,271,89,20,0,0,0,0,0,0
txn_09713,10,30,10,234,2,2,6,8,22,2,8,7,1,22,8,2,2,11,6,22,8,275,284,275,89,28,0,0,0,0,0,0
txn_06643,9,35,6,514,2,2,5,11,24,2,4,10,1,23,4,2,2,17,3,23,4,553,564,553,192,25,0,0,0,0,0,0
txn_05235,5,36,13,742,1,1,3,12,24,5,8,11,4,24,8,1,1,11,4,24,8,788,796,788,292,28,0,0,0,0,0,0
txn_09213,3,17,11,129,1,1,1,6,11,3,8,5,2,11,8,1,1,5,2,11,8,156,160,156,51,17,0,0,0,0,0,0
txn_09498,8,15,6,516,2,1,5,5,10,1,5,4,0,10,5,2,0,12,0,10,5,536,545,536,187,12,0,0,0,0,0,0
txn_08542,0,6,12,245,0,0,0,3,3,3,9,3,3,3,9,0,0,0,0,3,9,263,263,263,91,12,0,0,0,0,0,0
txn_00048,6,28,6,330,2,1,3,8,20,2,4,7,1,19,4,2,1,14,1,19,4,361,370,361,122,22,0,0,0,0,0,0
txn_04990,3,15,12,219,1,1,1,6,9,3,9,5,2,9,8,1,1,5,2,9,8,243,249,243,82,16,0,0,0,0,0,0
txn_05599,7,26,6,455,1,1,5,9,17,1,5,8,0,17,5,1,0,8,0,17,5,482,494,482,171,17,0,0,0,0,0,0
txn_07129,8,38,10,126,1,2,5,14,24,3,7,13,2,24,7,1,2,13,5,24,7,173,182,173,58,28,0,0,0,0,0,0
txn_00665,8,49,31,201,3,2,3,26,23,11,20,25,10,23,20,3,2,43,12,23,20,278,289,278,103,37,0,0,0,0,0,0
txn_05609,6,4,10,159,2,1,3,2,2,3,7,1,2,2,7,2,1,8,2,2,7,174,179,174,57,8,0,0,0,0,0,0
txn_03819,3,13,11,509,1,1,1,5,8,4,7,5,4,8,7,1,1,10,3,8,7,532,536,532,189,14,0,0,0,0,0,0
txn_05154,6,22,2,299,1,1,4,6,16,1,1,5,1,16,1,1,1,5,1,16,1,325,329,325,109,17,0,0,0,0,0,0
txn_06823,8,30,20,512,1,2,5,7,23,6,14,6,5,23,14,1,1,6,5,23,14,558,570,558,193,31,0,0,0,0,0,0
txn_04631,8,20,12,493,2,2,4,8,12,4,8,7,4,12,7,2,2,13,13,12,7,528,533,528,186,21,0,0,0,0,0,0
txn_06276,10,25,11,243,3,3,4,9,16,3,8,8,2,15,8,3,3,28,9,15,8,277,289,277,93,20,0,0,0,0,0,0
txn_01757,7,29,31,335,2,2,3,10,19,11,20,9,10,19,19,2,2,13,14,19,19,390,402,390,134,34,0,0,0,0,0,0
txn_09185,12,13,9,332,3,2,7,5,8,3,6,4,2,8,6,3,2,16,4,8,6,357,366,357,123,13,0,0,0,0,0,0
txn_01877,9,28,6,74,3,1,5,8,20,1,5,7,0,20,5,3,0,19,0,20,5,109,117,109,32,23,0,0,0,0,0,0
txn_02036,3,18,14,409,1,1,1,6,12,5,9,5,5,11,9,1,1,5,5,11,9,439,444,439,146,20,0,0,0,0,0,0
txn_09631,12,27,15,458,3,3,6,10,17,5,10,9,4,16,10,3,3,23,9,16,10,498,512,498,176,24,0,0,0,0,0,0
txn_09221,4,24,9,237,1,1,2,8,16,3,6,7,2,16,6,1,1,7,2,16,6,267,274,267,91,18,0,0,0,0,0,0
txn_04154,10,12,21,265,3,1,6,6,6,5,16,5,4,6,15,3,1,20,4,6,15,296,308,296,101,19,0,0,0,0,0,0
txn_07720,6,20,14,118,1,2,3,6,14,4,10,5,3,14,10,1,2,5,4,14,10,150,158,150,48,20,0,0,0,0,0,0
txn_09345,6,18,10,515,2,2,2,5,13,4,6,5,3,12,5,2,2,12,5,12,5,542,549,542,189,17,0,0,0,0,0,0
txn_07688,6,32,6,355,1,2,3,10,22,2,4,9,1,22,4,1,2,9,3,22,4,392,399,392,126,24,0,0,0,0,0,0
txn_05589,14,21,14,252,3,3,8,6,15,4,10,5,3,14,10,3,3,17,11,14,10,284,301,284,92,22,0,0,0,0,0,0
txn_09258,7,31,6,105,1,2,4,10,21,2,4,9,1,20,4,1,2,9,5,20,4,139,149,139,44,22,0,0,0,0,0,0
txn_01321,5,28,19,745,2,1,2,11,17,7,12,11,6,17,12,2,1,12,6,17,12,790,797,790,294,25,0,0,0,0,0,0
txn_03860,10,17,11,158,2,2,6,5,12,4,7,4,3,12,7,2,2,7,6,12,7,189,196,189,60,19,0,0,0,0,0,0
txn_03837,7,29,5,117,1,2,4,9,20,2,3,8,1,20,3,1,2,8,4,20,3,151,158,151,49,21,0,0,0,0,0,0
txn_00468,6,37,6,337,2,2,2,15,22,3,3,14,2,22,3,2,2,28,4,22,3,381,386,381,134,24,0,0,0,0,0,0
txn_00033,13,22,6,748,2,3,8,7,15,2,4,6,1,15,4,2,3,27,13,15,4,782,789,782,286,22,0,0,0,0,0,0
txn_03882,3,16,10,407,1,1,1,8,8,2,8,7,2,8,8,1,1,7,1,8,8,433,436,433,147,14,0,0,0,0,0,0
txn_00435,6,42,8,751,2,1,3,14,28,3,5,13,2,27,5,2,1,23,2,27,5,795,807,795,292,29,0,0,0,0,0,0
txn_04310,3,24,12,296,1,1,1,9,15,5,7,8,4,15,7,1,1,8,4,15,7,331,335,331,116,20,0,0,0,0,0,0
txn_09062,8,31,7,248,1,2,5,10,21,2,5,9,1,20,5,1,2,9,5,20,5,282,294,282,95,22,0,0,0,0,0,0
txn_07173,10,24,15,203,2,3,5,8,16,3,12,7,2,16,12,2,3,17,5,16,12,243,252,243,78,27,0,0,0,0,0,0
txn_00631,10,18,14,516,2,2,6,4,14,5,9,3,4,13,9,2,2,8,8,13,9,547,558,547,190,21,0,0,0,0,0,0
txn_04134,11,18,23,226,2,1,8,6,12,5,18,5,4,12,18,2,1,9,4,12,18,263,278,263,94,24,0,0,0,0,0,0
txn_09525,6,30,14,77,1,1,4,10,20,3,11,9,2,20,11,1,1,9,2,20,11,115,127,115,37,24,0,0,0,0,0,0
txn_00134,3,27,2,744,1,1,1,9,18,1,1,9,0,17,1,1,0,4,0,17,1,773,776,773,283,19,0,0,0,0,0,0
txn_09068,7,28,14,410,1,2,4,9,19,6,8,8,5,19,8,1,2,8,8,19,8,451,459,451,150,24,0,0,0,0,0,0
txn_08756,15,14,16,312,3,3,9,6,8,4,12,6,3,8,12,3,3,29,17,8,12,348,357,348,121,22,0,0,0,0,0,0
txn_05710,6,37,16,495,2,1,3,12,25,6,10,11,5,25,10,2,1,16,5,25,10,544,554,544,193,29,0,0,0,0,0,0
txn_03699,7,22,8,240,1,2,4,7,15,3,5,6,2,14,5,1,2,6,4,14,5,265,277,265,91,16,0,0,0,0,0,0
txn_02993,6,14,13,488,1,2,3,6,8,5,8,5,4,8,8,1,2,5,6,8,8,515,521,515,186,14,0,0,0,0,0,0
txn_08079,6,24,5,459,1,1,4,6,18,2,3,5,2,18,3,1,1,5,5,18,3,488,494,488,172,19,0,0,0,0,0,0
txn_09393,6,21,17,411,1,1,4,6,15,5,12,5,4,15,11,1,1,5,4,15,11,443,455,443,154,22,0,0,0,0,0,0
txn_08240,6,24,17,753,1,2,3,9,15,6,11,9,5,15,11,1,2,13,11,15,11,794,800,794,295,24,0,0,0,0,0,0
txn_08253,6,24,15,498,2,1,3,8,16,4,11,7,3,15,11,2,1,12,3,15,11,531,543,531,184,24,0,0,0,0,0,0
txn_00517,5,15,20,109,1,2,2,5,10,7,13,5,6,10,13,1,2,5,10,10,13,146,149,146,48,22,0,0,0,0,0,0
txn_05063,4,25,13,244,1,1,2,9,16,5,8,8,4,16,8,1,1,8,4,16,8,280,286,280,96,21,0,0,0,0,0,0
txn_02434,6,30,25,519,2,1,3,8,22,8,17,7,7,21,17,2,1,13,7,21,17,569,580,569,197,34,0,0,0,0,0,0
txn_07065,7,19,8,299,1,2,4,6,13,3,5,6,2,13,5,1,2,18,5,13,5,328,333,328,113,18,0,0,0,0,0,0
txn_00627,9,29,9,370,1,2,6,10,19,4,5,9,3,19,5,1,2,9,6,19,5,407,417,407,141,22,0,0,0,0,0,0
txn_08288,9,36,7,335,2,1,6,11,25,1,6,10,0,25,6,2,0,18,0,25,6,374,387,374,128,25,0,0,0,0,0,0
txn_03397,8,16,4,358,2,3,3,5,11,2,2,4,1,11,2,2,3,14,7,11,2,381,386,381,123,13,0,0,0,0,0,0
txn_01178,6,21,31,254,2,1,3,6,15,10,21,5,9,15,21,2,1,11,9,15,21,303,312,303,101,31,0,0,0,0,0,0
txn_09155,13,24,15,227,3,3,7,7,17,6,9,6,5,16,9,3,3,16,8,16,9,265,279,265,88,23,0,0,0,0,0,0
txn_01185,6,28,10,105,2,2,2,8,20,2,8,7,2,20,8,2,1,13,4,20,8,144,149,144,44,25,0,0,0,0,0,0
txn_03808,8,24,18,201,2,2,4,7,17,6,12,6,5,17,12,2,2,11,6,17,12,242,251,242,82,25,0,0,0,0,0,0
txn_04489,8,24,13,462,2,1,5,8,16,4,9,7,3,16,9,2,1,15,3,16,9,497,507,497,176,21,0,0,0,0,0,0
txn_06402,4,44,12,465,1,1,2,14,30,4,8,13,3,29,7,1,1,13,3,29,7,514,525,514,180,35,0,0,0,0,0,0
txn_06913,8,6,13,257,3,1,4,3,3,4,9,2,3,3,9,3,1,13,3,3,9,278,284,278,93,11,0,0,0,0,0,0
txn_01850,3,19,7,340,1,1,1,7,12,3,4,6,2,12,4,1,1,6,2,12,4,365,369,365,127,14,0,0,0,0,0,0
txn_04723,8,33,24,307,1,1,6,10,23,7,17,9,6,23,17,1,1,9,6,23,17,354,372,354,120,30,0,0,0,0,0,0
txn_03436,11,16,12,343,3,2,6,5,11,3,9,4,2,10,9,3,2,18,3,10,9,370,382,370,125,18,0,0,0,0,0,0
txn_03547,7,26,17,240,2,2,3,8,18,6,11,7,5,18,11,2,2,12,12,18,11,283,290,283,95,26,0,0,0,0,0,0
txn_04330,9,21,11,261,2,2,5,8,13,4,7,7,3,13,6,2,2,8,13,13,6,294,302,294,99,20,0,0,0,0,0,0
txn_01983,9,21,22,345,3,1,5,7,14,5,17,6,4,14,17,3,1,18,4,14,17,383,397,383,131,24,0,0,0,0,0,0
txn_07039,9,31,8,137,1,2,6,10,21,2,6,9,1,21,6,1,2,9,5,21,6,173,185,173,56,22,0,0,0,0,0,0
txn_08255,4,18,13,410,1,2,1,7,11,4,9,6,4,10,9,1,2,6,7,10,9,439,445,439,147,18,0,0,0,0,0,0
txn_05770,12,38,4,159,2,5,5,14,24,1,3,14,1,24,3,2,5,26,16,24,3,207,213,207,68,27,0,0,0,0,0,0
txn_08391,6,28,23,361,1,1,4,11,17,8,15,10,7,17,15,1,1,10,7,17,15,406,418,406,141,25,0,0,0,0,0,0
txn_02096,7,23,7,260,2,2,3,7,16,3,4,6,2,15,4,2,2,13,5,15,4,290,297,290,96,19,0,0,0,0,0,0
txn_09632,12,14,10,521,4,3,5,3,11,2,8,2,1,11,8,4,3,26,8,11,8,547,557,547,188,16,0,0,0,0,0,0
txn_03156,9,24,18,161,2,2,5,6,18,6,12,5,5,18,12,2,2,10,11,18,12,200,212,200,64,25,0,0,0,0,0,0
txn_07778,0,11,10,221,0,0,0,4,7,4,6,4,4,7,6,0,0,0,0,7,6,241,242,241,85,12,0,0,0,0,0,0
txn_09458,11,31,21,229,2,2,7,8,23,6,15,7,5,23,15,2,2,11,6,23,15,279,292,279,91,34,0,0,0,0,0,0
txn_05964,9,29,22,314,2,2,5,10,19,4,18,9,3,18,17,2,2,13,4,18,17,360,374,360,120,33,0,0,0,0,0,0
txn_00748,8,21,18,162,1,3,4,6,15,5,13,5,4,15,13,1,3,5,14,15,13,199,209,199,63,23,0,0,0,0,0,0
txn_02306,6,35,25,348,1,1,4,10,25,6,19,9,5,25,19,1,1,9,5,25,19,395,414,395,135,31,0,0,0,0,0,0
txn_02040,5,13,11,524,1,1,3,6,7,4,7,6,3,7,7,1,1,6,3,7,7,550,553,550,195,14,0,0,0,0,0,0
txn_09954,7,14,13,226,1,2,4,5,9,4,9,5,3,9,8,1,2,5,6,9,8,253,260,253,84,18,0,0,0,0,0,0
txn_04153,9,47,19,413,1,3,5,19,28,6,13,18,5,27,13,1,3,18,9,27,13,476,488,476,168,39,0,0,0,0,0,0
txn_04499,9,20,17,121,3,1,5,6,14,5,12,5,4,14,12,3,1,18,4,14,12,158,167,158,50,23,0,0,0,0,0,0
txn_04505,6,23,22,302,1,2,3,9,14,6,16,8,5,14,15,1,2,8,6,14,15,341,353,341,116,24,0,0,0,0,0,0
txn_05190,7,20,13,174,2,1,4,7,13,3,10,6,2,13,10,2,1,18,2,13,10,206,214,206,67,20,0,0,0,0,0,0
txn_09840,7,35,45,412,1,2,4,9,26,27,18,8,26,26,18,1,2,8,29,26,18,486,499,486,172,38,0,0,0,0,0,0
txn_04855,15,39,22,226,1,3,11,12,27,4,18,11,3,27,18,1,3,11,17,27,18,283,302,283,93,38,0,0,0,0,0,0
txn_05632,7,47,10,112,1,2,4,19,28,3,7,18,2,28,7,1,2,18,10,28,7,168,176,168,58,32,0,0,0,0,0,0
txn_01642,15,20,11,267,3,3,9,6,14,4,7,5,3,14,7,3,3,17,11,14,7,304,313,304,100,24,0,0,0,0,0,0
txn_04702,7,35,17,500,2,2,3,12,23,5,12,11,4,22,12,2,2,15,6,22,12,549,559,549,193,31,0,0,0,0,0,0
txn_07550,3,3,15,415,1,1,1,1,2,4,11,1,3,2,10,1,1,10,3,2,10,432,436,432,144,13,0,0,0,0,0,0
txn_03557,3,18,11,164,1,1,1,6,12,4,7,5,4,12,7,1,1,5,5,12,7,193,196,193,63,18,0,0,0,0,0,0
txn_04644,9,25,22,253,2,2,5,7,18,7,15,6,6,18,15,2,2,13,8,18,15,295,309,295,101,26,0,0,0,0,0,0
txn_06409,5,13,3,361,2,1,2,4,9,1,2,3,1,9,2,2,1,15,4,9,2,381,382,381,123,12,0,0,0,0,0,0
txn_02492,7,36,26,140,1,1,5,10,26,6,20,9,5,26,20,1,1,9,5,26,20,188,209,188,60,32,0,0,0,0,0,0
txn_07476,8,30,14,227,2,2,4,10,20,5,9,9,4,20,9,2,2,15,7,20,9,272,279,272,90,27,0,0,0,0,0,0
txn_06264,8,9,13,527,3,2,3,4,5,4,9,3,4,5,9,3,2,16,4,5,9,551,557,551,193,15,0,0,0,0,0,0
txn_05544,4,16,18,364,1,1,2,7,9,6,12,7,6,9,12,1,1,5,1,9,12,398,402,398,136,21,0,0,0,0,0,0
txn_00279,11,34,11,132,3,2,6,10,24,3,8,9,2,24,8,3,2,19,3,24,8,180,188,180,56,31,0,0,0,0,0,0
txn_09335,8,25,20,367,3,2,3,10,15,6,14,9,5,15,14,3,2,22,8,15,14,409,420,409,139,23,0,0,0,0,0,0
txn_04102,8,21,10,338,2,2,4,8,13,4,6,7,3,13,6,2,2,13,5,13,6,371,377,371,129,18,0,0,0,0,0,0
txn_09655,7,34,11,112,2,1,4,14,20,3,8,13,2,19,7,2,1,20,2,19,7,152,164,152,51,25,0,0,0,0,0,0
txn_06608,8,17,20,263,1,3,4,6,11,7,13,6,6,11,13,1,3,3,12,11,13,302,308,302,102,23,0,0,0,0,0,0
txn_01556,5,19,14,163,1,1,3,7,12,4,10,7,3,12,10,1,1,7,3,12,10,196,201,196,66,20,0,0,0,0,0,0
txn_08258,7,27,25,529,1,2,4,10,17,9,16,9,8,17,16,1,2,9,11,17,16,578,588,578,204,28,0,0,0,0,0,0
txn_06938,4,22,6,518,1,1,2,7,15,2,4,6,1,14,4,1,1,6,1,14,4,543,550,543,191,17,0,0,0,0,0,0
txn_07835,10,38,8,310,2,3,5,15,23,3,5,14,2,23,5,2,3,22,7,23,5,355,366,355,123,24,0,0,0,0,0,0
txn_00499,7,14,20,167,1,2,4,4,10,6,14,3,5,10,14,1,2,3,7,10,14,198,208,198,66,19,0,0,0,0,0,0
txn_00611,4,17,6,108,1,1,2,6,11,3,3,5,3,11,3,1,1,5,3,11,3,133,135,133,44,14,0,0,0,0,0,0
txn_05055,8,17,11,111,2,2,4,7,10,2,9,6,2,10,9,2,2,8,31,10,9,145,147,145,45,21,0,0,0,0,0,0
txn_01689,9,26,11,262,2,2,5,8,18,4,7,7,3,18,7,2,2,13,5,18,7,301,308,301,100,24,0,0,0,0,0,0
txn_03386,12,27,11,288,2,1,9,8,19,2,9,7,1,19,9,2,1,19,1,19,9,322,338,322,108,22,0,0,0,0,0,0
txn_05229,6,18,17,756,1,2,3,6,12,7,10,6,6,12,9,1,2,9,10,12,9,787,797,787,293,19,0,0,0,0,0,0
txn_05331,5,25,5,177,2,1,2,8,17,2,3,7,1,17,3,2,1,11,1,17,3,207,212,207,68,18,0,0,0,0,0,0
txn_04095,4,22,10,315,1,1,2,7,15,4,6,6,3,15,6,1,1,6,3,15,6,344,351,344,123,17,0,0,0,0,0,0
txn_07988,10,19,26,407,2,2,6,6,13,8,18,5,7,13,18,2,2,11,13,13,18,452,462,452,156,29,0,0,0,0,0,0
txn_03293,12,26,17,401,2,3,7,8,18,6,11,7,5,17,11,2,3,11,17,17,11,442,456,442,152,27,0,0,0,0,0,0
txn_04318,8,21,13,465,2,2,4,8,13,4,9,7,3,13,9,2,1,14,3,13,9,500,507,500,177,20,0,0,0,0,0,0
txn_00283,8,31,31,520,2,2,4,10,21,11,20,9,10,20,20,2,2,13,14,20,20,575,590,575,202,35,0,0,0,0,0,0
txn_09839,11,8,12,419,2,3,6,2,6,3,9,1,2,6,9,2,2,6,6,6,9,442,450,442,154,14,0,0,0,0,0,0
txn_05427,8,25,7,341,1,2,5,6,19,3,4,5,2,18,4,1,2,5,7,18,4,370,381,370,126,20,0,0,0,0,0,0
txn_09252,8,14,9,166,2,2,4,4,10,4,5,3,3,10,5,2,2,10,9,10,5,193,197,193,61,16,0,0,0,0,0,0
txn_05011,9,22,19,422,2,2,5,8,14,7,12,8,7,14,11,2,2,11,2,14,11,466,472,466,164,28,0,0,0,0,0,0
txn_03504,5,35,9,186,1,2,2,12,23,3,6,11,2,22,6,1,2,11,3,22,6,228,235,228,76,27,0,0,0,0,0,0
txn_03630,8,23,19,502,1,3,4,7,16,6,13,6,5,16,13,1,3,6,10,16,13,544,552,544,191,27,0,0,0,0,0,0
txn_07813,6,16,7,270,2,2,2,6,10,3,4,5,2,10,4,2,2,12,8,10,4,294,299,294,102,13,0,0,0,0,0,0
txn_05305,5,24,7,165,1,2,2,10,14,2,5,10,1,14,5,1,2,6,5,14,5,199,201,199,66,19,0,0,0,0,0,0
txn_08323,8,36,17,265,3,2,3,9,27,5,12,8,4,27,12,3,1,22,4,27,12,318,326,318,103,35,0,0,0,0,0,0
txn_08723,3,16,14,424,1,1,1,6,10,5,9,5,4,9,9,1,1,5,4,9,9,448,457,448,160,15,0,0,0,0,0,0
txn_00962,10,30,14,370,1,2,7,10,20,4,10,9,3,20,10,1,2,9,6,20,10,409,424,409,139,23,0,0,0,0,0,0
txn_07824,23,33,9,135,7,7,9,14,19,2,7,13,2,18,7,7,7,99,45,18,7,192,200,192,58,31,0,0,0,0,0,0
txn_08850,11,24,14,204,3,2,6,9,15,5,9,8,4,15,9,3,2,14,5,15,9,249,253,249,84,27,0,0,0,0,0,0
txn_09307,9,18,13,413,3,2,4,7,11,4,9,6,3,11,9,3,2,18,6,11,9,447,453,447,147,19,0,0,0,0,0,0
txn_02692,7,30,8,91,2,1,4,10,20,2,6,9,1,20,6,2,1,11,1,20,6,127,136,127,41,22,0,0,0,0,0,0
txn_00662,14,20,15,143,3,4,7,7,13,5,10,6,4,13,10,3,4,45,38,13,10,183,192,183,58,23,0,0,0,0,0,0
txn_01243,8,24,15,224,2,3,3,9,15,4,11,8,3,15,11,2,3,13,9,15,11,266,271,266,89,25,0,0,0,0,0,0
txn_05046,3,29,18,532,1,1,1,9,20,7,11,8,6,19,11,1,1,8,6,19,11,575,582,575,200,29,0,0,0,0,0,0
txn_03720,4,31,11,273,1,1,2,10,21,4,7,9,4,21,7,1,0,9,0,21,7,313,319,313,109,24,0,0,0,0,0,0
txn_00779,12,32,11,410,3,2,7,10,22,3,8,9,2,22,7,3,2,15,8,22,7,452,465,452,155,29,0,0,0,0,0,0
txn_02792,10,25,13,505,3,1,6,8,17,4,9,7,3,16,9,3,1,21,3,16,9,540,553,540,190,22,0,0,0,0,0,0
txn_01867,4,19,11,232,1,1,2,8,11,4,7,8,4,11,7,1,1,7,4,11,7,264,266,264,93,18,0,0,0,0,0,0
txn_06548,6,24,6,235,2,1,3,9,15,2,4,8,1,14,4,2,1,12,1,14,4,261,271,261,89,16,0,0,0,0,0,0
txn_03285,11,29,18,225,2,2,7,9,20,4,14,8,3,19,14,2,2,12,5,19,14,269,283,269,88,30,0,0,0,0,0,0
txn_09838,10,10,11,247,3,1,6,3,7,2,9,2,1,7,9,3,1,15,1,7,9,268,278,268,88,14,0,0,0,0,0,0
txn_00594,6,32,3,169,1,2,3,10,22,1,2,9,0,22,2,1,1,9,3,22,2,204,210,204,65,22,0,0,0,0,0,0
txn_09720,12,26,18,302,3,2,7,7,19,5,13,6,4,19,13,3,2,18,7,19,13,345,358,345,116,27,0,0,0,0,0,0
txn_01519,7,25,6,192,1,2,4,8,17,2,4,8,2,17,4,1,2,7,4,17,4,229,230,229,75,24,0,0,0,0,0,0
txn_00423,5,39,15,318,2,1,2,12,27,4,11,11,3,26,11,2,1,16,3,26,11,365,377,365,128,32,0,0,0,0,0,0
txn_05461,6,28,16,243,1,1,4,8,20,5,11,7,4,19,11,1,1,7,4,19,11,281,293,281,94,26,0,0,0,0,0,0
txn_03324,10,16,8,365,3,2,5,6,10,2,6,5,1,10,6,3,2,17,3,10,6,393,399,393,133,16,0,0,0,0,0,0
txn_00680,6,28,12,107,2,2,2,10,18,3,9,9,2,18,9,2,1,13,2,18,9,147,153,147,46,25,0,0,0,0,0,0
txn_09356,10,19,10,746,3,2,5,7,12,5,5,6,4,12,5,3,2,21,8,12,5,777,785,777,286,18,0,0,0,0,0,0
txn_04035,10,31,17,268,3,2,5,10,21,7,10,9,6,20,10,3,2,31,9,20,10,311,326,311,106,27,0,0,0,0,0,0
txn_01617,4,18,11,342,1,1,2,7,11,2,9,6,1,10,9,1,1,6,1,10,9,367,375,367,126,17,0,0,0,0,0,0
txn_06189,9,17,8,373,2,3,4,5,12,4,4,4,3,12,4,2,3,14,8,12,4,402,407,402,135,16,0,0,0,0,0,0
txn_00833,5,27,12,343,2,1,2,9,18,4,8,8,3,17,8,2,1,15,3,17,8,379,387,379,131,23,0,0,0,0,0,0
txn_05060,8,25,15,412,1,2,5,8,17,4,11,7,3,16,11,1,2,7,4,16,11,445,460,445,153,23,0,0,0,0,0,0
txn_06315,5,21,10,320,1,1,3,7,14,3,7,6,3,14,7,1,1,6,4,14,7,352,356,352,125,20,0,0,0,0,0,0
txn_04256,9,22,11,160,2,2,5,6,16,3,8,5,2,16,8,2,2,16,4,16,8,195,202,195,69,23,0,0,0,0,0,0
txn_02896,9,32,10,344,1,1,7,8,24,2,8,7,1,24,8,1,1,7,1,24,8,380,395,380,129,25,0,0,0,0,0,0
txn_02723,9,23,7,137,2,3,4,7,16,2,5,6,1,16,5,2,3,11,6,16,5,171,176,171,53,21,0,0,0,0,0,0
txn_00370,9,22,14,414,2,2,5,8,14,4,10,7,3,13,9,2,1,14,3,13,9,447,459,447,156,21,0,0,0,0,0,0
txn_05869,7,38,2,415,2,2,3,12,26,1,1,11,0,25,1,2,1,18,3,25,1,455,462,455,157,27,0,0,0,0,0,0
txn_09908,6,40,14,748,1,2,3,15,25,5,9,14,4,25,9,1,2,14,6,25,9,797,808,797,294,28,0,0,0,0,0,0
txn_04527,8,29,6,414,1,2,5,9,20,2,4,8,1,20,4,1,2,8,6,20,4,447,457,447,155,21,0,0,0,0,0,0
txn_01851,10,18,20,751,3,2,5,6,12,6,14,5,5,11,14,3,2,12,9,11,14,785,799,785,286,23,0,0,0,0,0,0
txn_01126,5,31,12,245,1,2,2,8,23,4,8,7,4,22,8,1,2,7,4,22,8,286,293,286,95,28,0,0,0,0,0,0
txn_04710,5,23,13,250,1,1,3,8,15,6,7,7,5,15,7,1,1,7,5,15,7,284,291,284,98,19,0,0,0,0,0,0
txn_02445,11,19,41,364,1,1,9,4,15,22,19,3,21,15,19,1,1,3,21,15,19,416,435,416,144,25,0,0,0,0,0,0
txn_03917,10,21,17,376,2,1,7,5,16,4,13,4,3,16,12,2,1,9,3,16,12,408,424,408,135,23,0,0,0,0,0,0
txn_09352,6,35,10,256,1,2,3,12,23,3,7,11,2,23,7,1,2,11,3,23,7,299,307,299,102,27,0,0,0,0,0,0
txn_06123,15,17,25,244,3,4,8,4,13,8,17,3,7,12,17,3,4,17,20,12,17,284,301,284,92,26,0,0,0,0,0,0
txn_04164,3,19,27,522,1,1,1,6,13,9,18,6,9,12,17,1,1,7,1,12,17,560,571,560,199,25,0,0,0,0,0,0
txn_08472,8,25,11,305,2,2,4,7,18,3,8,6,2,18,8,2,2,11,3,18,8,342,349,342,115,24,0,0,0,0,0,0
txn_02512,5,13,15,195,1,2,2,4,9,5,10,3,4,9,10,1,2,3,7,9,10,222,228,222,73,16,0,0,0,0,0,0
txn_01719,6,39,15,426,1,1,4,12,27,5,10,11,4,26,10,1,1,11,4,26,10,472,486,472,168,30,0,0,0,0,0,0
txn_03873,6,29,16,416,1,2,3,9,20,3,13,8,3,20,12,1,1,8,2,20,12,460,467,460,150,31,0,0,0,0,0,0
txn_08705,7,28,15,752,1,2,4,8,20,4,11,7,3,19,10,1,2,7,6,19,10,788,802,788,286,26,0,0,0,0,0,0
txn_08378,6,34,20,416,2,2,2,8,26,7,13,8,7,26,13,2,2,21,4,26,13,471,476,471,154,37,0,0,0,0,0,0
txn_09672,6,25,8,229,2,2,2,8,17,4,4,7,3,16,4,2,2,10,12,16,4,262,268,262,94,21,0,0,0,0,0,0
txn_07009,3,48,14,418,1,1,1,21,27,4,10,20,3,27,10,1,1,20,3,27,10,475,483,475,163,33,0,0,0,0,0,0
txn_08574,5,28,12,758,2,1,2,11,17,3,9,10,2,16,9,2,1,24,2,16,9,794,803,794,293,24,0,0,0,0,0,0
txn_03412,16,22,12,167,3,3,10,6,16,4,8,5,3,16,8,3,3,17,11,16,8,204,217,204,64,23,0,0,0,0,0,0
txn_03842,6,10,32,129,2,1,3,4,6,11,21,4,11,6,21,2,1,13,3,6,21,173,177,173,59,26,0,0,0,0,0,0
txn_06575,4,33,14,419,1,1,2,10,23,3,11,9,2,23,11,1,1,9,2,23,11,462,470,462,151,29,0,0,0,0,0,0
txn_08884,9,21,8,421,2,2,5,7,14,3,5,6,2,14,5,2,2,12,8,14,5,449,459,449,150,16,0,0,0,0,0,0
txn_00836,7,32,5,367,2,1,4,8,24,1,4,7,0,24,4,2,0,14,0,24,4,403,411,403,128,25,0,0,0,0,0,0
txn_09801,10,25,11,155,3,2,5,8,17,4,7,7,3,17,7,3,2,18,5,17,7,193,201,193,63,22,0,0,0,0,0,0
txn_01948,6,31,6,112,1,2,3,10,21,2,4,9,1,20,4,1,2,9,2,20,4,146,155,146,47,22,0,0,0,0,0,0
txn_01597,3,18,18,270,1,1,1,7,11,6,12,6,5,11,12,1,1,6,5,11,12,302,309,302,103,19,0,0,0,0,0,0
txn_02442,7,41,5,245,2,2,3,15,26,2,3,14,1,26,3,2,2,20,8,26,3,292,298,292,98,28,0,0,0,0,0,0
txn_07261,5,16,5,308,2,1,2,6,10,2,3,5,2,10,3,2,1,9,5,10,3,332,334,332,115,13,0,0,0,0,0,0
txn_04205,9,30,17,124,2,2,5,11,19,4,13,11,3,19,13,2,2,19,7,19,13,173,180,173,56,30,0,0,0,0,0,0
txn_00235,7,25,8,253,1,2,4,9,16,3,5,8,2,15,5,1,2,8,7,15,5,283,293,283,94,20,0,0,0,0,0,0
txn_06247,10,19,21,168,3,1,6,6,13,6,15,5,5,13,15,3,1,13,5,13,15,208,218,208,66,25,0,0,0,0,0,0
txn_00968,8,14,22,417,1,2,5,4,10,6,16,3,5,9,16,1,2,3,8,9,16,450,461,450,155,23,0,0,0,0,0,0
txn_08107,7,27,24,170,2,1,4,9,18,6,18,8,5,18,17,2,1,17,5,18,17,213,228,213,68,29,0,0,0,0,0,0
txn_07909,3,20,7,227,1,1,1,7,13,2,5,6,2,13,5,1,1,6,3,13,5,255,257,255,87,17,0,0,0,0,0,0
txn_08807,3,21,3,753,1,1,1,8,13,2,1,7,1,12,1,1,1,7,1,12,1,774,780,774,285,13,0,0,0,0,0,0
txn_04903,9,18,26,315,2,2,5,7,11,6,20,6,6,11,20,2,2,19,10,11,20,361,368,361,123,30,0,0,0,0,0,0
txn_07591,6,11,10,115,2,1,3,4,7,3,7,3,2,7,7,2,1,9,2,7,7,134,142,134,43,11,0,0,0,0,0,0
txn_09957,3,36,18,110,1,1,1,12,24,6,12,11,6,24,12,1,1,11,2,24,12,162,167,162,54,32,0,0,0,0,0,0
txn_03833,8,25,18,402,1,1,6,6,19,5,13,5,4,19,13,1,1,5,4,19,13,438,453,438,150,25,0,0,0,0,0,0
txn_03101,7,19,11,468,1,3,3,7,12,4,7,6,3,12,7,1,2,6,7,12,7,500,505,500,177,18,0,0,0,0,0,0
txn_04883,3,18,17,185,1,1,1,7,11,6,11,6,5,11,11,1,1,6,5,11,11,218,223,218,74,19,0,0,0,0,0,0
txn_01165,7,25,9,237,2,2,3,9,16,4,5,8,3,16,5,2,1,19,3,16,5,271,278,271,94,18,0,0,0,0,0,0
txn_05695,9,30,11,165,3,3,3,9,21,4,7,8,3,21,7,3,2,19,8,21,7,210,215,210,67,28,0,0,0,0,0,0
txn_02652,7,22,25,370,2,1,4,8,14,7,18,7,6,14,18,2,1,12,6,14,18,414,424,414,134,28,0,0,0,0,0,0
txn_00520,11,22,8,417,1,2,8,7,15,3,5,6,2,15,5,1,2,6,6,15,5,447,458,447,157,18,0,0,0,0,0,0
txn_03655,5,20,13,760,2,1,2,6,14,4,9,5,4,13,9,2,1,12,2,13,9,790,798,790,290,22,0,0,0,0,0,0
txn_04074,12,16,4,241,3,2,7,6,10,1,3,5,0,10,3,3,1,23,3,10,3,265,273,265,89,14,0,0,0,0,0,0
txn_05395,7,16,12,755,2,2,3,6,10,4,8,6,3,10,8,2,2,10,7,10,8,785,790,785,289,17,0,0,0,0,0,0
txn_01749,5,21,28,523,2,1,2,7,14,10,18,6,10,14,17,2,1,12,2,14,17,571,577,571,202,30,0,0,0,0,0,0
txn_07467,3,14,14,345,1,1,1,4,10,4,10,3,4,10,10,1,1,3,3,10,10,373,376,373,129,18,0,0,0,0,0,0
txn_01920,7,22,19,291,2,2,3,7,15,5,14,6,5,15,14,2,2,20,7,15,14,331,339,331,111,26,0,0,0,0,0,0
txn_03062,7,19,11,304,2,1,4,6,13,4,7,5,3,13,7,2,1,8,3,13,7,333,341,333,113,17,0,0,0,0,0,0
txn_07949,5,15,10,255,1,1,3,5,10,2,8,4,1,10,8,1,1,4,1,10,8,278,285,278,93,15,0,0,0,0,0,0
txn_08691,8,17,7,159,2,2,4,5,12,2,5,5,1,12,5,2,2,12,3,12,5,186,191,186,61,16,0,0,0,0,0,0
txn_09997,11,23,5,534,3,2,6,7,16,1,4,6,0,15,4,3,1,24,3,15,4,562,573,562,193,20,0,0,0,0,0,0
txn_09694,8,39,9,536,3,1,4,14,25,2,7,13,1,24,7,3,1,27,1,24,7,579,592,579,203,28,0,0,0,0,0,0
txn_03574,6,13,15,231,1,2,3,4,9,5,10,4,4,9,10,1,2,4,9,9,10,260,265,260,95,17,0,0,0,0,0,0
txn_06645,5,28,8,758,2,1,2,7,21,2,6,6,2,20,6,2,1,11,4,20,6,795,799,795,288,27,0,0,0,0,0,0
txn_02046,11,48,15,419,3,3,5,19,29,6,9,18,5,29,9,3,3,29,10,29,9,487,493,487,172,38,0,0,0,0,0,0
txn_03910,9,21,20,762,2,3,4,7,14,5,15,6,4,14,15,2,3,13,10,14,15,802,812,802,295,25,0,0,0,0,0,0
txn_03451,8,25,21,240,1,1,6,8,17,5,16,7,4,17,16,1,1,7,4,17,16,279,294,279,93,27,0,0,0,0,0,0
txn_02333,13,44,8,471,2,3,8,14,30,2,6,13,1,29,6,2,2,17,4,29,6,519,536,519,180,33,0,0,0,0,0,0
txn_07077,7,26,11,422,2,1,4,8,18,3,8,7,2,18,8,2,1,20,2,18,8,458,466,458,150,23,0,0,0,0,0,0
txn_05977,8,14,6,234,1,3,4,4,10,2,4,3,1,10,4,1,3,3,12,10,4,255,262,255,92,12,0,0,0,0,0,0
txn_00200,3,18,9,244,1,1,1,8,10,2,7,7,2,9,7,1,1,7,3,9,7,270,274,270,93,16,0,0,0,0,0,0
txn_03433,6,26,13,473,2,1,3,8,18,5,8,7,4,17,7,2,1,9,4,17,7,506,518,506,177,24,0,0,0,0,0,0
txn_00930,8,22,18,525,2,2,4,7,15,7,11,7,6,15,11,2,2,22,11,15,11,567,573,567,201,27,0,0,0,0,0,0
txn_03736,10,13,14,313,3,3,4,4,9,5,9,3,4,9,9,3,3,29,6,9,9,343,350,343,115,16,0,0,0,0,0,0
txn_09933,4,15,14,30,1,1,2,6,9,4,10,5,3,9,10,1,1,5,3,9,10,56,63,56,18,15,0,0,0,0,0,0
txn_03532,10,21,13,760,2,3,5,8,13,4,9,7,3,13,8,2,3,13,10,13,8,793,804,793,290,22,0,0,0,0,0,0
txn_03841,9,18,22,227,2,2,5,4,14,7,15,3,7,14,15,2,2,10,5,14,15,272,276,272,89,30,0,0,0,0,0,0
txn_03767,9,13,11,420,3,2,4,5,8,3,8,4,2,8,8,3,2,19,6,8,8,443,453,443,156,12,0,0,0,0,0,0
txn_00477,6,33,12,230,2,1,3,10,23,3,9,9,2,23,9,2,1,16,2,23,9,272,281,272,88,28,0,0,0,0,0,0
txn_00434,16,32,32,507,3,3,10,13,19,10,22,12,9,19,22,3,3,30,15,19,22,568,587,568,201,37,0,0,0,0,0,0
txn_00340,14,28,27,162,3,2,9,8,20,7,20,7,6,20,20,3,2,19,7,20,20,218,231,218,68,37,0,0,0,0,0,0
txn_07201,8,28,16,510,2,1,5,10,18,4,12,10,3,17,12,2,1,15,3,17,12,550,562,550,193,27,0,0,0,0,0,0
txn_03919,8,24,14,180,1,1,6,6,18,4,10,5,3,17,9,1,1,5,3,17,9,210,226,210,68,22,0,0,0,0,0,0
txn_09590,9,49,19,405,1,2,6,21,28,5,14,20,4,28,14,1,2,20,9,28,14,465,482,465,165,34,0,0,0,0,0,0
txn_03926,6,27,14,140,1,1,4,7,20,4,10,6,3,20,10,1,1,6,3,20,10,177,187,177,56,25,0,0,0,0,0,0
txn_01184,5,23,15,422,1,1,3,6,17,4,11,5,3,17,11,1,1,5,3,17,11,455,465,455,158,22,0,0,0,0,0,0
txn_06202,7,22,20,94,2,2,3,7,15,5,15,6,4,15,15,2,2,15,7,15,15,136,143,136,42,27,0,0,0,0,0,0
txn_03551,6,22,5,512,2,2,2,8,14,2,3,7,1,14,3,2,2,16,3,14,3,541,545,541,192,17,0,0,0,0,0,0
txn_05615,10,25,15,188,2,1,7,7,18,3,12,6,2,17,12,2,1,10,2,17,12,222,238,222,70,25,0,0,0,0,0,0
txn_04125,11,19,21,408,2,3,6,7,12,7,14,6,6,11,14,2,3,19,16,11,14,449,459,449,154,27,0,0,0,0,0,0
txn_01652,7,50,20,348,2,2,3,26,24,7,13,25,6,24,13,2,2,34,7,24,13,417,425,417,154,33,0,0,0,0,0,0
txn_00216,6,42,15,410,1,2,3,15,27,4,11,14,3,26,11,1,2,14,7,26,11,461,473,461,159,34,0,0,0,0,0,0
txn_08683,10,29,13,229,2,2,6,10,19,2,11,9,1,19,11,2,2,13,4,19,11,269,281,269,90,26,0,0,0,0,0,0
txn_01925,9,33,16,347,3,2,4,13,20,6,10,12,5,19,10,3,2,31,9,19,10,393,405,393,137,27,0,0,0,0,0,0
txn_07040,9,30,7,172,1,2,6,9,21,3,4,8,2,21,4,1,2,8,7,21,4,208,218,208,68,22,0,0,0,0,0,0
txn_05886,6,26,16,423,2,2,2,12,14,6,10,11,5,14,10,2,2,17,8,14,10,465,471,465,167,21,0,0,0,0,0,0
txn_02100,6,10,8,528,1,2,3,4,6,3,5,3,2,6,5,1,2,3,10,6,5,545,552,545,195,9,0,0,0,0,0,0
txn_03509,4,17,8,351,1,1,2,5,12,3,5,4,2,11,5,1,1,4,2,11,5,373,380,373,128,15,0,0,0,0,0,0
txn_03903,7,23,20,765,2,2,3,6,17,7,13,5,6,16,13,2,2,12,7,16,13,804,815,804,294,28,0,0,0,0,0,0
txn_08297,10,26,7,97,2,2,6,9,17,2,5,8,1,17,5,2,2,10,2,17,5,134,140,134,42,23,0,0,0,0,0,0
txn_00111,10,20,19,118,2,3,5,7,13,6,13,6,5,13,13,2,3,11,13,13,13,158,167,158,51,23,0,0,0,0,0,0
txn_00057,7,39,9,761,2,2,3,15,24,3,6,14,2,23,5,2,2,28,4,23,5,806,816,806,295,29,0,0,0,0,0,0
txn_00523,6,28,17,250,1,2,3,7,21,6,11,7,5,20,10,1,2,5,8,20,10,290,301,290,97,27,0,0,0,0,0,0
txn_08407,12,49,15,243,3,3,6,19,30,5,10,18,4,30,10,3,3,29,10,30,10,310,319,310,106,39,0,0,0,0,0,0
txn_04136,7,39,12,276,2,2,3,12,27,5,7,11,4,27,6,2,2,14,6,27,6,324,334,324,111,31,0,0,0,0,0,0
txn_08704,14,25,7,232,3,4,7,8,17,3,4,7,2,17,4,3,4,44,31,17,4,269,278,269,90,20,0,0,0,0,0,0
txn_03470,9,26,9,206,1,3,5,9,17,2,7,8,1,17,7,1,3,8,11,17,7,241,250,241,80,21,0,0,0,0,0,0
txn_09800,5,44,12,424,1,2,2,14,30,3,9,14,2,30,9,1,2,11,8,30,9,476,485,476,159,34,0,0,0,0,0,0
txn_03071,8,24,11,473,1,1,6,9,15,2,9,8,1,15,9,1,1,8,1,15,9,502,516,502,178,18,0,0,0,0,0,0
txn_08366,6,29,20,307,1,2,3,10,19,6,14,9,5,18,13,1,2,9,7,18,13,350,362,350,118,29,0,0,0,0,0,0
txn_00704,0,27,5,73,0,0,0,8,19,2,3,8,2,19,3,0,0,0,0,19,3,104,105,104,35,21,0,0,0,0,0,0
txn_09261,12,31,22,425,2,2,8,10,21,7,15,9,6,20,15,2,2,14,9,20,15,470,490,470,154,29,0,0,0,0,0,0
txn_06261,8,27,16,119,2,2,4,12,15,6,10,11,5,14,10,2,2,17,9,14,10,160,170,160,56,22,0,0,0,0,0,0
txn_05056,7,31,9,428,2,2,3,10,21,3,6,9,2,20,6,2,2,17,4,20,6,466,475,466,165,25,0,0,0,0,0,0
txn_05116,8,29,13,515,2,2,4,8,21,4,9,7,3,21,9,2,2,12,8,21,9,559,565,559,195,29,0,0,0,0,0,0
txn_04476,3,23,16,531,1,1,1,8,15,5,11,7,5,14,11,1,1,7,5,14,11,569,573,569,201,26,0,0,0,0,0,0
txn_01221,5,25,7,180,1,1,3,9,16,2,5,8,1,16,5,1,1,8,1,16,5,210,217,210,70,18,0,0,0,0,0,0
txn_01009,7,24,15,518,3,1,3,7,17,4,11,6,3,16,11,3,1,16,3,16,11,556,564,556,194,27,0,0,0,0,0,0
txn_08187,7,8,13,127,2,2,3,3,5,4,9,3,3,5,8,2,2,14,4,5,8,152,155,152,48,16,0,0,0,0,0,0
txn_06554,9,36,11,361,1,2,6,9,27,2,9,8,1,27,8,1,2,8,2,27,8,405,417,405,135,33,0,0,0,0,0,0
txn_05013,3,23,17,762,1,1,1,7,16,6,11,7,5,15,11,1,1,6,5,15,11,800,805,800,294,24,0,0,0,0,0,0
txn_03173,12,29,13,162,4,4,4,10,19,5,8,10,4,19,8,4,4,52,39,19,8,212,216,212,69,28,0,0,0,0,0,0
txn_07497,16,29,8,533,4,3,9,10,19,2,6,9,1,18,6,4,3,55,32,18,6,567,586,567,200,23,0,0,0,0,0,0
txn_06975,6,18,9,430,1,2,3,7,11,4,5,6,3,11,5,1,2,6,5,11,5,457,463,457,164,15,0,0,0,0,0,0
txn_05916,3,15,6,412,1,1,1,7,8,2,4,6,1,8,4,1,1,6,1,8,4,432,436,432,152,11,0,0,0,0,0,0
txn_02391,13,10,23,323,2,3,8,4,6,8,15,3,7,6,15,2,3,6,16,6,15,361,369,361,127,22,0,0,0,0,0,0
txn_01776,5,8,15,368,1,1,3,3,5,5,10,2,4,5,10,1,1,2,4,5,10,388,396,388,134,11,0,0,0,0,0,0
txn_09190,7,31,14,476,2,1,4,12,19,4,10,11,3,19,9,2,1,22,3,19,9,517,528,517,184,25,0,0,0,0,0,0
txn_01946,6,32,11,767,2,2,2,12,20,3,8,11,2,19,8,2,2,13,7,19,8,808,816,808,299,27,0,0,0,0,0,0
txn_00339,15,31,6,326,3,6,6,9,22,2,4,8,1,22,4,3,6,40,17,22,4,371,378,371,127,26,0,0,0,0,0,0
txn_00440,0,21,4,433,0,0,0,6,15,1,3,6,1,15,3,0,0,0,0,15,3,457,458,457,164,17,0,0,0,0,0,0
txn_03941,6,51,7,209,1,1,4,26,25,2,5,25,2,25,4,1,1,25,6,25,4,267,273,267,98,29,0,0,0,0,0,0
txn_04146,14,26,21,118,4,4,6,7,19,5,16,6,4,19,16,4,4,41,16,19,16,167,179,167,49,30,0,0,0,0,0,0
txn_01628,8,28,27,764,1,1,6,10,18,7,20,9,6,17,19,1,1,9,6,17,19,808,827,808,298,29,0,0,0,0,0,0
txn_01761,4,23,26,436,1,1,2,8,15,8,18,8,7,14,17,1,1,5,7,14,17,477,489,477,171,26,0,0,0,0,0,0
txn_09347,4,28,22,351,1,1,2,15,13,6,16,14,6,13,15,1,1,14,3,13,15,397,405,397,143,24,0,0,0,0,0,0
txn_04833,11,15,27,230,3,1,7,6,9,7,20,5,6,9,19,3,1,14,6,9,19,268,283,268,90,25,0,0,0,0,0,0
txn_06579,5,26,12,520,1,1,3,10,16,4,8,9,3,16,8,1,1,9,3,16,8,555,563,555,198,21,0,0,0,0,0,0
txn_04572,6,23,9,538,1,2,3,9,14,3,6,8,2,14,6,1,2,8,5,14,6,570,576,570,201,18,0,0,0,0,0,0
txn_03496,5,31,27,277,1,1,3,7,24,7,20,6,6,23,19,1,1,6,6,23,19,325,340,325,108,36,0,0,0,0,0,0
txn_08983,3,6,14,425,1,1,1,2,4,4,10,1,3,4,9,1,1,1,3,4,9,442,448,442,154,12,0,0,0,0,0,0
txn_09211,10,16,12,426,2,1,7,5,11,3,9,4,2,11,9,2,1,7,2,11,9,452,464,452,158,17,0,0,0,0,0,0
txn_08960,8,26,6,259,2,2,4,10,16,2,4,10,1,16,4,2,2,21,8,16,4,293,299,293,102,19,0,0,0,0,0,0
txn_08544,9,22,7,204,2,2,5,7,15,2,5,6,1,15,5,2,2,9,8,15,5,234,242,234,77,18,0,0,0,0,0,0
txn_02188,6,16,7,75,2,1,3,6,10,3,4,5,2,10,4,2,1,13,2,10,4,99,104,99,31,13,0,0,0,0,0,0
txn_06856,6,39,21,211,2,1,3,14,25,7,14,13,6,25,14,2,1,18,6,25,14,267,277,267,92,33,0,0,0,0,0,0
txn_00119,6,21,10,349,1,2,3,8,13,4,6,8,3,13,6,1,2,6,4,13,6,381,386,381,134,17,0,0,0,0,0,0
txn_09305,6,12,6,214,2,1,3,4,8,2,4,4,1,8,4,2,1,11,1,8,4,235,238,235,79,12,0,0,0,0,0,0
txn_04361,5,31,22,491,1,1,3,9,22,6,16,8,5,21,16,1,1,8,5,21,16,538,549,538,190,33,0,0,0,0,0,0
txn_07920,7,22,0,230,1,2,4,7,15,0,0,6,0,15,0,1,2,6,9,15,0,255,259,255,86,15,0,0,0,0,0,0
txn_09798,3,14,4,294,1,1,1,6,8,2,2,5,1,8,2,1,1,5,1,8,2,312,315,312,108,9,0,0,0,0,0,0
txn_05380,6,40,17,297,1,1,4,13,27,5,12,12,4,27,12,1,1,12,4,27,12,348,360,348,118,33,0,0,0,0,0,0
txn_05124,3,23,12,427,1,1,1,6,17,4,8,6,3,17,8,1,1,13,3,17,8,461,465,461,154,22,0,0,0,0,0,0
txn_05910,3,13,12,371,1,1,1,4,9,4,8,3,3,9,8,1,1,3,3,9,8,394,399,394,135,14,0,0,0,0,0,0
txn_02432,7,17,2,233,2,2,3,6,11,1,1,6,0,11,1,2,1,11,4,11,1,258,259,258,85,14,0,0,0,0,0,0
txn_07614,6,14,11,248,1,2,3,4,10,4,7,3,3,10,7,1,2,3,7,10,7,271,279,271,90,14,0,0,0,0,0,0
txn_00812,7,43,14,318,2,1,4,22,21,4,10,22,4,20,10,2,1,13,4,20,10,375,382,375,137,31,0,0,0,0,0,0
txn_04152,8,23,14,320,1,2,5,7,16,3,11,6,2,15,10,1,2,6,5,15,10,346,365,346,118,19,0,0,0,0,0,0
txn_00630,7,33,7,273,1,2,4,10,23,3,4,9,2,23,4,1,2,9,3,23,4,312,320,312,104,25,0,0,0,0,0,0
txn_01905,3,22,22,415,1,1,1,8,14,6,16,7,6,14,16,1,1,7,7,14,16,454,462,454,159,25,0,0,0,0,0,0
txn_03922,9,23,17,429,2,2,5,7,16,7,10,6,6,15,10,2,2,10,8,15,10,466,478,466,164,22,0,0,0,0,0,0
txn_08749,5,24,12,190,2,1,2,8,16,3,9,8,2,16,9,2,1,10,2,16,9,225,231,225,75,22,0,0,0,0,0,0
txn_08955,7,26,22,374,2,1,4,8,18,7,15,7,6,18,14,2,1,9,6,18,14,416,429,416,141,28,0,0,0,0,0,0
txn_01545,5,20,3,300,2,1,2,7,13,1,2,6,0,12,2,2,0,10,0,12,2,321,328,321,109,13,0,0,0,0,0,0
txn_09022,13,53,39,163,4,3,6,26,27,23,16,25,22,26,15,4,3,58,35,26,15,218,268,218,82,33,0,0,0,0,0,0
txn_09241,11,23,25,172,3,2,6,7,16,6,19,6,5,16,18,3,2,14,7,16,18,215,231,215,66,29,0,0,0,0,0,0
txn_04019,12,53,42,58,4,4,4,26,27,22,20,25,21,26,19,4,4,57,36,26,19,119,165,119,47,36,0,0,0,0,0,0
txn_00390,5,44,39,70,1,2,2,23,21,23,16,23,23,20,15,1,2,14,9,20,15,122,158,122,51,27,0,0,0,0,0,0
txn_04309,17,45,42,237,5,4,8,24,21,22,20,23,21,20,19,5,4,58,40,20,19,290,341,290,108,30,1,1,1,1,1,1
txn_09074,7,50,42,49,1,2,4,21,29,22,20,21,22,28,19,1,2,3,3,28,19,109,148,109,43,36,0,0,0,2,2,2
txn_01650,17,45,40,163,4,4,9,24,21,24,16,24,24,20,15,4,4,47,34,20,15,218,265,218,84,30,1,1,1,0,0,0
txn_06669,13,53,41,237,4,4,5,26,27,25,16,25,24,26,15,4,4,59,38,26,15,293,344,293,109,33,0,0,0,1,1,1
txn_09831,16,52,46,266,4,4,8,26,26,27,19,25,27,25,18,4,4,58,39,25,18,331,380,331,123,35,0,0,0,0,0,0
txn_04652,18,51,43,71,5,5,8,22,29,23,20,22,22,28,19,5,5,63,44,28,19,133,183,133,50,37,0,0,0,0,0,0
txn_07546,4,14,13,764,1,1,2,4,10,4,9,3,3,10,8,1,1,3,3,10,8,786,795,786,289,15,0,0,0,0,0,0
txn_07061,10,53,43,71,2,3,5,26,27,23,20,26,22,26,19,2,3,25,25,26,19,133,177,133,52,37,0,0,0,0,0,0
txn_03347,14,54,47,164,5,4,5,27,27,28,19,26,27,26,18,5,4,61,40,26,18,227,279,227,84,38,1,1,1,0,0,0
txn_09958,5,19,12,437,1,2,2,6,13,3,9,6,2,13,9,1,2,7,3,13,9,468,473,468,166,21,0,0,0,0,0,0
txn_01891,15,54,47,72,3,4,8,27,27,28,19,26,28,26,18,3,4,45,34,26,18,140,188,140,55,40,2,2,2,1,1,1
txn_08928,17,54,41,267,4,4,9,27,27,25,16,26,24,26,15,4,4,53,40,26,15,329,379,329,124,34,3,3,3,0,0,0
txn_07585,12,52,48,329,4,3,5,26,26,29,19,25,28,25,18,4,3,56,37,25,18,391,441,391,143,35,0,0,0,2,2,2
txn_04354,18,46,41,330,4,5,9,25,21,25,16,25,24,20,15,4,5,58,45,20,15,385,435,385,140,30,0,0,0,1,1,1
txn_03387,3,19,7,535,1,1,1,7,12,3,4,7,2,12,3,1,1,11,2,12,3,560,564,560,201,15,0,0,0,0,0,0
txn_01792,15,47,41,50,5,4,6,26,21,25,16,25,24,20,15,5,4,61,40,20,15,103,153,103,44,27,0,0,0,0,0,0
txn_07463,19,52,41,165,6,5,8,23,29,25,16,22,24,28,15,6,5,72,44,28,15,226,277,226,84,37,0,0,0,1,1,1
txn_00559,3,19,4,166,1,1,1,7,12,2,2,6,1,12,2,1,1,6,1,12,2,189,192,189,73,13,0,0,0,0,0,0
txn_04625,12,47,43,237,3,3,6,26,21,23,20,26,22,20,19,3,3,43,25,20,19,291,339,291,109,30,0,0,0,0,0,0
txn_01621,9,42,9,166,1,1,7,15,27,2,7,14,1,27,7,1,1,14,1,27,7,210,226,210,71,27,0,0,0,0,0,0
txn_01199,10,16,24,170,2,2,6,6,10,8,16,5,7,9,16,2,2,14,11,9,16,206,220,206,70,21,0,0,0,0,0,0
txn_01078,15,52,41,72,3,4,8,26,26,25,16,26,24,25,15,3,4,46,40,25,15,130,180,130,53,33,0,0,0,0,0,0
txn_09131,15,53,48,72,4,4,7,27,26,29,19,26,28,25,18,4,4,59,38,25,18,137,188,137,56,37,1,1,1,0,0,0
txn_03760,13,52,41,267,4,4,5,23,29,25,16,22,24,28,15,4,4,59,38,28,15,329,373,329,124,34,0,0,0,1,1,1
txn_02902,16,48,48,169,4,4,8,27,21,29,19,27,28,20,18,4,4,55,40,20,18,224,281,224,87,32,0,0,0,1,1,1
txn_07024,14,52,41,268,5,4,5,23,29,25,16,23,24,28,15,5,4,65,41,28,15,332,375,332,124,36,1,1,1,1,1,1
txn_04483,17,53,41,50,4,4,9,27,26,25,16,26,24,25,15,4,4,53,40,25,15,107,161,107,45,32,0,0,0,1,1,1
txn_06220,17,53,48,330,4,4,9,24,29,29,19,23,28,28,18,4,4,53,40,28,18,394,448,394,143,38,1,1,1,1,1,1
txn_05019,17,54,43,330,6,4,7,27,27,23,20,26,22,26,19,6,4,67,41,26,19,390,444,390,140,36,0,0,0,0,0,0
txn_01944,8,49,41,269,2,3,3,28,21,25,16,27,24,20,15,2,3,41,33,20,15,319,367,319,122,27,0,0,0,0,0,0
txn_05320,10,49,48,50,3,4,3,28,21,29,19,27,28,20,18,3,3,53,37,20,18,108,157,108,47,31,1,1,1,0,0,0
txn_09708,16,49,41,238,3,5,8,28,21,25,16,28,24,20,15,3,5,45,40,20,15,293,344,293,110,31,2,2,2,1,1,1
txn_09060,20,54,41,73,6,5,9,27,27,25,16,26,24,26,15,6,5,72,44,26,15,134,188,134,53,35,0,0,0,2,2,2
txn_00102,17,50,43,330,6,4,7,29,21,23,20,28,22,20,19,6,4,67,41,20,19,383,440,383,141,28,3,3,3,0,0,0
txn_06331,19,50,48,73,5,5,9,29,21,29,19,28,28,20,18,5,5,67,45,20,18,132,190,132,55,31,4,4,4,1,1,1
txn_05689,9,54,48,330,2,3,4,27,27,29,19,27,29,26,18,2,3,42,33,26,18,394,441,394,143,39,1,1,1,1,1,1
txn_04929,10,53,41,331,3,4,3,27,26,25,16,27,24,25,15,3,3,54,37,25,15,383,435,383,140,31,0,0,0,1,1,1
txn_04277,18,50,49,332,4,5,9,29,21,30,19,28,29,20,18,4,5,55,40,20,18,393,449,393,144,35,1,1,1,2,2,2
txn_03795,15,50,41,59,5,4,6,29,21,25,16,28,24,20,15,5,4,61,40,20,15,114,165,114,49,27,1,1,1,0,0,0
txn_03011,17,50,41,73,4,3,10,29,21,25,16,28,25,20,15,4,3,58,34,20,15,127,181,127,53,30,2,2,2,1,1,1
txn_09125,16,53,42,332,5,4,7,24,29,26,16,24,25,28,15,5,4,61,40,28,15,389,443,389,141,35,0,0,0,0,0,0
txn_01714,4,9,22,378,1,1,2,3,6,7,15,3,6,6,15,1,1,12,6,6,15,406,413,406,138,18,0,0,0,0,0,0
txn_00233,9,15,19,541,2,1,6,4,11,6,13,3,5,10,13,2,1,15,5,10,13,571,584,571,199,20,0,0,0,0,0,0
txn_07384,10,5,12,543,2,2,6,2,3,3,9,1,2,3,9,2,2,7,5,3,9,561,570,561,195,13,0,0,0,0,0,0
txn_03210,8,23,10,332,2,2,4,7,16,4,6,6,3,16,6,2,2,9,4,16,6,367,373,367,131,21,0,0,0,0,0,0
txn_09757,0,25,3,96,0,0,0,7,18,1,2,7,1,18,2,0,0,0,0,18,2,124,124,124,41,20,0,0,0,0,0,0
txn_02484,3,15,6,198,1,1,1,4,11,3,3,4,2,11,3,1,1,7,2,11,3,221,222,221,73,14,0,0,0,0,0,0
txn_08130,9,24,13,262,3,1,5,7,17,4,9,6,3,16,9,3,1,21,3,16,9,295,308,295,100,21,0,0,0,0,0,0
txn_09421,8,27,18,537,2,2,4,8,19,6,12,7,5,19,11,2,2,12,12,19,11,578,590,578,204,27,0,0,0,0,0,0
txn_01282,9,30,14,188,1,2,6,7,23,4,10,6,3,23,10,1,2,6,6,23,10,228,241,228,73,28,0,0,0,0,0,0
txn_08711,9,23,9,769,2,2,5,6,17,2,7,5,1,16,7,2,2,11,3,16,7,797,810,797,291,23,0,0,0,0,0,0
txn_04513,7,21,18,308,2,2,3,8,13,5,13,7,4,13,13,2,2,20,6,13,13,346,354,346,118,22,0,0,0,0,0,0
txn_04726,5,12,2,132,1,1,3,4,8,1,1,3,1,7,1,1,1,3,5,7,1,144,151,144,48,8,0,0,0,0,0,0
txn_06351,4,25,24,431,1,1,2,8,17,8,16,7,7,17,16,1,1,7,7,17,16,473,484,473,166,27,0,0,0,0,0,0
txn_05343,10,23,12,251,2,2,6,8,15,4,8,7,3,15,8,2,2,16,6,15,8,290,296,290,98,24,0,0,0,0,0,0
txn_00549,8,26,11,770,1,2,5,9,17,3,8,8,2,16,7,1,2,8,4,16,7,798,815,798,293,22,0,0,0,0,0,0
txn_03787,3,27,12,539,1,1,1,9,18,5,7,8,4,18,6,1,1,8,4,18,6,572,581,572,205,21,0,0,0,0,0,0
txn_00050,8,21,28,381,1,2,5,6,15,8,20,5,7,15,20,1,2,5,11,15,20,426,438,426,143,29,0,0,0,0,0,0
txn_03945,10,6,20,493,3,2,5,2,4,7,13,1,6,4,13,3,2,13,10,4,13,523,529,523,186,17,0,0,0,0,0,0
txn_05219,13,20,11,239,4,4,5,7,13,4,7,6,3,13,7,4,4,35,15,13,7,275,283,275,100,19,0,0,0,0,0,0
txn_02395,9,16,19,766,2,2,5,7,9,4,15,6,3,9,15,2,2,18,5,9,15,801,810,801,294,22,0,0,0,0,0,0
txn_09467,8,26,15,373,1,3,4,7,19,6,9,6,5,19,9,1,3,6,14,19,9,413,422,413,133,26,0,0,0,0,0,0
txn_01949,6,39,13,430,1,1,4,12,27,4,9,11,3,26,9,1,1,11,3,26,9,476,488,476,159,31,0,0,0,0,0,0
txn_09140,9,25,20,353,2,2,5,8,17,5,15,7,5,17,15,2,2,21,7,17,15,398,407,398,136,29,0,0,0,0,0,0
txn_04372,9,13,14,523,1,2,6,3,10,4,10,2,3,10,10,1,2,2,9,10,10,546,559,546,193,15,0,0,0,0,0,0
txn_08575,9,23,11,770,2,2,5,7,16,4,7,6,3,15,7,2,2,13,5,15,7,800,813,800,292,22,0,0,0,0,0,0
txn_00652,3,34,19,78,1,1,1,14,20,6,13,14,6,20,13,1,1,4,11,20,13,132,134,132,46,32,0,0,0,0,0,0
txn_09008,4,16,9,546,1,1,2,6,10,3,6,5,2,10,6,1,1,5,2,10,6,568,575,568,201,12,0,0,0,0,0,0
txn_09955,10,20,13,769,3,2,5,7,13,4,9,6,3,12,8,3,2,18,6,12,8,798,812,798,293,20,0,0,0,0,0,0
txn_06552,9,12,12,169,2,2,5,5,7,2,10,4,1,7,10,2,2,8,3,7,10,195,202,195,63,16,0,0,0,0,0,0
txn_06999,3,20,20,496,1,1,1,7,13,6,14,6,5,13,13,1,1,6,5,13,13,532,539,532,189,25,0,0,0,0,0,0
txn_02491,7,28,7,80,2,1,4,8,20,2,5,7,1,19,5,2,1,14,1,19,5,112,122,112,34,22,0,0,0,0,0,0
txn_08237,4,22,16,270,1,1,2,8,14,5,11,7,4,14,11,1,1,7,4,14,11,304,312,304,112,21,0,0,0,0,0,0
txn_02339,6,30,14,254,1,1,4,8,22,4,10,7,3,22,9,1,1,7,3,22,9,291,304,291,98,26,0,0,0,0,0,0
txn_08067,9,23,14,113,2,2,5,8,15,4,10,7,3,15,10,2,2,12,5,15,10,155,159,155,48,27,0,0,0,0,0,0
txn_00009,7,5,10,498,1,3,3,2,3,3,7,2,2,3,7,1,3,6,11,3,7,518,520,518,185,12,0,0,0,0,0,0
txn_02166,6,6,21,175,2,1,3,2,4,8,13,1,7,4,13,2,1,7,7,4,13,201,208,201,67,15,0,0,0,0,0,0
txn_06330,6,54,7,172,2,1,3,25,29,2,5,24,1,29,5,2,1,33,1,29,5,234,239,234,85,33,0,0,0,0,0,0
txn_07055,12,24,11,541,3,2,7,8,16,3,8,7,2,16,8,3,2,18,4,16,8,575,588,575,204,22,0,0,0,0,0,0
txn_00711,7,18,11,311,2,2,3,6,12,4,7,5,3,12,7,2,2,7,5,12,7,341,347,341,117,17,0,0,0,0,0,0
txn_09991,9,15,18,427,2,1,6,5,10,4,14,4,3,10,14,2,1,11,3,10,14,455,469,455,148,20,0,0,0,0,0,0
txn_06831,3,23,7,82,1,1,1,7,16,2,5,7,1,16,5,1,1,6,1,16,5,113,115,113,36,20,0,0,0,0,0,0
txn_07299,8,18,5,266,3,2,3,7,11,2,3,6,1,11,3,3,2,20,5,11,3,293,297,293,99,14,0,0,0,0,0,0
txn_00337,3,27,19,82,1,1,1,8,19,7,12,8,6,19,12,1,1,4,6,19,12,130,131,130,42,31,0,0,0,0,0,0
txn_02714,0,14,6,478,0,0,0,5,9,3,3,5,3,9,3,0,0,0,0,9,3,498,498,498,180,12,0,0,0,0,0,0
txn_08971,9,14,14,316,2,2,5,5,9,5,9,4,4,9,9,2,2,11,6,9,9,347,353,347,117,18,0,0,0,0,0,0
txn_09689,7,15,20,276,2,2,3,5,10,6,14,4,5,10,14,2,2,11,8,10,14,312,318,312,104,22,0,0,0,0,0,0
txn_04377,7,39,10,232,2,1,4,15,24,3,7,14,3,24,7,2,1,20,1,24,7,282,288,282,94,31,0,0,0,0,0,0
txn_08709,6,21,5,311,1,1,4,6,15,1,4,5,0,14,4,1,0,5,0,14,4,331,343,331,111,15,0,0,0,0,0,0
txn_05301,7,17,13,76,2,2,3,6,11,4,9,5,3,11,9,2,2,12,13,11,9,108,113,108,34,19,0,0,0,0,0,0
txn_04063,4,15,21,352,1,1,2,4,11,6,15,3,6,10,15,1,1,3,3,10,15,385,392,385,132,23,0,0,0,0,0,0
txn_07542,9,26,10,526,2,2,5,8,18,3,7,7,2,18,7,2,2,19,3,18,7,564,571,564,198,25,0,0,0,0,0,0
txn_09166,10,21,13,38,2,2,6,8,13,4,9,7,3,13,9,2,2,13,5,13,9,76,82,76,23,23,0,0,0,0,0,0
txn_03772,8,28,17,242,2,2,4,9,19,5,12,8,4,19,12,2,2,19,12,19,12,288,295,288,104,29,0,0,0,0,0,0
txn_04482,7,5,19,264,2,2,3,2,3,7,12,1,6,2,11,2,2,5,10,2,11,288,295,288,99,15,0,0,0,0,0,0
txn_04897,7,32,21,165,2,1,4,9,23,6,15,8,5,22,15,2,1,14,5,22,15,215,225,215,69,35,0,0,0,0,0,0
txn_04252,8,19,15,171,3,1,4,7,12,3,12,6,2,12,12,3,1,17,2,12,12,205,213,205,65,21,0,0,0,0,0,0
txn_05793,14,41,33,279,3,4,7,15,26,10,23,14,10,25,22,3,4,35,11,25,22,347,367,347,116,43,0,0,0,0,0,0
txn_05997,3,30,16,772,1,1,1,10,20,4,12,9,3,19,12,1,1,9,3,19,12,812,821,812,297,30,0,0,0,0,0,0
txn_05168,8,22,15,207,1,2,5,8,14,4,11,7,3,13,11,1,2,7,5,13,11,240,252,240,80,21,0,0,0,0,0,0
txn_05083,11,15,17,549,3,4,4,6,9,5,12,5,5,9,12,3,4,32,15,9,12,582,592,582,204,18,0,0,0,0,0,0
txn_02115,11,24,17,373,2,1,8,6,18,4,13,5,3,18,12,2,1,9,3,18,12,407,425,407,138,24,0,0,0,0,0,0
txn_01002,3,16,18,434,1,1,1,5,11,8,10,4,7,11,10,1,1,4,7,11,10,466,471,466,164,20,0,0,0,0,0,0
txn_06763,7,13,15,319,2,2,3,4,9,4,11,4,3,9,11,2,2,9,5,9,11,349,354,349,116,19,0,0,0,0,0,0
txn_05814,8,25,17,231,2,2,4,8,17,4,13,7,3,17,13,2,2,12,4,17,13,273,281,273,90,27,0,0,0,0,0,0
txn_06855,9,24,4,543,2,3,4,8,16,2,2,7,1,15,2,2,3,14,5,15,2,574,580,574,203,20,0,0,0,0,0,0
txn_08151,6,9,16,481,1,1,4,3,6,5,11,2,4,6,11,1,1,2,4,6,11,502,512,502,179,12,0,0,0,0,0,0
txn_07798,10,23,19,178,3,1,6,7,16,6,13,6,5,16,12,3,1,17,5,16,12,216,230,216,69,25,0,0,0,0,0,0
txn_07839,9,26,17,353,1,1,7,6,20,4,13,5,3,19,12,1,1,5,3,19,12,384,405,384,131,24,0,0,0,0,0,0
txn_02505,18,21,8,322,6,5,7,7,14,2,6,6,1,14,6,6,5,51,20,14,6,358,369,358,118,20,0,0,0,0,0,0
txn_07935,6,24,4,501,1,2,3,8,16,2,2,7,1,15,2,1,2,7,2,15,2,527,535,527,188,17,0,0,0,0,0,0
txn_09803,4,16,13,375,1,1,2,6,10,3,10,6,3,9,9,1,1,7,7,9,9,401,408,401,137,20,0,0,0,0,0,0
txn_02060,5,25,20,135,2,1,2,9,16,7,13,8,7,16,13,2,1,16,6,16,13,181,185,181,61,27,0,0,0,0,0,0
txn_02154,5,27,14,235,1,1,3,9,18,5,9,8,4,18,9,1,1,8,4,18,9,273,281,273,94,23,0,0,0,0,0,0
txn_05735,3,7,21,484,1,1,1,3,4,7,14,2,7,4,14,1,1,2,2,4,14,513,515,513,183,17,0,0,0,0,0,0
txn_03831,11,31,16,234,1,2,8,10,21,4,12,9,3,21,12,1,2,9,6,21,12,275,292,275,93,25,0,0,0,0,0,0
txn_09743,6,26,13,121,2,1,3,10,16,5,8,9,4,16,8,2,1,15,4,16,8,157,166,157,54,20,0,0,0,0,0,0
txn_09867,6,22,18,246,1,1,4,6,16,5,13,5,4,16,13,1,1,5,4,16,13,281,292,281,95,23,0,0,0,0,0,0
txn_02933,6,41,16,376,2,1,3,13,28,5,11,12,4,28,10,2,1,16,4,28,10,426,439,426,146,34,0,0,0,0,0,0
txn_02570,5,13,19,529,1,1,3,5,8,8,11,5,7,8,10,1,1,9,7,8,10,558,566,558,201,17,0,0,0,0,0,0
txn_05042,17,33,13,236,3,3,11,13,20,5,8,12,4,20,8,3,3,30,16,20,8,286,299,286,95,29,0,0,0,0,0,0
txn_02987,7,17,13,770,1,2,4,6,11,4,9,5,3,10,8,1,2,5,5,10,8,791,807,791,292,15,0,0,0,0,0,0
txn_01717,4,9,13,168,1,1,2,3,6,4,9,3,4,6,8,1,1,14,3,6,8,192,194,192,63,16,0,0,0,0,0,0
txn_08895,7,28,5,354,2,1,4,9,19,1,4,8,0,19,4,2,0,17,0,19,4,386,394,386,133,20,0,0,0,0,0,0
txn_04381,0,17,4,264,0,0,0,5,12,2,2,5,2,12,2,0,0,0,0,12,2,284,285,284,99,14,0,0,0,0,0,0
txn_06922,7,29,11,770,3,1,3,9,20,4,7,8,4,20,7,3,1,26,1,20,7,811,817,811,299,26,0,0,0,0,0,0
txn_02186,11,15,23,356,3,3,5,5,10,6,17,4,5,10,17,3,3,16,10,10,17,399,405,399,134,27,0,0,0,0,0,0
txn_00066,6,42,18,277,1,2,3,13,29,4,14,12,3,29,14,1,2,12,6,29,14,331,343,331,111,36,0,0,0,0,0,0
txn_08582,3,11,16,170,1,1,1,4,7,3,13,4,3,6,13,1,1,6,4,6,13,199,200,199,64,21,0,0,0,0,0,0
txn_05625,4,26,21,503,1,1,2,9,17,7,14,8,6,17,13,1,1,8,6,17,13,543,554,543,195,26,0,0,0,0,0,0
txn_04052,5,19,18,167,1,1,3,7,12,5,13,6,4,12,13,1,1,6,4,12,13,201,209,201,68,21,0,0,0,0,0,0
txn_04162,8,18,14,99,1,1,6,5,13,4,10,4,3,13,9,1,1,4,3,13,9,124,139,124,40,17,0,0,0,0,0,0
txn_08747,3,27,15,427,1,1,1,9,18,4,11,8,3,18,11,1,1,8,3,18,11,466,472,466,162,26,0,0,0,0,0,0
txn_09416,0,17,11,143,0,0,0,6,11,3,8,6,3,11,7,0,0,0,0,11,7,167,171,167,56,16,0,0,0,0,0,0
txn_06732,4,31,11,440,1,1,2,9,22,3,8,8,3,22,8,1,1,8,4,22,8,481,486,481,171,27,0,0,0,0,0,0
txn_04287,7,29,11,552,1,1,5,9,20,4,7,8,3,19,7,1,1,8,3,19,7,583,599,583,205,20,0,0,0,0,0,0
txn_09695,13,19,18,505,3,1,9,7,12,5,13,6,4,12,13,3,1,24,4,12,13,541,555,541,194,22,0,0,0,0,0,0
txn_05284,7,32,2,774,2,1,4,9,23,1,1,8,1,23,1,2,1,17,1,23,1,810,815,810,298,25,0,0,0,0,0,0
txn_05278,6,33,29,545,2,2,2,8,25,11,18,7,10,24,17,2,2,13,11,24,17,596,613,596,210,36,0,0,0,0,0,0
txn_05330,8,24,15,443,2,3,3,8,16,5,10,7,4,16,10,2,3,13,11,16,10,480,490,480,172,20,0,0,0,0,0,0
txn_06717,6,29,26,183,1,2,3,11,18,9,17,10,8,18,17,1,2,10,30,18,17,235,244,235,80,30,0,0,0,0,0,0
txn_09805,9,27,8,357,2,2,5,10,17,2,6,9,1,16,6,2,2,17,2,16,6,391,401,391,135,22,0,0,0,0,0,0
txn_08364,10,30,21,124,1,2,7,9,21,5,16,8,4,21,16,1,2,8,8,21,16,169,185,169,55,29,0,0,0,0,0,0
txn_03805,9,16,12,100,2,2,5,5,11,5,7,4,4,11,7,2,2,10,8,11,7,129,137,129,42,16,0,0,0,0,0,0
txn_04653,8,26,8,777,2,2,4,10,16,3,5,9,2,15,5,2,2,12,5,15,5,811,819,811,299,23,0,0,0,0,0,0
txn_01619,10,37,11,209,1,2,7,9,28,2,9,8,1,28,9,1,2,8,2,28,9,255,267,255,81,33,0,0,0,0,0,0
txn_08994,12,19,28,152,2,3,7,7,12,7,21,6,6,12,21,2,3,19,16,12,21,199,211,199,63,31,0,0,0,0,0,0
txn_01839,11,27,17,530,3,2,6,7,20,6,11,6,5,19,11,3,2,15,10,19,11,571,585,571,199,29,0,0,0,0,0,0
txn_06735,10,22,19,779,2,1,7,8,14,5,14,7,4,13,13,2,1,12,4,13,13,812,830,812,301,23,0,0,0,0,0,0
txn_00014,6,29,18,532,2,1,3,11,18,7,11,10,6,17,11,2,1,19,6,17,11,572,585,572,204,24,0,0,0,0,0,0
txn_03855,9,27,15,256,3,1,5,9,18,4,11,8,3,17,11,3,1,16,3,17,11,294,307,294,99,25,0,0,0,0,0,0
txn_04420,6,39,9,384,2,1,3,12,27,3,6,11,2,27,6,2,1,17,2,27,6,431,438,431,144,31,0,0,0,0,0,0
txn_09762,6,23,23,174,1,1,4,9,14,7,16,8,6,14,15,1,1,8,6,14,15,212,226,212,71,23,0,0,0,0,0,0
txn_04092,6,27,10,314,1,2,3,10,17,4,6,9,3,16,6,1,2,9,5,16,6,345,357,345,119,20,0,0,0,0,0,0
txn_09692,17,12,32,78,4,3,10,4,8,11,21,4,11,8,20,4,3,36,17,8,20,124,139,124,36,29,0,0,0,0,0,0
txn_02072,7,31,14,363,1,1,5,8,23,4,10,7,3,23,10,1,1,7,3,23,10,401,415,401,137,26,0,0,0,0,0,0
txn_09563,7,15,14,534,1,2,4,6,9,5,9,5,4,9,9,1,2,5,6,9,9,561,570,561,200,15,0,0,0,0,0,0
txn_02264,9,24,16,779,3,1,5,10,14,3,13,9,2,13,12,3,1,17,2,13,12,812,828,812,300,24,0,0,0,0,0,0
txn_07860,9,27,13,235,3,2,4,10,17,4,9,9,3,17,9,3,2,20,9,17,9,278,284,278,92,25,0,0,0,0,0,0
txn_04418,7,20,6,387,2,1,4,6,14,2,4,5,2,13,4,2,1,11,1,13,4,415,420,415,139,19,0,0,0,0,0,0
txn_00756,9,28,8,246,1,2,6,7,21,2,6,6,1,20,6,1,2,6,7,20,6,275,291,275,91,21,0,0,0,0,0,0
txn_00128,9,20,21,269,2,1,6,7,13,5,16,6,4,13,15,2,1,16,4,13,15,303,319,303,102,22,0,0,0,0,0,0
txn_03367,6,30,15,366,2,2,2,9,21,6,9,8,5,21,9,2,2,12,8,21,9,410,417,410,142,27,0,0,0,0,0,0
txn_07600,6,24,12,773,2,1,3,8,16,3,9,7,2,16,9,2,1,11,2,16,9,808,815,808,297,22,0,0,0,0,0,0
txn_07732,9,39,10,238,3,2,4,14,25,3,7,13,2,25,7,3,2,28,7,25,7,289,296,289,98,30,0,0,0,0,0,0
txn_06821,12,29,19,79,3,1,8,9,20,4,15,8,3,20,15,3,1,23,3,20,15,121,139,121,38,26,0,0,0,0,0,0
txn_04623,7,37,17,313,2,2,3,11,26,7,10,10,6,25,10,2,2,18,12,25,10,362,374,362,123,31,0,0,0,0,0,0
txn_00304,0,14,4,437,0,0,0,5,9,2,2,5,2,9,2,0,0,0,0,9,2,455,455,455,163,11,0,0,0,0,0,0
txn_05117,9,10,22,779,1,2,6,2,8,8,14,1,7,8,14,1,2,1,9,8,14,808,820,808,300,17,0,0,0,0,0,0
txn_01136,8,18,33,487,2,2,4,7,11,12,21,6,11,10,21,2,2,14,15,10,21,536,546,536,190,31,0,0,0,0,0,0
txn_02230,15,26,14,776,5,5,5,10,16,4,10,9,4,16,9,5,5,33,22,16,9,822,831,822,300,26,0,0,0,0,0,0
txn_01862,10,31,12,315,1,2,7,9,22,4,8,8,3,22,8,1,2,8,7,22,8,354,368,354,121,24,0,0,0,0,0,0
txn_06113,7,27,8,279,2,1,4,10,17,2,6,10,1,17,6,2,1,33,1,17,6,317,321,317,107,23,0,0,0,0,0,0
txn_00230,9,26,22,359,1,1,7,8,18,5,17,7,4,18,17,1,1,7,4,18,17,400,416,400,136,28,0,0,0,0,0,0
txn_00317,5,21,8,249,1,1,3,8,13,2,6,7,1,13,6,1,1,7,1,13,6,276,283,276,95,16,0,0,0,0,0,0
txn_03219,7,28,14,369,2,2,3,11,17,5,9,11,4,17,9,2,2,4,6,17,9,409,418,409,143,22,0,0,0,0,0,0
txn_06696,0,36,10,359,0,0,0,13,23,3,7,13,3,23,7,0,0,0,0,23,7,402,405,402,143,27,0,0,0,0,0,0
txn_01912,3,21,19,446,1,1,1,6,15,5,14,6,4,15,14,1,1,3,4,15,14,486,489,486,172,27,0,0,0,0,0,0
txn_08318,3,32,7,248,1,1,1,10,22,2,5,10,2,22,5,1,1,6,6,22,5,289,290,289,98,28,0,0,0,0,0,0
txn_02633,5,40,11,376,1,1,3,12,28,4,7,11,4,28,7,1,1,11,3,28,7,421,432,421,137,29,0,0,0,0,0,0
txn_01096,15,33,9,778,3,5,7,10,23,2,7,9,2,22,7,3,5,35,21,22,7,822,835,822,298,30,0,0,0,0,0,0
txn_04568,11,25,14,362,3,1,7,8,17,4,10,7,3,17,10,3,1,21,3,17,10,399,412,399,138,22,0,0,0,0,0,0
txn_03661,9,25,19,252,1,3,5,7,18,5,14,6,4,18,14,1,3,6,14,18,14,291,305,291,98,25,0,0,0,0,0,0
txn_05725,8,31,16,241,2,3,3,10,21,6,10,9,5,21,9,2,3,17,17,21,9,286,296,286,97,27,0,0,0,0,0,0
txn_00908,18,29,12,389,4,6,8,8,21,5,7,7,4,21,7,4,6,34,32,21,7,435,448,435,145,26,0,0,0,0,0,0
txn_07828,3,9,5,372,1,1,1,3,6,2,3,3,1,6,3,1,1,10,1,6,3,387,389,387,135,9,0,0,0,0,0,0
txn_06451,6,34,3,554,1,2,3,10,24,1,2,9,0,23,2,1,1,9,4,23,2,589,597,589,205,24,0,0,0,0,0,0
txn_04376,3,17,49,508,1,1,1,6,11,30,19,6,30,11,18,1,1,9,1,11,18,573,577,573,219,30,0,0,0,0,0,0
txn_07698,10,17,9,353,2,2,6,7,10,3,6,6,2,10,6,2,2,18,5,10,6,383,389,383,133,18,0,0,0,0,0,0
txn_04624,9,34,17,782,3,1,5,14,20,5,12,13,4,19,12,3,1,23,4,19,12,824,842,824,306,26,0,0,0,0,0,0
txn_01611,9,33,11,430,2,2,5,9,24,3,8,8,2,24,8,2,2,32,3,24,8,477,483,477,154,32,0,0,0,0,0,0
txn_01233,4,27,8,237,1,1,2,8,19,3,5,7,2,19,5,1,1,7,2,19,5,271,276,271,91,22,0,0,0,0,0,0
txn_03410,6,25,23,489,1,2,3,9,16,7,16,8,7,15,16,1,2,8,8,15,16,531,543,531,188,27,0,0,0,0,0,0
txn_03731,9,13,12,50,3,2,4,5,8,3,9,4,2,8,9,3,2,20,5,8,9,78,84,78,29,16,0,0,0,0,0,0
txn_06170,7,21,6,258,1,1,5,6,15,1,5,5,0,14,5,1,0,5,0,14,5,279,292,279,95,15,0,0,0,0,0,0
txn_06877,11,17,18,233,3,2,6,6,11,5,13,5,4,10,13,3,2,17,6,10,13,269,279,269,89,23,0,0,0,0,0,0
txn_06981,5,20,9,155,1,2,2,8,12,4,5,7,3,12,5,1,2,7,8,12,5,183,189,183,62,14,0,0,0,0,0,0
txn_03914,11,22,14,784,1,2,8,5,17,4,10,4,3,17,9,1,2,4,7,17,9,814,831,814,299,22,0,0,0,0,0,0
txn_01272,8,43,22,129,2,2,4,15,28,7,15,14,6,28,15,2,2,17,7,28,15,192,202,192,64,38,0,0,0,0,0,0
txn_01503,5,15,11,432,2,1,2,7,8,4,7,6,3,8,7,2,1,11,3,8,7,457,463,457,155,13,0,0,0,0,0,0
txn_07601,10,24,10,545,2,3,5,9,15,3,7,8,2,14,7,2,2,17,7,14,7,579,589,579,206,21,0,0,0,0,0,0
txn_00980,5,24,18,258,2,1,2,7,17,6,12,7,5,17,12,2,1,13,5,17,12,299,305,299,101,25,0,0,0,0,0,0
txn_02796,9,21,16,172,1,3,5,6,15,4,12,5,3,15,12,1,3,5,12,15,12,206,218,206,67,21,0,0,0,0,0,0
txn_00893,8,30,10,212,2,2,4,9,21,4,6,8,3,21,6,2,1,17,3,21,6,253,260,253,84,25,0,0,0,0,0,0
txn_03950,7,11,12,80,2,1,4,3,8,3,9,3,2,8,9,2,1,8,2,8,9,104,110,104,32,15,0,0,0,0,0,0
txn_09021,5,22,19,217,1,1,3,7,15,5,14,6,4,15,14,1,1,6,4,15,14,255,263,255,85,25,0,0,0,0,0,0
txn_07870,8,15,13,430,2,2,4,6,9,5,8,6,4,9,8,2,2,16,6,9,8,462,466,462,162,18,0,0,0,0,0,0
txn_03567,7,22,16,271,1,2,4,6,16,4,12,5,3,16,12,1,2,5,4,16,12,305,316,305,102,22,0,0,0,0,0,0
txn_02944,6,31,22,510,1,1,4,11,20,8,14,10,7,19,13,1,1,10,7,19,13,554,569,554,202,27,0,0,0,0,0,0
txn_01355,11,50,25,365,3,3,5,19,31,8,17,19,8,30,17,3,3,21,13,30,17,433,451,433,148,44,0,0,0,0,0,0
txn_02490,3,22,11,780,1,1,1,7,15,4,7,6,3,14,7,1,1,6,3,14,7,808,816,808,298,19,0,0,0,0,0,0
txn_09374,3,28,13,186,1,1,1,11,17,5,8,10,4,17,8,1,1,10,4,17,8,226,230,226,77,23,0,0,0,0,0,0
txn_08647,5,25,11,318,1,1,3,8,17,4,7,7,3,16,7,1,1,7,3,16,7,348,359,348,120,19,0,0,0,0,0,0
txn_05258,5,21,22,172,1,1,3,7,14,8,14,6,7,14,14,1,1,6,7,14,14,212,220,212,72,24,0,0,0,0,0,0
txn_01825,8,37,11,193,2,1,5,12,25,2,9,11,1,25,9,2,1,16,1,25,9,240,249,240,78,31,0,0,0,0,0,0
txn_04360,8,18,16,114,1,2,5,6,12,5,11,5,4,12,11,1,2,5,6,12,11,143,156,143,47,17,0,0,0,0,0,0
txn_03592,25,40,9,335,7,8,10,14,26,3,6,13,2,26,6,7,8,101,52,26,6,391,409,391,138,33,0,0,0,0,0,0
txn_02173,8,17,16,174,2,3,3,7,10,7,9,6,6,10,9,2,3,16,11,10,9,206,215,206,70,17,0,0,0,0,0,0
txn_03348,5,7,17,243,1,1,3,2,5,4,13,2,3,5,13,1,1,11,3,5,13,267,272,267,90,17,0,0,0,0,0,0
txn_01361,14,22,14,782,1,3,10,5,17,4,10,4,3,16,10,1,3,4,9,16,10,812,832,812,297,22,0,0,0,0,0,0
txn_01864,6,19,15,138,2,1,3,7,12,4,11,6,3,12,11,2,1,14,3,12,11,171,178,171,56,20,0,0,0,0,0,0
txn_09514,8,27,15,302,1,1,6,9,18,3,12,8,2,18,12,1,1,8,2,18,12,338,352,338,115,23,0,0,0,0,0,0
txn_03642,9,22,23,491,1,1,7,5,17,6,17,4,5,17,17,1,1,4,5,17,17,527,545,527,185,25,0,0,0,0,0,0
txn_04596,9,28,27,267,2,2,5,8,20,7,20,7,6,19,20,2,2,34,9,19,20,315,331,315,106,32,0,0,0,0,0,0
txn_00910,7,28,5,260,2,2,3,8,20,2,3,7,1,20,3,2,2,26,4,20,3,295,300,295,100,22,1,1,1,0,0,0
txn_01486,18,43,34,786,3,3,12,13,30,11,23,12,10,29,22,3,3,30,16,29,22,852,881,852,313,45,0,0,0,0,0,0
txn_07474,9,36,18,376,1,2,6,9,27,7,11,8,6,27,11,1,2,8,14,27,11,426,439,426,145,32,0,0,0,0,0,0
txn_07867,10,22,22,220,1,2,7,5,17,6,16,4,5,17,16,1,2,4,6,17,16,258,274,258,84,26,0,0,0,0,0,0
txn_03464,11,16,21,356,3,1,7,7,9,5,16,6,4,9,16,3,1,21,4,9,16,391,404,391,136,21,0,0,0,0,0,0
txn_06352,7,51,9,784,1,1,5,20,31,2,7,19,1,30,7,1,1,19,1,30,7,838,851,838,312,33,0,0,0,0,0,0
txn_01953,7,30,11,141,1,1,5,8,22,2,9,7,1,22,9,1,1,7,1,22,9,177,189,177,56,25,0,0,0,0,0,0
txn_06080,7,32,15,305,1,1,5,10,22,3,12,9,2,21,11,1,1,9,2,21,11,340,359,340,114,26,0,0,0,0,0,0
txn_05257,8,21,13,235,2,3,3,8,13,4,9,7,3,13,8,2,3,13,13,13,8,268,277,268,90,20,0,0,0,0,0,0
txn_09113,6,22,3,418,1,2,3,7,15,1,2,6,1,14,2,1,2,6,5,14,2,442,449,442,154,16,0,0,0,0,0,0
txn_06274,9,21,16,247,2,2,5,7,14,4,12,6,3,14,12,2,2,11,5,14,12,286,293,286,95,25,0,0,0,0,0,0
txn_00179,4,12,12,246,1,1,2,5,7,3,9,5,2,7,9,1,1,5,2,7,9,270,274,270,93,14,0,0,0,0,0,0
txn_03447,9,15,7,207,1,2,6,4,11,2,5,3,1,11,5,1,2,3,3,11,5,227,238,227,77,12,0,0,0,0,0,0
txn_08192,6,19,9,433,2,2,2,6,13,4,5,5,3,13,5,2,2,8,8,13,5,463,467,463,153,17,0,0,0,0,0,0
txn_03995,9,20,15,144,2,3,4,8,12,5,10,7,4,12,10,2,3,21,12,12,10,182,188,182,60,21,0,0,0,0,0,0
txn_00905,0,32,24,556,0,0,0,9,23,8,16,9,8,23,16,0,0,0,0,23,16,606,612,606,215,33,0,0,0,0,0,0
txn_05759,7,18,10,786,2,2,3,7,11,4,6,6,3,10,5,2,2,12,9,10,5,810,821,810,301,17,0,0,0,0,0,0
txn_09321,11,15,8,269,3,1,7,4,11,3,5,3,3,11,5,3,1,14,6,11,5,299,303,299,101,20,0,0,0,0,0,0
txn_09247,11,23,22,245,3,1,7,6,17,6,16,5,5,17,16,3,1,18,5,17,16,286,301,286,103,26,0,0,0,0,0,0
txn_05801,5,16,12,787,1,1,3,6,10,3,9,6,3,10,9,1,0,2,0,10,9,816,820,816,304,19,0,0,0,0,0,0
txn_07116,6,24,19,305,1,2,3,10,14,7,12,10,6,14,12,1,2,7,9,14,12,347,354,347,121,24,0,0,0,0,0,0
txn_04793,7,40,13,494,2,1,4,15,25,5,8,14,4,25,8,2,1,23,4,25,8,546,554,546,195,31,0,0,0,0,0,0
txn_02836,8,21,23,81,2,2,4,7,14,7,16,6,6,14,16,2,2,13,10,14,16,125,133,125,39,27,0,0,0,0,0,0
txn_01548,9,5,23,250,2,3,4,2,3,8,15,1,7,3,15,2,3,8,18,3,15,283,287,283,95,19,0,0,0,0,0,0
txn_02406,6,35,13,176,2,1,3,11,24,4,9,10,3,24,9,2,1,17,3,24,9,222,230,222,72,29,0,0,0,0,0,0
txn_04830,11,38,21,497,3,2,6,12,26,5,16,11,4,25,16,3,2,21,6,25,16,555,567,555,193,40,0,0,0,0,0,0
txn_07890,19,21,9,433,5,5,9,4,17,4,5,4,3,17,5,5,5,67,46,17,5,475,482,475,161,25,0,0,0,0,0,0
txn_08460,12,24,6,786,3,2,7,7,17,3,3,6,2,16,3,3,2,14,7,16,3,819,828,819,300,23,0,0,0,0,0,0
txn_01223,5,12,26,238,1,2,2,4,8,9,17,3,8,7,17,1,2,3,14,7,17,275,281,275,91,24,0,0,0,0,0,0
txn_06655,12,22,24,47,2,1,9,7,15,5,19,6,4,15,18,2,1,10,4,15,18,85,105,85,24,27,0,0,0,0,0,0
txn_05893,7,26,22,440,2,2,3,9,17,8,14,8,7,17,13,2,2,16,13,17,13,484,495,484,169,28,0,0,0,0,0,0
txn_05226,7,22,19,436,1,1,5,6,16,5,14,5,4,16,14,1,1,5,4,16,14,469,484,469,153,23,0,0,0,0,0,0
txn_03419,11,31,22,85,2,3,6,9,22,8,14,8,7,22,14,2,3,10,12,22,14,140,149,140,44,34,0,0,0,0,0,0
txn_01465,10,25,21,790,2,2,6,6,19,6,15,5,5,19,15,2,2,10,11,19,15,830,846,830,307,26,0,0,0,0,0,0
txn_08572,9,33,8,175,3,1,5,13,20,2,6,12,1,20,6,3,1,25,1,20,6,215,225,215,74,23,0,0,0,0,0,0
txn_00957,6,20,5,379,1,1,4,7,13,1,4,7,0,12,4,1,0,9,0,12,4,405,410,405,131,17,0,0,0,0,0,0
txn_09229,7,28,16,274,2,2,3,8,20,6,10,7,5,20,9,2,2,12,6,20,9,317,325,317,106,28,0,0,0,0,0,0
txn_03379,6,22,9,282,2,1,3,7,15,3,6,6,2,15,6,2,1,9,2,15,6,314,319,314,105,20,0,0,0,0,0,0
txn_06292,6,33,4,253,2,2,2,8,25,2,2,7,1,25,2,2,2,13,11,25,2,291,296,291,96,25,0,0,0,0,0,0
txn_02625,6,21,18,537,2,2,2,8,13,4,14,8,3,13,14,2,2,10,7,13,14,579,582,579,203,27,0,0,0,0,0,0
txn_03544,7,27,27,240,2,2,3,9,18,8,19,8,7,18,19,2,2,16,11,18,19,290,301,290,98,31,0,0,0,0,0,0
txn_04314,6,18,15,263,2,1,3,5,13,4,11,4,3,13,11,2,1,9,3,13,11,294,302,294,100,20,0,0,0,0,0,0
txn_04276,5,28,10,439,1,1,3,9,19,3,7,8,2,18,7,1,1,8,2,18,7,470,482,470,155,21,1,1,1,0,0,0
txn_04249,4,22,7,435,1,1,2,8,14,3,4,7,3,14,4,1,1,7,6,14,4,466,468,466,158,18,0,0,0,0,0,0
txn_02710,4,19,19,201,1,1,2,6,13,8,11,5,7,13,11,1,1,5,7,13,11,238,243,238,80,22,0,0,0,0,0,0
txn_06346,4,11,16,179,1,1,2,5,6,4,12,4,3,6,12,1,1,4,3,6,12,204,210,204,67,15,0,0,0,0,0,0
txn_02195,8,23,22,540,2,1,5,8,15,7,15,7,6,15,14,2,1,14,6,15,14,579,593,579,206,25,0,0,0,0,0,0
txn_09874,6,46,12,381,2,1,3,15,31,4,8,14,3,31,8,2,1,24,3,31,8,435,445,435,142,35,0,0,0,0,0,0
txn_08591,11,32,22,215,3,2,6,12,20,7,15,11,7,20,15,3,2,30,7,20,15,272,280,272,91,34,0,0,0,0,0,0
txn_02223,7,14,24,255,2,1,4,5,9,6,18,4,5,9,18,2,1,12,5,9,18,292,300,292,98,24,0,0,0,0,0,0
txn_05864,7,22,24,88,2,1,4,6,16,8,16,5,7,16,16,2,1,16,7,16,16,131,141,131,42,27,0,0,0,0,0,0
txn_06030,7,17,9,121,1,2,4,5,12,2,7,4,1,12,7,1,2,4,8,12,7,148,154,148,45,18,0,0,0,0,0,0
txn_00511,8,36,20,375,3,1,4,11,25,6,14,10,5,24,14,3,1,22,5,24,14,427,439,427,146,35,0,0,0,0,0,0
txn_09117,14,50,6,788,2,3,9,29,21,3,3,28,2,20,3,2,3,34,14,20,3,838,858,838,316,25,0,0,0,0,0,0
txn_04705,6,22,19,449,2,2,2,8,14,5,14,7,5,14,14,2,1,13,4,14,14,491,496,491,174,26,0,0,0,0,0,0
txn_04272,6,19,16,379,1,2,3,7,12,5,11,6,4,12,11,1,2,6,10,12,11,411,420,411,142,18,0,0,0,0,0,0
txn_07818,7,32,15,366,1,1,5,10,22,3,12,9,2,22,12,1,1,9,2,22,12,405,420,405,139,26,0,0,0,0,0,0
txn_01667,9,32,12,510,2,3,4,12,20,3,9,11,2,20,9,2,3,24,14,20,9,548,563,548,199,22,0,0,0,0,0,0
txn_09150,8,31,19,165,3,2,3,13,18,7,12,12,6,18,12,3,2,26,11,18,12,213,223,213,74,25,0,0,0,0,0,0
txn_03843,10,38,19,240,2,1,7,12,26,5,14,11,4,26,13,2,1,15,4,26,13,290,307,290,96,34,0,0,0,0,0,0
txn_09691,9,26,12,210,2,2,5,7,19,4,8,6,3,19,8,2,2,15,7,19,8,251,257,251,83,27,0,0,0,0,0,0
txn_03758,6,9,3,141,2,2,2,4,5,2,1,3,1,5,1,2,2,13,4,5,1,155,159,155,52,6,0,0,0,0,0,0
txn_09910,8,29,21,276,2,3,3,8,21,6,15,7,5,21,14,2,2,13,7,21,14,324,334,324,107,33,0,0,0,0,0,0
txn_09387,8,17,5,499,2,2,4,6,11,2,3,5,1,11,3,2,2,12,4,11,3,524,529,524,186,15,0,0,0,0,0,0
txn_02160,4,20,11,452,1,1,2,7,13,3,8,6,2,13,8,1,1,6,2,13,8,480,487,480,172,17,0,0,0,0,0,0
txn_03502,10,19,13,114,3,3,4,5,14,5,8,4,4,14,8,3,3,17,12,14,8,152,156,152,46,23,0,0,0,0,0,0
txn_01844,7,28,20,213,1,1,5,8,20,5,15,7,4,20,15,1,1,7,4,20,15,255,268,255,86,28,0,0,0,0,0,0
txn_03498,7,31,7,436,1,2,4,10,21,2,5,9,1,21,5,1,2,9,2,21,5,474,481,474,165,24,0,0,0,0,0,0
txn_08180,8,20,10,420,2,1,5,7,13,3,7,6,2,13,7,2,1,12,2,13,7,450,458,450,157,18,0,0,0,0,0,0
txn_05413,13,26,16,248,3,3,7,8,18,4,12,7,3,18,12,3,3,20,7,18,12,290,303,290,104,26,0,0,0,0,0,0
txn_03548,9,34,9,790,1,2,6,10,24,3,6,9,2,23,6,1,2,9,3,23,6,829,842,829,305,27,0,0,0,0,0,0
txn_03749,7,11,17,170,2,2,3,4,7,6,11,3,6,7,11,2,2,6,7,7,11,201,205,201,68,17,0,0,0,0,0,0
txn_07514,11,18,9,792,3,2,6,7,11,2,7,6,1,11,7,3,2,17,3,11,7,820,830,820,303,16,0,0,0,0,0,0
txn_03009,5,18,8,41,1,2,2,7,11,3,5,6,2,11,5,1,2,6,8,11,5,66,72,66,22,13,0,0,0,0,0,0
txn_06852,8,40,13,68,2,1,5,12,28,3,10,11,2,28,10,2,1,22,2,28,10,117,129,117,35,33,0,0,0,0,0,0
txn_07168,6,31,26,71,1,2,3,7,24,8,18,6,7,24,18,1,2,6,11,24,18,124,134,124,36,37,0,0,0,0,0,0
txn_08325,9,21,8,285,2,3,4,6,15,4,4,6,3,15,4,2,3,11,11,15,4,320,323,320,106,21,0,0,0,0,0,0
txn_07174,6,45,12,239,1,2,3,13,32,4,8,12,3,32,8,1,2,12,5,32,8,294,302,294,96,36,0,0,0,0,0,0
txn_03477,7,19,17,547,3,1,3,6,13,7,10,5,6,12,9,3,1,15,6,12,9,576,590,576,206,20,0,0,0,0,0,0
txn_06898,8,26,11,542,1,2,5,9,17,3,8,8,2,17,8,1,2,8,4,17,8,576,587,576,203,22,0,0,0,0,0,0
txn_06085,6,25,12,502,1,1,4,8,17,4,8,7,3,16,7,1,1,7,3,16,7,531,545,531,190,19,0,0,0,0,0,0
txn_09054,5,22,21,439,1,1,3,8,14,5,16,8,5,13,16,1,1,4,7,13,16,480,487,480,168,27,0,0,0,0,0,0
txn_08553,7,33,17,442,1,2,4,12,21,6,11,11,6,20,11,1,2,11,5,20,11,487,499,487,172,28,0,0,0,0,0,0
txn_05130,8,36,20,377,2,2,4,12,24,5,15,11,4,23,15,2,2,15,6,23,15,428,441,428,147,34,0,0,0,0,0,0
txn_04093,5,28,16,261,2,1,2,10,18,6,10,9,5,18,10,2,1,21,5,18,10,305,310,305,104,26,0,0,0,0,0,0
txn_05885,7,21,17,288,2,2,3,7,14,6,11,6,5,14,11,2,2,17,8,14,11,327,333,327,110,23,0,0,0,0,0,0
txn_03377,8,17,9,379,2,2,4,5,12,2,7,4,1,12,7,2,2,10,4,12,7,405,413,405,139,16,0,0,0,0,0,0
txn_04234,7,19,32,177,1,2,4,4,15,11,21,3,10,15,21,1,2,3,12,15,21,222,235,222,71,29,0,0,0,0,0,0
txn_07849,4,26,11,280,1,1,2,10,16,4,7,9,4,16,7,1,1,9,5,16,7,318,321,318,111,22,0,0,0,0,0,0
txn_00479,6,12,12,502,2,1,3,5,7,3,9,4,2,7,9,2,1,13,2,7,9,526,532,526,187,14,0,0,0,0,0,0
txn_09640,5,16,24,444,2,1,2,5,11,7,17,4,6,11,17,2,1,14,6,11,17,483,489,483,169,26,0,0,0,0,0,0
txn_05122,11,15,19,447,2,2,7,5,10,4,15,4,3,10,15,2,2,11,6,10,15,482,492,482,167,23,0,0,0,0,0,0
txn_05213,13,19,0,384,2,2,9,7,12,0,0,6,0,11,0,2,2,15,10,11,0,407,416,407,131,17,0,0,0,0,0,0
txn_02364,7,7,22,505,2,1,4,2,5,8,14,1,7,4,13,2,1,7,7,4,13,528,541,528,187,16,0,0,0,0,0,0
txn_03876,5,19,15,258,1,2,2,6,13,6,9,5,5,13,9,1,2,5,9,13,9,292,297,292,100,20,0,0,0,0,0,0
txn_04910,4,15,5,103,1,1,2,6,9,2,3,5,1,9,3,1,1,5,1,9,3,122,127,122,41,10,0,0,0,0,0,0
txn_00814,7,9,27,338,1,1,5,2,7,9,18,1,8,7,18,1,1,1,8,7,18,370,381,370,133,20,0,0,0,0,0,0
txn_02407,12,32,10,237,3,3,6,11,21,3,7,10,2,20,6,3,3,27,6,20,6,281,291,281,93,29,0,0,0,0,0,0
txn_05041,5,14,19,158,1,2,2,5,9,6,13,4,5,9,12,1,2,4,7,9,12,187,196,187,60,19,0,0,0,0,0,0
txn_08600,6,24,27,325,1,1,4,7,17,8,19,6,7,17,19,1,1,6,7,17,19,369,382,369,124,29,0,0,0,0,0,0
txn_01661,8,12,19,96,3,2,3,5,7,4,15,4,3,7,15,3,2,18,7,7,15,130,135,130,40,22,0,0,0,0,0,0
txn_04781,3,23,17,455,1,1,1,9,14,5,12,9,4,13,11,1,1,6,4,13,11,490,498,490,176,23,0,0,0,0,0,0
txn_01762,8,41,14,72,2,1,5,15,26,5,9,14,4,26,9,2,1,23,4,26,9,126,135,126,42,32,0,0,0,0,0,0
txn_02237,5,21,8,456,2,1,2,7,14,2,6,6,1,14,6,2,1,13,1,14,6,485,490,485,173,18,0,0,0,0,0,0
txn_01063,8,22,18,178,2,2,4,7,15,6,12,6,5,15,12,2,2,17,8,15,12,218,226,218,73,24,0,0,0,0,0,0
txn_08214,5,36,26,91,1,1,3,15,21,8,18,15,7,21,18,1,1,6,7,21,18,147,158,147,53,32,0,0,0,0,0,0
txn_05884,6,24,16,513,1,2,3,8,16,6,10,7,5,16,10,1,2,7,6,16,10,552,559,552,199,23,0,0,0,0,0,0
txn_09614,5,8,7,266,2,1,2,4,4,2,5,4,1,3,5,2,1,10,1,3,5,283,286,283,98,9,0,0,0,0,0,0
txn_06250,12,27,4,278,3,2,7,9,18,2,2,8,2,18,2,3,2,14,5,18,2,317,321,317,107,23,0,0,0,0,0,0
txn_01228,6,18,11,251,2,1,3,8,10,4,7,7,3,9,6,2,1,14,3,9,6,274,286,274,95,14,0,0,0,0,0,0
txn_08812,3,25,23,450,1,1,1,9,16,6,17,9,5,16,17,1,1,6,5,16,17,496,501,496,174,30,0,0,0,0,0,0
txn_02185,6,44,24,283,1,1,4,15,29,6,18,14,5,29,18,1,1,14,5,29,18,341,357,341,117,37,0,0,0,0,0,0
txn_04110,7,17,20,385,1,1,5,5,12,5,15,4,4,12,15,1,1,4,4,12,15,416,429,416,134,21,0,0,0,0,0,0
txn_07124,8,27,13,382,3,2,3,10,17,5,8,9,4,17,8,3,2,20,7,17,8,425,430,425,146,24,0,0,0,0,0,0
txn_09818,8,37,27,191,1,1,6,10,27,6,21,9,5,27,21,1,1,9,5,27,21,241,263,241,80,33,0,0,0,0,0,0
txn_04783,7,18,5,118,2,2,3,4,14,2,3,3,1,14,3,2,2,9,8,14,3,143,148,143,43,16,0,0,0,0,0,0
txn_03043,7,19,16,173,2,1,4,7,12,5,11,6,4,12,10,2,1,11,4,12,10,205,215,205,68,21,0,0,0,0,0,0
txn_00960,7,14,16,545,1,2,4,5,9,5,11,4,4,9,11,1,2,4,6,9,11,573,582,573,204,16,0,0,0,0,0,0
txn_05337,8,18,10,315,2,2,4,7,11,2,8,6,1,11,7,2,2,9,2,11,7,343,351,343,115,19,0,0,0,0,0,0
txn_09664,6,17,18,793,2,1,3,7,10,8,10,6,7,9,10,2,1,11,7,9,10,822,834,822,307,17,0,0,0,0,0,0
txn_01729,8,34,11,453,3,2,3,10,24,4,7,9,3,23,7,3,2,23,10,23,7,498,506,498,172,31,0,0,0,0,0,0
txn_01582,8,54,9,223,1,2,5,28,26,3,6,27,2,25,5,1,2,27,8,25,5,281,294,281,103,30,0,0,0,0,0,0
txn_04307,12,23,11,204,2,3,7,6,17,3,8,5,2,17,8,2,3,14,8,17,8,240,250,240,76,23,0,0,0,0,0,0
txn_02055,12,34,10,124,3,2,7,10,24,3,7,9,3,24,7,3,2,24,8,24,7,172,180,172,53,30,0,0,0,0,0,0
txn_05909,7,16,9,82,1,2,4,5,11,3,6,4,2,11,6,1,2,4,4,11,6,107,114,107,34,15,0,0,0,0,0,0
txn_06532,4,34,11,241,1,1,2,10,24,4,7,9,4,23,7,1,1,9,2,23,7,282,290,282,93,29,0,0,0,0,0,0
txn_02746,8,29,23,320,1,1,6,8,21,6,17,7,5,21,17,1,1,7,5,21,17,363,380,363,124,29,0,0,0,0,0,0
txn_02147,6,16,13,795,2,1,3,7,9,4,9,6,3,9,9,2,1,11,3,9,9,822,830,822,306,15,0,0,0,0,0,0
txn_05600,3,25,16,455,1,1,1,8,17,6,10,7,5,17,9,1,1,7,5,17,9,492,499,492,174,24,0,0,0,0,0,0
txn_04869,10,23,13,238,2,3,5,8,15,4,9,7,3,15,9,2,3,13,10,15,9,275,284,275,94,23,0,0,0,0,0,0
txn_04150,3,29,10,459,1,1,1,9,20,3,7,8,3,20,7,1,1,8,1,20,7,497,501,497,178,24,0,0,0,0,0,0
txn_00196,7,23,11,388,2,2,3,7,16,3,8,6,2,16,8,2,2,12,7,16,8,425,429,425,136,25,0,0,0,0,0,0
txn_09737,0,15,5,281,0,0,0,4,11,2,3,4,2,11,3,0,0,0,0,11,3,298,301,298,102,13,0,0,0,0,0,0
txn_06070,7,14,9,559,2,2,3,5,9,4,5,5,3,9,5,2,2,10,13,9,5,584,589,584,206,15,0,0,0,0,0,0
txn_04322,8,25,10,169,2,2,4,9,16,3,7,8,2,16,7,2,2,19,4,16,7,205,212,205,77,21,0,0,0,0,0,0
txn_06724,6,14,4,505,2,1,3,5,9,1,3,4,0,9,3,2,0,10,0,9,3,523,529,523,186,10,0,0,0,0,0,0
txn_03634,6,41,4,158,1,2,3,14,27,2,2,13,1,27,2,1,2,13,4,27,2,202,209,202,67,27,0,0,0,0,0,0
txn_01807,13,46,15,252,3,2,8,13,33,4,11,12,3,32,11,3,1,23,3,32,11,307,326,307,101,40,0,0,0,0,0,0
txn_08246,12,32,20,145,2,2,8,9,23,4,16,8,3,23,16,2,2,12,5,23,16,193,209,193,60,32,0,0,0,0,0,0
txn_01367,10,28,4,320,1,3,6,7,21,2,2,6,1,20,1,1,3,6,6,20,1,349,362,349,117,21,0,0,0,0,0,0
txn_08065,3,7,28,457,1,1,1,2,5,7,21,1,6,5,21,1,1,1,6,5,21,491,495,491,171,24,0,0,0,0,0,0
txn_02712,13,42,12,795,2,2,9,14,28,4,8,13,3,27,7,2,2,27,9,27,7,839,862,839,310,31,0,0,0,0,0,0
txn_09781,8,23,22,462,2,2,4,6,17,7,15,5,6,16,15,2,2,12,7,16,15,502,515,502,178,28,0,0,0,0,0,0
txn_09717,11,13,6,194,2,2,7,5,8,2,4,4,1,8,4,2,2,11,3,8,4,215,224,215,72,11,0,0,0,0,0,0
txn_00552,12,20,19,242,3,2,7,6,14,5,14,5,4,14,13,3,2,17,6,14,13,281,293,281,90,26,0,0,0,0,0,0
txn_02534,16,29,29,168,5,6,5,15,14,11,18,14,11,14,18,5,6,54,30,14,18,230,242,230,79,30,0,0,0,0,0,0
txn_01475,9,38,14,181,2,2,5,14,24,6,8,13,6,23,8,2,2,16,2,23,8,236,242,236,81,33,0,0,0,0,0,0
txn_08346,6,29,14,561,1,1,4,10,19,4,10,9,3,19,10,1,1,9,3,19,10,599,610,599,210,24,0,0,0,0,0,0
txn_02725,6,4,11,391,1,2,3,2,2,4,7,2,3,2,7,1,2,12,6,2,7,411,412,411,134,11,0,0,0,0,0,0
txn_01645,8,18,28,423,2,1,5,8,10,7,21,7,6,9,20,2,1,13,6,9,20,461,477,461,160,26,0,0,0,0,0,0
txn_05594,11,32,6,251,3,3,5,8,24,2,4,7,1,23,4,3,3,15,8,23,4,293,300,293,92,29,0,0,0,0,0,0
txn_02500,9,17,6,244,2,2,5,5,12,2,4,4,1,12,4,2,2,12,3,12,4,268,276,268,87,15,0,0,0,0,0,0
txn_04566,7,18,21,197,2,1,4,5,13,6,15,4,5,13,15,2,1,13,5,13,15,234,243,234,77,24,0,0,0,0,0,0
txn_05039,5,20,29,189,1,2,2,4,16,7,22,4,6,16,22,1,2,12,10,16,22,235,243,235,74,32,0,0,0,0,0,0
txn_00514,8,23,13,85,1,1,6,5,18,3,10,4,2,18,10,1,1,4,2,18,10,116,129,116,35,22,0,0,0,0,0,0
txn_03906,11,19,9,241,2,3,6,8,11,3,6,7,2,11,6,2,3,12,6,11,6,273,280,273,94,17,0,0,0,0,0,0
txn_03166,5,23,13,516,1,1,3,6,17,3,10,5,2,17,10,1,1,5,2,17,10,549,557,549,195,23,0,0,0,0,0,0
txn_08038,8,46,5,216,1,3,4,13,33,2,3,12,1,32,3,1,3,12,10,32,3,263,275,263,85,34,0,0,0,0,0,0
txn_03687,8,23,24,200,2,2,4,9,14,5,19,8,4,14,19,2,2,15,8,14,19,245,255,245,80,29,0,0,0,0,0,0
txn_08903,10,9,6,243,2,2,6,3,6,2,4,3,1,6,4,2,2,32,3,6,4,263,268,263,88,12,0,0,0,0,0,0
txn_09437,5,17,11,308,2,1,2,7,10,4,7,7,3,10,7,2,1,9,3,10,7,336,341,336,117,15,0,0,0,0,0,0
txn_00221,7,24,16,564,2,2,3,9,15,6,10,8,6,15,10,2,2,12,11,15,10,600,611,600,212,20,0,0,0,0,0,0
txn_09905,8,19,22,382,2,3,3,7,12,6,16,6,5,12,16,2,2,13,9,12,16,424,431,424,145,26,0,0,0,0,0,0
txn_03707,8,32,8,438,1,2,5,9,23,2,6,8,1,23,6,1,2,8,3,23,6,475,486,475,158,24,0,0,0,0,0,0
txn_00001,7,28,25,242,1,2,4,9,19,9,16,9,8,19,16,1,2,3,10,19,16,295,302,295,99,32,0,0,0,0,0,0
txn_08767,6,16,9,392,2,1,3,6,10,2,7,5,1,10,7,2,1,14,1,10,7,416,423,416,140,15,0,0,0,0,0,0
txn_00053,8,22,22,508,2,3,3,7,15,5,17,7,4,15,16,2,3,8,16,15,16,551,560,551,193,30,0,0,0,0,0,0
txn_07464,11,35,18,218,1,2,8,10,25,5,13,9,4,24,13,1,2,9,7,24,13,262,282,262,86,30,0,0,0,0,0,0
txn_02498,9,39,12,395,2,1,6,12,27,2,10,11,1,27,10,2,1,16,1,27,10,443,455,443,147,33,0,0,0,0,0,0
txn_09570,5,38,19,286,1,1,3,10,28,6,13,10,5,27,13,1,1,5,5,27,13,340,348,340,113,38,0,0,0,0,0,0
txn_05999,7,18,24,36,1,2,4,6,12,7,17,5,6,12,17,1,2,5,10,12,17,76,85,76,23,25,0,0,0,0,0,0
txn_06252,8,26,17,106,2,2,4,11,15,5,12,10,4,15,12,2,2,18,9,15,12,148,157,148,50,23,0,0,0,0,0,0
txn_06704,9,11,16,547,3,1,5,4,7,5,11,3,4,7,11,3,1,18,4,7,11,573,583,573,205,16,0,0,0,0,0,0
txn_08986,11,28,6,320,2,2,7,9,19,2,4,8,1,19,4,2,2,10,2,19,4,360,365,360,121,26,0,0,0,0,0,0
txn_06585,12,42,20,796,3,4,5,15,27,5,15,14,4,27,14,3,4,54,44,27,14,852,870,852,315,37,0,0,0,0,0,0
txn_08354,8,9,17,127,1,1,6,2,7,6,11,1,5,7,11,1,1,1,5,7,11,148,161,148,48,12,0,0,0,0,0,0
txn_00645,7,42,23,510,2,1,4,14,28,7,16,13,6,27,15,2,1,18,6,27,15,563,582,563,199,37,0,0,0,0,0,0
txn_06002,6,26,42,79,2,2,2,9,17,26,16,8,25,17,16,2,2,14,29,17,16,144,153,144,57,28,0,0,0,0,0,0
txn_09373,7,30,19,550,1,2,4,10,20,6,13,9,6,20,13,1,2,9,4,20,13,598,606,598,213,30,0,0,0,0,0,0
txn_09343,6,22,23,519,1,1,4,7,15,8,15,6,7,15,14,1,1,6,7,15,14,557,570,557,200,25,0,0,0,0,0,0
txn_00721,10,28,7,798,2,2,6,8,20,2,5,7,1,20,5,2,2,17,3,20,5,834,843,834,309,25,0,0,0,0,0,0
txn_08455,8,22,15,249,2,2,4,8,14,5,10,7,4,13,10,2,2,12,14,13,10,285,294,285,96,23,0,0,0,0,0,0
txn_01124,8,18,16,246,1,2,5,7,11,5,11,6,4,11,11,1,2,6,8,11,11,277,288,277,95,17,0,0,0,0,0,0
txn_09667,5,32,16,385,1,2,2,7,25,6,10,7,5,25,10,1,2,8,9,25,10,435,438,435,148,34,0,0,0,0,0,0
txn_06749,8,16,6,441,2,2,4,6,10,2,4,5,1,10,4,2,2,11,2,10,4,466,471,466,163,15,0,0,0,0,0,0
txn_02411,17,12,21,328,6,4,7,4,8,6,15,3,6,8,14,6,4,67,42,8,14,373,378,373,121,26,0,0,0,0,0,0
txn_05210,12,37,13,220,3,2,7,9,28,3,10,8,2,28,10,3,2,20,3,28,10,270,282,270,86,35,0,0,0,0,0,0
txn_05073,17,28,23,798,6,5,6,9,19,7,16,8,6,19,16,6,5,63,29,19,16,850,866,850,313,29,0,0,0,0,0,0
txn_03010,6,17,10,223,1,2,3,6,11,4,6,5,3,11,6,1,2,5,7,11,6,251,256,251,85,16,0,0,0,0,0,0
txn_06418,6,34,12,423,2,1,3,13,21,4,8,12,3,21,8,2,1,21,3,21,8,468,475,468,165,26,0,0,0,0,0,0
txn_00406,13,39,19,245,3,3,7,13,26,4,15,12,3,26,15,3,3,30,14,26,15,301,316,301,98,35,0,0,0,0,0,0
txn_06142,7,41,13,182,1,2,4,12,29,4,9,11,3,28,9,1,2,11,7,28,9,231,243,231,74,33,0,0,0,0,0,0
txn_06476,6,16,18,398,2,1,3,5,11,5,13,4,4,11,12,2,1,13,4,11,12,428,438,428,144,20,0,0,0,0,0,0
txn_01240,7,29,23,83,1,1,5,9,20,4,19,8,3,20,19,1,1,8,3,20,19,128,142,128,39,31,0,0,0,0,0,0
txn_07520,8,30,12,341,1,1,6,9,21,4,8,8,3,21,8,1,1,8,3,21,8,376,391,376,136,21,0,0,0,0,0,0
txn_06871,6,46,9,378,1,2,3,13,33,4,5,12,4,32,5,1,2,12,6,32,5,434,439,434,149,38,0,0,0,0,0,0
txn_04745,7,29,43,256,2,1,4,11,18,26,17,11,25,18,17,2,1,19,25,18,17,325,335,325,124,30,0,0,0,0,0,0
txn_05622,10,28,15,801,1,2,7,7,21,7,8,6,6,20,8,1,2,6,7,20,8,841,854,841,310,27,0,0,0,0,0,0
txn_01027,7,21,9,362,3,1,3,8,13,3,6,7,3,13,6,3,1,21,3,13,6,395,399,395,137,20,0,0,0,0,0,0
txn_06693,8,9,15,226,1,2,5,2,7,4,11,1,3,7,11,1,2,1,8,7,11,248,258,248,82,14,0,0,0,0,0,0
txn_09630,6,34,12,463,2,2,2,14,20,4,8,13,3,19,7,2,2,26,5,19,7,502,515,502,180,25,0,0,0,0,0,0
txn_00031,8,24,3,251,2,2,4,9,15,1,2,8,0,15,2,2,1,19,3,15,2,281,286,281,103,18,0,0,0,0,0,0
txn_06003,11,11,16,441,3,2,6,5,6,4,12,4,3,6,11,3,2,15,6,6,11,467,479,467,156,17,0,0,0,0,0,0
txn_01664,8,24,12,284,1,3,4,9,15,4,8,8,3,15,8,1,3,8,11,15,8,321,328,321,110,21,0,0,0,0,0,0
txn_04964,8,20,6,464,1,3,4,7,13,2,4,6,1,12,4,1,3,6,9,12,4,487,498,487,175,14,0,0,0,0,0,0
txn_03505,3,26,8,148,1,1,1,9,17,2,6,8,2,17,6,1,1,8,4,17,6,180,185,180,59,20,0,0,0,0,0,0
txn_07243,4,21,8,441,1,1,2,7,14,3,5,6,2,14,5,1,1,6,2,14,5,469,474,469,156,17,0,0,0,0,0,0
txn_07417,6,20,10,803,1,1,4,7,13,4,6,6,3,12,6,1,1,6,3,12,6,827,839,827,308,15,0,0,0,0,0,0
txn_09700,9,39,28,132,1,1,7,11,28,6,22,10,5,27,22,1,1,10,5,27,22,182,208,182,59,34,0,0,0,0,0,0
txn_01549,9,30,18,465,1,2,6,8,22,6,12,7,5,22,11,1,2,7,6,22,11,507,522,507,179,29,0,0,0,0,0,0
txn_01487,6,15,19,99,1,2,3,5,10,6,13,4,5,10,13,1,2,4,7,10,13,131,139,131,43,19,0,0,0,0,0,0
txn_05546,10,13,13,317,2,2,6,5,8,2,11,4,1,8,11,2,2,9,4,8,11,343,353,343,115,17,0,0,0,0,0,0
txn_05798,11,31,20,553,2,1,8,9,22,4,16,8,3,22,16,2,1,14,3,22,16,599,615,599,210,32,0,0,0,0,0,0
txn_07018,6,28,8,268,1,2,3,10,18,2,6,9,1,18,6,1,2,9,5,18,6,301,310,301,104,21,0,0,0,0,0,0
txn_00653,12,17,10,144,3,2,7,6,11,3,7,5,2,11,7,3,2,18,3,11,7,177,183,177,56,20,0,0,0,0,0,0
txn_01697,4,25,12,365,1,1,2,6,19,4,8,6,4,19,8,1,1,7,7,19,8,405,406,405,138,28,0,0,0,0,0,0
txn_09145,9,25,13,344,1,3,5,9,16,4,9,8,3,16,9,1,3,8,11,16,9,382,391,382,137,22,0,0,0,0,0,0
txn_09212,9,25,14,273,2,2,5,6,19,4,10,5,3,19,10,2,2,12,9,19,10,311,321,311,111,26,0,0,0,0,0,0
txn_03093,5,18,21,385,1,1,3,5,13,7,14,4,7,13,14,1,1,4,2,13,14,423,429,423,145,24,0,0,0,0,0,0
txn_09459,10,20,19,556,3,2,5,6,14,7,12,5,6,14,11,3,2,28,7,14,11,592,605,592,211,23,0,0,0,0,0,0
txn_01904,3,22,9,388,1,1,1,8,14,4,5,8,3,13,5,1,1,5,3,13,5,416,422,416,144,17,0,0,0,0,0,0
txn_04588,6,28,20,510,2,1,3,8,20,4,16,8,3,19,15,2,1,17,3,19,15,554,564,554,193,33,0,0,0,0,0,0
txn_03449,5,34,13,380,1,2,2,10,24,5,8,9,4,24,8,1,2,9,6,24,8,425,432,425,147,29,0,0,0,0,0,0
txn_02610,22,30,21,287,7,6,9,12,18,11,10,12,10,18,9,7,6,52,24,18,9,341,360,341,117,28,0,0,0,0,0,0
txn_03360,16,30,6,184,4,4,8,11,19,2,4,10,1,19,4,4,4,59,39,19,4,228,236,228,73,25,0,0,0,0,0,0
txn_04533,3,20,4,151,1,1,1,7,13,2,2,6,1,13,2,1,1,6,1,13,2,175,178,175,58,14,0,0,0,0,0,0
txn_04128,6,29,10,443,1,2,3,11,18,3,7,10,2,17,7,1,2,10,8,17,7,480,488,480,162,23,0,0,0,0,0,0
txn_01789,14,38,13,127,2,3,9,9,29,3,10,8,2,29,10,2,3,19,7,29,10,179,192,179,54,36,0,0,0,0,0,0
txn_05464,11,18,43,510,2,3,6,5,13,23,20,4,22,12,20,2,3,5,35,12,20,568,582,568,207,31,0,0,0,0,0,0
txn_00487,8,31,17,805,2,2,4,7,24,4,13,7,3,24,13,2,2,13,7,24,13,853,861,853,312,35,0,0,0,0,0,0
txn_03640,6,10,13,512,1,2,3,4,6,5,8,4,4,6,8,1,2,5,9,6,8,539,541,539,193,15,0,0,0,0,0,0
txn_01074,8,20,22,261,2,1,5,7,13,8,14,6,7,13,14,2,1,11,7,13,14,301,311,301,104,23,0,0,0,0,0,0
txn_06976,7,26,11,390,1,2,4,7,19,5,6,6,4,19,6,1,2,6,9,19,6,428,434,428,146,24,0,0,0,0,0,0
txn_05007,14,27,14,323,2,3,9,7,20,4,10,6,3,20,10,2,2,19,4,20,10,366,378,366,122,28,0,0,0,0,0,0
txn_09918,8,32,14,183,1,3,4,8,24,4,10,7,3,23,10,1,3,7,15,23,10,226,237,226,73,30,0,0,0,0,0,0
txn_00624,6,17,23,116,1,2,3,6,11,8,15,5,7,11,15,1,2,5,12,11,15,157,162,157,51,25,0,0,0,0,0,0
txn_02460,8,26,7,88,1,2,5,8,18,2,5,7,1,17,5,1,2,7,7,17,5,118,129,118,37,20,0,0,0,0,0,0
txn_03081,7,11,12,521,2,2,3,4,7,5,7,3,4,7,7,2,2,14,6,7,7,545,551,545,197,12,0,0,0,0,0,0
txn_06322,8,15,11,271,1,2,5,5,10,3,8,4,2,10,8,1,2,4,6,10,8,296,305,296,102,15,0,0,0,0,0,0
txn_03523,7,23,21,515,1,1,5,6,17,5,16,5,4,17,15,1,1,5,4,17,15,546,566,546,191,24,0,0,0,0,0,0
txn_07706,3,29,24,394,1,1,1,11,18,7,17,11,6,18,17,1,1,6,6,18,17,442,450,442,146,29,0,0,0,0,0,0
txn_05366,5,29,19,444,2,1,2,10,19,6,13,9,5,19,13,2,1,19,5,19,13,487,497,487,161,27,0,0,0,0,0,0
txn_04541,7,36,11,400,1,2,4,12,24,3,8,11,2,24,8,1,2,11,3,24,8,443,454,443,150,28,0,0,0,0,0,0
txn_05367,6,12,6,326,1,2,3,4,8,3,3,3,2,8,3,1,2,3,3,8,3,345,350,345,119,10,0,0,0,0,0,0
txn_00272,8,51,12,161,1,2,5,20,31,3,9,19,2,31,8,1,2,19,10,31,8,218,232,218,75,34,0,0,0,0,0,0
txn_06699,9,42,23,311,3,2,4,15,27,5,18,14,4,27,18,3,2,33,9,27,18,375,385,375,126,40,0,0,0,0,0,0
txn_00003,7,26,2,223,2,2,3,11,15,1,1,11,0,15,1,2,1,14,2,15,1,256,258,256,88,17,0,0,0,0,0,0
txn_08463,6,23,21,808,1,2,3,6,17,8,13,6,7,17,13,1,2,5,10,17,13,854,858,854,316,29,0,0,0,0,0,0
txn_03685,7,4,34,811,2,1,4,2,2,11,23,1,10,2,23,2,1,7,10,2,23,847,856,847,313,24,0,0,0,0,0,0
txn_04635,3,14,3,558,1,1,1,6,8,1,2,5,1,8,2,1,1,5,2,8,2,576,578,576,208,9,0,0,0,0,0,0
txn_02738,6,25,12,814,1,1,4,8,17,4,8,7,3,16,8,1,1,7,3,16,8,843,857,843,313,19,0,0,0,0,0,0
txn_05432,8,24,12,175,2,2,4,8,16,5,7,7,4,16,7,2,2,15,11,16,7,213,219,213,70,23,0,0,0,0,0,0
txn_05031,10,20,18,130,3,2,5,7,13,6,12,6,5,13,12,3,2,28,7,13,12,170,178,170,54,23,0,0,0,0,0,0
txn_03605,5,39,19,253,2,1,2,12,27,7,12,11,6,26,12,2,1,17,6,26,12,308,316,308,102,36,0,0,0,0,0,0
txn_05560,7,23,11,314,1,2,4,6,17,3,8,5,2,17,8,1,2,5,4,17,8,346,355,346,115,22,0,0,0,0,0,0
txn_09871,9,24,25,187,2,1,6,7,17,6,19,6,5,17,19,2,1,15,5,17,19,234,245,234,74,32,0,0,0,0,0,0
txn_00011,3,23,9,320,1,1,1,5,18,3,6,5,3,17,6,1,1,11,3,17,6,352,355,352,119,24,0,0,0,0,0,0
txn_05215,6,24,14,393,1,2,3,9,15,5,9,8,4,14,8,1,2,8,5,14,8,427,437,427,146,23,0,0,0,0,0,0
txn_09275,8,13,18,254,2,1,5,5,8,5,13,4,4,8,13,2,1,9,4,8,13,283,293,283,104,18,0,0,0,0,0,0
txn_06125,8,12,11,244,1,2,5,4,8,3,8,3,2,8,8,1,2,3,6,8,8,265,275,265,91,12,0,0,0,0,0,0
txn_08334,8,31,19,207,2,2,4,11,20,5,14,10,5,20,14,2,2,17,4,20,14,253,265,253,84,30,0,0,0,0,0,0
txn_00182,7,22,16,383,1,1,5,5,17,4,12,4,3,17,12,1,1,4,3,17,12,413,428,413,141,22,0,0,0,0,0,0
txn_08909,10,29,24,121,1,1,8,9,20,4,20,8,3,20,20,1,1,8,3,20,20,167,184,167,51,32,0,0,0,0,0,0
txn_08710,7,55,15,209,1,2,4,28,27,4,11,27,4,27,11,1,2,27,9,27,11,274,286,274,99,32,0,0,0,0,0,0
txn_04445,3,33,5,567,1,1,1,12,21,2,3,12,1,20,3,1,1,8,1,20,3,604,608,604,211,24,0,0,0,0,0,0
txn_05741,4,18,16,133,1,1,2,7,11,5,11,6,4,11,11,1,1,6,4,11,11,163,171,163,54,17,0,0,0,0,0,0
txn_03168,9,10,18,801,1,1,7,2,8,6,12,1,5,8,12,1,1,1,5,8,12,822,838,822,307,13,0,0,0,0,0,0
txn_05863,11,50,8,444,3,3,5,29,21,2,6,28,1,21,6,3,3,36,6,21,6,505,513,505,186,26,0,0,0,0,0,0
txn_08159,8,34,16,276,2,1,5,10,24,3,13,9,2,23,13,2,1,16,2,23,13,319,334,319,114,30,0,0,0,0,0,0
txn_05281,4,27,21,517,1,1,2,11,16,6,15,10,5,16,15,1,1,10,5,16,15,560,569,560,201,26,0,0,0,0,0,0
txn_02114,15,30,11,369,4,4,7,15,15,4,7,14,4,15,7,4,4,41,16,15,7,412,425,412,146,24,0,0,0,0,0,0
txn_00972,6,17,16,94,1,2,3,3,14,4,12,2,4,14,12,1,2,2,4,14,12,128,133,128,38,24,0,0,0,0,0,0
txn_03966,5,27,8,212,1,1,3,7,20,2,6,6,1,19,6,1,1,6,1,19,6,241,252,241,77,21,0,0,0,0,0,0
txn_07913,4,19,13,322,1,1,2,6,13,4,9,6,3,12,8,1,1,7,3,12,8,352,358,352,120,21,0,0,0,0,0,0
txn_01917,7,31,11,214,1,1,5,8,23,2,9,7,1,22,9,1,1,7,1,22,9,250,263,250,79,27,0,0,0,0,0,0
txn_04036,9,26,18,447,3,2,4,11,15,4,14,10,3,14,14,3,2,24,9,14,14,489,500,489,170,26,0,0,0,0,0,0
txn_06460,4,21,10,272,1,1,2,8,13,3,7,7,2,13,7,1,1,7,2,13,7,302,307,302,105,18,0,0,0,0,0,0
txn_06197,5,19,11,330,1,2,2,6,13,3,8,5,3,13,8,1,2,5,8,13,8,361,365,361,122,19,0,0,0,0,0,0
txn_01892,7,32,16,359,2,2,3,11,21,3,13,10,3,21,13,2,2,19,7,21,13,407,414,407,139,31,0,0,0,0,0,0
txn_08283,9,30,14,368,2,2,5,12,18,3,11,11,2,18,10,2,2,19,4,18,10,411,421,411,141,27,0,0,0,0,0,0
txn_00097,6,26,13,447,2,1,3,8,18,4,9,7,3,17,9,2,1,15,3,17,9,480,492,480,158,22,0,0,0,0,0,0
txn_08786,11,26,3,445,2,3,6,9,17,1,2,8,0,17,2,2,2,17,8,17,2,476,485,476,159,19,0,0,0,0,0,0
txn_09026,8,22,13,460,2,1,5,5,17,4,9,4,3,17,9,2,1,10,3,17,9,493,503,493,172,22,0,0,0,0,0,0
txn_05425,10,16,16,388,3,1,6,6,10,4,12,5,3,10,11,3,1,16,3,10,11,419,430,419,144,20,0,0,0,0,0,0
txn_04228,5,18,9,85,1,2,2,5,13,3,6,5,2,13,6,1,2,13,8,13,6,116,117,116,36,20,0,0,0,0,0,0
txn_09177,6,14,14,178,1,1,4,5,9,4,10,4,3,9,10,1,1,4,3,9,10,203,212,203,68,15,0,0,0,0,0,0
txn_08576,6,29,24,323,1,1,4,8,21,7,17,7,6,20,16,1,1,7,6,20,16,362,382,362,123,29,0,0,0,0,0,0
txn_04390,14,17,8,804,4,3,7,5,12,3,5,4,2,11,5,4,3,53,25,11,5,828,843,828,308,17,0,0,0,0,0,0
txn_05979,11,18,13,524,2,2,7,5,13,4,9,4,3,13,9,2,2,7,6,13,9,555,566,555,197,22,0,0,0,0,0,0
txn_04453,7,22,16,449,2,1,4,8,14,4,12,7,3,14,12,2,1,15,3,14,12,485,494,485,160,23,0,0,0,0,0,0
txn_01710,7,20,22,196,2,2,3,6,14,7,15,5,6,14,15,2,2,9,13,14,15,239,245,239,78,27,0,0,0,0,0,0
txn_02399,7,14,8,816,2,1,4,4,10,2,6,3,1,9,6,2,1,10,1,9,6,835,845,835,309,13,0,0,0,0,0,0
txn_05061,7,33,6,347,1,3,3,10,23,3,3,9,2,23,3,1,3,9,11,23,3,388,393,388,138,25,0,0,0,0,0,0
txn_06705,6,18,4,520,2,1,3,4,14,1,3,3,0,14,3,2,0,11,0,14,3,543,548,543,191,16,0,0,0,0,0,0
txn_02057,10,20,5,317,2,3,5,7,13,2,3,6,1,13,2,2,3,13,3,13,2,342,352,342,114,18,0,0,0,0,0,0
txn_09914,12,30,18,818,2,3,7,9,21,6,12,8,5,20,12,2,3,12,18,20,12,864,878,864,319,30,0,0,0,0,0,0
txn_05534,17,14,17,229,4,4,9,5,9,4,13,4,3,9,13,4,4,54,41,9,13,269,277,269,86,26,0,0,0,0,0,0
txn_09438,4,33,21,561,1,1,2,9,24,5,16,8,4,24,16,1,1,8,4,24,16,607,619,607,213,33,0,0,0,0,0,0
txn_06741,7,36,13,371,1,2,4,11,25,3,10,10,2,25,10,1,2,10,4,25,10,413,427,413,139,29,0,0,0,0,0,0
txn_02485,7,39,20,362,1,2,4,11,28,5,15,10,4,28,14,1,2,10,14,28,14,410,428,410,140,33,0,0,0,0,0,0
txn_00687,11,42,8,203,3,3,5,14,28,3,5,13,2,28,5,3,3,33,4,28,5,256,264,256,85,32,0,0,0,0,0,0
txn_09196,5,21,17,820,2,1,2,8,13,4,13,7,3,13,13,2,1,14,3,13,13,856,863,856,316,24,0,0,0,0,0,0
txn_01683,7,23,17,218,2,1,4,8,15,4,13,7,3,15,12,2,1,16,3,15,12,253,265,253,86,23,0,0,0,0,0,0
txn_03834,16,29,17,397,3,3,10,8,21,6,11,8,6,21,11,3,3,22,16,21,11,448,459,448,143,36,0,0,0,0,0,0
txn_02322,9,41,8,452,2,3,4,15,26,3,5,15,3,25,4,2,3,14,7,25,4,503,510,503,167,32,0,0,0,0,0,0
txn_06288,15,24,10,399,3,4,8,6,18,4,6,6,4,18,6,3,4,18,21,18,6,441,448,441,140,27,0,0,0,0,0,0
txn_07978,22,14,13,401,8,7,7,5,9,5,8,5,5,9,8,8,7,56,40,9,8,433,450,433,139,19,0,0,0,0,0,0
txn_09940,13,25,9,448,4,3,6,8,17,2,7,8,2,17,7,4,3,28,8,17,7,481,495,481,160,24,0,0,0,0,0,0
txn_06018,13,25,12,86,3,3,7,9,16,5,7,8,4,16,7,3,3,22,7,16,7,126,136,126,41,21,0,0,0,0,0,0
txn_01725,21,31,10,450,7,6,8,9,22,4,6,9,4,22,6,7,6,48,26,22,6,498,512,498,164,29,0,0,0,0,0,0
txn_08388,6,7,21,247,1,2,3,2,5,6,15,2,5,5,15,1,2,6,8,5,15,277,281,277,94,19,0,0,0,0,0,0
txn_09473,18,5,16,453,6,5,7,2,3,4,12,2,4,3,12,6,5,63,29,3,12,481,492,481,157,18,0,0,0,0,0,0
txn_09594,6,18,4,467,2,1,3,6,12,1,3,5,0,12,3,2,0,17,0,12,3,489,495,489,175,13,0,0,0,0,0,0
txn_08234,10,23,18,119,2,2,6,5,18,7,11,4,6,18,11,2,1,13,6,18,11,158,170,158,50,24,0,0,0,0,0,0
txn_07856,14,23,23,403,4,5,5,9,14,6,17,9,6,14,16,4,5,29,16,14,16,448,463,448,139,31,0,0,0,0,0,0
txn_06865,19,26,28,404,6,7,6,8,18,8,20,8,8,18,20,6,7,44,24,18,20,460,477,460,145,36,0,0,0,0,0,0
txn_03682,20,19,17,452,7,6,7,5,14,4,13,5,4,14,12,7,6,65,33,14,12,495,508,495,159,29,0,0,0,0,0,0
txn_04823,14,21,17,455,4,4,6,8,13,4,13,8,4,13,13,4,4,37,15,13,13,497,507,497,165,23,0,0,0,0,0,0
txn_02341,16,29,9,454,6,6,4,10,19,3,6,10,3,18,6,6,6,43,28,18,6,501,508,501,165,27,0,0,0,0,0,0
txn_00705,23,15,12,458,8,7,8,4,11,3,9,4,3,11,9,8,7,57,30,11,9,497,508,497,160,22,0,0,0,0,0,0
txn_09231,12,29,17,461,3,4,5,8,21,6,11,8,6,21,11,3,4,29,10,21,11,507,519,507,166,30,0,0,0,0,0,0
txn_01658,16,14,12,456,5,6,5,5,9,4,8,5,4,9,8,5,6,38,22,9,8,487,498,487,163,19,0,0,0,0,0,0
txn_05677,7,31,10,403,2,2,3,8,23,3,7,7,2,22,7,2,2,11,3,22,7,439,451,439,146,26,0,0,0,0,0,0
txn_04814,18,23,16,458,6,7,5,6,17,4,12,6,4,17,12,6,7,43,26,17,12,491,515,491,162,22,0,0,0,0,0,0
txn_09787,14,17,20,460,4,5,5,6,11,6,14,6,6,11,14,4,5,34,20,11,14,501,511,501,165,25,0,0,0,0,0,0
txn_04216,18,24,10,406,4,4,10,9,15,3,7,9,3,15,7,4,4,30,22,15,7,448,458,448,141,29,0,0,0,0,0,0
txn_06521,17,25,7,463,5,6,6,7,18,3,4,7,3,17,4,5,6,36,26,17,4,500,512,500,162,23,0,0,0,0,0,0
txn_09817,19,20,8,462,6,7,6,8,12,3,5,8,3,12,5,6,7,43,29,12,5,499,509,499,163,20,0,0,0,0,0,0
txn_02346,19,29,23,464,4,6,9,11,18,7,16,11,7,18,16,4,6,35,32,18,16,522,535,522,170,35,0,0,0,0,0,0
txn_06367,19,23,11,466,7,7,5,5,18,4,7,5,4,18,7,7,7,53,32,18,7,507,519,507,161,27,0,0,0,0,0,0
txn_01896,16,19,24,408,5,6,5,7,12,6,18,7,6,12,18,5,6,40,26,12,18,454,467,454,142,30,0,0,0,0,0,0
txn_07995,27,22,17,410,9,9,9,7,15,4,13,7,4,14,13,9,9,65,33,14,13,462,476,462,140,32,0,0,0,0,0,0
txn_07182,18,6,12,411,6,7,5,2,4,2,10,2,2,4,10,6,7,47,32,4,10,434,447,434,133,16,0,0,0,0,0,0
txn_07442,15,37,6,413,5,4,6,12,25,2,4,12,2,24,4,5,4,36,10,24,4,461,471,461,142,30,0,0,0,0,0,0
txn_03225,14,17,10,470,3,3,8,5,12,3,7,4,2,12,7,3,3,18,9,12,7,503,511,503,177,20,0,0,0,0,0,0
txn_00803,16,7,20,468,5,5,6,2,5,5,15,2,5,5,15,5,5,40,20,5,15,500,511,500,160,22,0,0,0,0,0,0
txn_05980,24,20,9,464,9,8,7,7,13,3,6,7,3,13,6,9,8,61,45,13,6,500,517,500,161,19,0,0,0,0,0,0
txn_01449,20,35,23,466,7,7,6,10,25,5,18,10,5,24,17,7,7,49,42,24,17,518,544,518,166,34,0,0,0,0,0,0
txn_08041,9,23,11,216,2,1,6,7,16,3,8,6,2,15,8,2,1,12,2,15,8,245,259,245,79,20,0,0,0,0,0,0
txn_02661,4,24,9,134,1,1,2,7,17,3,6,6,2,17,6,1,1,6,2,17,6,165,171,165,54,20,0,0,0,0,0,0
txn_06601,9,20,8,288,3,2,4,7,13,2,6,6,1,13,6,3,2,27,5,13,6,319,325,319,107,18,0,0,0,0,0,0
txn_08610,6,34,12,33,2,1,3,8,26,4,8,7,3,26,8,2,1,15,3,26,8,78,85,78,21,31,0,0,0,0,0,0
txn_09109,7,18,26,426,2,2,3,7,11,9,17,6,8,11,17,2,2,8,13,11,17,467,477,467,164,23,0,0,0,0,0,0
txn_04744,5,29,19,823,1,1,3,10,19,6,13,9,5,18,12,1,1,9,5,18,12,860,876,860,319,26,0,0,0,0,0,0
txn_00470,7,16,21,473,2,1,4,6,10,5,16,5,4,10,16,2,1,13,4,10,16,507,517,507,181,21,0,0,0,0,0,0
txn_00647,7,16,6,264,3,1,3,6,10,2,4,5,1,10,4,3,1,19,1,10,4,288,293,288,98,13,0,0,0,0,0,0
txn_04822,8,10,14,390,2,2,4,3,7,4,10,2,3,7,10,2,2,7,5,7,10,416,422,416,143,16,0,0,0,0,0,0
txn_06594,5,19,21,220,1,1,3,5,14,5,16,4,4,14,16,1,1,4,4,14,16,255,265,255,85,25,0,0,0,0,0,0
txn_08352,3,16,19,180,1,1,1,5,11,6,13,5,5,11,13,1,1,2,5,11,13,216,218,216,70,23,0,0,0,0,0,0
txn_08199,10,26,9,257,2,3,5,8,18,3,6,7,2,17,6,2,3,12,7,17,6,294,302,294,105,25,0,0,0,0,0,0
txn_05094,9,27,15,364,2,2,5,10,17,4,11,9,3,16,10,2,2,12,5,16,10,405,415,405,140,27,0,0,0,0,0,0
txn_03664,8,24,14,259,3,2,3,9,15,5,9,8,4,15,9,3,2,17,11,15,9,300,305,300,102,24,0,0,0,0,0,0
txn_07794,6,26,18,137,1,1,4,6,20,4,14,5,3,20,13,1,1,5,3,20,13,172,187,172,54,26,0,0,0,0,0,0
txn_09029,9,16,10,291,2,1,6,5,11,2,8,4,1,11,8,2,1,11,1,11,8,315,326,315,106,15,0,0,0,0,0,0
txn_00135,6,10,10,470,1,2,3,2,8,2,8,2,2,8,8,1,2,5,6,8,8,494,496,494,158,18,0,0,0,0,0,0
txn_02023,4,20,10,218,1,1,2,4,16,4,6,4,3,16,6,1,1,4,3,16,6,245,252,245,80,19,0,0,0,0,0,0
txn_07904,15,45,2,288,5,5,5,15,30,1,1,14,0,29,1,5,4,51,17,29,1,341,350,341,114,33,0,0,0,0,0,0
txn_05985,5,12,3,466,1,1,3,3,9,1,2,2,1,9,2,1,1,2,6,9,2,483,486,483,158,11,0,0,0,0,0,0
txn_08104,9,34,11,274,2,2,5,10,24,4,7,9,3,23,7,2,1,17,3,23,7,316,328,316,106,30,0,0,0,0,0,0
txn_00918,6,18,19,154,2,1,3,6,12,5,14,5,4,12,14,2,1,16,4,12,14,189,197,189,61,23,0,0,0,0,0,0
txn_07209,6,38,6,167,2,1,3,16,22,2,4,15,1,22,4,2,1,20,1,22,4,210,217,210,71,25,0,0,0,0,0,0
txn_02877,9,27,5,291,1,3,5,9,18,2,3,8,1,17,3,1,3,8,8,17,3,322,332,322,108,19,0,0,0,0,0,0
txn_05736,8,23,31,323,2,1,5,8,15,9,22,7,8,15,21,2,1,14,8,15,21,372,385,372,128,32,0,0,0,0,0,0
txn_04437,3,25,9,183,1,1,1,7,18,3,6,7,3,18,6,1,1,4,5,18,6,216,220,216,70,22,0,0,0,0,0,0
txn_08385,22,16,18,181,8,8,6,5,11,5,13,4,4,11,13,8,8,59,47,11,13,226,237,226,70,22,0,0,0,0,0,0
txn_02524,4,16,18,120,1,1,2,5,11,4,14,4,3,11,13,1,1,4,3,11,13,149,158,149,47,21,0,0,0,0,0,0
txn_06308,8,37,50,526,1,2,5,9,28,31,19,8,30,28,18,1,2,8,33,28,18,601,621,601,225,39,0,0,0,0,0,0
txn_00334,8,32,20,548,2,2,4,10,22,6,14,9,5,21,14,2,2,14,6,21,14,597,608,597,210,32,0,0,0,0,0,0
txn_06812,10,17,13,323,2,3,5,5,12,5,8,4,4,12,8,2,3,9,14,12,8,357,363,357,121,21,0,0,0,0,0,0
txn_00108,11,28,16,449,1,2,8,7,21,7,9,6,6,20,8,1,2,6,7,20,8,488,504,488,170,27,0,0,0,0,0,0
txn_03065,8,16,19,109,2,2,4,5,11,8,11,4,7,11,11,2,2,12,10,11,11,145,152,145,48,20,0,0,0,0,0,0
txn_07622,3,22,10,318,1,1,1,7,15,4,6,6,3,14,6,1,1,6,3,14,6,347,353,347,118,19,0,0,0,0,0,0
txn_07806,4,8,3,249,1,1,2,3,5,1,2,2,0,5,2,1,0,2,0,5,2,259,264,259,88,5,0,0,0,0,0,0
txn_06912,12,12,17,374,3,2,7,5,7,4,13,4,3,7,13,3,2,15,6,7,13,404,415,404,138,17,0,0,0,0,0,0
txn_03170,6,23,8,429,2,1,3,7,16,2,6,7,1,16,6,2,1,20,1,16,6,461,466,461,160,22,0,0,0,0,0,0
txn_09623,5,31,19,326,2,1,2,12,19,7,12,11,6,18,12,2,1,16,6,18,12,372,381,372,131,27,0,0,0,0,0,0
txn_04105,8,28,16,823,2,3,3,9,19,5,11,8,4,18,10,2,3,11,11,18,10,860,875,860,317,28,0,0,0,0,0,0
txn_07161,9,16,7,320,2,3,4,5,11,2,5,4,1,11,5,2,3,10,7,11,5,347,352,347,116,16,0,0,0,0,0,0
txn_04800,6,20,19,805,1,1,4,7,13,5,14,6,4,13,14,1,1,6,4,13,14,838,850,838,312,21,0,0,0,0,0,0
txn_03666,8,9,21,473,2,3,3,3,6,7,14,3,6,5,14,2,3,13,13,5,14,505,511,505,164,18,0,0,0,0,0,0
txn_04268,4,30,14,364,1,1,2,8,22,4,10,7,3,22,10,1,1,7,3,22,10,403,412,403,137,28,0,0,0,0,0,0
txn_09862,7,15,14,290,2,2,3,6,9,4,10,5,3,9,10,2,2,10,7,9,10,321,326,321,109,19,0,0,0,0,0,0
txn_06572,3,33,9,90,1,1,1,8,25,2,7,7,2,25,7,1,1,7,2,25,7,134,135,134,40,32,0,0,0,0,0,0
txn_06160,18,22,18,405,6,6,6,7,15,7,11,6,7,14,11,6,6,43,25,14,11,453,463,453,152,24,0,0,0,0,0,0
txn_05970,7,13,20,232,1,2,4,3,10,7,13,2,6,9,12,1,2,2,7,9,12,258,272,258,86,18,0,0,0,0,0,0
txn_01135,0,10,9,221,0,0,0,4,6,2,7,4,2,6,7,0,0,0,0,6,7,240,240,240,81,13,0,0,0,0,0,0
txn_09516,7,30,15,393,1,1,5,10,20,4,11,9,3,20,11,1,1,9,3,20,11,431,445,431,149,25,0,0,0,0,0,0
txn_09934,3,24,6,294,1,1,1,7,17,2,4,6,1,17,4,1,1,6,1,17,4,323,327,323,109,19,0,0,0,0,0,0
txn_04005,8,28,12,569,2,3,3,9,19,4,8,8,3,19,8,2,3,13,9,19,8,613,617,613,213,27,0,0,0,0,0,0
txn_01287,3,25,20,160,1,1,1,7,18,8,12,7,7,18,12,1,1,9,7,18,12,204,208,204,67,28,0,0,0,0,0,0
txn_08624,6,26,18,386,2,1,3,10,16,5,13,9,4,16,12,2,1,14,4,16,12,424,436,424,149,24,0,0,0,0,0,0
txn_09829,7,7,13,190,2,1,4,2,5,5,8,1,5,5,8,2,1,7,7,5,8,212,217,212,70,12,0,0,0,0,0,0
txn_00431,10,28,10,170,2,2,6,9,19,3,7,8,2,19,7,2,2,13,3,19,7,206,218,206,68,21,0,0,0,0,0,0
txn_01593,9,19,34,252,2,2,5,7,12,12,22,6,11,11,22,2,2,14,16,11,22,302,314,302,101,32,0,0,0,0,0,0
txn_04064,6,16,13,293,2,2,2,6,10,5,8,5,4,9,8,2,2,15,7,9,8,321,328,321,111,16,0,0,0,0,0,0
txn_01791,5,30,14,475,1,2,2,9,21,5,9,8,4,20,9,1,1,8,4,20,9,514,524,514,168,25,0,0,0,0,0,0
txn_02531,8,22,12,367,1,3,4,7,15,3,9,7,2,14,9,1,2,10,9,14,9,404,409,404,137,25,0,0,0,0,0,0
txn_02971,7,27,13,74,3,1,3,9,18,3,10,8,2,18,10,3,1,19,2,18,10,113,121,113,35,24,0,0,0,0,0,0
txn_08668,7,40,13,262,2,1,4,12,28,4,9,11,3,28,9,2,1,24,3,28,9,312,322,312,105,33,0,0,0,0,0,0
txn_00223,10,38,24,564,2,2,6,12,26,5,19,11,5,26,19,2,2,19,12,26,19,621,636,621,220,38,0,0,0,0,0,0
txn_00638,7,28,24,275,3,1,3,11,17,8,16,10,7,17,16,3,1,20,7,17,16,325,334,325,113,29,0,0,0,0,0,0
txn_09383,13,21,17,112,3,3,7,8,13,6,11,7,5,13,11,3,3,31,11,13,11,159,163,159,50,28,0,0,0,0,0,0
txn_00077,7,29,22,449,2,1,4,8,21,5,17,7,4,21,17,2,1,16,4,21,17,496,507,496,171,33,0,0,0,0,0,0
txn_00593,5,28,9,572,1,1,3,8,20,3,6,7,2,20,6,1,1,7,2,20,6,606,614,606,211,23,0,0,0,0,0,0
txn_06234,9,41,23,226,2,1,6,12,29,8,15,11,7,29,15,2,1,15,7,29,15,282,299,282,95,35,0,0,0,0,0,0
txn_00565,9,19,14,253,2,1,6,4,15,3,11,3,2,15,11,2,1,6,2,15,11,284,295,284,94,22,0,0,0,0,0,0
txn_02374,6,41,10,567,1,1,4,12,29,3,7,11,2,29,7,1,1,11,2,29,7,609,624,609,215,29,0,0,0,0,0,0
txn_04398,7,24,15,432,2,2,3,8,16,4,11,7,3,16,10,2,2,10,9,16,10,468,478,468,161,25,0,0,0,0,0,0
txn_03058,8,34,10,388,2,2,4,11,23,3,7,10,2,22,7,2,2,18,5,22,7,429,440,429,148,27,0,0,0,0,0,0
txn_02748,6,27,6,259,2,2,2,8,19,2,4,7,2,19,4,2,2,14,3,19,4,293,298,293,107,21,0,0,0,0,0,0
txn_05138,4,54,26,267,1,1,2,28,26,7,19,28,7,26,19,1,1,3,3,26,19,339,351,339,127,36,0,0,0,0,0,0
txn_00576,7,26,17,115,1,2,4,8,18,4,13,7,3,18,13,1,2,7,6,18,13,156,165,156,49,27,0,0,0,0,0,0
txn_09067,4,20,5,88,1,1,2,7,13,2,3,6,1,13,3,1,1,6,1,13,3,112,117,112,37,14,0,0,0,0,0,0
txn_05246,7,20,21,186,1,2,4,5,15,7,14,4,7,14,13,1,2,4,8,14,13,221,234,221,71,24,0,0,0,0,0,0
txn_02249,6,19,21,275,1,1,4,7,12,7,14,6,6,12,14,1,1,6,6,12,14,310,321,310,109,20,0,0,0,0,0,0
txn_07510,10,25,12,251,2,1,7,8,17,2,10,7,1,17,10,2,1,16,1,17,10,283,298,283,96,20,0,0,0,0,0,0
txn_06628,6,34,22,102,2,2,2,13,21,5,17,12,4,21,17,2,2,18,7,21,17,155,164,155,51,32,0,0,0,0,0,0
txn_09382,9,34,17,528,3,1,5,10,24,5,12,9,4,24,12,3,1,29,4,24,12,575,588,575,205,29,0,0,0,0,0,0
txn_04971,7,19,7,808,2,2,3,7,12,2,5,6,1,12,4,2,2,14,4,12,4,835,841,835,310,17,0,0,0,0,0,0
txn_02324,4,17,6,175,1,1,2,5,12,2,4,4,2,12,4,1,1,4,3,12,4,200,202,200,67,16,0,0,0,0,0,0
txn_04996,10,11,19,377,1,1,8,2,9,6,13,1,5,9,13,1,1,1,5,9,13,399,417,399,137,14,0,0,0,0,0,0
txn_00208,10,16,7,223,2,2,6,5,11,3,4,4,2,10,4,2,2,11,6,10,4,250,256,250,84,18,0,0,0,0,0,0
txn_08594,7,34,20,172,1,1,5,14,20,6,14,13,5,20,14,1,1,13,5,20,14,219,233,219,85,27,0,0,0,0,0,0
txn_06522,3,18,27,523,1,1,1,8,10,8,19,8,8,10,18,1,1,7,1,10,18,566,571,566,204,26,0,0,0,0,0,0
txn_03463,6,24,4,434,1,2,3,8,16,2,2,7,1,16,2,1,2,7,2,16,2,462,468,462,162,16,0,0,0,0,0,0
txn_04077,15,16,17,396,4,4,7,5,11,5,12,4,4,11,11,4,4,54,42,11,11,431,444,431,146,22,0,0,0,0,0,0
txn_00083,5,39,15,823,2,1,2,16,23,6,9,15,5,22,9,2,1,20,5,22,9,874,882,874,327,30,0,0,0,0,0,0
txn_01536,11,20,14,229,3,3,5,5,15,5,9,4,4,15,9,3,3,17,12,15,9,264,274,264,87,21,0,0,0,0,0,0
txn_03665,7,20,15,476,2,2,3,9,11,5,10,8,4,11,10,2,2,13,6,11,10,512,518,512,185,19,0,0,0,0,0,0
txn_02268,8,31,19,575,1,1,6,9,22,7,12,8,6,22,12,1,1,8,6,22,12,617,633,617,216,27,0,0,0,0,0,0
txn_08007,5,23,8,175,2,1,2,7,16,3,5,6,2,16,5,2,1,10,2,16,5,207,211,207,68,20,0,0,0,0,0,0
txn_08222,5,23,19,157,1,1,3,7,16,3,16,6,2,16,15,1,1,6,2,16,15,191,204,191,59,26,0,0,0,0,0,0
txn_03276,9,29,18,525,1,1,7,9,20,4,14,8,3,20,13,1,1,8,3,20,13,563,581,563,200,26,0,0,0,0,0,0
txn_06881,10,28,10,578,3,2,5,11,17,2,8,10,1,17,8,3,2,43,4,17,8,618,626,618,216,24,0,0,0,0,0,0
txn_07485,6,15,11,39,1,2,3,4,11,5,6,3,4,11,6,1,2,3,11,11,6,66,71,66,20,16,0,0,0,0,0,0
txn_05345,3,13,14,390,1,1,1,5,8,5,9,4,4,8,9,1,1,4,4,8,9,417,420,417,147,16,0,0,0,0,0,0
txn_00342,4,24,33,463,1,1,2,7,17,11,22,7,10,17,21,1,1,6,10,17,21,515,524,515,180,36,0,0,0,0,0,0
txn_04147,5,17,27,173,1,1,3,5,12,9,18,4,8,11,17,1,1,4,8,11,17,208,222,208,69,24,0,0,0,0,0,0
txn_02701,4,21,9,180,1,1,2,7,14,2,7,6,1,14,7,1,1,6,1,14,7,209,214,209,68,19,0,0,0,0,0,0
txn_06908,9,32,20,469,1,1,7,9,23,7,13,8,6,22,13,1,1,8,6,22,13,510,530,510,167,28,0,0,0,0,0,0
txn_07078,7,23,22,531,2,2,3,9,14,6,16,8,5,13,15,2,2,22,11,13,15,570,583,570,204,26,0,0,0,0,0,0
txn_01217,6,12,27,471,1,2,3,4,8,9,18,3,8,8,17,1,2,3,14,8,17,507,516,507,166,24,0,0,0,0,0,0
txn_05174,8,32,4,293,2,2,4,11,21,1,3,10,0,21,3,2,1,19,5,21,3,330,337,330,111,23,0,0,0,0,0,0
txn_03755,9,30,12,224,2,2,5,9,21,5,7,8,4,21,7,2,2,14,9,21,7,269,275,269,88,28,0,0,0,0,0,0
txn_07506,18,14,9,255,5,7,6,5,9,3,6,5,2,9,6,5,7,54,41,9,6,294,296,294,94,19,0,0,0,0,0,0
txn_08921,5,32,18,370,1,2,2,9,23,7,11,8,6,23,11,1,2,8,7,23,11,419,425,419,144,31,0,0,0,0,0,0
txn_00971,8,29,12,233,1,2,5,9,20,4,8,8,3,20,8,1,2,8,6,20,8,271,282,271,92,23,0,0,0,0,0,0
txn_05236,10,11,12,247,3,3,4,4,7,3,9,3,2,7,9,3,3,14,8,7,9,274,280,274,89,16,0,0,0,0,0,0
txn_03082,14,31,25,193,3,3,8,12,19,8,17,11,7,19,16,3,3,35,10,19,16,249,263,249,81,35,0,0,0,0,0,0
txn_06110,5,28,28,184,1,1,3,8,20,7,21,8,6,19,21,1,1,4,6,19,21,235,245,235,75,36,0,0,0,0,0,0
txn_01225,5,10,26,373,2,1,2,3,7,8,18,3,8,7,18,2,1,17,2,7,18,408,414,408,139,25,0,0,0,0,0,0
txn_00129,3,19,9,465,1,1,1,8,11,4,5,7,3,11,5,1,1,7,3,11,5,492,496,492,176,15,0,0,0,0,0,0
txn_09723,8,14,9,254,2,2,4,5,9,3,6,4,3,9,6,2,2,12,3,9,6,280,285,280,96,14,0,0,0,0,0,0
txn_01623,7,22,17,278,2,2,3,7,15,5,12,7,4,14,12,2,2,11,9,14,12,318,324,318,108,26,0,0,0,0,0,0
txn_02920,10,18,23,825,3,2,5,6,12,7,16,5,6,11,16,3,2,17,10,11,16,864,876,864,319,26,0,0,0,0,0,0
txn_09524,12,32,13,117,2,2,8,8,24,2,11,7,1,24,11,2,2,11,7,24,11,161,174,161,48,32,0,0,0,0,0,0
txn_02045,8,25,21,333,1,1,6,5,20,4,17,4,3,20,17,1,1,4,3,20,17,373,387,373,122,30,0,0,0,0,0,0
txn_01878,5,15,12,336,2,2,1,6,9,4,8,5,3,9,8,2,2,12,5,9,8,365,368,365,124,16,0,0,0,0,0,0
txn_07524,5,38,15,295,1,1,3,12,26,5,10,11,4,26,10,1,1,11,4,26,10,345,353,345,119,32,0,0,0,0,0,0
txn_06087,3,16,24,398,1,1,1,5,11,7,17,4,7,11,17,1,1,4,3,11,17,437,441,437,152,25,0,0,0,0,0,0
txn_05208,10,28,18,146,3,2,5,12,16,4,14,11,3,16,14,3,2,19,7,16,14,191,202,191,63,25,0,0,0,0,0,0
txn_01958,10,55,20,468,1,2,7,25,30,6,14,24,5,30,14,1,2,24,9,30,14,536,553,536,196,37,0,0,0,0,0,0
txn_03867,26,42,10,477,7,8,11,14,28,3,7,13,2,27,7,7,8,102,53,27,7,538,555,538,171,35,0,0,0,0,0,0
txn_07933,9,45,13,810,3,1,5,15,30,4,9,14,3,29,9,3,1,31,3,29,9,859,877,859,317,35,0,0,0,0,0,0
txn_05812,3,20,23,827,1,1,1,7,13,7,16,6,6,12,15,1,1,6,6,12,15,861,873,861,320,24,0,0,0,0,0,0
txn_01010,7,27,18,350,2,2,3,9,18,5,13,8,5,17,12,2,2,14,8,17,12,393,402,393,139,28,0,0,0,0,0,0
txn_01294,8,6,27,532,2,2,4,3,3,9,18,3,8,3,17,2,2,8,13,3,17,565,573,565,202,22,0,0,0,0,0,0
txn_07917,16,35,14,77,4,5,7,10,25,5,9,9,4,25,9,4,5,42,20,25,9,132,142,132,39,33,0,0,0,0,0,0
txn_05854,3,16,8,533,1,1,1,6,10,3,5,5,2,10,5,1,1,5,2,10,5,557,560,557,201,14,0,0,0,0,0,0
txn_02271,0,12,11,401,0,0,0,5,7,3,8,5,3,7,8,0,0,0,0,7,8,424,424,424,150,15,0,0,0,0,0,0
txn_05950,6,22,17,323,1,2,3,7,15,6,11,7,5,15,11,1,2,5,8,15,11,365,368,365,124,26,0,0,0,0,0,0
txn_06297,5,18,18,376,1,1,3,5,13,4,14,4,3,13,14,1,1,4,3,13,14,408,417,408,139,22,0,0,0,0,0,0
txn_02262,10,43,7,248,3,2,5,15,28,2,5,14,1,28,5,3,2,31,8,28,5,300,308,300,99,31,0,0,0,0,0,0
txn_07606,9,20,19,379,3,2,4,7,13,5,14,6,4,13,14,3,2,29,7,13,14,419,427,419,143,25,0,0,0,0,0,0
txn_03809,6,19,10,185,2,1,3,6,13,3,7,6,2,13,7,2,1,14,2,13,7,215,220,215,73,19,0,0,0,0,0,0
txn_02735,3,15,12,570,1,1,1,4,11,3,9,3,2,11,8,1,1,3,2,11,8,594,600,594,210,18,0,0,0,0,0,0
txn_07745,17,42,9,380,3,6,8,16,26,3,6,15,3,25,6,3,6,36,23,25,6,438,448,438,148,36,0,0,0,0,0,0
txn_02473,11,21,19,828,2,3,6,6,15,6,13,5,5,15,12,2,3,19,12,15,12,864,879,864,318,25,0,0,0,0,0,0
txn_00751,7,34,10,280,2,2,3,11,23,4,6,10,4,22,6,2,2,17,3,22,6,324,331,324,110,29,0,0,0,0,0,0
txn_05494,4,21,22,393,1,1,2,7,14,5,17,6,5,14,17,1,1,6,5,14,17,433,440,433,148,26,0,0,0,0,0,0
txn_02183,5,35,25,264,1,1,3,10,25,8,17,10,7,25,17,1,1,4,7,25,17,323,329,323,107,40,0,0,0,0,0,0
txn_08681,17,23,17,267,5,4,8,8,15,5,12,7,4,15,12,5,4,65,41,15,12,312,324,312,103,26,0,0,0,0,0,0
txn_04449,10,33,8,171,3,2,5,9,24,2,6,8,1,24,6,3,2,17,3,24,6,215,222,215,67,29,0,0,0,0,0,0
txn_08450,6,35,15,328,1,1,4,10,25,5,10,9,4,25,10,1,1,9,4,25,10,371,384,371,127,29,0,0,0,0,0,0
txn_01733,7,30,17,186,1,1,5,8,22,4,13,7,3,21,12,1,1,7,3,21,12,225,240,225,73,29,0,0,0,0,0,0
txn_09588,6,32,20,251,2,1,3,12,20,7,13,11,6,20,13,2,1,16,6,20,13,299,309,299,101,28,0,0,0,0,0,0
txn_04159,10,17,11,572,2,1,7,5,12,2,9,4,1,12,9,2,1,11,1,12,9,596,610,596,211,16,0,0,0,0,0,0
txn_07852,13,25,15,163,3,2,8,10,15,4,11,9,3,15,10,3,2,19,7,15,10,207,216,207,67,28,0,0,0,0,0,0
txn_03282,9,20,10,452,1,2,6,7,13,3,7,6,2,13,7,1,2,6,6,13,7,479,491,479,169,15,0,0,0,0,0,0
txn_06046,8,29,13,473,2,2,4,11,18,4,9,10,3,18,9,2,2,17,9,18,9,512,523,512,170,22,0,0,0,0,0,0
txn_02236,3,27,29,206,1,1,1,7,20,8,21,6,7,20,21,1,1,6,7,20,21,255,265,255,84,33,0,0,0,0,0,0
txn_04203,5,18,13,415,2,1,2,6,12,5,8,5,5,12,8,2,1,9,2,12,8,447,451,447,142,18,0,0,0,0,0,0
txn_03023,9,27,19,282,2,2,5,12,15,6,13,11,5,15,13,2,2,18,8,15,13,326,337,326,116,24,0,0,0,0,0,0
txn_02697,4,9,9,437,1,1,2,2,7,2,7,1,1,7,7,1,1,1,1,7,7,454,459,454,157,12,0,0,0,0,0,0
txn_01293,17,33,7,256,4,4,9,11,22,2,5,10,1,21,5,4,4,60,39,21,5,301,313,301,100,27,0,0,0,0,0,0
txn_08157,6,29,15,455,1,1,4,8,21,5,10,7,4,20,10,1,1,7,4,20,10,491,505,491,172,24,0,0,0,0,0,0
txn_02789,5,32,7,527,1,1,3,13,19,2,5,12,1,19,5,1,1,12,1,19,5,562,571,562,204,19,0,0,0,0,0,0
txn_05327,5,26,22,581,1,2,2,8,18,6,16,7,6,18,15,1,2,7,13,18,15,625,634,625,218,29,0,0,0,0,0,0
txn_07946,8,34,16,118,2,1,5,13,21,4,12,12,3,21,12,2,1,23,3,21,12,165,176,165,55,28,0,0,0,0,0,0
txn_01802,7,17,19,258,1,2,4,5,12,6,13,4,5,12,13,1,2,4,6,12,13,292,301,292,100,21,0,0,0,0,0,0
txn_04924,5,32,7,479,2,1,2,13,19,2,5,12,1,18,5,2,1,18,1,18,5,515,523,515,186,21,0,0,0,0,0,0
txn_04548,8,22,13,296,1,2,5,8,14,5,8,7,4,14,8,1,2,7,10,14,8,328,339,328,112,19,0,0,0,0,0,0
txn_01634,5,30,13,278,1,1,3,10,20,3,10,9,2,20,10,1,1,9,2,20,10,318,326,318,109,26,0,0,0,0,0,0
txn_05959,10,23,12,270,2,1,7,7,16,3,9,6,2,16,9,2,1,12,2,16,9,302,315,302,101,20,0,0,0,0,0,0
txn_04378,6,38,8,257,1,2,3,13,25,2,6,12,1,25,6,1,2,12,3,25,6,303,309,303,103,29,0,0,0,0,0,0
txn_02978,9,22,16,254,2,2,5,8,14,5,11,7,4,14,11,2,2,13,10,14,11,294,301,294,99,24,0,0,0,0,0,0
txn_02209,10,13,14,471,1,3,6,4,9,4,10,3,3,9,10,1,3,3,7,9,10,496,508,496,174,15,0,0,0,0,0,0
txn_00008,6,34,5,117,1,2,3,9,25,2,3,8,1,25,3,1,2,8,7,25,3,156,162,156,48,26,0,0,0,0,0,0
txn_03138,13,19,14,382,4,3,6,8,11,5,9,7,4,11,9,4,3,58,38,11,9,419,428,419,144,20,0,0,0,0,0,0
txn_02873,9,19,16,285,3,2,4,7,12,5,11,6,4,11,11,3,1,18,4,11,11,321,329,321,110,22,0,0,0,0,0,0
txn_04026,5,29,11,287,1,2,2,9,20,4,7,8,4,19,7,1,1,8,2,19,7,323,332,323,111,24,0,0,0,0,0,0
txn_00540,13,18,21,830,2,3,8,5,13,6,15,4,5,13,14,2,3,12,18,13,14,868,882,868,321,27,0,0,0,0,0,0
txn_02161,5,13,7,583,1,1,3,4,9,2,5,3,1,9,5,1,1,3,1,9,5,600,608,600,210,11,0,0,0,0,0,0
txn_08814,5,42,17,261,1,1,3,14,28,4,13,13,3,28,12,1,1,13,3,28,12,311,325,311,107,33,0,0,0,0,0,0
txn_09404,6,21,13,188,2,2,2,7,14,5,8,6,4,14,8,2,2,15,7,14,8,225,228,225,76,22,0,0,0,0,0,0
txn_02110,8,34,22,122,1,2,5,8,26,6,16,7,5,26,16,1,2,7,7,26,16,176,186,176,53,38,0,0,0,0,0,0
txn_00716,3,17,7,812,1,1,1,5,12,3,4,4,2,12,4,1,1,4,2,12,4,833,839,833,311,13,0,0,0,0,0,0
txn_08447,7,39,13,407,1,2,4,12,27,3,10,11,2,26,10,1,2,11,10,26,10,452,466,452,153,30,0,0,0,0,0,0
txn_05191,8,30,23,186,2,1,5,8,22,5,18,7,4,22,18,2,1,16,4,22,18,233,247,233,71,34,0,0,0,0,0,0
txn_09601,10,33,12,331,1,2,7,8,25,4,8,7,3,24,7,1,2,7,6,24,7,367,386,367,125,27,0,0,0,0,0,0
txn_08502,12,12,20,147,2,3,7,2,10,7,13,1,6,10,13,2,3,5,35,10,13,181,191,181,57,21,0,0,0,0,0,0
txn_05996,20,15,11,479,7,8,5,4,11,4,7,4,4,11,7,7,8,50,34,11,7,515,525,515,167,19,0,0,0,0,0,0
txn_00363,5,24,22,440,1,1,3,8,16,8,14,7,8,16,14,1,1,7,1,16,14,482,491,482,170,25,0,0,0,0,0,0
txn_01003,11,12,20,125,1,1,9,2,10,6,14,1,5,10,14,1,1,1,5,10,14,149,168,149,48,15,0,0,0,0,0,0
txn_03036,8,38,13,536,2,2,4,9,29,4,9,8,3,28,9,2,2,10,8,28,9,585,595,585,204,36,0,0,0,0,0,0
txn_08543,6,21,16,586,1,2,3,6,15,6,10,5,5,15,9,1,2,5,9,15,9,619,629,619,216,22,0,0,0,0,0,0
txn_08981,9,35,13,815,3,2,4,13,22,3,10,12,2,22,10,3,2,26,5,22,10,861,872,861,319,30,0,0,0,0,0,0
txn_09979,9,19,8,404,3,1,5,7,12,3,5,6,3,12,5,3,1,26,8,12,5,435,440,435,151,18,0,0,0,0,0,0
txn_00217,3,17,7,831,1,1,1,5,12,3,4,4,2,11,4,1,1,4,2,11,4,850,858,850,316,14,0,0,0,0,0,0
txn_06223,10,27,15,134,1,3,6,9,18,4,11,8,3,18,11,1,3,8,11,18,11,174,186,174,57,25,0,0,0,0,0,0
txn_05796,7,13,14,128,2,1,4,5,8,3,11,4,2,8,11,2,1,14,2,8,11,154,162,154,49,16,0,0,0,0,0,0
txn_04374,6,20,5,298,1,2,3,8,12,2,3,7,1,12,3,1,2,7,2,12,3,321,329,321,112,12,0,0,0,0,0,0
txn_01631,8,20,26,236,1,1,6,4,16,7,19,3,6,16,18,1,1,3,6,16,18,274,290,274,90,28,0,0,0,0,0,0
txn_01871,11,19,17,174,3,1,7,7,12,4,13,6,3,12,13,3,1,21,3,12,13,209,221,209,67,22,0,0,0,0,0,0
txn_01082,6,39,20,476,1,2,3,12,27,8,12,11,7,26,11,1,2,11,11,26,11,523,541,523,172,32,0,0,0,0,0,0
txn_08952,4,11,11,326,1,1,2,4,7,3,8,4,3,7,8,1,1,8,5,7,8,352,352,352,120,17,0,0,0,0,0,0
txn_00816,7,17,13,178,2,2,3,5,12,5,8,4,4,12,8,2,2,15,10,12,8,210,215,210,70,19,0,0,0,0,0,0
txn_07691,9,30,12,818,1,2,6,9,21,4,8,8,4,21,8,1,2,8,6,21,8,856,869,856,318,25,0,0,0,0,0,0
txn_07123,11,16,19,538,3,3,5,6,10,6,13,5,5,10,12,3,3,26,12,10,12,575,584,575,205,23,0,0,0,0,0,0
txn_06851,6,39,16,178,1,1,4,12,27,5,11,11,4,26,11,1,1,11,4,26,11,226,239,226,74,33,0,0,0,0,0,0
txn_00378,6,27,19,48,2,1,3,9,18,8,11,8,8,18,11,2,1,16,4,18,11,94,100,94,32,26,0,0,0,0,0,0
txn_01477,9,41,25,821,2,2,5,12,29,7,18,11,6,28,17,2,2,18,7,28,17,876,896,876,322,39,0,0,0,0,0,0
txn_00310,6,29,11,120,1,2,3,10,19,4,7,9,3,19,7,1,2,9,5,19,7,158,166,158,53,22,0,0,0,0,0,0
txn_08341,5,30,22,418,1,1,3,11,19,6,16,10,5,18,15,1,1,10,5,18,15,459,475,459,145,28,0,0,0,0,0,0
txn_09535,5,31,12,174,1,2,2,9,22,4,8,8,3,22,8,1,2,8,4,22,8,215,222,215,71,26,0,0,0,0,0,0
txn_08115,9,25,12,227,2,2,5,9,16,4,8,8,3,16,8,2,1,19,3,16,8,265,273,265,88,22,0,0,0,0,0,0
txn_04139,10,27,4,550,2,2,6,8,19,2,2,7,1,18,2,2,2,18,7,18,2,584,591,584,205,24,0,0,0,0,0,0
txn_05781,19,42,13,299,4,7,8,16,26,5,8,16,5,25,8,4,7,49,41,25,8,357,373,357,120,34,0,0,0,0,0,0
txn_07431,7,28,28,329,2,2,3,7,21,9,19,6,8,20,18,2,2,13,12,20,18,377,392,377,127,33,0,0,0,0,0,0
txn_05676,5,35,12,329,1,1,3,9,26,3,9,8,2,26,9,1,1,8,2,26,9,371,381,371,124,29,0,0,0,0,0,0
txn_02021,10,16,11,149,2,3,5,4,12,4,7,3,3,11,7,2,3,17,12,11,7,176,186,176,55,18,0,0,0,0,0,0
txn_08058,8,24,7,481,1,1,6,7,17,1,6,6,0,17,6,1,0,6,0,17,6,507,520,507,181,17,0,0,0,0,0,0
txn_05990,24,25,24,270,8,10,6,8,17,8,16,7,7,17,16,8,10,56,51,17,16,331,343,331,107,31,0,0,0,0,0,0
txn_07668,10,25,13,332,1,3,6,7,18,4,9,6,3,18,9,1,3,6,13,18,9,368,380,368,127,23,0,0,0,0,0,0
txn_00775,9,11,11,163,3,2,4,2,9,3,8,1,2,9,8,3,2,22,4,9,8,188,194,188,58,17,0,0,0,0,0,0
txn_05809,6,18,6,186,2,1,3,5,13,2,4,5,1,13,4,2,1,11,1,13,4,212,216,212,70,16,0,0,0,0,0,0
txn_04293,8,23,11,339,2,2,4,7,16,3,8,6,3,16,8,2,2,13,6,16,8,373,381,373,126,22,0,0,0,0,0,0
txn_02329,10,41,14,530,2,1,7,12,29,2,12,11,1,28,12,2,1,16,1,28,12,578,595,578,203,35,0,0,0,0,0,0
txn_03024,7,27,18,50,3,1,3,8,19,5,13,7,4,19,13,3,1,29,4,19,13,95,102,95,28,29,0,0,0,0,0,0
txn_07905,3,31,6,75,1,1,1,9,22,3,3,9,2,22,3,1,1,1,2,22,3,113,115,113,36,24,0,0,0,0,0,0
txn_02989,7,24,15,250,1,2,4,6,18,6,9,6,5,18,9,1,2,11,11,18,9,290,296,290,96,25,0,0,0,0,0,0
txn_05702,11,26,13,278,3,2,6,9,17,4,9,8,3,17,9,3,2,24,7,17,9,320,328,320,116,25,0,0,0,0,0,0
txn_08708,11,19,13,419,1,3,7,4,15,4,9,3,3,15,9,1,3,3,14,15,9,446,462,446,140,17,0,0,0,0,0,0
txn_01847,7,13,27,263,1,2,4,4,9,9,18,3,8,9,18,1,2,3,14,9,18,302,310,302,104,24,0,0,0,0,0,0
txn_01088,8,27,6,124,2,1,5,10,17,1,5,9,0,17,5,2,0,17,0,17,5,157,165,157,50,20,0,0,0,0,0,0
txn_08055,6,27,9,822,1,1,4,7,20,2,7,6,1,19,6,1,1,6,1,19,6,848,864,848,314,21,0,0,0,0,0,0
txn_09195,7,28,14,477,2,2,3,9,19,5,9,9,4,19,9,2,2,15,10,19,9,523,526,523,173,29,0,0,0,0,0,0
txn_02252,7,20,21,409,2,2,3,7,13,7,14,6,6,13,14,2,2,15,8,13,14,452,457,452,154,26,0,0,0,0,0,0
txn_07953,6,36,13,232,1,1,4,9,27,3,10,8,2,26,10,1,1,8,2,26,10,271,287,271,87,30,0,0,0,0,0,0
txn_02728,11,18,14,396,2,2,7,6,12,4,10,5,3,12,10,2,2,9,4,12,10,430,439,430,145,23,0,0,0,0,0,0
txn_05164,6,24,13,105,1,1,4,9,15,3,10,8,2,15,10,1,1,8,2,15,10,137,148,137,46,19,0,0,0,0,0,0
txn_05630,6,23,18,191,2,1,3,8,15,4,14,7,3,15,13,2,1,14,3,15,13,229,238,229,76,26,0,0,0,0,0,0
txn_07017,4,23,19,325,1,1,2,9,14,5,14,8,5,14,14,1,1,8,6,14,14,360,371,360,125,22,0,0,0,0,0,0
txn_01439,6,17,28,407,1,1,4,5,12,9,19,4,8,12,19,1,1,4,8,12,19,445,458,445,154,25,0,0,0,0,0,0
txn_09894,9,34,15,234,3,2,4,8,26,5,10,7,4,26,10,3,2,17,11,26,10,283,292,283,92,32,0,0,0,0,0,0
txn_09753,3,22,13,97,1,1,1,8,14,5,8,7,4,14,8,1,1,7,4,14,8,129,135,129,44,18,0,0,0,0,0,0
txn_05747,13,30,18,399,3,3,7,10,20,5,13,9,4,19,12,3,3,22,12,19,12,441,460,441,149,27,0,0,0,0,0,0
txn_02003,5,25,10,49,1,1,3,8,17,2,8,7,1,17,8,1,1,7,1,17,8,81,89,81,25,21,0,0,0,0,0,0
txn_01342,10,28,15,265,3,2,5,12,16,5,10,11,4,16,10,3,2,27,12,16,10,312,318,312,107,26,0,0,0,0,0,0
txn_07324,7,17,9,342,2,2,3,7,10,4,5,6,3,10,5,2,2,11,6,10,5,371,375,371,127,15,0,0,0,0,0,0
txn_00357,4,17,21,237,1,1,2,5,12,7,14,4,6,12,14,1,1,4,6,12,14,273,279,273,92,23,0,0,0,0,0,0
txn_01058,6,24,21,552,1,2,3,7,17,6,15,7,5,16,15,1,2,8,11,16,15,594,603,594,210,28,0,0,0,0,0,0
txn_06458,8,29,17,332,2,1,5,8,21,5,12,8,4,21,12,2,1,11,4,21,12,377,386,377,127,30,0,0,0,0,0,0
txn_04712,9,19,17,254,2,3,4,8,11,4,13,7,3,11,13,2,3,17,9,11,13,290,299,290,96,20,0,0,0,0,0,0
txn_02383,7,31,19,412,2,2,3,10,21,5,14,9,4,21,14,2,2,17,6,21,14,457,469,457,153,30,0,0,0,0,0,0
txn_05267,6,14,24,301,2,1,3,5,9,8,16,4,7,9,15,2,1,9,7,9,15,335,345,335,115,22,0,0,0,0,0,0
txn_09425,6,28,8,150,1,1,4,9,19,2,6,8,1,19,6,1,1,8,1,19,6,183,192,183,59,21,0,0,0,0,0,0
txn_01876,4,29,33,540,1,1,2,12,17,11,22,12,10,16,22,1,1,4,10,16,22,593,606,593,216,31,0,0,0,0,0,0
txn_06745,14,12,25,257,2,3,9,4,8,8,17,3,7,7,17,2,3,6,16,7,17,292,308,292,94,25,0,0,0,0,0,0
txn_00699,11,30,8,484,2,3,6,10,20,2,6,10,1,20,6,2,3,12,7,20,6,526,533,526,186,26,0,0,0,0,0,0
txn_07101,5,11,14,575,1,2,2,3,8,4,10,2,4,8,10,1,1,2,3,8,10,602,605,602,214,18,0,0,0,0,0,0
txn_07502,7,23,3,400,2,2,3,7,16,1,2,6,0,16,2,2,1,9,2,16,2,427,433,427,145,17,0,0,0,0,0,0
txn_09014,7,16,15,262,2,1,4,6,10,4,11,5,3,9,11,2,1,13,3,9,11,289,300,289,106,17,0,0,0,0,0,0
txn_00954,11,28,10,833,2,3,6,8,20,3,7,7,2,20,7,2,3,21,12,20,7,869,882,869,322,24,0,0,0,0,0,0
txn_03214,6,28,14,150,1,1,4,7,21,3,11,6,2,21,11,1,1,6,2,21,11,188,198,188,59,27,0,0,0,0,0,0
txn_01965,8,19,12,260,2,2,4,6,13,6,6,5,5,13,6,2,2,9,9,13,6,292,299,292,101,17,0,0,0,0,0,0
txn_04629,9,23,44,122,3,1,5,7,16,26,18,6,25,16,18,3,1,30,25,16,18,187,198,187,73,30,0,0,0,0,0,0
txn_09725,7,25,14,258,1,1,5,9,16,3,11,8,2,16,10,1,1,8,2,16,10,289,304,289,96,20,0,0,0,0,0,0
txn_07432,8,46,11,415,1,3,4,13,33,4,7,12,3,33,6,1,3,12,10,33,6,466,480,466,156,35,0,0,0,0,0,0
txn_04742,7,19,18,84,1,1,5,6,13,5,13,5,4,13,13,1,1,5,4,13,13,117,128,117,37,21,0,0,0,0,0,0
txn_01360,5,25,12,183,2,1,2,9,16,4,8,8,4,15,8,2,1,22,5,15,8,220,225,220,73,23,0,0,0,0,0,0
txn_01898,6,27,10,195,1,1,4,8,19,3,7,7,2,19,7,1,1,7,2,19,7,229,238,229,75,22,0,0,0,0,0,0
txn_07334,5,23,23,369,1,1,3,9,14,6,17,8,5,14,17,1,1,8,5,14,17,411,420,411,144,26,0,0,0,0,0,0
txn_09897,8,18,9,385,3,2,3,6,12,3,6,5,2,12,6,3,2,16,9,12,6,413,420,413,141,17,0,0,0,0,0,0
txn_05307,6,17,15,153,2,2,2,6,11,4,11,6,3,11,11,2,2,13,5,11,11,187,191,187,60,20,0,0,0,0,0,0
txn_08168,8,14,29,328,1,2,5,4,10,9,20,3,8,10,20,1,2,3,14,10,20,369,379,369,127,26,0,0,0,0,0,0
txn_06119,9,56,17,264,1,3,5,28,28,5,12,27,4,27,12,1,3,27,13,27,12,316,346,316,116,33,0,0,0,0,0,0
txn_03189,8,32,20,382,2,2,4,10,22,5,15,9,4,22,15,2,2,17,6,22,15,429,442,429,145,31,0,0,0,0,0,0
txn_06010,8,27,25,266,1,3,4,10,17,8,17,9,7,17,17,1,3,9,15,17,17,314,326,314,109,28,0,0,0,0,0,0
txn_05907,4,17,14,823,1,1,2,5,12,4,10,4,3,11,10,1,1,4,3,11,10,849,858,849,316,19,0,0,0,0,0,0
txn_09139,9,12,14,177,3,2,4,4,8,4,10,3,3,8,9,3,2,17,7,8,9,204,212,204,66,18,0,0,0,0,0,0
txn_07590,4,20,9,209,1,1,2,7,13,2,7,6,2,13,7,1,1,6,5,13,7,239,242,239,80,19,0,0,0,0,0,0
txn_05028,5,18,14,836,1,1,3,5,13,4,10,4,3,12,9,1,1,4,3,12,9,859,873,859,320,17,0,0,0,0,0,0
txn_06336,12,38,18,250,1,2,9,9,29,5,13,8,4,29,13,1,2,8,5,29,13,296,318,296,99,31,0,0,0,0,0,0
txn_03890,12,29,9,474,2,3,7,11,18,3,6,11,2,18,6,2,3,19,12,18,6,516,524,516,181,27,0,0,0,0,0,0
txn_08190,8,30,25,330,1,1,6,9,21,4,21,8,3,20,21,1,1,8,3,20,21,374,393,374,126,32,0,0,0,0,0,0
txn_07641,11,15,6,166,1,2,8,3,12,2,4,2,1,12,4,1,2,2,5,12,4,187,198,187,59,14,0,0,0,0,0,0
txn_02377,9,14,17,180,3,1,5,5,9,6,11,4,5,9,11,3,1,14,5,9,11,211,220,211,71,17,0,0,0,0,0,0
txn_03133,10,30,15,443,3,2,5,10,20,4,11,9,4,20,10,3,2,17,7,20,10,490,498,490,167,32,0,0,0,0,0,0
txn_04059,9,25,10,300,1,1,7,7,18,2,8,6,1,18,8,1,1,6,1,18,8,329,344,329,110,19,0,0,0,0,0,0
txn_00496,10,28,9,253,2,2,6,10,18,2,7,9,1,17,7,2,2,17,2,17,7,288,300,288,95,23,0,0,0,0,0,0
txn_03597,5,31,25,44,1,2,2,10,21,7,18,10,6,21,18,1,2,7,13,21,18,96,105,96,31,32,0,0,0,0,0,0
txn_07802,10,17,14,199,3,2,5,7,10,5,9,6,4,10,9,3,2,22,6,10,9,232,240,232,77,19,0,0,0,0,0,0
txn_00808,4,21,28,297,1,1,2,5,16,8,20,4,7,16,19,1,1,4,7,16,19,338,350,338,113,29,0,0,0,0,0,0
txn_02389,9,18,12,482,2,2,5,7,11,4,8,6,3,11,8,2,2,13,7,11,8,516,521,516,169,20,0,0,0,0,0,0
txn_00041,0,33,7,192,0,0,0,10,23,2,5,10,2,23,5,0,0,0,0,23,5,232,232,232,77,28,0,0,0,0,0,0
txn_02277,9,19,34,532,2,2,5,6,13,12,22,6,11,13,22,2,2,19,13,13,22,587,594,587,210,33,0,0,0,0,0,0
txn_04546,3,15,6,47,1,1,1,5,10,2,4,4,1,10,4,1,1,4,1,10,4,68,71,68,21,13,0,0,0,0,0,0
txn_02011,8,22,21,825,2,2,4,9,13,6,15,8,5,13,15,2,2,15,7,13,15,868,876,868,324,26,0,0,0,0,0,0
txn_06455,10,17,50,331,3,3,4,5,12,31,19,4,30,12,19,3,3,20,34,12,19,398,408,398,149,28,0,0,0,0,0,0
txn_08849,8,26,8,445,3,1,4,8,18,2,6,7,1,17,6,3,1,15,1,17,6,477,487,477,165,21,0,0,0,0,0,0
txn_07286,15,21,9,240,3,2,10,7,14,2,7,6,1,14,7,3,2,21,7,14,7,273,285,273,90,22,0,0,0,0,0,0
txn_01530,5,17,14,335,1,1,3,5,12,4,10,4,3,12,10,1,1,4,3,12,10,364,371,364,126,19,0,0,0,0,0,0
txn_09733,8,30,12,487,1,1,6,8,22,3,9,7,2,21,8,1,1,7,2,21,8,520,537,520,185,24,0,0,0,0,0,0
txn_09262,7,22,13,477,1,2,4,7,15,4,9,6,3,14,8,1,2,6,4,14,8,507,519,507,178,21,0,0,0,0,0,0
txn_01031,11,21,16,477,3,3,5,7,14,6,10,6,5,13,10,3,3,18,12,13,10,515,525,515,181,24,0,0,0,0,0,0
txn_01279,11,27,8,578,2,2,7,9,18,2,6,8,1,18,6,2,2,14,7,18,6,613,624,613,218,21,0,0,0,0,0,0
txn_04359,9,11,16,480,2,2,5,3,8,4,12,2,3,8,12,2,2,7,5,8,12,508,516,508,166,18,0,0,0,0,0,0
txn_01339,7,33,4,120,1,2,4,10,23,1,3,9,0,23,3,1,1,9,3,23,3,156,164,156,49,23,0,0,0,0,0,0
txn_01160,7,19,17,121,2,1,4,5,14,4,13,4,3,14,12,2,1,9,3,14,12,152,164,152,47,22,0,0,0,0,0,0
txn_03863,3,17,18,588,1,1,1,6,11,7,11,5,6,11,10,1,1,5,6,11,10,619,626,619,218,20,0,0,0,0,0,0
txn_03891,9,22,16,137,2,3,4,8,14,5,11,7,4,14,11,2,3,9,13,14,11,174,184,174,57,22,0,0,0,0,0,0
txn_06062,6,18,9,447,2,1,3,7,11,3,6,6,2,10,6,2,1,17,2,10,6,471,480,471,165,16,0,0,0,0,0,0
txn_01151,9,23,22,131,2,2,5,9,14,6,16,8,5,14,16,2,2,15,7,14,16,176,185,176,57,27,0,0,0,0,0,0
txn_07560,12,16,23,169,1,2,9,3,13,5,18,2,4,12,18,1,2,2,5,12,18,201,220,201,62,25,0,0,0,0,0,0
txn_00515,7,23,9,554,1,2,4,8,15,3,6,7,2,15,6,1,2,7,8,15,6,584,593,584,209,18,0,0,0,0,0,0
txn_06278,10,35,11,422,1,1,8,8,27,2,9,7,1,27,9,1,1,7,1,27,9,460,478,460,142,28,0,0,0,0,0,0
txn_06636,8,30,26,273,3,1,4,11,19,8,18,10,7,19,18,3,1,20,7,19,18,325,337,325,110,32,0,0,0,0,0,0
txn_03848,9,20,17,299,2,2,5,6,14,5,12,6,4,13,12,2,2,21,8,13,12,336,345,336,113,24,0,0,0,0,0,0
txn_01382,12,14,3,581,3,3,6,5,9,1,2,4,0,8,2,3,2,21,11,8,2,600,610,600,213,11,0,0,0,0,0,0
txn_07275,8,42,21,403,3,1,4,12,30,8,13,11,7,30,13,3,1,26,7,30,13,462,474,462,158,37,0,0,0,0,0,0
txn_00389,6,22,7,393,1,1,4,6,16,2,5,5,1,15,5,1,1,5,1,15,5,417,428,417,145,17,0,0,0,0,0,0
txn_05387,9,24,29,183,3,1,5,9,15,6,23,8,5,15,23,3,1,21,5,15,23,234,245,234,76,33,0,0,0,0,0,0
txn_05631,17,17,27,478,4,5,8,4,13,8,19,3,7,13,19,4,5,24,25,13,19,523,539,523,181,27,0,0,0,0,0,0
txn_00412,29,15,21,542,10,10,9,5,10,6,15,4,5,10,15,10,10,74,38,10,15,595,607,595,207,27,0,0,0,0,0,0
txn_06666,7,27,8,198,2,2,3,10,17,4,4,9,3,17,4,2,2,15,7,17,4,235,240,235,78,21,0,0,0,0,0,0
txn_00838,10,29,29,181,2,2,6,8,21,7,22,7,6,21,22,2,2,34,9,21,22,231,249,231,76,32,0,0,0,0,0,0
txn_05807,9,12,26,485,3,1,5,4,8,7,19,3,6,8,19,3,1,17,6,8,19,520,532,520,170,23,0,0,0,0,0,0
txn_07739,7,18,18,73,1,2,4,6,12,6,12,5,5,12,12,1,2,5,12,12,12,108,116,108,42,21,0,0,0,0,0,0
txn_01971,9,31,20,345,2,2,5,11,20,7,13,10,6,20,13,2,2,17,9,20,13,394,405,394,134,29,0,0,0,0,0,0
txn_04827,5,16,17,257,1,1,3,5,11,6,11,4,5,11,11,1,1,4,5,11,11,286,295,286,97,18,0,0,0,0,0,0
txn_05314,7,30,20,89,1,2,4,11,19,7,13,10,6,19,13,1,2,10,11,19,13,135,146,135,45,27,0,0,0,0,0,0
txn_08155,4,21,19,201,1,1,2,7,14,6,13,6,5,14,13,1,1,6,5,14,13,239,245,239,79,24,0,0,0,0,0,0
txn_03303,10,31,20,487,2,3,5,8,23,5,15,7,4,23,14,2,3,14,17,23,14,535,548,535,187,34,0,0,0,0,0,0
txn_02222,7,20,15,557,2,1,4,7,13,5,10,6,4,13,10,2,1,15,4,13,10,591,599,591,211,20,0,0,0,0,0,0
txn_02293,8,30,17,121,2,2,4,9,21,5,12,8,4,21,12,2,2,16,12,21,12,167,176,167,52,30,0,0,0,0,0,0
txn_04088,5,19,10,836,1,2,2,6,13,3,7,5,3,13,7,1,2,5,14,13,7,863,870,863,323,16,0,0,0,0,0,0
txn_01718,7,16,7,170,1,2,4,5,11,3,4,4,2,10,4,1,2,4,7,10,4,189,200,189,61,13,0,0,0,0,0,0
txn_02907,9,30,26,255,1,1,7,9,21,4,22,8,3,21,22,1,1,8,3,21,22,300,320,300,97,32,0,0,0,0,0,0
txn_09226,9,28,7,78,2,1,6,10,18,1,6,9,0,17,6,2,0,17,0,17,6,110,122,110,34,21,0,0,0,0,0,0
txn_07697,8,17,11,159,2,2,4,5,12,2,9,4,2,12,9,2,2,10,9,12,9,191,195,191,60,21,0,0,0,0,0,0
txn_05829,6,39,19,289,1,2,3,12,27,6,13,11,5,27,13,1,2,11,8,27,13,345,353,345,119,36,0,0,0,0,0,0
txn_01997,4,21,20,406,1,1,2,7,14,8,12,6,8,14,12,1,1,6,3,14,12,443,451,443,154,22,0,0,0,0,0,0
txn_06267,7,20,16,123,2,1,4,7,13,4,12,6,3,13,12,2,1,12,3,13,12,158,166,158,51,22,0,0,0,0,0,0
txn_05545,12,25,9,828,3,2,7,8,17,3,6,7,2,16,6,3,2,17,6,16,6,863,874,863,321,23,0,0,0,0,0,0
txn_09975,9,30,4,93,2,2,5,13,17,2,2,12,2,17,2,2,2,18,9,17,2,131,136,131,46,19,0,0,0,0,0,0
txn_04355,8,31,10,92,2,2,4,10,21,4,6,9,3,21,6,2,2,17,4,21,6,135,141,135,43,26,0,0,0,0,0,0
txn_04206,5,19,21,189,2,1,2,7,12,7,14,6,7,12,13,2,1,14,5,12,13,230,234,230,76,26,0,0,0,0,0,0
txn_07429,8,32,22,332,2,1,5,10,22,7,15,9,6,22,14,2,1,17,6,22,14,377,394,377,131,29,0,0,0,0,0,0
txn_08938,11,26,23,204,2,2,7,8,18,8,15,7,7,18,15,2,2,15,9,18,15,251,264,251,83,28,0,0,0,0,0,0
txn_08841,9,31,17,230,2,2,5,9,22,6,11,8,5,22,11,2,2,16,12,22,11,278,287,278,91,30,0,0,0,0,0,0
txn_09227,3,39,7,253,1,1,1,16,23,3,4,15,3,23,4,1,1,15,2,23,4,298,302,298,106,25,0,0,0,0,0,0
txn_03599,8,19,24,233,2,1,5,5,14,7,17,4,6,13,16,2,1,13,6,13,16,268,284,268,87,25,0,0,0,0,0,0
txn_00274,4,20,23,830,1,1,2,7,13,7,16,6,6,12,16,1,1,6,6,12,16,866,877,866,324,24,0,0,0,0,0,0
txn_05616,6,16,21,334,1,1,4,5,11,7,14,4,6,11,14,1,1,4,6,11,14,366,377,366,127,20,0,0,0,0,0,0
txn_05252,6,56,5,832,2,2,2,25,31,2,3,25,1,30,3,2,2,15,31,30,3,893,899,893,339,34,0,0,0,0,0,0
txn_03342,10,24,26,834,3,2,5,6,18,6,20,5,5,18,20,3,2,17,10,18,20,882,894,882,326,34,0,0,0,0,0,0
txn_01488,10,25,13,837,2,3,5,8,17,3,10,7,2,17,10,2,3,14,5,17,10,878,885,878,325,28,0,0,0,0,0,0
txn_00981,7,19,18,303,2,1,4,7,12,4,14,6,3,11,14,2,1,13,3,11,14,337,347,337,115,24,0,0,0,0,0,0
txn_04379,7,25,5,481,3,1,3,8,17,2,3,7,2,16,3,3,1,32,2,16,3,513,518,513,179,21,0,0,0,0,0,0
txn_04998,8,17,28,535,2,2,4,6,11,9,19,6,8,11,19,2,1,17,8,11,19,578,588,578,206,26,0,0,0,0,0,0
txn_04675,12,34,12,238,2,3,7,10,24,3,9,9,2,23,9,2,2,17,8,23,9,283,296,283,93,31,0,0,0,0,0,0
txn_04582,13,28,26,266,3,3,7,10,18,8,18,9,7,17,17,3,3,19,10,17,17,314,333,314,115,30,0,0,0,0,0,0
txn_05339,5,35,0,179,2,1,2,11,24,0,0,11,0,24,0,2,1,14,3,24,0,219,219,219,73,26,0,0,0,0,0,0
txn_07404,8,23,10,305,1,2,5,5,18,4,6,4,3,18,6,1,2,4,4,18,6,337,346,337,115,21,0,0,0,0,0,0
txn_03249,10,29,9,225,2,2,6,7,22,3,6,6,2,22,6,2,2,13,8,22,6,263,273,263,88,25,0,0,0,0,0,0
txn_05998,7,32,22,171,1,2,4,9,23,6,16,8,5,23,16,1,2,8,7,23,16,222,232,222,70,34,0,0,0,0,0,0
txn_04846,8,52,11,273,2,2,4,20,32,4,7,19,3,32,7,2,2,26,4,32,7,337,344,337,116,37,0,0,0,0,0,0
txn_07301,9,26,20,260,2,2,5,7,19,7,13,6,6,19,13,2,2,17,11,19,13,303,315,303,101,28,0,0,0,0,0,0
txn_03032,5,17,3,263,2,1,2,8,9,1,2,7,0,9,2,2,0,11,0,9,2,284,288,284,98,10,0,0,0,0,0,0
txn_02555,8,20,10,301,3,2,3,7,13,4,6,6,3,13,5,3,1,25,3,13,5,330,339,330,113,18,0,0,0,0,0,0
txn_04503,10,32,22,127,2,3,5,10,22,6,16,9,5,22,16,2,3,16,11,22,16,181,191,181,56,34,0,0,0,0,0,0
txn_05152,10,27,22,140,2,1,7,9,18,7,15,9,6,17,15,2,1,15,6,17,15,185,199,185,61,28,0,0,0,0,0,0
txn_05951,9,26,6,263,2,2,5,9,17,2,4,8,1,17,4,2,2,11,4,17,4,296,304,296,101,19,0,0,0,0,0,0
txn_04384,3,16,28,191,1,1,1,6,10,9,19,5,8,10,19,1,1,5,8,10,19,231,238,231,78,25,0,0,0,0,0,0
txn_06437,7,6,19,108,2,2,3,3,3,5,14,3,4,3,14,2,2,18,7,3,14,135,140,135,44,17,0,0,0,0,0,0
txn_09780,5,23,16,308,2,1,2,8,15,5,11,7,4,15,11,2,1,15,4,15,11,346,352,346,120,23,0,0,0,0,0,0
txn_06061,4,26,6,417,1,1,2,10,16,2,4,9,1,16,4,1,1,9,1,16,4,446,453,446,154,17,0,0,0,0,0,0
txn_07407,5,31,17,207,2,1,2,11,20,5,12,10,5,19,12,2,1,18,6,19,12,252,260,252,84,29,0,0,0,0,0,0
txn_01918,8,25,27,240,1,1,6,7,18,9,18,6,8,18,18,1,1,6,8,18,18,285,300,285,98,28,0,0,0,0,0,0
txn_00192,8,37,7,189,2,2,4,11,26,3,4,10,3,25,4,2,2,18,12,25,4,233,241,233,75,29,0,0,0,0,0,0
txn_03562,13,14,4,338,3,3,7,5,9,1,3,4,0,9,3,3,2,21,11,9,3,357,369,357,123,11,0,0,0,0,0,0
txn_09644,8,21,18,123,2,2,4,7,14,6,12,6,5,14,12,2,2,12,7,14,12,163,170,163,52,24,0,0,0,0,0,0
txn_07989,8,16,17,267,2,1,5,6,10,4,13,5,3,10,13,2,1,9,3,10,13,297,308,297,109,19,0,0,0,0,0,0
txn_07945,13,26,10,489,3,2,8,11,15,3,7,10,2,14,7,3,2,25,7,14,7,529,538,529,189,24,0,0,0,0,0,0
txn_05836,9,22,10,303,3,2,4,7,15,3,7,6,2,15,7,3,2,16,9,15,7,338,344,338,112,21,0,0,0,0,0,0
txn_02937,10,39,19,209,1,2,7,9,30,7,12,8,6,30,12,1,2,8,14,30,12,262,277,262,85,35,0,0,0,0,0,0
txn_03968,7,34,6,409,2,2,3,10,24,2,4,9,2,24,4,2,2,13,9,24,4,452,456,452,154,27,0,0,0,0,0,0
txn_01200,6,36,11,212,1,1,4,8,28,4,7,7,4,28,7,1,1,7,1,28,7,258,265,258,83,32,0,0,0,0,0,0
txn_09511,6,31,13,177,1,2,3,15,16,4,9,14,3,15,9,1,2,14,9,15,9,217,227,217,74,23,0,0,0,0,0,0
txn_00333,11,15,29,36,3,3,5,4,11,9,20,3,8,11,20,3,3,24,11,11,20,84,91,84,23,30,0,0,0,0,0,0
txn_09973,10,28,30,425,3,2,5,10,18,9,21,9,8,18,20,3,2,32,10,18,20,476,493,476,151,32,0,0,0,0,0,0
txn_05160,7,17,22,126,1,1,5,5,12,7,15,4,6,12,15,1,1,4,6,12,15,160,172,160,52,21,0,0,0,0,0,0
txn_08716,10,11,14,82,1,3,6,3,8,5,9,2,4,8,9,1,3,2,12,8,9,107,117,107,32,14,0,0,0,0,0,0
txn_05525,10,21,5,276,2,3,5,7,14,2,3,6,1,13,3,2,3,13,3,13,3,304,312,304,101,17,0,0,0,0,0,0
txn_00946,15,22,14,153,3,3,9,7,15,4,10,6,3,15,9,3,3,18,9,15,9,192,204,192,59,26,0,0,0,0,0,0
txn_07825,12,34,12,538,3,2,7,9,25,3,9,8,2,24,8,3,2,25,8,24,8,580,596,580,203,31,0,0,0,0,0,0
txn_08009,3,32,24,840,1,1,1,10,22,6,18,9,6,21,18,1,1,9,3,21,18,888,899,888,329,36,0,0,0,0,0,0
txn_09420,12,16,28,42,3,1,8,6,10,8,20,5,7,10,20,3,1,22,7,10,20,85,98,85,26,26,0,0,0,0,0,0
txn_01669,9,21,20,147,3,2,4,7,14,5,15,6,4,14,14,3,2,19,8,14,14,188,197,188,59,27,0,0,0,0,0,0
txn_03715,7,12,10,590,1,1,5,3,9,2,8,2,2,9,7,1,1,2,4,9,7,613,619,613,213,17,0,0,0,0,0,0
txn_06071,5,15,6,39,1,2,2,4,11,2,4,3,2,11,4,1,2,3,7,11,4,62,65,62,18,14,0,0,0,0,0,0
txn_03007,12,35,9,583,2,3,7,8,27,4,5,7,3,26,5,2,3,14,10,26,5,630,639,630,220,33,0,0,0,0,0,0
txn_06593,12,14,15,372,3,3,6,4,10,5,10,3,4,10,10,3,3,36,6,10,10,402,413,402,138,18,0,0,0,0,0,0
txn_00308,8,30,12,388,1,2,5,7,23,5,7,6,4,23,7,1,2,6,9,23,7,430,438,430,146,28,0,0,0,0,0,0
txn_08714,10,13,19,185,3,1,6,4,9,6,13,3,5,9,13,3,1,19,5,9,13,216,227,216,71,18,0,0,0,0,0,0
txn_05169,8,26,23,491,1,3,4,8,18,7,16,7,6,18,16,1,3,7,12,18,16,538,548,538,191,30,0,0,0,0,0,0
txn_08439,6,38,5,212,1,1,4,14,24,1,4,13,0,23,4,1,0,13,0,23,4,248,261,248,83,24,0,0,0,0,0,0
txn_06009,9,17,6,592,2,2,5,6,11,2,4,5,1,10,4,2,2,13,6,10,4,618,624,618,216,17,0,0,0,0,0,0
txn_02069,10,24,30,841,2,2,6,8,16,9,21,7,8,16,20,2,2,9,11,16,20,892,905,892,331,34,0,0,0,0,0,0
txn_00976,6,18,21,560,2,1,3,7,11,9,12,6,8,10,11,2,1,16,8,10,11,593,605,593,215,19,0,0,0,0,0,0
txn_00044,21,24,19,483,6,5,10,5,19,7,12,4,6,18,11,6,5,73,48,18,11,527,547,527,181,29,0,0,0,0,0,0
txn_00707,10,26,11,175,1,1,8,7,19,2,9,6,1,19,9,1,1,6,1,19,9,204,222,204,75,20,0,0,0,0,0,0
txn_08330,8,28,23,843,2,1,5,10,18,6,17,9,5,17,16,2,1,16,5,17,16,881,902,881,328,28,0,0,0,0,0,0
txn_06736,14,18,6,395,4,3,7,5,13,2,4,4,1,13,4,4,3,54,25,13,4,422,433,422,144,17,0,0,0,0,0,0
txn_07558,10,28,13,215,1,2,7,10,18,4,9,10,3,18,8,1,2,8,6,18,8,253,266,253,85,24,0,0,0,0,0,0
txn_04516,8,21,14,385,3,1,4,7,14,3,11,6,2,14,11,3,1,21,2,14,11,416,428,416,143,19,0,0,0,0,0,0
txn_09911,6,15,14,306,2,2,2,4,11,4,10,3,3,11,10,2,2,8,6,11,10,337,341,337,111,20,0,0,0,0,0,0
txn_03494,14,26,7,375,3,3,8,9,17,2,5,8,1,17,5,3,3,22,12,17,5,410,422,410,142,22,0,0,0,0,0,0
txn_09391,14,22,14,378,4,4,6,8,14,4,10,7,3,14,10,4,4,48,12,14,10,416,428,416,144,21,0,0,0,0,0,0
txn_00106,9,16,16,420,2,3,4,6,10,6,10,5,5,10,10,2,3,12,9,10,10,456,461,456,156,20,0,0,0,0,0,0
txn_07363,5,34,18,91,1,1,3,10,24,6,12,9,5,23,12,1,1,9,5,23,12,138,148,138,44,32,0,0,0,0,0,0
txn_06445,8,20,9,410,2,1,5,8,12,2,7,7,1,12,6,2,1,10,1,12,6,436,447,436,152,17,0,0,0,0,0,0
txn_01872,7,20,20,427,1,2,4,6,14,5,15,5,4,14,15,1,2,5,10,14,15,465,474,465,146,25,0,0,0,0,0,0
txn_02441,12,40,20,268,2,2,8,13,27,4,16,12,3,27,15,2,1,18,3,27,15,322,340,322,106,37,0,0,0,0,0,0
txn_09660,11,23,21,149,2,3,6,8,15,5,16,7,4,15,16,2,3,14,17,15,16,189,204,189,62,24,0,0,0,0,0,0
txn_06151,9,32,18,188,2,2,5,9,23,5,13,8,4,23,13,2,2,18,9,23,13,237,247,237,75,33,0,0,0,0,0,0
txn_03879,9,28,13,381,3,1,5,8,20,3,10,7,2,20,10,3,1,11,2,20,10,420,431,420,144,26,0,0,0,0,0,0
txn_07139,3,37,14,351,1,1,1,12,25,5,9,11,5,25,9,1,1,11,2,25,9,401,405,401,145,31,0,0,0,0,0,0
txn_08468,9,33,21,179,2,3,4,11,22,6,15,10,5,22,15,2,3,21,12,22,15,234,242,234,76,34,0,0,0,0,0,0
txn_09490,3,16,20,270,1,1,1,6,10,4,16,5,4,9,16,1,1,5,4,9,16,301,309,301,109,23,0,0,0,0,0,0
txn_00490,12,20,29,483,1,3,8,4,16,9,20,3,8,16,20,1,3,3,15,16,20,531,544,531,184,32,0,0,0,0,0,0
txn_07241,6,29,22,388,1,1,4,8,21,8,14,7,7,21,14,1,1,7,7,21,14,432,445,432,149,28,0,0,0,0,0,0
txn_00934,7,16,30,839,2,1,4,5,11,9,21,4,9,11,21,2,1,16,4,11,21,883,892,883,329,28,0,0,0,0,0,0
txn_06568,15,53,4,162,4,4,7,20,33,1,3,20,1,32,3,4,4,48,12,32,3,224,234,224,72,39,0,0,0,0,0,0
txn_07616,6,31,19,311,2,1,3,12,19,7,12,11,6,19,12,2,1,12,6,19,12,358,367,358,127,26,0,0,0,0,0,0
txn_03278,3,21,21,93,1,1,1,7,14,6,15,6,6,14,15,1,1,6,2,14,15,135,138,135,44,27,0,0,0,0,0,0
txn_09469,3,17,15,174,1,1,1,6,11,4,11,5,4,11,11,1,1,5,2,11,11,204,209,204,67,19,0,0,0,0,0,0
txn_04768,5,17,22,270,1,1,3,5,12,8,14,4,7,12,14,1,1,4,7,12,14,305,314,305,105,21,0,0,0,0,0,0
txn_04700,11,34,27,303,3,2,6,11,23,6,21,10,5,23,21,3,2,17,10,23,21,360,375,360,121,36,0,0,0,0,0,0
txn_02373,7,26,9,585,1,1,5,8,18,2,7,7,1,17,6,1,1,7,1,17,6,613,627,613,219,20,0,0,0,0,0,0
txn_05483,21,9,13,269,7,8,6,4,5,3,10,3,2,5,10,7,8,53,32,5,10,306,312,306,100,17,0,0,0,0,0,0
txn_00913,21,30,10,165,7,8,6,11,19,3,7,10,3,19,7,7,8,51,32,19,7,218,226,218,70,25,0,0,0,0,0,0
txn_05279,9,7,14,354,3,1,5,3,4,4,10,2,3,4,10,3,1,15,3,4,10,374,384,374,135,12,0,0,0,0,0,0
txn_09111,11,26,15,96,3,1,7,8,18,4,11,7,3,17,11,3,1,22,3,17,11,133,148,133,42,24,0,0,0,0,0,0
txn_05724,13,31,14,95,2,2,9,9,22,4,10,8,3,22,10,2,2,15,10,22,10,140,153,140,43,29,0,0,0,0,0,0
txn_06614,10,56,12,488,1,3,6,28,28,4,8,27,3,28,8,1,3,27,13,28,8,552,566,552,191,31,0,0,0,0,0,0
txn_05112,6,18,13,139,2,2,2,5,13,6,7,4,5,13,7,2,2,11,8,13,7,172,176,172,57,19,0,0,0,0,0,0
txn_00798,15,47,5,182,2,3,10,15,32,2,3,14,1,32,3,2,3,19,5,32,3,238,249,238,78,36,0,0,0,0,0,0
txn_02806,5,20,21,273,2,1,2,5,15,5,16,4,4,14,16,2,1,8,4,14,16,310,319,310,102,27,0,0,0,0,0,0
txn_05499,11,21,27,348,2,2,7,7,14,8,19,6,7,14,19,2,2,12,14,14,19,395,407,395,132,30,0,0,0,0,0,0
txn_03603,8,28,4,449,2,2,4,10,18,2,2,9,1,18,2,2,2,18,4,18,2,483,489,483,170,19,0,0,0,0,0,0
txn_06967,8,17,22,452,2,1,5,5,12,6,16,4,5,12,16,2,1,8,5,12,16,489,499,489,170,24,0,0,0,0,0,0
txn_00785,7,10,5,142,2,1,4,4,6,1,4,3,0,5,4,2,0,7,0,5,4,154,164,154,51,7,0,0,0,0,0,0
txn_04509,9,24,15,398,3,1,5,8,16,5,10,7,4,15,9,3,1,21,4,15,9,432,446,432,152,21,0,0,0,0,0,0
txn_05675,6,29,10,430,1,1,4,8,21,3,7,7,2,21,7,1,1,7,2,21,7,465,475,465,146,24,0,0,0,0,0,0
txn_00122,12,13,7,258,2,2,8,4,9,2,5,3,1,9,5,2,2,11,2,9,5,280,290,280,92,13,0,0,0,0,0,0
txn_03686,5,11,6,281,1,2,2,5,6,2,4,4,2,6,4,1,2,4,9,6,4,299,303,299,111,10,0,0,0,0,0,0
txn_01700,21,32,15,45,5,7,9,8,24,6,9,7,5,24,9,5,7,45,41,24,9,99,113,99,27,29,0,0,0,0,0,0
txn_05283,9,16,10,455,2,2,5,5,11,4,6,5,3,11,6,2,2,18,4,11,6,487,490,487,170,19,0,0,0,0,0,0
txn_06931,7,20,18,292,2,1,4,6,14,4,14,5,3,14,14,2,1,11,3,14,14,325,337,325,111,22,0,0,0,0,0,0
txn_01120,8,24,24,398,2,2,4,9,15,6,18,8,6,15,18,2,2,15,11,15,18,448,454,448,155,32,0,0,0,0,0,0
txn_04429,3,5,12,457,1,1,1,2,3,3,9,1,3,3,8,1,1,1,5,3,8,475,477,475,166,12,0,0,0,0,0,0
txn_06392,7,21,25,314,1,1,5,7,14,6,19,6,5,14,19,1,1,6,5,14,19,353,367,353,122,25,0,0,0,0,0,0
txn_04022,11,26,11,80,3,2,6,8,18,3,8,7,2,18,8,3,2,18,5,18,8,117,128,117,36,22,0,0,0,0,0,0
txn_01770,16,25,10,842,3,3,10,8,17,4,6,7,3,17,6,3,3,20,16,17,6,881,893,881,326,26,0,0,0,0,0,0
txn_05078,5,15,10,545,1,1,3,5,10,3,7,4,2,10,7,1,1,4,2,10,7,567,575,567,204,14,0,0,0,0,0,0
txn_02106,10,14,16,401,1,2,7,3,11,4,12,2,3,11,12,1,2,2,9,11,12,427,441,427,148,17,0,0,0,0,0,0
txn_04133,11,57,20,164,1,2,8,26,31,5,15,25,4,31,15,1,2,25,9,31,15,232,252,232,84,36,0,0,0,0,0,0
txn_04497,11,9,8,191,2,2,7,3,6,2,6,2,2,6,5,2,1,14,6,6,5,216,219,216,68,17,0,0,0,0,0,0
txn_02539,23,20,26,411,8,7,8,6,14,8,18,6,7,13,17,8,7,70,38,13,17,461,480,461,156,30,0,0,0,0,0,0
txn_00191,9,45,10,258,2,3,4,15,30,4,6,14,3,30,6,2,3,21,12,30,6,313,322,313,104,34,0,0,0,0,0,0
txn_05043,5,31,28,275,1,1,3,8,23,8,20,7,7,22,20,1,1,7,7,22,20,324,339,324,108,35,0,0,0,0,0,0
txn_08877,10,20,4,177,2,2,6,6,14,1,3,5,0,14,3,2,1,10,2,14,3,203,211,203,64,16,0,0,0,0,0,0
txn_08796,3,29,6,309,1,1,1,9,20,3,3,9,2,20,3,1,1,5,2,20,3,344,347,344,117,21,0,0,0,0,0,0
txn_01500,7,9,10,228,1,2,4,3,6,4,6,3,3,6,6,1,2,13,8,6,6,251,254,251,87,13,0,0,0,0,0,0
txn_05044,11,25,24,844,3,2,6,9,16,6,18,8,5,16,18,3,2,25,6,16,18,888,904,888,333,27,0,0,0,0,0,0
txn_04039,7,30,17,560,1,1,5,8,22,5,12,7,4,21,12,1,1,7,4,21,12,596,614,596,211,25,0,0,0,0,0,0
txn_05679,9,12,2,412,2,3,4,5,7,1,1,5,0,7,1,2,2,13,10,7,1,431,435,431,149,9,0,0,0,0,0,0
txn_09451,9,21,26,272,1,1,7,4,17,7,19,3,6,16,18,1,1,3,6,16,18,309,328,309,112,28,0,0,0,0,0,0
txn_05040,6,25,17,384,2,2,2,7,18,5,12,7,4,18,12,2,2,20,7,18,12,428,432,428,147,28,0,0,0,0,0,0
txn_03203,3,15,5,387,1,1,1,4,11,2,3,4,1,11,3,1,1,9,1,11,3,409,410,409,142,14,0,0,0,0,0,0
txn_07866,9,20,12,156,2,3,4,7,13,3,9,6,2,13,9,2,3,19,11,13,9,191,197,191,59,22,0,0,0,0,0,0
txn_06813,12,14,20,284,3,3,6,6,8,6,14,5,5,8,14,3,3,16,8,8,14,322,330,322,117,22,0,0,0,0,0,0
txn_04837,7,19,19,594,2,2,3,6,13,5,14,5,4,13,14,2,2,11,10,13,14,634,639,634,221,26,0,0,0,0,0,0
txn_02717,10,28,30,494,3,3,4,9,19,9,21,8,8,18,21,3,3,17,19,18,21,547,562,547,193,36,0,0,0,0,0,0
txn_06199,3,31,19,333,1,1,1,9,22,3,16,9,3,21,16,1,1,5,3,21,16,381,386,381,127,36,0,0,0,0,0,0
txn_03061,6,18,12,277,1,2,3,5,13,4,8,4,3,13,8,1,2,4,5,13,8,306,313,306,104,18,0,0,0,0,0,0
txn_05452,7,18,9,306,1,1,5,5,13,2,7,4,2,13,7,1,1,4,9,13,7,334,340,334,113,19,0,0,0,0,0,0
txn_01973,7,18,8,261,2,1,4,8,10,3,5,7,3,10,5,2,1,17,2,10,5,291,294,291,98,17,0,0,0,0,0,0
txn_01721,5,9,8,337,2,1,2,5,4,2,6,5,1,4,6,2,1,13,1,4,6,357,359,357,125,10,0,0,0,0,0,0
txn_06011,12,19,15,847,2,2,8,6,13,4,11,5,3,13,10,2,2,9,4,13,10,882,893,882,328,24,0,0,0,0,0,0
txn_03017,7,19,27,391,2,2,3,5,14,8,19,4,7,14,19,2,2,9,10,14,19,433,444,433,147,27,0,0,0,0,0,0
txn_09952,5,22,20,272,2,1,2,5,17,5,15,5,4,17,15,2,1,17,4,17,15,312,319,312,112,29,0,0,0,0,0,0
txn_01256,7,27,16,458,1,2,4,8,19,5,11,7,4,19,11,1,2,7,8,19,11,495,508,495,174,22,0,0,0,0,0,0
txn_05843,8,17,18,459,2,1,5,5,12,4,14,4,3,12,14,2,1,10,3,12,14,491,502,491,171,21,0,0,0,0,0,0
txn_09972,8,26,7,134,1,2,5,7,19,2,5,6,1,18,5,1,2,6,2,18,5,163,175,163,51,20,0,0,0,0,0,0
txn_01389,8,26,14,486,2,2,4,8,18,5,9,7,4,18,9,2,2,13,12,18,9,526,534,526,184,25,0,0,0,0,0,0
txn_03187,12,39,10,264,3,2,7,12,27,3,7,11,2,26,6,3,2,21,6,26,6,311,325,311,102,31,0,0,0,0,0,0
txn_06962,9,15,15,491,1,3,5,4,11,5,10,3,4,11,10,1,3,3,12,11,10,523,530,523,170,20,0,0,0,0,0,0
txn_04558,11,23,31,309,3,2,6,9,14,9,22,8,8,13,22,3,2,28,12,13,22,363,374,363,122,36,0,0,0,0,0,0
txn_03794,6,21,14,202,2,1,3,7,14,3,11,7,2,14,11,2,1,25,2,14,11,239,243,239,78,25,0,0,0,0,0,0
txn_00819,8,24,3,461,2,2,4,8,16,1,2,7,0,15,2,2,1,11,4,15,2,487,496,487,169,17,0,0,0,0,0,0
txn_03018,13,28,15,335,3,3,7,9,19,5,10,8,4,19,10,3,3,17,11,19,10,381,391,381,128,27,0,0,0,0,0,0
txn_08699,10,24,16,168,2,2,6,8,16,4,12,7,3,16,12,2,2,12,5,16,12,212,218,212,68,29,0,0,0,0,0,0
txn_00560,8,23,4,394,2,2,4,8,15,1,3,7,0,14,3,2,1,11,5,14,3,420,429,420,143,17,0,0,0,0,0,0
txn_01121,8,21,20,597,2,2,4,7,14,7,13,6,6,14,12,2,2,15,10,14,12,631,646,631,222,22,0,0,0,0,0,0
txn_05290,11,33,16,167,3,3,5,11,22,5,11,10,4,22,10,3,3,25,12,22,10,215,227,215,69,30,0,0,0,0,0,0
txn_05687,9,26,10,155,1,3,5,7,19,4,6,6,3,19,6,1,3,6,8,19,6,190,200,190,62,21,0,0,0,0,0,0
txn_02788,10,25,15,317,1,3,6,8,17,5,10,7,4,17,9,1,3,7,9,17,9,355,367,355,121,25,0,0,0,0,0,0
txn_02248,10,24,18,319,2,2,6,8,16,5,13,7,4,15,13,2,2,13,10,15,13,359,371,359,123,27,0,0,0,0,0,0
txn_08339,5,26,16,489,1,2,2,9,17,5,11,9,4,17,10,1,2,11,5,17,10,530,536,530,187,27,0,0,0,0,0,0
txn_09103,10,21,9,321,3,2,5,7,14,3,6,6,2,14,6,3,2,20,3,14,6,353,361,353,122,19,0,0,0,0,0,0
txn_01196,8,23,9,391,3,2,3,7,16,4,5,6,3,15,5,3,2,18,6,15,5,426,431,426,145,22,0,0,0,0,0,0
txn_08303,7,27,7,126,2,1,4,7,20,2,5,6,1,19,5,2,1,15,1,19,5,155,167,155,49,21,0,0,0,0,0,0
txn_05668,10,35,9,159,3,2,5,13,22,3,6,12,2,22,6,3,2,27,10,22,6,205,213,205,67,26,0,0,0,0,0,0
txn_02648,5,12,9,463,1,1,3,4,8,4,5,3,3,7,5,1,1,3,3,7,5,480,489,480,170,10,0,0,0,0,0,0
txn_04227,7,25,14,844,1,1,5,8,17,5,9,7,4,17,9,1,1,7,4,17,9,879,890,879,328,21,0,0,0,0,0,0
txn_05170,7,22,18,171,2,1,4,7,15,4,14,6,3,15,14,2,1,13,3,15,14,210,218,210,67,27,0,0,0,0,0,0
txn_04292,9,26,22,483,2,3,4,8,18,7,15,7,6,18,14,2,3,21,13,18,14,526,540,526,172,28,0,0,0,0,0,0
txn_03485,11,29,7,124,2,2,7,9,20,1,6,8,1,20,5,2,2,13,3,20,5,161,171,161,49,26,0,0,0,0,0,0
txn_04222,13,30,23,125,2,3,8,9,21,6,17,8,5,21,17,2,3,12,18,21,17,178,191,178,56,34,0,0,0,0,0,0
txn_00114,6,30,3,539,1,2,3,9,21,1,2,8,0,20,2,1,1,8,4,20,2,570,578,570,203,21,0,0,0,0,0,0
txn_01041,8,18,19,158,2,2,4,5,13,4,15,4,3,13,15,2,2,11,8,13,15,193,203,193,61,23,0,0,0,0,0,0
txn_00609,10,39,14,256,1,3,6,12,27,3,11,11,2,27,11,1,3,11,6,27,11,305,319,305,103,32,0,0,0,0,0,0
txn_05614,7,43,16,351,2,2,3,15,28,6,10,14,5,27,10,2,2,22,10,27,10,406,417,406,139,34,0,0,0,0,0,0
txn_05256,4,18,9,433,1,1,2,5,13,3,6,4,3,13,6,1,1,4,3,13,6,461,464,461,146,19,0,0,0,0,0,0
txn_07443,10,27,14,353,2,2,6,10,17,3,11,9,2,17,11,2,2,15,3,17,11,393,404,393,133,24,0,0,0,0,0,0
txn_04876,6,27,25,496,1,1,4,7,20,8,17,6,7,19,17,1,1,6,7,19,17,538,554,538,191,30,0,0,0,0,0,0
txn_08557,8,25,14,485,2,1,5,9,16,4,10,8,3,16,10,2,1,16,3,16,10,521,532,521,174,21,0,0,0,0,0,0
txn_02102,11,26,20,169,2,2,7,5,21,5,15,4,4,20,15,2,2,16,8,20,15,212,226,212,65,32,0,0,0,0,0,0
txn_00858,6,29,22,287,1,1,4,10,19,7,15,9,6,19,15,1,1,9,6,19,15,333,344,333,121,30,0,0,0,0,0,0
txn_08666,3,21,7,356,1,1,1,6,15,3,4,5,2,15,4,1,1,5,2,15,4,384,387,384,130,18,0,0,0,0,0,0
txn_05817,9,54,12,423,1,2,6,21,33,3,9,20,2,33,8,1,2,20,10,33,8,480,498,480,167,35,0,0,0,0,0,0
txn_08827,6,23,13,359,1,2,3,8,15,4,9,7,3,15,9,1,2,7,5,15,9,393,401,393,134,20,0,0,0,0,0,0
txn_00817,12,38,20,191,2,3,7,14,24,7,13,13,6,24,13,2,3,17,11,24,13,249,261,249,83,33,0,0,0,0,0,0
txn_08456,12,41,8,340,3,3,6,12,29,3,5,11,2,29,5,3,3,26,7,29,5,390,401,390,133,31,0,0,0,0,0,0
txn_01214,10,35,11,182,2,3,5,11,24,3,8,10,2,23,8,2,3,21,12,23,8,227,238,227,73,30,0,0,0,0,0,0
txn_01554,5,21,22,498,1,2,2,7,14,5,17,7,4,14,16,1,2,7,7,14,16,538,546,538,191,28,0,0,0,0,0,0
txn_04694,7,58,11,266,1,2,4,26,32,4,7,25,3,31,7,1,2,25,6,31,7,330,342,330,118,36,0,0,0,0,0,0
txn_08134,7,25,8,276,1,2,4,8,17,3,5,7,2,17,5,1,2,7,3,17,5,306,316,306,103,19,0,0,0,0,0,0
txn_05426,11,57,14,186,1,3,7,28,29,4,10,27,3,29,10,1,3,27,13,29,10,254,268,254,94,33,0,0,0,0,0,0
txn_00809,0,6,7,98,0,0,0,2,4,2,5,2,2,4,5,0,0,0,0,4,5,111,111,111,37,9,0,0,0,0,0,0
txn_03369,7,19,2,264,1,3,3,7,12,1,1,7,0,12,1,1,2,9,6,12,1,289,292,289,96,15,0,0,0,0,0,0
txn_02813,11,31,8,462,2,2,7,13,18,3,5,13,2,18,5,2,2,11,6,18,5,503,512,503,180,23,0,0,0,0,0,0
txn_09269,10,30,19,465,1,3,6,11,19,4,15,10,3,18,14,1,3,10,10,18,14,507,524,507,176,29,0,0,0,0,0,0
txn_08336,8,43,11,500,2,3,3,14,29,4,7,13,3,29,7,2,3,25,8,29,7,553,562,553,197,34,0,0,0,0,0,0
txn_09553,11,20,15,436,2,2,7,7,13,4,11,6,3,12,11,2,2,14,6,12,11,470,482,470,147,23,0,0,0,0,0,0
txn_08136,8,19,10,267,2,2,4,7,12,4,6,6,3,12,6,2,2,19,11,12,6,298,304,298,100,18,0,0,0,0,0,0
txn_04313,3,29,28,52,1,1,1,9,20,8,20,8,7,20,20,1,1,8,7,20,20,104,112,104,33,34,0,0,0,0,0,0
txn_00222,4,23,23,279,1,1,2,8,15,6,17,7,5,15,17,1,1,7,5,15,17,322,329,322,109,28,0,0,0,0,0,0
txn_06997,5,23,14,343,1,2,2,8,15,3,11,7,2,15,10,1,2,7,3,15,10,378,385,378,129,24,0,0,0,0,0,0
txn_07628,6,43,18,562,1,1,4,14,29,4,14,13,3,28,13,1,1,13,3,28,13,610,629,610,216,34,0,0,0,0,0,0
txn_08028,13,31,13,171,4,4,5,15,16,4,9,15,4,15,9,4,4,36,22,15,9,217,228,217,74,25,0,0,0,0,0,0
txn_00420,7,13,7,404,1,2,4,4,9,2,5,3,1,9,5,1,2,3,3,9,5,424,431,424,148,12,0,0,0,0,0,0
txn_00142,11,27,12,278,1,1,9,7,20,2,10,6,1,20,10,1,1,6,1,20,10,309,328,309,103,21,0,0,0,0,0,0
txn_06184,10,36,22,194,3,3,4,11,25,7,15,10,6,25,14,3,3,17,13,25,14,251,262,251,80,36,0,0,0,0,0,0
txn_03097,10,37,22,295,2,1,7,11,26,5,17,10,4,26,17,2,1,16,4,26,17,348,364,348,119,35,0,0,0,0,0,0
txn_08677,11,26,13,847,2,1,8,8,18,2,11,7,1,18,11,2,1,16,1,18,11,877,897,877,323,21,0,0,0,0,0,0
txn_09419,11,38,7,548,2,3,6,9,29,2,5,8,1,28,5,2,2,20,8,28,5,591,604,591,207,32,0,0,0,0,0,0
txn_03566,3,21,14,282,1,1,1,9,12,5,9,8,4,11,9,1,1,8,4,11,9,314,320,314,109,19,0,0,0,0,0,0
txn_07267,9,36,26,180,1,1,7,10,26,7,19,9,6,26,19,1,1,9,6,26,19,229,251,229,74,32,0,0,0,0,0,0
txn_09702,3,26,32,438,1,1,1,8,18,9,23,8,8,18,23,1,1,2,8,18,23,490,499,490,156,34,0,0,0,0,0,0
txn_00592,5,18,14,362,1,1,3,5,13,4,10,4,3,13,10,1,1,4,3,13,10,388,399,388,131,17,0,0,0,0,0,0
txn_03732,3,41,10,396,1,1,1,13,28,4,6,13,3,27,6,1,1,4,3,27,6,443,450,443,152,32,0,0,0,0,0,0
txn_05547,10,25,24,407,1,1,8,6,19,6,18,5,5,19,18,1,1,5,5,19,18,447,466,447,155,27,0,0,0,0,0,0
txn_02167,7,10,20,599,3,1,3,4,6,4,16,3,3,6,16,3,1,26,3,6,16,629,636,629,220,19,0,0,0,0,0,0
txn_03762,5,31,28,174,1,2,2,10,21,9,19,10,8,21,19,1,2,8,10,21,19,226,238,226,76,32,0,0,0,0,0,0
txn_00336,5,13,18,130,1,1,3,4,9,5,13,3,4,9,13,1,1,3,4,9,13,157,166,157,52,17,0,0,0,0,0,0
txn_07473,8,44,24,101,1,2,5,14,30,9,15,13,8,30,15,1,2,13,11,30,15,161,177,161,55,37,0,0,0,0,0,0
txn_05895,9,24,2,311,2,2,5,10,14,1,1,9,0,14,1,2,1,17,3,14,1,339,346,339,117,16,0,0,0,0,0,0
txn_05026,4,27,13,441,1,1,2,8,19,4,9,7,4,18,9,1,1,7,5,18,9,478,485,478,152,25,0,0,0,0,0,0
txn_09826,3,18,20,465,1,1,1,5,13,6,14,5,5,13,14,1,1,6,5,13,14,500,506,500,176,22,0,0,0,0,0,0
txn_07354,7,20,7,340,2,1,4,6,14,2,5,5,1,14,5,2,1,14,1,14,5,368,374,368,126,18,0,0,0,0,0,0
txn_05745,12,21,15,503,3,1,8,6,15,4,11,5,3,15,11,3,1,21,3,15,11,537,551,537,191,23,0,0,0,0,0,0
txn_09284,11,28,19,365,3,1,7,7,21,6,13,6,5,21,13,3,1,17,5,21,13,407,423,407,136,28,0,0,0,0,0,0
txn_01841,7,17,15,850,1,2,4,5,12,4,11,4,4,12,11,1,2,4,6,12,11,879,889,879,325,19,0,0,0,0,0,0
txn_07322,5,24,17,494,2,1,2,9,15,7,10,8,6,15,10,2,1,12,6,15,10,533,540,533,177,23,0,0,0,0,0,0
txn_08584,9,31,28,497,1,1,7,9,22,9,19,8,8,21,19,1,1,8,8,21,19,547,565,547,180,33,0,0,0,0,0,0
txn_06205,8,14,12,195,2,1,5,3,11,3,9,2,2,11,9,2,1,4,2,11,9,219,229,219,70,16,0,0,0,0,0,0
txn_06723,9,22,14,111,2,3,4,7,15,5,9,6,4,15,9,2,3,12,14,15,9,151,156,151,48,24,0,0,0,0,0,0
txn_04916,9,16,22,98,1,2,6,4,12,5,17,3,4,12,16,1,2,3,5,12,16,131,145,131,40,24,0,0,0,0,0,0
txn_02693,4,17,3,268,1,1,2,6,11,1,2,5,0,11,2,1,0,5,0,11,2,287,292,287,98,11,0,0,0,0,0,0
txn_00685,5,8,10,184,1,1,3,2,6,3,7,1,2,6,7,1,1,1,2,6,7,200,207,200,67,10,0,0,0,0,0,0
txn_09671,8,24,13,144,1,2,5,6,18,3,10,5,2,18,10,1,2,5,4,18,10,181,189,181,57,26,0,0,0,0,0,0
txn_06155,7,18,12,853,2,1,4,8,10,3,9,7,2,10,9,2,1,13,2,10,9,880,890,880,328,15,0,0,0,0,0,0
txn_07310,10,18,20,465,2,1,7,5,13,4,16,4,3,13,15,2,1,13,3,13,15,495,513,495,170,23,0,0,0,0,0,0
txn_06343,8,40,21,541,1,2,5,11,29,5,16,10,4,28,16,1,2,10,14,28,16,590,610,590,209,34,0,0,0,0,0,0
txn_04681,7,19,18,550,3,1,3,6,13,6,12,5,5,13,12,3,1,30,5,13,12,585,594,585,211,20,0,0,0,0,0,0
txn_08335,10,23,23,345,2,2,6,7,16,8,15,6,7,16,15,2,2,13,10,16,15,390,401,390,135,28,0,0,0,0,0,0
txn_09928,9,15,18,270,1,1,7,3,12,5,13,2,5,12,13,1,1,2,1,12,13,301,312,301,99,22,0,0,0,0,0,0
txn_03990,5,40,14,177,2,1,2,14,26,4,10,13,3,25,10,2,1,19,3,25,10,227,236,227,75,33,0,0,0,0,0,0
txn_05945,5,33,13,298,1,2,2,9,24,4,9,8,3,23,9,1,2,8,6,23,9,342,349,342,116,31,0,0,0,0,0,0
txn_02421,6,20,14,271,1,1,4,5,15,4,10,4,3,15,10,1,1,4,3,15,10,301,311,301,101,20,0,0,0,0,0,0
txn_09450,11,24,13,368,2,1,8,6,18,3,10,5,2,18,10,2,1,9,2,18,10,401,416,401,134,22,0,0,0,0,0,0
txn_04151,10,28,13,602,3,2,5,9,19,3,10,8,2,19,10,3,1,21,2,19,10,643,653,643,224,28,0,0,0,0,0,0
txn_04620,8,18,18,467,1,3,4,3,15,5,13,2,4,15,12,1,3,2,8,15,12,501,511,501,172,25,0,0,0,0,0,0
txn_05038,8,14,24,281,2,2,4,4,10,8,16,3,7,10,16,2,2,9,8,10,16,318,327,318,106,24,0,0,0,0,0,0
txn_06381,7,37,19,491,1,2,4,10,27,5,14,9,4,26,14,1,2,9,7,26,14,541,554,541,188,35,0,0,0,0,0,0
txn_00745,10,24,34,493,3,3,4,8,16,11,23,7,10,16,22,3,3,26,20,16,22,545,561,545,189,35,0,0,0,0,0,0
txn_07620,9,27,14,214,3,2,4,8,19,4,10,7,3,19,10,3,2,24,4,19,10,255,264,255,84,26,0,0,0,0,0,0
txn_02448,7,30,20,849,1,2,4,11,19,6,14,10,5,19,14,1,2,10,8,19,14,894,906,894,334,29,0,0,0,0,0,0
txn_00306,8,24,15,563,2,1,5,8,16,4,11,7,3,15,11,2,1,15,3,15,11,598,610,598,213,23,0,0,0,0,0,0
txn_01884,7,6,20,243,2,1,4,2,4,7,13,1,6,4,13,2,1,12,6,4,13,266,276,266,91,14,0,0,0,0,0,0
txn_07545,9,17,0,338,3,2,4,5,12,0,0,4,0,12,0,3,2,14,5,12,0,361,364,361,121,14,0,0,0,0,0,0
txn_04012,9,21,5,585,3,2,4,8,13,2,3,7,1,13,3,3,2,19,2,13,3,616,620,616,219,18,0,0,0,0,0,0
txn_07047,10,24,8,852,3,3,4,8,16,3,5,7,2,16,5,3,3,19,5,16,5,882,894,882,329,19,0,0,0,0,0,0
txn_07687,7,40,17,506,1,1,5,12,28,5,12,11,4,28,12,1,1,11,4,28,12,556,570,556,199,33,0,0,0,0,0,0
txn_01509,9,8,16,314,2,2,5,4,4,5,11,4,4,3,11,2,2,12,14,3,11,340,347,340,117,15,0,0,0,0,0,0
txn_09186,8,33,10,543,2,1,5,11,22,2,8,10,1,22,8,2,1,16,1,22,8,584,594,584,209,26,0,0,0,0,0,0
txn_05176,5,31,25,509,2,1,2,10,21,6,19,9,6,20,19,2,1,14,2,20,19,562,570,562,198,39,0,0,0,0,0,0
txn_08320,9,25,11,499,2,2,5,9,16,4,7,8,3,16,7,2,2,17,4,16,7,537,544,537,176,24,0,0,0,0,0,0
txn_05788,10,33,8,266,1,2,7,9,24,3,5,8,2,24,5,1,2,8,7,24,5,305,317,305,103,25,0,0,0,0,0,0
txn_05751,11,32,17,233,3,2,6,13,19,4,13,12,3,19,13,3,2,27,5,19,13,282,293,282,94,29,0,0,0,0,0,0
txn_09736,5,17,7,216,2,1,2,6,11,3,4,6,2,11,4,2,1,14,2,11,4,241,245,241,80,14,0,0,0,0,0,0
txn_09674,5,13,11,565,1,1,3,2,11,2,9,2,1,11,9,1,1,9,1,11,9,589,594,589,208,19,0,0,0,0,0,0
txn_07727,17,17,23,415,6,4,7,6,11,7,16,5,6,11,16,6,4,71,41,11,16,461,472,461,155,27,0,0,0,0,0,0
txn_07744,5,7,9,357,1,2,2,2,5,3,6,2,2,5,5,1,2,2,3,5,5,375,378,375,134,12,0,0,0,0,0,0
txn_01340,6,20,7,162,1,2,3,7,13,2,5,6,2,13,5,1,2,6,7,13,5,190,195,190,62,16,0,0,0,0,0,0
txn_04974,10,22,20,425,3,2,5,6,16,4,16,5,3,15,16,3,2,20,7,15,16,465,477,465,154,30,0,0,0,0,0,0
txn_04538,16,55,18,196,3,6,7,21,34,5,13,20,5,33,13,3,6,42,17,33,13,265,285,265,86,42,0,0,0,0,0,0
txn_06940,5,21,11,546,2,1,2,7,14,4,7,6,3,14,7,2,1,10,3,14,7,578,583,578,208,19,0,0,0,0,0,0
txn_03651,8,24,10,100,1,2,5,8,16,3,7,7,2,16,7,1,2,7,8,16,7,132,142,132,44,19,0,0,0,0,0,0
txn_01146,9,21,22,275,2,3,4,7,14,7,15,6,6,14,15,2,2,15,17,14,15,317,327,317,117,24,0,0,0,0,0,0
txn_08144,9,36,19,418,2,2,5,10,26,5,14,9,4,25,14,2,2,15,10,25,14,467,482,467,158,34,0,0,0,0,0,0
txn_09978,8,30,31,495,2,1,5,10,20,9,22,10,8,19,22,2,1,12,8,19,22,552,564,552,194,38,0,0,0,0,0,0
txn_06176,8,18,10,341,1,2,5,5,13,2,8,4,1,13,8,1,2,4,8,13,8,369,377,369,123,19,0,0,0,0,0,0
txn_05448,10,21,15,469,2,2,6,7,14,3,12,6,2,14,12,2,2,13,5,14,12,503,515,503,176,21,0,0,0,0,0,0
txn_04069,9,31,6,856,2,2,5,12,19,2,4,11,1,19,4,2,2,17,4,19,4,896,902,896,333,23,0,0,0,0,0,0
txn_05659,16,46,3,410,5,5,6,15,31,1,2,14,0,30,2,5,4,51,17,30,2,464,475,464,158,34,0,0,0,0,0,0
txn_08042,9,43,16,219,1,3,5,12,31,5,11,11,4,31,11,1,3,11,10,31,11,275,287,275,89,36,0,0,0,0,0,0
txn_09470,7,31,16,165,1,1,5,12,19,4,12,11,3,19,12,1,1,11,3,19,12,206,219,206,69,24,0,0,0,0,0,0
txn_01780,6,17,16,85,1,2,3,6,11,5,11,5,4,11,11,1,2,5,7,11,11,117,124,117,36,19,0,0,0,0,0,0
txn_04062,5,22,23,371,1,2,2,7,15,7,16,6,6,14,16,1,2,6,8,14,16,412,421,412,139,28,0,0,0,0,0,0
txn_03541,12,38,24,217,3,1,8,12,26,6,18,11,5,26,18,3,1,21,5,26,18,273,291,273,90,37,0,0,0,0,0,0
txn_00508,6,30,51,854,1,1,4,9,21,31,20,8,30,21,20,1,1,8,30,21,20,927,941,927,358,35,0,0,0,0,0,0
txn_05726,7,36,14,372,1,1,5,9,27,3,11,8,2,27,11,1,1,8,2,27,11,415,429,415,138,30,0,0,0,0,0,0
txn_09559,8,26,10,48,3,2,3,8,18,4,6,7,3,18,6,3,2,19,5,18,6,88,92,88,26,24,0,0,0,0,0,0
txn_06239,10,24,12,857,2,1,7,8,16,2,10,7,1,16,10,2,1,13,1,16,10,888,903,888,330,21,0,0,0,0,0,0
txn_01108,10,31,10,42,2,3,5,8,23,3,7,7,2,23,7,2,3,10,17,23,7,84,93,84,23,27,0,0,0,0,0,0
txn_06005,8,33,0,398,2,1,5,10,23,0,0,9,0,23,0,2,1,17,6,23,0,433,439,433,149,23,0,0,0,0,0,0
txn_00547,6,40,17,420,2,1,3,11,29,4,13,10,3,29,13,2,1,18,3,29,13,471,483,471,157,37,0,0,0,0,0,0
txn_04532,16,21,28,553,3,3,10,7,14,8,20,6,7,14,20,3,3,21,16,14,20,599,618,599,213,30,0,0,0,0,0,0
txn_04807,8,33,8,401,2,1,5,10,23,2,6,9,1,22,5,2,1,15,1,22,5,433,450,433,148,24,0,0,0,0,0,0
txn_00150,8,26,11,343,1,1,6,9,17,3,8,8,2,17,8,1,1,8,2,17,8,373,388,373,130,18,0,0,0,0,0,0
txn_02588,9,26,27,129,2,1,6,8,18,7,20,7,6,18,20,2,1,14,6,18,20,181,191,181,56,36,0,0,0,0,0,0
txn_05512,20,22,13,555,6,7,7,7,15,4,9,6,3,15,9,6,7,44,32,15,9,595,610,595,211,21,0,0,0,0,0,0
txn_02525,4,23,23,375,1,1,2,8,15,7,16,7,6,15,16,1,1,7,6,15,16,419,425,419,142,28,0,0,0,0,0,0
txn_07381,5,27,10,53,1,1,3,8,19,3,7,7,2,19,7,1,1,7,2,19,7,86,95,86,32,22,0,0,0,0,0,0
txn_01428,9,22,26,497,3,2,4,8,14,7,19,7,6,13,18,3,2,18,9,13,18,538,554,538,188,30,0,0,0,0,0,0
txn_05378,5,19,23,472,1,1,3,8,11,6,17,7,5,11,16,1,1,7,5,11,16,509,519,509,180,24,0,0,0,0,0,0
txn_05303,6,32,25,498,1,1,4,9,23,8,17,8,7,23,16,1,1,8,7,23,16,546,561,546,192,34,0,0,0,0,0,0
txn_00374,6,22,16,500,2,1,3,7,15,4,12,7,3,15,12,2,1,12,3,15,12,537,544,537,191,24,0,0,0,0,0,0
txn_00021,6,12,12,189,2,1,3,4,8,3,9,4,3,8,9,2,1,14,6,8,9,215,219,215,72,17,0,0,0,0,0,0
txn_03261,5,34,8,359,2,1,2,9,25,3,5,8,2,24,5,2,1,16,2,24,5,398,406,398,141,27,0,0,0,0,0,0
txn_04443,11,15,25,558,3,2,6,6,9,9,16,5,8,9,15,3,2,14,13,9,15,598,609,598,215,24,0,0,0,0,0,0
txn_01648,5,33,10,859,1,1,3,8,25,3,7,7,2,24,7,1,1,7,2,24,7,896,907,896,328,29,0,0,0,0,0,0
txn_06797,10,26,9,344,3,2,5,8,18,2,7,7,1,17,7,3,2,24,2,17,7,378,389,378,125,23,0,0,0,0,0,0
txn_02172,7,27,11,316,1,2,4,8,19,5,6,7,4,19,6,1,2,7,6,19,6,352,361,352,121,22,0,0,0,0,0,0
txn_00498,10,32,6,568,3,2,5,9,23,2,4,8,1,22,4,3,2,19,2,22,4,604,616,604,212,27,0,0,0,0,0,0
txn_04934,5,22,10,284,1,1,3,7,15,2,8,6,1,14,8,1,1,6,1,14,8,312,321,312,104,20,0,0,0,0,0,0
txn_08259,11,16,14,390,1,2,8,3,13,2,12,2,1,13,12,1,2,2,6,13,12,411,431,411,141,15,0,0,0,0,0,0
txn_08630,13,21,16,511,1,3,9,4,17,5,11,3,4,16,11,1,3,3,15,16,11,543,561,543,192,24,0,0,0,0,0,0
txn_04400,9,13,32,104,2,2,5,5,8,10,22,5,9,8,22,2,2,16,13,8,22,154,158,154,50,32,0,0,0,0,0,0
txn_00247,10,17,22,513,1,2,7,4,13,5,17,3,4,13,16,1,2,3,5,13,16,546,562,546,194,24,0,0,0,0,0,0
txn_08951,4,25,10,423,1,1,2,8,17,4,6,8,3,16,6,1,1,7,3,16,6,457,462,457,158,21,0,0,0,0,0,0
txn_06708,9,21,26,194,1,1,7,4,17,7,19,3,6,17,19,1,1,3,6,17,19,234,250,234,76,28,0,0,0,0,0,0
txn_04021,7,19,19,45,1,1,5,5,14,4,15,4,3,14,15,1,1,4,3,14,15,78,90,78,22,23,0,0,0,0,0,0
txn_01141,10,17,7,187,2,2,6,6,11,2,5,5,1,11,5,2,2,13,6,11,5,215,221,215,71,17,0,0,0,0,0,0
txn_09785,14,28,10,281,3,3,8,10,18,3,7,9,2,18,7,3,3,21,7,18,7,325,333,325,110,26,0,0,0,0,0,0
txn_09578,9,18,14,378,2,2,5,6,12,5,9,6,4,12,9,2,2,15,8,12,9,414,419,414,140,21,0,0,0,0,0,0
txn_07263,7,21,15,198,1,1,5,5,16,4,11,4,3,16,11,1,1,4,3,16,11,229,241,229,74,21,0,0,0,0,0,0
txn_00860,10,19,30,348,3,2,5,7,12,9,21,6,8,12,21,3,1,23,8,12,21,395,407,395,137,28,0,0,0,0,0,0
txn_00145,5,22,7,185,1,2,2,7,15,3,4,6,2,15,4,1,2,6,8,15,4,215,219,215,72,18,0,0,0,0,0,0
txn_03107,4,37,4,861,1,1,2,11,26,1,3,10,1,26,3,1,1,10,8,26,3,901,906,901,333,28,0,0,0,0,0,0
txn_00811,9,28,11,426,2,1,6,10,18,4,7,9,4,18,7,2,1,16,5,18,7,466,474,466,161,24,0,0,0,0,0,0
txn_06644,7,17,9,126,1,2,4,6,11,3,6,5,2,11,6,1,2,5,8,11,6,151,159,151,50,14,0,0,0,0,0,0
txn_06248,7,19,24,335,2,2,3,7,12,8,16,6,7,12,16,2,2,14,10,12,16,377,385,377,131,24,0,0,0,0,0,0
txn_04258,10,32,8,236,3,1,6,12,20,2,6,11,2,20,6,3,1,20,4,20,6,280,286,280,93,26,0,0,0,0,0,0
txn_04890,14,21,13,860,3,3,8,7,14,4,9,6,3,14,8,3,3,25,10,14,8,893,908,893,332,23,0,0,0,0,0,0
txn_03693,6,20,4,231,2,2,2,7,13,2,2,7,1,13,2,2,2,18,8,13,2,258,261,258,90,15,0,0,0,0,0,0
txn_02300,10,27,25,136,2,2,6,8,19,8,17,7,7,19,17,2,2,10,8,19,17,184,198,184,59,30,0,0,0,0,0,0
txn_00541,26,34,19,193,9,8,9,9,25,6,13,8,5,25,13,9,8,61,34,25,13,258,272,258,79,35,0,0,0,0,0,0
txn_03375,9,26,17,168,2,1,6,9,17,5,12,8,4,17,12,2,1,16,4,17,12,207,220,207,68,23,0,0,0,0,0,0
txn_08560,12,28,9,864,2,2,8,9,19,2,7,8,1,19,6,2,2,14,7,19,6,896,913,896,330,22,0,0,0,0,0,0
txn_07100,7,30,18,549,2,1,4,9,21,4,14,8,3,20,14,2,1,18,3,20,14,592,604,592,209,32,0,0,0,0,0,0
txn_09923,11,14,16,474,1,3,7,4,10,4,12,3,3,10,12,1,3,3,7,10,12,504,515,504,176,19,0,0,0,0,0,0
txn_08322,11,27,15,278,2,3,6,8,19,3,12,7,2,19,12,2,3,14,5,19,12,320,331,320,115,27,0,0,0,0,0,0
txn_02859,7,31,15,246,2,2,3,9,22,5,10,8,4,21,9,2,2,16,8,21,9,287,299,287,96,28,0,0,0,0,0,0
txn_03872,9,32,12,260,2,1,6,10,22,3,9,9,3,22,9,2,1,17,7,22,9,307,313,307,100,31,0,0,0,0,0,0
txn_04282,9,20,18,401,2,1,6,7,13,6,12,6,5,13,12,2,1,15,5,13,12,433,448,433,151,18,0,0,0,0,0,0
txn_07814,5,13,33,515,2,1,2,3,10,9,24,2,8,10,23,2,1,10,8,10,23,557,566,557,198,30,0,0,0,0,0,0
txn_01255,5,34,18,220,2,1,2,9,25,6,12,8,5,25,12,2,1,23,5,25,12,268,277,268,89,32,0,0,0,0,0,0
txn_01261,7,17,8,866,1,3,3,6,11,3,5,6,2,11,5,1,3,4,11,11,5,895,898,895,333,16,0,0,0,0,0,0
txn_01853,5,26,6,488,1,1,3,9,17,2,4,8,1,17,4,1,1,8,1,17,4,518,525,518,173,18,0,0,0,0,0,0
txn_02852,9,32,9,491,2,2,5,11,21,2,7,10,1,20,7,2,2,15,9,20,7,530,541,530,175,25,0,0,0,0,0,0
txn_06039,10,51,15,569,2,2,6,29,22,6,9,28,5,22,8,2,2,41,13,22,8,631,645,631,235,29,0,0,0,0,0,0
txn_09591,9,22,22,201,3,1,5,7,15,8,14,6,7,15,14,3,1,26,7,15,14,242,254,242,81,24,0,0,0,0,0,0
txn_07888,8,28,12,502,2,2,4,8,20,3,9,7,2,20,8,2,2,13,7,20,8,542,550,542,174,29,0,0,0,0,0,0
txn_02459,4,31,29,861,1,1,2,9,22,8,21,8,7,21,20,1,1,8,7,21,20,909,925,909,337,35,0,0,0,0,0,0
txn_09432,7,24,15,239,3,1,3,9,15,4,11,8,4,15,11,3,1,24,6,15,11,279,285,279,93,24,0,0,0,0,0,0
txn_00381,9,21,14,571,2,1,6,8,13,3,11,7,2,13,11,2,1,13,2,13,11,606,615,606,215,23,0,0,0,0,0,0
txn_06894,6,33,10,204,1,2,3,8,25,3,7,7,3,25,7,1,2,7,5,25,7,247,253,247,78,30,0,0,0,0,0,0
txn_07669,6,16,11,477,1,1,4,5,11,3,8,4,2,11,8,1,1,4,2,11,8,501,510,501,177,15,0,0,0,0,0,0
txn_09699,10,11,17,346,2,3,5,3,8,5,12,2,4,8,12,2,3,9,13,8,12,374,384,374,124,18,0,0,0,0,0,0
txn_06180,10,16,13,559,1,2,7,4,12,3,10,3,2,12,10,1,2,3,3,12,10,586,598,586,208,18,0,0,0,0,0,0
txn_06156,12,33,16,259,2,2,8,11,22,4,12,10,3,22,12,2,2,19,7,22,12,307,320,307,104,30,0,0,0,0,0,0
txn_06926,7,27,10,319,2,2,3,8,19,3,7,7,3,19,7,2,2,13,13,19,7,359,363,359,121,26,0,0,0,0,0,0
txn_08941,11,45,7,588,3,2,6,14,31,2,5,13,1,30,4,3,2,29,7,30,4,636,651,636,223,36,0,0,0,0,0,0
txn_09198,9,18,4,468,2,3,4,6,12,2,2,5,1,12,2,2,3,7,8,12,2,494,499,494,173,14,0,0,0,0,0,0
txn_08748,7,6,12,123,2,2,3,3,3,3,9,2,2,3,9,2,2,13,7,3,9,143,148,143,46,11,0,0,0,0,0,0
txn_00843,21,17,21,130,8,6,7,5,12,11,10,5,10,12,9,8,6,61,27,12,9,172,189,172,54,23,0,0,0,0,0,0
txn_01224,4,30,9,132,1,1,2,8,22,3,6,8,2,22,6,1,1,4,2,22,6,172,175,172,54,27,0,0,0,0,0,0
txn_05576,10,17,23,247,2,1,7,6,11,6,17,5,5,11,17,2,1,9,5,11,17,283,297,283,97,22,0,0,0,0,0,0
txn_01244,10,7,28,869,2,3,5,3,4,8,20,2,7,4,19,2,3,7,15,4,19,899,914,899,330,22,0,0,0,0,0,0
txn_04797,0,11,17,605,0,0,0,4,7,5,12,4,5,7,12,0,0,0,0,7,12,629,633,629,223,17,0,0,0,0,0,0
txn_09417,10,20,27,393,3,2,5,6,14,8,19,5,7,14,19,3,2,16,9,14,19,440,450,440,149,33,0,0,0,0,0,0
txn_09238,8,22,20,280,2,2,4,7,15,7,13,6,6,15,13,2,2,14,10,15,13,320,330,320,110,24,0,0,0,0,0,0
txn_09679,7,29,10,517,2,2,3,10,19,3,7,9,2,19,6,2,2,16,3,19,6,557,563,557,200,26,0,0,0,0,0,0
txn_07529,11,38,8,243,2,2,7,11,27,2,6,10,1,26,6,2,2,17,3,26,6,283,300,283,93,28,0,0,0,0,0,0
txn_06836,19,33,13,404,3,7,9,14,19,4,9,14,4,18,9,3,7,37,26,18,9,452,469,452,154,29,0,0,0,0,0,0
txn_01590,12,24,29,284,2,2,8,8,16,8,21,7,7,16,21,2,2,13,14,16,21,335,349,335,113,32,0,0,0,0,0,0
txn_04158,6,22,21,128,2,1,3,7,15,7,14,6,6,15,14,2,1,17,6,15,14,169,177,169,56,26,0,0,0,0,0,0
txn_07504,4,29,8,551,1,1,2,7,22,2,6,6,1,22,5,1,1,6,1,22,5,583,592,583,206,25,0,0,0,0,0,0
txn_08370,4,24,17,351,1,1,2,9,15,6,11,8,6,15,10,1,1,8,5,15,10,390,396,390,136,24,0,0,0,0,0,0
txn_06349,12,35,10,197,3,2,7,11,24,3,7,10,3,24,7,3,2,17,10,24,7,245,254,245,81,29,0,0,0,0,0,0
txn_09891,3,43,21,273,1,1,1,17,26,7,14,16,6,26,14,1,1,16,6,26,14,333,340,333,115,35,0,0,0,0,0,0
txn_04486,6,20,23,83,1,1,4,8,12,6,17,7,5,12,17,1,1,7,5,12,17,122,132,122,40,24,0,0,0,0,0,0
txn_06826,7,28,10,574,2,2,3,8,20,4,6,7,3,19,5,2,2,16,6,19,5,607,619,607,216,22,0,0,0,0,0,0
txn_01271,5,34,12,300,1,1,3,11,23,5,7,10,4,23,7,1,1,10,4,23,7,344,351,344,121,27,0,0,0,0,0,0
txn_01161,7,26,25,284,1,1,5,6,20,5,20,5,4,20,19,1,1,5,4,20,19,324,342,324,108,30,0,0,0,0,0,0
txn_09615,8,30,18,349,1,1,6,8,22,5,13,7,4,22,13,1,1,7,4,22,13,388,405,388,132,25,0,0,0,0,0,0
txn_06729,4,34,21,173,1,1,2,10,24,6,15,9,6,24,15,1,1,9,3,24,15,223,232,223,75,32,0,0,0,0,0,0
txn_02687,6,9,30,480,1,2,3,5,4,8,22,5,8,4,22,1,2,6,7,4,22,522,525,522,184,27,0,0,0,0,0,0
txn_08422,4,24,15,207,1,1,2,7,17,4,11,6,4,17,11,1,1,6,4,17,11,246,250,246,80,26,0,0,0,0,0,0
txn_03350,9,25,16,338,2,3,4,8,17,5,11,7,4,17,11,2,3,14,11,17,11,379,388,379,129,27,0,0,0,0,0,0
txn_09406,11,33,18,381,2,3,6,14,19,5,13,13,4,18,13,2,3,19,11,18,13,429,443,429,146,28,0,0,0,0,0,0
txn_08724,12,25,13,562,3,3,6,9,16,4,9,8,3,15,8,3,3,18,7,15,8,601,612,601,213,25,0,0,0,0,0,0
txn_04348,11,21,12,443,3,2,6,6,15,3,9,5,2,15,9,3,2,17,3,15,9,477,487,477,150,22,0,0,0,0,0,0
txn_09463,10,14,14,274,3,1,6,4,10,3,11,3,2,9,11,3,1,11,2,9,11,300,312,300,99,18,0,0,0,0,0,0
txn_00395,9,19,18,588,1,3,5,3,16,5,13,2,4,16,13,1,3,2,8,16,13,624,634,624,219,25,0,0,0,0,0,0
txn_05000,13,15,4,383,3,3,7,4,11,2,2,3,1,10,2,3,3,36,6,10,2,404,415,404,134,14,0,0,0,0,0,0
txn_08744,9,18,13,591,3,3,3,7,11,4,9,6,3,10,9,3,2,21,7,10,9,620,631,620,221,18,0,0,0,0,0,0
txn_05691,8,24,23,352,1,3,4,6,18,8,15,5,7,18,15,1,3,5,11,18,15,399,407,399,134,30,0,0,0,0,0,0
txn_01494,6,58,22,471,2,1,3,26,32,5,17,25,4,31,16,2,1,30,4,31,16,539,557,539,193,41,0,0,0,0,0,0
txn_05515,3,29,16,245,1,1,1,9,20,7,9,8,7,20,9,1,1,8,1,20,9,289,293,289,99,27,0,0,0,0,0,0
txn_00169,13,18,15,425,3,3,7,6,12,3,12,5,2,11,12,3,3,27,8,11,12,459,471,459,155,23,0,0,0,0,0,0
txn_06974,10,25,19,519,2,1,7,10,15,6,13,9,5,15,13,2,1,15,5,15,13,556,573,556,201,23,0,0,0,0,0,0
txn_07425,6,15,11,263,2,2,2,4,11,4,7,3,4,11,7,2,2,10,15,11,7,292,295,292,96,18,0,0,0,0,0,0
txn_03066,6,39,19,395,2,1,3,14,25,6,13,13,5,25,13,2,1,18,5,25,13,452,459,452,156,35,0,0,0,0,0,0
txn_05875,7,18,11,272,2,1,4,6,12,4,7,5,3,11,7,2,1,20,3,11,7,299,308,299,103,17,0,0,0,0,0,0
txn_06376,9,18,19,86,2,1,6,5,13,4,15,4,3,13,15,2,1,10,3,13,15,118,132,118,35,22,0,0,0,0,0,0
txn_09728,16,32,13,183,5,5,6,16,16,4,9,15,4,15,9,5,5,48,26,15,9,235,244,235,77,28,0,0,0,0,0,0
txn_02763,6,42,28,190,1,2,3,14,28,6,22,13,5,28,22,1,2,13,9,28,22,253,266,253,84,41,0,0,0,0,0,0
txn_09018,6,32,29,131,2,1,3,8,24,8,21,7,7,24,20,2,1,22,7,24,20,182,198,182,56,37,0,0,0,0,0,0
txn_01006,9,23,14,427,2,3,4,7,16,4,10,6,3,16,10,2,3,11,7,16,10,466,473,466,159,25,0,0,0,0,0,0
txn_03739,11,37,10,862,3,2,6,11,26,2,8,10,1,25,7,3,2,24,2,25,7,905,920,905,335,31,0,0,0,0,0,0
txn_08843,11,35,13,575,3,2,6,10,25,3,10,9,2,25,10,3,2,27,4,25,10,623,634,623,220,32,0,0,0,0,0,0
txn_00393,5,9,14,522,1,1,3,3,6,5,9,2,5,6,9,1,1,2,4,6,9,546,550,546,199,14,0,0,0,0,0,0
txn_01398,8,28,14,472,1,2,5,8,20,3,11,7,2,19,11,1,2,7,5,19,11,511,522,511,176,29,0,0,0,0,0,0
txn_00623,16,37,14,133,3,3,10,10,27,4,10,9,3,27,10,3,3,18,9,27,10,188,200,188,58,37,0,0,0,0,0,0
txn_09496,9,33,13,483,1,1,7,9,24,4,9,8,3,24,9,1,1,8,3,24,9,521,538,521,184,24,0,0,0,0,0,0
txn_00852,4,40,24,553,1,1,2,16,24,6,18,15,5,23,17,1,1,15,5,23,17,607,621,607,218,37,0,0,0,0,0,0
txn_02769,8,19,24,286,1,1,6,5,14,7,17,4,6,14,17,1,1,4,6,14,17,322,337,322,110,24,0,0,0,0,0,0
txn_03735,13,17,11,274,2,3,8,6,11,3,8,5,2,11,8,2,3,13,4,11,8,304,315,304,103,18,0,0,0,0,0,0
txn_06359,17,35,18,152,3,7,7,9,26,6,12,8,5,26,12,3,7,42,22,26,12,211,222,211,65,35,0,0,0,0,0,0
txn_06603,9,31,16,248,2,2,5,11,20,4,12,10,3,19,12,2,2,14,5,19,12,294,304,294,98,30,0,0,0,0,0,0
txn_02122,10,25,22,474,2,1,7,6,19,6,16,5,5,19,16,2,1,9,5,19,16,515,531,515,180,28,0,0,0,0,0,0
txn_02808,10,33,15,355,1,2,7,10,23,5,10,9,4,23,10,1,2,9,6,23,10,400,413,400,136,28,0,0,0,0,0,0
txn_07043,5,20,10,384,1,1,3,5,15,2,8,5,2,15,8,1,0,7,0,15,8,416,419,416,139,23,0,0,0,0,0,0
txn_01560,9,27,7,504,2,3,4,7,20,3,4,6,2,20,4,2,2,13,6,20,4,540,547,540,176,22,0,0,0,0,0,0
txn_04843,5,29,35,393,1,1,3,10,19,12,23,9,11,18,23,1,1,9,11,18,23,448,462,448,158,34,0,0,0,0,0,0
txn_08861,8,31,21,322,1,2,5,11,20,6,15,10,5,19,15,1,2,10,8,19,15,368,382,368,126,30,0,0,0,0,0,0
txn_00251,9,24,33,287,2,2,5,7,17,10,23,7,9,17,22,2,2,23,12,17,22,340,353,340,115,34,0,0,0,0,0,0
txn_06746,3,32,6,862,1,1,1,9,23,2,4,8,2,23,4,1,1,8,1,23,4,900,903,900,334,27,0,0,0,0,0,0
txn_09256,9,31,6,412,2,2,5,8,23,2,4,7,1,23,4,2,2,27,4,23,4,449,458,449,154,26,0,0,0,0,0,0
txn_08274,6,12,35,871,1,2,3,4,8,11,24,3,10,8,23,1,2,3,15,8,23,910,924,910,336,27,0,0,0,0,0,0
txn_08962,8,19,23,262,2,2,4,5,14,8,15,4,7,14,15,2,2,9,13,14,15,303,312,303,103,25,0,0,0,0,0,0
txn_03531,8,34,16,185,1,1,6,11,23,4,12,10,3,23,12,1,1,10,3,23,12,229,243,229,76,28,0,0,0,0,0,0
txn_09989,10,45,19,873,2,3,5,14,31,7,12,13,6,30,12,2,3,19,11,30,12,932,947,932,341,42,0,0,0,0,0,0
txn_06015,5,24,6,563,1,1,3,8,16,2,4,7,2,16,4,1,1,7,6,16,4,592,598,592,213,18,0,0,0,0,0,0
txn_00865,5,29,10,250,2,1,2,11,18,3,7,10,3,18,7,2,1,17,7,18,7,290,294,290,99,24,0,0,0,0,0,0
txn_09558,7,23,14,875,3,1,3,7,16,5,9,6,4,15,9,3,1,16,4,15,9,908,919,908,337,22,0,0,0,0,0,0
txn_08876,5,10,24,477,2,1,2,3,7,6,18,2,5,7,18,2,1,7,5,7,18,510,516,510,178,22,0,0,0,0,0,0
txn_08922,8,41,18,486,1,1,6,12,29,5,13,11,4,29,13,1,1,11,4,29,13,538,553,538,189,34,0,0,0,0,0,0
txn_05549,13,20,20,405,4,3,6,5,15,6,14,5,5,15,14,4,3,61,38,15,14,448,458,448,151,28,0,0,0,0,0,0
txn_03713,10,28,30,223,1,2,7,7,21,9,21,6,8,21,21,1,2,6,14,21,21,271,291,271,91,31,0,0,0,0,0,0
txn_04973,11,40,16,877,3,2,6,14,26,4,12,13,4,25,11,3,2,24,6,25,11,926,944,926,342,33,0,0,0,0,0,0
txn_08129,8,22,4,100,2,2,4,4,18,2,2,3,2,18,2,2,2,9,8,18,2,131,134,131,39,21,0,0,0,0,0,0
txn_02006,12,31,16,865,3,3,6,8,23,5,11,7,4,22,11,3,3,24,7,22,11,908,924,908,335,31,0,0,0,0,0,0
txn_02799,9,22,21,353,2,2,5,6,16,4,17,5,3,15,17,2,2,12,8,15,17,387,405,387,131,26,0,0,0,0,0,0
txn_01577,4,18,18,525,1,1,2,6,12,5,13,5,4,12,12,1,1,5,4,12,12,555,565,555,200,21,0,0,0,0,0,0
txn_08487,5,27,20,395,2,1,2,9,18,6,14,8,5,17,14,2,1,17,5,17,14,435,447,435,150,27,0,0,0,0,0,0
txn_00795,6,26,52,103,1,1,4,8,18,31,21,7,30,18,21,1,1,7,30,18,21,175,187,175,71,33,0,0,0,0,0,0
txn_08878,8,28,18,554,1,2,5,8,20,5,13,7,4,20,13,1,2,7,8,20,13,596,608,596,213,28,0,0,0,0,0,0
txn_09121,7,30,9,147,1,2,4,10,20,2,7,9,1,20,7,1,2,9,5,20,7,184,193,184,61,23,0,0,0,0,0,0
txn_08817,12,38,7,578,4,4,4,9,29,2,5,8,1,28,4,4,4,28,17,28,4,622,635,622,216,32,0,0,0,0,0,0
txn_03439,7,40,7,135,2,1,4,16,24,2,5,15,1,24,5,2,1,20,1,24,5,182,189,182,61,27,0,0,0,0,0,0
txn_00703,10,29,26,281,2,1,7,8,21,6,20,7,5,20,20,2,1,16,5,20,20,330,346,330,118,35,0,0,0,0,0,0
txn_01890,7,24,29,276,2,2,3,8,16,8,21,7,7,16,21,2,2,17,13,16,21,328,336,328,110,33,0,0,0,0,0,0
txn_03936,6,38,21,250,1,2,3,11,27,9,12,10,8,26,12,1,2,10,9,26,12,303,315,303,105,33,0,0,0,0,0,0
txn_09011,3,20,0,210,1,1,1,7,13,0,0,6,0,13,0,1,1,6,2,13,0,232,233,232,77,13,0,0,0,0,0,0
txn_01822,7,31,15,503,2,2,3,9,22,3,12,9,3,22,12,2,2,12,8,22,12,548,556,548,194,30,0,0,0,0,0,0
txn_06988,10,44,15,324,3,2,5,12,32,5,10,11,4,32,10,3,2,30,8,32,10,381,393,381,128,38,0,0,0,0,0,0
txn_02688,10,22,20,128,3,1,6,8,14,5,15,7,4,13,15,3,1,25,4,13,15,166,180,166,54,24,0,0,0,0,0,0
txn_01302,8,22,15,265,1,3,4,6,16,5,10,5,4,16,10,1,3,5,10,16,10,300,310,300,102,21,0,0,0,0,0,0
txn_03465,9,23,24,593,2,1,6,7,16,8,16,6,7,16,16,2,1,11,7,16,16,635,649,635,227,27,0,0,0,0,0,0
txn_05592,8,31,20,361,1,2,5,11,20,6,14,10,5,20,14,1,2,10,12,20,14,410,420,410,148,31,0,0,0,0,0,0
txn_01673,7,18,20,878,2,1,4,6,12,8,12,5,7,11,11,2,1,11,7,11,11,911,923,911,341,21,0,0,0,0,0,0
txn_07202,5,18,14,578,1,1,3,7,11,2,12,6,1,10,12,1,1,6,1,10,12,605,615,605,216,19,0,0,0,0,0,0
txn_09426,7,25,10,430,1,2,4,6,19,2,8,5,2,19,8,1,2,5,10,19,8,465,472,465,158,25,0,0,0,0,0,0
txn_09154,3,23,18,279,1,1,1,8,15,8,10,7,7,15,10,1,1,7,7,15,10,318,323,318,111,22,0,0,0,0,0,0
txn_03096,10,20,19,397,1,3,6,3,17,5,14,2,4,17,13,1,3,2,8,17,13,432,446,432,146,26,0,0,0,0,0,0
txn_02233,16,45,14,355,6,5,5,14,31,3,11,14,2,31,11,6,5,42,27,31,11,419,430,419,141,39,0,0,0,0,0,0
txn_07816,5,26,7,130,1,2,2,8,18,2,5,7,1,18,5,1,2,7,4,18,5,163,168,163,53,21,0,0,0,0,0,0
txn_05352,8,25,6,213,3,1,4,8,17,2,4,7,2,16,4,3,1,31,2,16,4,247,252,247,80,22,0,0,0,0,0,0
txn_03929,7,35,20,277,1,2,4,8,27,5,15,7,4,26,15,1,2,7,11,26,15,326,339,326,108,36,0,0,0,0,0,0
txn_09342,6,11,24,506,2,1,3,4,7,7,17,3,6,7,17,2,1,10,6,7,17,537,547,537,191,19,0,0,0,0,0,0
txn_05025,13,24,9,138,2,2,9,7,17,2,7,6,1,17,7,2,2,14,7,17,7,173,184,173,53,23,0,0,0,0,0,0
txn_08804,11,21,8,96,2,2,7,6,15,3,5,5,2,15,5,2,1,10,2,15,5,127,136,127,40,19,0,0,0,0,0,0
txn_03515,5,13,5,282,1,2,2,4,9,2,3,4,1,9,3,1,1,7,1,9,3,303,305,303,103,13,0,0,0,0,0,0
txn_00428,9,22,13,509,2,1,6,6,16,3,10,5,2,16,10,2,1,9,2,16,10,541,553,541,190,22,0,0,0,0,0,0
txn_00670,6,23,12,276,1,2,3,8,15,4,8,8,4,15,8,1,2,9,8,15,8,315,317,315,106,24,0,0,0,0,0,0
txn_07809,4,18,15,268,1,1,2,6,12,4,11,6,4,12,11,1,1,6,2,12,11,305,305,305,104,25,0,0,0,0,0,0
txn_09045,6,28,10,608,1,2,3,10,18,4,6,9,3,17,6,1,2,9,9,17,6,642,652,642,227,21,0,0,0,0,0,0
txn_09259,10,19,16,408,2,2,6,7,12,5,11,6,4,12,10,2,2,13,7,12,10,444,453,444,152,23,0,0,0,0,0,0
txn_02548,10,23,23,415,3,1,6,7,16,8,15,6,7,15,15,3,1,26,7,15,15,456,471,456,159,25,0,0,0,0,0,0
txn_00855,8,10,31,566,1,1,6,2,8,9,22,1,8,8,22,1,1,1,8,8,22,601,615,601,214,24,0,0,0,0,0,0
txn_04263,7,13,12,507,2,2,3,5,8,4,8,5,4,8,8,2,2,16,9,8,8,534,539,534,177,16,0,0,0,0,0,0
txn_05623,9,26,8,480,1,2,6,8,18,2,6,7,1,17,6,1,2,7,5,17,6,506,523,506,176,20,0,0,0,0,0,0
txn_05821,7,38,22,53,1,2,4,11,27,9,13,10,8,26,13,1,2,10,9,26,13,106,120,106,35,33,0,0,0,0,0,0
txn_05867,7,7,11,171,2,1,4,3,4,2,9,2,1,4,9,2,1,15,1,4,9,188,196,188,60,10,0,0,0,0,0,0
txn_02624,3,36,14,139,1,1,1,11,25,4,10,10,3,25,9,1,1,10,3,25,9,185,192,185,59,32,0,0,0,0,0,0
txn_02379,5,27,20,580,1,1,3,8,19,6,14,7,6,19,14,1,1,7,4,19,14,623,632,623,222,29,0,0,0,0,0,0
txn_08350,8,33,23,446,2,2,4,13,20,6,17,13,5,20,17,2,2,9,8,20,17,500,510,500,162,31,0,0,0,0,0,0
txn_06604,6,18,24,161,1,2,3,6,12,7,17,5,6,12,17,1,2,5,8,12,17,199,209,199,66,23,0,0,0,0,0,0
txn_05167,7,30,11,340,1,1,5,8,22,3,8,7,2,21,8,1,1,7,2,21,8,375,388,375,127,25,0,0,0,0,0,0
txn_09013,5,17,25,527,2,1,2,5,12,7,18,4,7,11,18,2,1,13,2,11,18,565,574,565,204,26,0,0,0,0,0,0
txn_07102,10,20,35,290,2,2,6,7,13,12,23,6,11,13,23,2,2,14,16,13,23,345,355,345,126,33,0,0,0,0,0,0
txn_08310,7,37,9,107,1,2,4,9,28,3,6,8,2,28,6,1,2,8,8,28,6,150,160,150,45,31,0,0,0,0,0,0
txn_07405,11,25,4,283,3,3,5,8,17,2,2,7,1,17,2,3,3,15,7,17,2,316,323,316,115,20,0,0,0,0,0,0
txn_00071,3,20,29,200,1,1,1,8,12,8,21,8,7,12,21,1,1,8,7,12,21,247,252,247,84,29,0,0,0,0,0,0
txn_04009,8,32,14,364,1,1,6,10,22,4,10,9,3,22,10,1,1,9,3,22,10,404,418,404,146,25,0,0,0,0,0,0
txn_02316,6,21,12,222,2,2,2,9,12,4,8,8,3,12,8,2,2,18,7,12,8,256,261,256,86,18,0,0,0,0,0,0
txn_05312,17,23,8,493,3,3,11,7,16,2,6,6,1,16,6,3,3,18,9,16,6,530,541,530,173,24,0,0,0,0,0,0
txn_02985,9,26,21,51,1,2,6,6,20,7,14,5,6,20,14,1,2,5,8,20,14,94,107,94,28,28,0,0,0,0,0,0
txn_06314,6,12,14,196,1,2,3,4,8,4,10,4,3,8,10,1,2,28,6,8,10,225,228,225,74,18,0,0,0,0,0,0
txn_05962,5,17,7,867,1,1,3,5,12,2,5,4,2,12,5,1,1,4,2,12,5,893,896,893,334,17,0,0,0,0,0,0
txn_08868,8,22,20,346,2,2,4,9,13,7,13,8,6,13,13,2,2,15,13,13,13,387,396,387,134,24,0,0,0,0,0,0
txn_06393,12,33,13,417,3,2,7,10,23,4,9,9,3,23,8,3,1,24,3,23,8,464,475,464,159,31,0,0,0,0,0,0
txn_02622,12,48,6,312,4,4,4,15,33,2,4,14,2,32,4,4,3,64,38,32,4,370,378,370,121,38,0,0,0,0,0,0
txn_06616,6,23,20,481,1,1,4,7,16,5,15,6,4,15,15,1,1,6,4,15,15,518,530,518,181,26,0,0,0,0,0,0
txn_00144,21,23,10,557,8,8,5,9,14,2,8,8,1,14,8,8,8,58,37,14,8,596,611,596,213,19,0,0,0,0,0,0
txn_03576,12,34,19,569,3,3,6,11,23,7,12,10,6,22,12,3,3,25,12,22,12,622,634,622,222,33,0,0,0,0,0,0
txn_03500,8,27,7,399,1,3,4,7,20,2,5,7,1,20,4,1,3,6,10,20,4,433,441,433,149,24,0,0,0,0,0,0
txn_09200,3,20,18,283,1,1,1,6,14,4,14,6,3,14,14,1,1,4,3,14,14,321,324,321,108,26,0,0,0,0,0,0
txn_06650,6,32,19,610,1,1,4,11,21,8,11,10,7,21,11,1,1,10,7,21,11,656,667,656,234,27,0,0,0,0,0,0
txn_03169,6,17,18,583,1,1,4,5,12,6,12,4,5,12,12,1,1,4,5,12,12,613,624,613,220,19,0,0,0,0,0,0
txn_02226,10,27,18,164,2,1,7,9,18,5,13,8,4,18,13,2,1,16,4,18,13,203,219,203,67,24,0,0,0,0,0,0
txn_05070,4,31,17,358,1,1,2,11,20,6,11,10,5,20,11,1,1,10,5,20,11,401,410,401,138,26,0,0,0,0,0,0
txn_06984,10,12,21,80,1,2,7,3,9,4,17,2,3,9,17,1,1,2,3,9,17,111,123,111,32,22,0,0,0,0,0,0
txn_04821,7,15,14,188,2,2,3,5,10,4,10,5,4,10,10,2,2,14,6,10,10,221,224,221,74,20,0,0,0,0,0,0
txn_07371,6,29,10,483,2,1,3,10,19,3,7,9,2,19,7,2,1,18,2,19,7,520,528,520,184,23,0,0,0,0,0,0
txn_01870,9,43,9,387,2,2,5,15,28,2,7,14,1,27,7,2,2,20,4,27,7,435,448,435,146,31,0,0,0,0,0,0
txn_05915,9,35,12,486,1,2,6,8,27,3,9,7,2,27,9,1,2,7,7,27,9,531,542,531,183,32,0,0,0,0,0,0
txn_01809,6,41,20,870,2,1,3,16,25,7,13,15,7,24,13,2,1,21,5,24,13,925,937,925,346,37,0,0,0,0,0,0
txn_04537,11,37,10,389,3,2,6,11,26,2,8,10,1,26,8,3,2,24,2,26,8,436,447,436,145,31,0,0,0,0,0,0
txn_04273,7,41,29,271,2,1,4,11,30,8,21,10,7,30,21,2,1,17,7,30,21,338,348,338,112,46,0,0,0,0,0,0
txn_04969,6,19,11,286,2,1,3,5,14,4,7,4,3,14,7,2,1,9,3,14,7,314,322,314,107,17,0,0,0,0,0,0
txn_02415,3,33,13,433,1,1,1,13,20,3,10,12,3,20,10,1,1,12,7,20,10,478,482,478,167,27,0,0,0,0,0,0
txn_03722,9,18,15,571,2,2,5,6,12,4,11,5,3,12,11,2,2,6,5,12,11,604,613,604,216,21,0,0,0,0,0,0
txn_01782,12,34,14,188,4,3,5,15,19,4,10,14,4,19,10,4,3,49,15,19,10,237,248,237,78,29,0,0,0,0,0,0
txn_04812,6,31,25,586,1,1,4,11,20,8,17,10,7,19,16,1,1,10,7,19,16,630,648,630,228,28,0,0,0,0,0,0
txn_02542,9,27,16,286,3,1,5,8,19,4,12,7,3,18,12,3,1,19,3,18,12,327,338,327,108,29,0,0,0,0,0,0
txn_04204,9,34,8,489,3,3,3,9,25,3,5,8,2,24,5,3,3,18,10,24,5,530,540,530,182,29,0,0,0,0,0,0
txn_04551,9,28,0,289,2,2,5,8,20,0,0,7,0,20,0,2,2,13,12,20,0,322,326,322,108,22,0,0,0,0,0,0
txn_00094,7,11,9,586,3,1,3,6,5,2,7,5,1,5,7,3,1,18,1,5,7,606,613,606,218,11,0,0,0,0,0,0
txn_04525,10,13,14,589,2,3,5,4,9,6,8,3,5,9,8,2,3,8,8,9,8,616,626,616,221,16,0,0,0,0,0,0
txn_07627,8,28,12,261,1,2,5,8,20,5,7,7,4,20,7,1,2,7,6,20,7,298,309,298,99,23,0,0,0,0,0,0
txn_00349,9,27,19,496,1,1,7,6,21,5,14,5,4,20,14,1,1,5,4,20,14,532,551,532,174,27,0,0,0,0,0,0
txn_06365,9,32,30,279,3,1,5,11,21,8,22,10,7,20,22,3,1,20,7,20,22,334,350,334,111,35,0,0,0,0,0,0
txn_06613,9,26,29,436,1,1,7,7,19,9,20,6,8,19,20,1,1,6,8,19,20,483,500,483,167,30,0,0,0,0,0,0
txn_01371,5,20,4,199,1,1,3,7,13,1,3,6,1,13,3,1,1,6,1,13,3,225,228,225,75,16,0,0,0,0,0,0
txn_00837,6,18,15,327,2,2,2,6,12,4,11,5,4,12,10,2,2,14,6,12,10,359,366,359,123,20,0,0,0,0,0,0
txn_05666,8,19,14,136,2,3,3,8,11,5,9,7,4,11,8,2,3,10,19,11,8,171,177,171,57,20,0,0,0,0,0,0
txn_04854,10,27,6,498,3,2,5,9,18,2,4,8,2,17,4,3,2,22,4,17,4,533,541,533,175,23,0,0,0,0,0,0
txn_00943,3,23,13,293,1,1,1,6,17,5,8,6,4,17,8,1,1,13,4,17,8,328,332,328,120,22,0,0,0,0,0,0
txn_08529,10,24,25,226,2,1,7,6,18,8,17,5,7,18,17,2,1,11,7,18,17,269,285,269,90,28,0,0,0,0,0,0
txn_03718,7,21,24,288,1,1,5,8,13,6,18,7,5,13,18,1,1,7,5,13,18,327,340,327,111,25,0,0,0,0,0,0
txn_07682,7,20,23,242,1,2,4,6,14,5,18,5,4,14,18,1,2,5,7,14,18,281,292,281,91,26,0,0,0,0,0,0
txn_04013,5,23,18,314,1,1,3,5,18,4,14,4,3,18,14,1,1,4,3,18,14,349,360,349,115,25,0,0,0,0,0,0
txn_08832,19,36,12,285,6,5,8,10,26,4,8,10,3,26,8,6,5,55,22,26,8,337,352,337,110,35,0,0,0,0,0,0
txn_01999,5,19,10,114,1,2,2,7,12,4,6,7,3,12,6,1,2,2,10,12,6,147,148,147,49,19,0,0,0,0,0,0
txn_06764,8,20,22,591,2,1,5,6,14,6,16,5,5,14,16,2,1,10,5,14,16,627,641,627,222,24,0,0,0,0,0,0
txn_02508,8,41,22,574,2,2,4,16,25,8,14,15,7,25,13,2,2,21,12,25,13,633,645,633,229,37,0,0,0,0,0,0
txn_06320,7,43,29,252,1,2,4,14,29,6,23,13,5,29,23,1,2,13,9,29,23,314,331,314,105,42,0,0,0,0,0,0
txn_03512,0,9,13,253,0,0,0,2,7,5,8,2,5,7,8,0,0,0,0,7,8,275,275,275,95,15,0,0,0,0,0,0
txn_08524,9,22,17,361,2,2,5,8,14,4,13,7,3,14,13,2,2,17,6,14,13,398,409,398,134,24,0,0,0,0,0,0
txn_06583,12,26,22,174,3,1,8,8,18,5,17,7,4,18,17,3,1,21,4,18,17,216,234,216,68,27,0,0,0,0,0,0
txn_01727,18,17,13,560,5,6,7,6,11,5,8,5,4,10,8,5,6,48,30,10,8,595,608,595,211,20,0,0,0,0,0,0
txn_06450,5,16,15,136,1,1,3,5,11,5,10,4,4,11,10,1,1,4,4,11,10,164,172,164,53,17,0,0,0,0,0,0
txn_05162,8,22,6,367,2,1,5,9,13,1,5,8,0,13,5,2,0,15,0,13,5,395,403,395,142,17,0,0,0,0,0,0
txn_07676,8,33,22,324,2,2,4,10,23,7,15,9,6,22,15,2,2,37,7,22,15,374,387,374,129,32,0,0,0,0,0,0
txn_02698,9,13,13,490,1,2,6,4,9,3,10,3,2,9,10,1,2,3,6,9,10,510,525,510,178,14,0,0,0,0,0,0
txn_08687,7,9,18,529,2,2,3,4,5,6,12,3,5,5,12,2,2,8,9,5,12,557,563,557,202,17,0,0,0,0,0,0
txn_08670,10,52,17,329,2,3,5,29,23,5,12,28,4,23,12,2,3,29,7,23,12,394,408,394,147,29,0,0,0,0,0,0
txn_01012,0,34,12,286,0,0,0,9,25,4,8,9,4,24,8,0,0,0,0,24,8,326,332,326,121,28,0,0,0,0,0,0
txn_07341,20,33,21,89,6,5,9,8,25,6,15,7,5,25,15,6,5,74,46,25,15,154,163,154,42,41,0,0,0,0,0,0
txn_04632,10,38,27,596,1,1,8,10,28,7,20,9,6,28,19,1,1,9,6,28,19,645,671,645,229,34,0,0,0,0,0,0
txn_06602,5,10,17,296,2,1,2,4,6,4,13,3,3,6,12,2,1,10,3,6,12,322,328,322,116,18,0,0,0,0,0,0
txn_03332,7,19,7,167,1,2,4,5,14,1,6,4,1,14,6,1,2,4,12,14,6,194,200,194,62,19,0,0,0,0,0,0
txn_00691,3,15,19,613,1,1,1,6,9,6,13,5,5,8,12,1,1,5,5,8,12,639,650,639,226,18,0,0,0,0,0,0
txn_06382,9,14,18,349,2,2,5,4,10,5,13,4,4,10,13,2,2,20,12,10,13,383,390,383,128,25,0,0,0,0,0,0
txn_07249,10,25,18,287,1,1,8,7,18,5,13,6,4,18,13,1,1,6,4,18,13,317,340,317,107,19,0,0,0,0,0,0
txn_04576,12,25,10,255,3,3,6,8,17,3,7,7,2,17,7,3,3,26,13,17,7,294,302,294,99,23,0,0,0,0,0,0
txn_06386,9,30,18,170,2,2,5,10,20,6,12,9,5,20,12,2,1,19,5,20,12,219,227,219,71,31,0,0,0,0,0,0
txn_04660,18,31,11,141,4,4,10,10,21,2,9,9,1,21,9,4,4,59,39,21,9,187,201,187,58,27,0,0,0,0,0,0
txn_00045,5,8,28,303,1,2,2,2,6,7,21,2,6,6,21,1,2,7,11,6,21,341,344,341,115,27,0,0,0,0,0,0
txn_03501,0,40,4,288,0,0,0,9,31,1,3,9,1,30,3,0,0,0,0,30,3,329,332,329,119,32,0,0,0,0,0,0
txn_08109,14,11,6,290,3,3,8,3,8,3,3,2,2,8,3,3,3,15,7,8,3,314,321,314,115,14,0,0,0,0,0,0
txn_08053,6,27,9,289,1,2,3,8,19,2,7,7,2,18,7,1,2,7,9,18,7,324,331,324,110,25,0,0,0,0,0,0
txn_04696,9,29,24,398,1,3,5,8,21,6,18,7,5,21,18,1,3,7,11,21,18,450,460,450,151,35,0,0,0,0,0,0
txn_02883,5,34,15,131,1,2,2,13,21,4,11,12,3,21,11,1,2,12,10,21,11,177,185,177,57,28,0,0,0,0,0,0
txn_03683,7,29,31,281,2,1,4,10,19,12,19,9,11,19,19,2,1,23,11,19,19,334,348,334,113,33,0,0,0,0,0,0
txn_03751,13,27,16,129,3,2,8,8,19,4,12,7,3,19,12,3,1,24,3,19,12,173,185,173,54,28,0,0,0,0,0,0
txn_00735,11,44,11,317,3,2,6,15,29,4,7,14,3,29,7,3,2,23,4,29,7,375,383,375,126,35,0,0,0,0,0,0
txn_04040,8,27,10,576,2,2,4,9,18,4,6,8,3,17,6,2,1,19,3,17,6,609,621,609,220,20,0,0,0,0,0,0
txn_01218,9,39,13,298,2,2,5,10,29,3,10,9,3,28,10,2,1,17,4,28,10,351,359,351,123,38,0,0,0,0,0,0
txn_03800,16,38,22,532,1,2,13,9,29,4,18,8,3,28,17,1,2,8,4,28,17,582,608,582,206,38,0,0,0,0,0,0
txn_07203,13,22,6,191,2,2,9,5,17,1,5,4,0,17,5,2,1,16,1,17,5,221,232,221,70,21,0,0,0,0,0,0
txn_06546,5,27,17,293,1,1,3,7,20,4,13,6,3,20,12,1,1,6,3,20,12,332,342,332,120,29,0,0,0,0,0,0
txn_06339,13,27,15,306,3,2,8,8,19,5,10,7,4,19,10,3,2,25,6,19,10,347,361,347,119,26,0,0,0,0,0,0
txn_01433,8,22,18,279,1,2,5,7,15,5,13,6,4,14,13,1,2,6,10,14,13,316,327,316,108,25,0,0,0,0,0,0
txn_09253,14,27,15,292,3,3,8,8,19,5,10,7,4,19,10,3,3,16,11,19,10,337,348,337,113,27,0,0,0,0,0,0
txn_09641,7,26,9,429,1,2,4,8,18,3,6,7,2,18,6,1,2,7,10,18,6,462,471,462,157,21,0,0,0,0,0,0
txn_09926,10,20,17,364,3,1,6,7,13,4,13,6,3,13,13,3,1,19,3,13,13,401,411,401,135,23,0,0,0,0,0,0
txn_08869,5,18,11,295,1,1,3,5,13,3,8,4,2,13,8,1,1,4,2,13,8,321,329,321,109,17,0,0,0,0,0,0
txn_03911,9,22,20,264,3,2,4,8,14,6,14,7,5,14,14,3,2,14,13,14,14,305,315,305,100,25,0,0,0,0,0,0
txn_08369,11,14,13,489,3,2,6,5,9,3,10,4,2,9,10,3,2,23,5,9,10,518,527,518,181,19,0,0,0,0,0,0
txn_09344,7,42,10,281,2,1,4,16,26,3,7,15,3,26,7,2,1,22,7,26,7,332,340,332,116,33,0,0,0,0,0,0
txn_09712,5,42,11,117,1,1,3,12,30,3,8,11,2,30,8,1,1,11,2,30,8,165,175,165,51,34,0,0,0,0,0,0
txn_01694,14,44,28,191,4,4,6,17,27,8,20,17,8,26,20,4,4,49,19,26,20,257,277,257,87,39,0,0,0,0,0,0
txn_00089,7,13,11,101,1,2,4,3,10,4,7,2,3,10,7,1,2,2,7,10,7,124,132,124,39,14,0,0,0,0,0,0
txn_01756,6,31,26,500,1,1,4,9,22,8,18,8,7,21,18,1,1,8,7,21,18,548,563,548,181,34,0,0,0,0,0,0
txn_04351,8,34,9,419,2,1,5,11,23,2,7,10,1,22,6,2,1,19,1,22,6,456,470,456,159,26,0,0,0,0,0,0
txn_06675,10,22,11,879,2,3,5,7,15,5,6,7,4,14,6,2,3,9,13,14,6,919,922,919,341,25,0,0,0,0,0,0
txn_05460,0,15,7,578,0,0,0,5,10,2,5,5,2,10,5,0,0,0,0,10,5,599,600,599,218,14,0,0,0,0,0,0
txn_06860,6,38,16,245,1,2,3,11,27,5,11,10,4,27,11,1,2,10,6,27,11,296,305,296,97,33,0,0,0,0,0,0
txn_07096,3,22,21,205,1,1,1,8,14,6,15,7,5,14,15,1,1,7,5,14,15,245,251,245,82,25,0,0,0,0,0,0
txn_04071,6,24,11,33,2,1,3,8,16,3,8,7,3,16,8,2,1,16,5,16,8,69,74,69,21,22,0,0,0,0,0,0
txn_03497,8,14,4,502,2,2,4,5,9,1,3,5,0,9,3,2,1,9,2,9,3,523,528,523,175,12,0,0,0,0,0,0
txn_04565,12,35,8,505,2,3,7,9,26,3,5,8,2,25,5,2,3,10,12,25,5,548,560,548,180,29,0,0,0,0,0,0
txn_00894,7,29,17,106,1,1,5,9,20,5,12,8,4,20,12,1,1,8,4,20,12,146,159,146,47,26,0,0,0,0,0,0
txn_04367,7,16,22,872,2,1,4,6,10,7,15,5,6,9,14,2,1,16,6,9,14,905,917,905,339,23,0,0,0,0,0,0
txn_00873,3,24,2,192,1,1,1,5,19,1,1,5,1,19,1,1,1,6,4,19,1,221,221,221,72,21,0,0,0,0,0,0
txn_08269,5,34,17,284,1,1,3,8,26,5,12,7,4,26,12,1,1,7,4,26,12,331,340,331,112,33,0,0,0,0,0,0
txn_05684,7,47,9,110,2,1,4,15,32,3,6,14,2,31,6,2,1,25,2,31,6,160,173,160,52,33,0,0,0,0,0,0
txn_05243,4,35,22,300,1,1,2,10,25,5,17,9,5,25,16,1,1,9,4,25,16,351,361,351,126,35,0,0,0,0,0,0
txn_03637,10,33,30,142,2,2,6,10,23,8,22,9,7,23,22,2,2,13,10,23,22,202,215,202,65,39,0,0,0,0,0,0
txn_09738,7,26,25,872,1,1,5,9,17,7,18,8,6,17,18,1,1,8,6,17,18,914,930,914,342,27,0,0,0,0,0,0
txn_07205,6,25,25,352,1,3,2,9,16,8,17,8,7,16,17,1,3,8,13,16,17,400,408,400,138,29,0,0,0,0,0,0
txn_08327,10,18,0,195,2,2,6,5,13,0,0,4,0,13,0,2,2,10,8,13,0,218,223,218,71,14,0,0,0,0,0,0
txn_07723,6,20,32,289,1,2,3,5,15,12,20,4,11,15,20,1,2,4,14,15,20,336,347,336,115,29,0,0,0,0,0,0
txn_02805,8,18,15,134,2,1,5,6,12,3,12,5,2,12,12,2,1,15,2,12,12,165,175,165,51,20,0,0,0,0,0,0
txn_08803,5,23,7,492,1,1,3,7,16,2,5,6,2,16,5,1,1,6,2,16,5,522,527,522,183,20,0,0,0,0,0,0
txn_08924,6,21,12,83,2,1,3,5,16,4,8,4,3,15,8,2,1,11,3,15,8,112,122,112,34,20,0,0,0,0,0,0
txn_01502,9,20,8,290,2,2,5,7,13,3,5,6,2,13,5,2,2,12,3,13,5,321,327,321,108,19,0,0,0,0,0,0
txn_04326,8,37,8,493,1,3,4,8,29,2,6,7,1,28,6,1,3,7,6,28,6,532,546,532,183,30,0,0,0,0,0,0
txn_04389,6,27,19,274,2,1,3,9,18,6,13,9,5,18,13,2,1,21,5,18,13,319,326,319,109,28,0,0,0,0,0,0
txn_01105,10,23,18,302,2,2,6,7,16,7,11,6,6,16,11,2,2,10,8,16,11,341,353,341,126,22,0,0,0,0,0,0
txn_08511,18,14,15,234,7,5,6,6,8,3,12,5,2,8,12,7,5,57,27,8,12,273,281,273,90,19,0,0,0,0,0,0
txn_01827,6,43,27,267,2,2,2,16,27,8,19,15,8,27,19,2,2,20,17,27,19,334,343,334,114,40,0,0,0,0,0,0
txn_07115,9,16,14,309,3,2,4,6,10,4,10,5,4,10,10,3,2,17,14,10,10,345,348,345,119,21,0,0,0,0,0,0
txn_02553,4,22,12,293,1,1,2,8,14,3,9,7,2,14,8,1,1,7,2,14,8,322,331,322,108,20,0,0,0,0,0,0
txn_01820,6,30,10,137,2,2,2,10,20,4,6,9,4,20,6,2,2,36,6,20,6,180,183,180,57,26,0,0,0,0,0,0
txn_09533,12,30,16,320,2,3,7,7,23,5,11,6,4,22,11,2,2,10,8,22,11,366,378,366,119,32,0,0,0,0,0,0
txn_08707,8,28,14,291,1,1,6,10,18,3,11,9,2,18,11,1,1,9,2,18,11,326,341,326,112,21,0,0,0,0,0,0
txn_03806,10,31,21,287,1,2,7,8,23,6,15,7,5,23,15,1,2,7,6,23,15,334,349,334,114,31,0,0,0,0,0,0
txn_08368,5,23,22,284,1,1,3,7,16,7,15,7,6,16,14,1,1,11,6,16,14,326,334,326,109,28,0,0,0,0,0,0
txn_09537,6,18,18,298,2,1,3,6,12,7,11,5,6,12,11,2,1,12,6,12,11,331,340,331,114,20,0,0,0,0,0,0
txn_01534,17,10,6,294,6,6,5,4,6,2,4,3,1,6,4,6,6,48,22,6,4,322,327,322,106,11,0,0,0,0,0,0
txn_04711,11,33,8,277,2,2,7,9,24,2,6,8,1,24,6,2,2,14,6,24,6,321,329,321,106,31,0,0,0,0,0,0
txn_00464,12,34,21,286,2,1,9,9,25,4,17,8,3,24,17,2,1,14,3,24,17,334,353,334,108,35,0,0,0,0,0,0
txn_04803,8,56,12,495,1,2,5,29,27,4,8,28,3,26,8,1,2,28,10,26,8,556,571,556,204,32,0,0,0,0,0,0
txn_09401,9,34,10,342,2,2,5,11,23,4,6,10,3,22,6,2,2,18,5,22,6,385,395,385,130,29,0,0,0,0,0,0
txn_05619,6,29,11,370,1,1,4,8,21,3,8,7,2,21,8,1,1,7,2,21,8,405,416,405,144,24,0,0,0,0,0,0
txn_00951,9,24,14,133,1,1,7,5,19,3,11,4,2,19,11,1,1,4,2,19,11,165,180,165,52,23,0,0,0,0,0,0
txn_02919,7,35,14,400,2,1,4,11,24,4,10,10,3,23,10,2,1,22,3,23,10,444,456,444,154,30,0,0,0,0,0,0
txn_07125,9,20,16,322,2,1,6,8,12,3,13,8,2,12,13,2,1,6,2,12,13,357,367,357,120,22,0,0,0,0,0,0
txn_03898,13,32,16,176,3,5,5,16,16,4,12,16,4,15,12,3,5,34,24,15,12,221,237,221,75,27,0,0,0,0,0,0
txn_03167,7,34,30,136,1,2,4,10,24,9,21,9,8,24,21,1,2,9,11,24,21,193,207,193,63,37,0,0,0,0,0,0
txn_04226,9,32,19,295,2,2,5,9,23,5,14,8,4,22,13,2,2,16,12,22,13,337,355,337,122,31,0,0,0,0,0,0
txn_09248,9,20,8,305,2,2,5,8,12,3,5,7,2,12,5,2,2,14,3,12,5,336,342,336,123,18,0,0,0,0,0,0
txn_04991,8,25,8,290,2,1,5,7,18,2,6,6,1,17,6,2,1,15,1,17,6,321,331,321,109,22,0,0,0,0,0,0
txn_00035,7,22,15,392,1,3,3,7,15,4,11,6,3,14,10,1,3,6,11,14,10,425,436,425,143,22,0,0,0,0,0,0
txn_09070,5,19,18,875,1,1,3,6,13,5,13,5,4,13,12,1,1,5,4,13,12,905,917,905,338,21,0,0,0,0,0,0
txn_02058,9,23,2,419,3,2,4,9,14,1,1,8,0,14,1,3,1,25,3,14,1,447,453,447,157,15,0,0,0,0,0,0
txn_09366,5,32,9,133,1,2,2,12,20,3,6,11,2,20,6,1,2,11,6,20,6,175,179,175,59,25,0,0,0,0,0,0
txn_09665,13,43,30,248,2,3,8,14,29,7,23,13,6,28,23,2,3,19,17,28,23,312,334,312,100,43,0,0,0,0,0,0
txn_04977,10,22,23,194,3,2,5,6,16,6,17,5,5,16,17,3,2,12,9,16,17,238,249,238,77,29,0,0,0,0,0,0
txn_08112,8,17,26,877,2,2,4,6,11,8,18,6,7,11,18,2,2,14,10,11,18,920,928,920,343,29,0,0,0,0,0,0
txn_05601,8,28,16,192,1,3,4,8,20,6,10,7,5,20,10,1,3,7,11,20,10,234,244,234,77,25,0,0,0,0,0,0
txn_06050,8,32,12,512,1,1,6,9,23,3,9,8,2,22,8,1,1,8,2,22,8,547,564,547,194,25,0,0,0,0,0,0
txn_01838,15,33,8,594,3,3,9,12,21,2,6,11,1,21,6,3,3,37,10,21,6,640,650,640,226,30,0,0,0,0,0,0
txn_06500,12,15,17,312,1,3,8,4,11,5,12,3,4,11,12,1,3,3,8,11,12,342,356,342,118,18,0,0,0,0,0,0
txn_08842,14,35,11,269,3,2,9,14,21,3,8,13,2,21,8,3,2,22,6,21,8,319,329,319,108,30,0,0,0,0,0,0
txn_07874,7,21,8,507,1,2,4,7,14,2,6,6,1,14,6,1,2,6,2,14,6,534,543,534,179,17,0,0,0,0,0,0
txn_05017,3,30,19,598,1,1,1,9,21,7,12,8,6,20,12,1,1,8,6,20,12,643,650,643,230,30,0,0,0,0,0,0
txn_05401,12,34,12,600,2,3,7,11,23,3,9,10,2,23,9,2,3,14,9,23,9,649,658,649,230,31,0,0,0,0,0,0
txn_08719,8,21,15,392,3,1,4,8,13,5,10,7,4,13,10,3,1,16,4,13,10,426,436,426,145,19,0,0,0,0,0,0
txn_07011,10,36,19,292,2,3,5,13,23,6,13,12,6,23,13,2,3,26,14,23,13,349,357,349,122,33,0,0,0,0,0,0
txn_07186,8,22,13,183,1,1,6,6,16,2,11,5,1,15,11,1,1,5,1,15,11,211,226,211,66,21,0,0,0,0,0,0
txn_03679,3,40,16,197,1,1,1,14,26,4,12,13,4,25,12,1,1,13,3,25,12,248,256,248,83,34,0,0,0,0,0,0
txn_06452,4,22,4,596,1,1,2,7,15,2,2,6,2,14,2,1,1,6,3,14,2,621,626,621,222,16,0,0,0,0,0,0
txn_05289,6,18,13,288,2,1,3,5,13,4,9,5,3,13,9,2,1,10,3,13,9,321,325,321,107,21,0,0,0,0,0,0
txn_04116,5,35,31,510,1,1,3,10,25,9,22,9,8,25,22,1,1,9,8,25,22,564,581,564,187,37,0,0,0,0,0,0
txn_07681,4,32,13,495,1,1,2,11,21,4,9,10,3,20,9,1,1,10,3,20,9,534,544,534,188,26,0,0,0,0,0,0
txn_07356,4,17,31,613,1,1,2,6,11,9,22,5,8,11,21,1,1,5,8,11,21,654,665,654,230,28,0,0,0,0,0,0
txn_06869,9,24,8,881,2,2,5,5,19,2,6,5,1,18,6,2,2,14,6,18,6,915,922,915,338,26,0,0,0,0,0,0
txn_09913,10,18,12,439,2,2,6,7,11,4,8,6,3,10,8,2,2,20,4,10,8,470,479,470,162,19,0,0,0,0,0,0
txn_09122,10,6,26,258,2,3,5,2,4,8,18,1,7,4,18,2,3,8,18,4,18,293,300,293,98,22,0,0,0,0,0,0
txn_00165,6,35,26,140,2,1,3,13,22,7,19,12,6,22,19,2,1,15,6,22,19,193,207,193,64,31,0,0,0,0,0,0
txn_04840,18,24,22,510,8,5,5,8,16,6,16,7,5,16,16,8,5,94,23,16,16,562,574,562,182,28,0,0,0,0,0,0
txn_03964,20,20,21,615,7,5,8,7,13,11,10,7,10,12,9,7,5,65,22,12,9,652,676,652,229,23,0,0,0,0,0,0
txn_03006,8,32,10,326,2,3,3,10,22,4,6,9,3,21,6,2,3,14,10,21,6,369,376,369,127,27,0,0,0,0,0,0
txn_09055,8,42,6,410,2,1,5,11,31,1,5,10,0,30,5,2,0,18,0,30,5,453,466,453,152,32,0,0,0,0,0,0
txn_07472,11,13,22,193,1,2,8,3,10,4,18,2,3,10,18,1,1,2,3,10,18,225,239,225,72,23,0,0,0,0,0,0
txn_01490,5,25,20,883,1,1,3,8,17,6,14,7,5,16,14,1,1,7,5,16,14,921,933,921,344,26,0,0,0,0,0,0
txn_07533,6,34,19,880,1,2,3,9,25,5,14,8,4,24,13,1,2,8,7,24,13,922,939,922,343,30,0,0,0,0,0,0
txn_03696,8,36,23,581,1,2,5,10,26,6,17,9,5,26,16,1,2,9,7,26,16,634,648,634,225,37,0,0,0,0,0,0
txn_08556,4,19,5,139,1,1,2,6,13,1,4,5,1,13,4,1,1,5,3,13,4,163,167,163,54,16,0,0,0,0,0,0
txn_09431,9,47,21,497,2,2,5,15,32,6,15,14,5,32,15,2,2,17,8,32,15,559,574,559,196,41,0,0,0,0,0,0
txn_06853,12,19,13,497,3,3,6,5,14,5,8,4,4,14,8,3,3,16,12,14,8,532,541,532,186,22,0,0,0,0,0,0
txn_01091,9,20,16,603,2,2,5,8,12,5,11,7,4,12,11,2,2,21,8,12,11,637,648,637,229,20,0,0,0,0,0,0
txn_06152,14,29,16,179,3,2,9,8,21,5,11,7,4,21,11,3,2,25,6,21,11,224,238,224,73,28,0,0,0,0,0,0
txn_09319,7,32,17,237,1,1,5,9,23,4,13,8,3,23,13,1,1,8,3,23,13,281,293,281,95,30,0,0,0,0,0,0
txn_06880,10,33,15,449,1,3,6,11,22,6,9,10,5,22,8,1,3,10,9,22,8,494,507,494,159,27,0,0,0,0,0,0
txn_02181,15,27,22,881,3,2,10,6,21,5,17,5,4,20,16,3,2,23,6,20,16,920,945,920,339,32,0,0,0,0,0,0
txn_06625,14,27,21,182,3,3,8,6,21,7,14,5,6,21,14,3,3,19,16,21,14,230,244,230,74,30,1,1,1,0,0,0
txn_08087,5,27,15,328,1,2,2,10,17,3,12,9,3,17,12,1,2,9,6,17,12,368,375,368,128,26,0,0,0,0,0,0
txn_05764,7,29,9,240,1,1,5,9,20,2,7,8,1,19,7,1,1,8,1,19,7,272,285,272,93,22,0,0,0,0,0,0
txn_01069,10,12,12,177,3,2,5,2,10,3,9,1,2,10,9,3,2,22,4,10,9,203,211,203,62,18,0,0,0,0,0,0
txn_03084,7,28,23,583,2,1,4,9,19,6,17,8,5,18,16,2,1,17,5,18,16,623,641,623,222,30,0,0,0,0,0,0
txn_04785,9,31,17,155,3,3,3,10,21,4,13,9,3,20,13,3,3,31,12,20,13,203,212,203,64,31,0,0,0,0,0,0
txn_06956,10,36,14,215,3,2,5,13,23,5,9,12,4,23,9,3,2,31,9,23,9,266,275,266,89,29,0,0,0,0,0,0
txn_00620,11,21,14,139,3,2,6,7,14,4,10,6,3,14,10,3,2,19,7,14,10,178,185,178,55,25,0,0,0,0,0,0
txn_04025,6,18,16,512,2,2,2,6,12,5,11,5,4,12,11,2,2,12,6,12,11,547,552,547,194,21,0,0,0,0,0,0
txn_03174,8,19,8,598,2,2,4,5,14,2,6,4,1,14,5,2,2,14,4,14,5,623,633,623,219,18,0,0,0,0,0,0
txn_09047,10,42,10,885,2,2,6,12,30,3,7,11,2,29,6,2,2,16,10,29,6,933,947,933,346,36,0,0,0,0,0,0
txn_03859,12,33,16,422,3,3,6,17,16,5,11,16,4,16,11,3,3,22,13,16,11,475,483,475,168,28,0,0,0,0,0,0
txn_01252,11,25,13,199,2,1,8,8,17,2,11,7,1,17,11,2,1,13,1,17,11,233,248,233,77,22,0,0,0,0,0,0
txn_02619,12,27,15,881,2,1,9,8,19,2,13,7,1,19,13,2,1,16,1,19,13,912,935,912,339,22,0,0,0,0,0,0
txn_00764,3,30,15,367,1,1,1,9,21,5,10,9,4,20,10,1,1,9,4,20,10,409,415,409,139,27,0,0,0,0,0,0
txn_08891,7,44,30,441,2,1,4,16,28,8,22,15,7,28,22,2,1,22,7,28,22,508,522,508,176,42,0,0,0,0,0,0
txn_02171,16,31,14,344,6,4,6,11,20,5,9,10,4,20,9,6,4,77,42,20,9,398,405,398,135,30,0,0,0,0,0,0
txn_02549,3,14,16,562,1,1,1,6,8,5,11,5,5,8,11,1,1,5,3,8,11,594,595,594,216,19,0,0,0,0,0,0
txn_04127,7,15,14,500,1,2,4,3,12,4,10,3,3,12,9,1,2,4,14,12,9,528,536,528,183,22,0,0,0,0,0,0
txn_05241,6,29,14,256,1,2,3,10,19,5,9,9,4,19,9,1,2,9,9,19,9,299,305,299,102,26,0,0,0,0,0,0
txn_08667,9,28,14,120,1,3,5,10,18,5,9,9,4,17,9,1,3,9,16,17,9,159,171,159,52,24,0,0,0,0,0,0
txn_03908,7,30,13,53,1,3,3,9,21,4,9,8,3,21,9,1,3,8,10,21,9,94,103,94,29,25,0,0,0,0,0,0
txn_07041,9,19,12,142,1,2,6,5,14,2,10,4,1,13,9,1,2,4,8,13,9,169,182,169,51,21,0,0,0,0,0,0
txn_00927,7,21,17,412,2,2,3,7,14,5,12,6,4,14,12,2,2,12,6,14,12,454,457,454,155,27,0,0,0,0,0,0
txn_01167,12,36,14,229,3,2,7,10,26,3,11,9,2,26,11,3,2,27,4,26,11,279,291,279,90,33,0,0,0,0,0,0
txn_03235,0,28,15,432,0,0,0,8,20,4,11,8,4,20,11,0,0,0,0,20,11,470,475,470,161,27,0,0,0,0,0,0
txn_08892,10,29,13,296,1,3,6,8,21,4,9,7,3,20,8,1,3,7,8,20,8,331,348,331,121,25,0,0,0,0,0,0
txn_01599,11,21,19,259,3,1,7,6,15,5,14,5,4,15,14,3,1,19,4,15,14,296,310,296,98,24,0,0,0,0,0,0
txn_00397,7,19,22,451,2,1,4,6,13,6,16,5,5,13,16,2,1,18,5,13,16,490,499,490,155,26,0,0,0,0,0,0
txn_09769,7,21,9,616,2,2,3,8,13,2,7,7,2,13,7,2,2,11,7,13,7,648,653,648,229,19,0,0,0,0,0,0
txn_09833,8,27,29,55,1,2,5,8,19,9,20,7,8,19,20,1,2,7,10,19,20,105,119,105,33,32,0,0,0,0,0,0
txn_08987,4,23,14,347,1,1,2,8,15,3,11,7,3,15,11,1,1,7,5,15,11,382,388,382,132,23,0,0,0,0,0,0
txn_02029,5,22,20,444,1,1,3,6,16,8,12,5,7,16,12,1,1,5,7,16,12,484,491,484,168,25,0,0,0,0,0,0
txn_02751,8,10,20,358,2,1,5,3,7,8,12,3,7,7,12,2,1,11,7,7,12,391,396,391,137,19,0,0,0,0,0,0
txn_01472,12,26,18,180,3,2,7,6,20,6,12,5,5,20,12,3,2,16,10,20,12,227,236,227,70,32,0,0,0,0,0,0
txn_08545,9,32,17,183,3,3,3,8,24,5,12,7,4,24,12,3,3,26,13,24,12,232,241,232,72,32,0,0,0,0,0,0
txn_00736,5,22,2,606,1,2,2,7,15,1,1,7,0,15,1,1,1,8,4,15,1,633,635,633,227,17,0,0,0,0,0,0
txn_03012,13,8,8,565,3,4,6,2,6,3,5,1,2,6,5,3,4,41,40,6,5,584,594,584,210,9,0,0,0,0,0,0
txn_06370,7,12,17,122,2,1,4,5,7,4,13,4,4,7,13,2,1,11,3,7,13,154,158,154,50,21,0,0,0,0,0,0
txn_04590,6,14,33,515,2,1,3,3,11,9,24,2,8,11,24,2,1,10,8,11,24,559,568,559,196,30,0,0,0,0,0,0
txn_08910,5,19,17,350,1,1,3,5,14,5,12,4,4,13,12,1,1,4,4,13,12,381,391,381,130,22,0,0,0,0,0,0
txn_02800,7,19,35,266,2,1,4,8,11,11,24,7,10,11,24,2,1,12,10,11,24,313,327,313,104,29,0,0,0,0,0,0
txn_09132,3,31,11,513,1,1,1,9,22,3,8,8,2,21,8,1,1,8,2,21,8,551,558,551,180,27,0,0,0,0,0,0
txn_05690,11,39,12,225,1,2,8,9,30,2,10,8,1,30,10,1,2,8,2,30,10,273,287,273,85,35,0,0,0,0,0,0
txn_01000,8,13,26,600,2,3,3,5,8,8,18,4,7,8,17,2,3,13,18,8,17,638,647,638,227,24,0,0,0,0,0,0
txn_08629,9,20,33,228,1,3,5,5,15,12,21,4,11,15,21,1,3,4,13,15,21,278,290,278,92,30,0,0,0,0,0,0
txn_01048,7,27,24,568,2,2,3,9,18,6,18,9,5,18,17,2,2,17,6,18,17,615,626,615,220,32,0,0,0,0,0,0
txn_02210,9,18,14,150,3,2,4,5,13,4,10,4,3,13,10,3,2,20,9,13,10,184,191,184,59,22,0,0,0,0,0,0
txn_07907,11,29,24,297,3,2,6,10,19,7,17,9,6,19,17,3,2,18,10,19,17,352,361,352,118,34,0,0,0,0,0,0
txn_08913,4,15,17,355,1,1,2,3,12,6,11,2,5,11,11,1,1,2,5,11,11,383,391,383,131,20,0,0,0,0,0,0
txn_02071,10,25,15,143,1,1,8,5,20,3,12,4,2,20,12,1,1,4,2,20,12,175,193,175,52,24,0,0,0,0,0,0
txn_01042,14,19,25,500,2,3,9,5,14,6,19,4,5,14,18,2,3,12,18,14,18,541,558,541,187,31,0,0,0,0,0,0
txn_09290,12,45,3,325,2,4,6,18,27,1,2,18,1,26,2,2,4,26,20,26,2,375,385,375,127,30,0,0,0,0,0,0
txn_08923,15,29,7,292,3,3,9,9,20,3,4,8,2,20,4,3,3,15,7,20,4,332,343,332,111,25,0,0,0,0,0,0
txn_03759,5,23,31,280,1,1,3,9,14,9,22,9,8,14,22,1,1,5,8,14,22,332,339,332,114,33,0,0,0,0,0,0
txn_06738,9,25,20,570,2,2,5,8,17,7,13,7,6,16,13,2,2,10,9,16,13,614,624,614,221,28,0,0,0,0,0,0
txn_07710,8,21,14,331,2,2,4,7,14,4,10,6,3,14,10,2,2,12,6,14,10,367,374,367,127,23,0,0,0,0,0,0
txn_01688,9,19,17,401,3,2,4,6,13,4,13,5,3,12,13,3,2,15,4,12,13,437,446,437,147,25,0,0,0,0,0,0
txn_05238,10,30,14,270,2,2,6,8,22,3,11,7,2,22,11,2,2,12,4,22,11,314,324,314,101,30,0,0,0,0,0,0
txn_03728,7,38,21,177,1,1,5,11,27,5,16,11,4,27,15,1,1,6,4,27,15,232,243,232,75,39,0,0,0,0,0,0
txn_00246,9,26,3,208,2,2,5,6,20,1,2,5,0,20,2,2,1,10,5,20,2,241,246,241,76,23,0,0,0,0,0,0
txn_09721,7,43,8,501,1,3,3,14,29,2,6,13,1,29,6,1,3,13,14,29,6,549,559,549,192,31,0,0,0,0,0,0
txn_06888,3,21,19,454,1,1,1,8,13,4,15,7,4,13,15,1,1,7,4,13,15,494,497,494,157,27,0,0,0,0,0,0
txn_03750,4,25,7,412,1,1,2,9,16,2,5,8,1,16,5,1,1,8,1,16,5,441,448,441,155,18,0,0,0,0,0,0
txn_07197,10,34,12,272,2,2,6,10,24,4,8,9,3,24,8,2,2,17,4,24,8,318,328,318,107,29,0,0,0,0,0,0
txn_08077,3,22,3,403,1,1,1,8,14,1,2,7,1,14,2,1,1,7,4,14,2,430,431,430,149,16,0,0,0,0,0,0
txn_06044,7,31,26,262,2,1,4,12,19,7,19,11,6,19,18,2,1,17,6,19,18,312,326,312,106,32,0,0,0,0,0,0
txn_07394,9,29,8,185,1,2,6,8,21,2,6,7,1,21,6,1,2,7,2,21,6,218,231,218,72,21,0,0,0,0,0,0
txn_08103,16,45,14,203,5,5,6,15,30,4,10,14,3,30,10,5,5,62,27,30,10,267,278,267,86,37,0,0,0,0,0,0
txn_09368,6,26,15,250,2,2,2,7,19,5,10,6,4,19,9,2,2,10,10,19,9,288,297,288,93,26,0,0,0,0,0,0
txn_08453,13,21,9,197,3,3,7,7,14,3,6,6,2,14,6,3,3,24,7,14,6,231,240,231,74,20,0,0,0,0,0,0
txn_01004,8,33,15,138,1,1,6,8,25,4,11,7,3,24,10,1,1,7,3,24,10,177,194,177,57,29,0,0,0,0,0,0
txn_06494,10,34,19,513,2,2,6,12,22,7,12,11,6,21,12,2,1,17,6,21,12,563,576,563,190,30,0,0,0,0,0,0
txn_06394,10,8,9,602,2,2,6,4,4,3,6,4,2,4,6,2,2,14,3,4,6,624,629,624,223,12,0,0,0,0,0,0
txn_02708,6,14,21,211,1,1,4,4,10,5,16,3,4,10,16,1,1,3,4,10,16,243,252,243,79,22,0,0,0,0,0,0
txn_05024,10,37,22,605,2,3,5,11,26,6,16,10,5,26,15,2,3,18,9,26,15,658,674,658,232,36,0,0,0,0,0,0
txn_02041,6,31,6,435,2,1,3,8,23,2,4,7,1,23,4,2,1,16,1,23,4,470,478,470,159,24,0,0,0,0,0,0
txn_01134,9,20,12,308,2,2,5,5,15,4,8,4,3,15,8,2,2,10,5,15,8,341,349,341,123,21,0,0,0,0,0,0
txn_07380,13,38,20,264,3,3,7,11,27,7,13,10,6,27,13,3,3,27,14,27,13,322,335,322,108,36,0,0,0,0,0,0
txn_07693,6,24,19,884,1,1,4,8,16,5,14,7,4,16,14,1,1,7,4,16,14,923,933,923,345,26,0,0,0,0,0,0
txn_01050,4,35,2,291,1,1,2,11,24,1,1,10,1,24,1,1,1,10,3,24,1,329,332,329,113,25,0,0,0,0,0,0
txn_03275,11,27,11,206,1,3,7,8,19,4,7,7,3,19,7,1,3,7,9,19,7,245,255,245,81,24,0,0,0,0,0,0
txn_06017,10,46,11,886,1,1,8,15,31,2,9,14,1,31,9,1,1,14,1,31,9,933,953,933,349,31,0,0,0,0,0,0
txn_06260,4,31,15,104,1,1,2,11,20,5,10,10,4,20,10,1,1,10,4,20,10,148,154,148,49,27,0,0,0,0,0,0
txn_08688,7,26,7,136,2,2,3,9,17,3,4,8,2,17,4,2,2,17,7,17,4,170,176,170,56,20,0,0,0,0,0,0
txn_07610,7,30,16,295,2,1,4,8,22,5,11,7,4,22,11,2,1,15,4,22,11,335,348,335,113,27,0,0,0,0,0,0
txn_07593,11,35,31,103,2,2,7,10,25,8,23,9,7,25,23,2,2,13,10,25,23,165,180,165,52,41,0,0,0,0,0,0
txn_07082,9,32,23,56,1,2,6,11,21,6,17,10,5,21,17,1,2,10,12,21,17,108,120,108,34,33,0,0,0,0,0,0
txn_02924,11,37,12,609,1,1,9,8,29,2,10,7,1,28,9,1,1,7,1,28,9,646,669,646,227,30,0,0,0,0,0,0
txn_07183,4,26,21,572,1,1,2,8,18,7,14,7,6,18,13,1,1,7,6,18,13,610,623,610,220,26,0,0,0,0,0,0
txn_01241,9,31,24,518,2,1,6,8,23,5,19,7,4,23,18,2,1,16,4,23,18,566,582,566,197,35,0,0,0,0,0,0
txn_06201,9,27,17,609,1,1,7,6,21,4,13,5,3,21,13,1,1,5,3,21,13,645,662,645,229,25,0,0,0,0,0,0
txn_01550,9,5,34,502,2,2,5,2,3,11,23,2,10,3,23,2,2,17,14,3,23,544,550,544,192,27,0,0,0,0,0,0
txn_01341,0,16,12,619,0,0,0,4,12,4,8,4,4,12,8,0,0,0,0,12,8,645,647,645,230,18,0,0,0,0,0,0
txn_04412,15,39,28,457,3,3,9,10,29,8,20,9,7,28,20,3,3,19,16,28,20,517,539,517,161,43,0,0,0,0,0,0
txn_08754,8,38,17,369,1,1,6,9,29,4,13,8,3,28,12,1,1,8,3,28,12,413,432,413,138,33,0,0,0,0,0,0
txn_07908,6,34,13,515,2,2,2,11,23,4,9,10,3,23,9,2,2,16,6,23,9,559,568,559,184,28,0,0,0,0,0,0
txn_09574,8,25,21,504,1,1,6,6,19,5,16,5,4,18,15,1,1,5,4,18,15,535,558,535,185,25,0,0,0,0,0,0
txn_06372,6,24,4,332,2,2,2,7,17,2,2,6,1,17,2,2,2,11,5,17,2,362,366,362,124,19,0,0,0,0,0,0
txn_00177,5,28,12,889,1,1,3,9,19,4,8,8,3,18,8,1,1,8,3,18,8,922,934,922,347,21,0,0,0,0,0,0
txn_00461,10,33,30,415,1,1,8,10,23,9,21,9,8,22,20,1,1,9,8,22,20,465,488,465,162,35,0,0,0,0,0,0
txn_09875,7,31,10,518,1,1,5,10,21,2,8,9,1,21,8,1,1,9,1,21,8,554,566,554,183,23,0,0,0,0,0,0
txn_07928,5,31,16,505,2,1,2,10,21,5,11,9,4,20,11,2,1,18,4,20,11,545,557,545,191,27,0,0,0,0,0,0
txn_06972,6,37,13,622,1,2,3,10,27,4,9,9,3,26,9,1,2,9,4,26,9,664,678,664,232,30,0,0,0,0,0,0
txn_08655,10,42,30,242,1,1,8,11,31,6,24,10,5,31,24,1,1,10,5,31,24,298,324,298,101,38,0,0,0,0,0,0
txn_08126,4,35,9,507,1,1,2,10,25,2,7,10,1,24,7,1,1,8,1,24,7,549,555,549,191,30,0,0,0,0,0,0
txn_07605,7,13,36,39,1,2,4,4,9,11,25,3,10,9,25,1,2,3,15,9,25,84,95,84,26,28,0,0,0,0,0,0
txn_02128,5,32,16,425,1,1,3,11,21,5,11,10,4,21,11,1,1,10,4,21,11,470,478,470,165,28,0,0,0,0,0,0
txn_00238,14,35,11,459,3,2,9,9,26,3,8,8,2,26,8,3,2,25,7,26,8,507,519,507,159,32,0,0,0,0,0,0
txn_04523,10,53,0,334,3,2,5,29,24,0,0,28,0,24,0,3,2,40,9,24,0,393,397,393,144,28,0,0,0,0,0,0
txn_04915,8,22,9,109,1,2,5,7,15,2,7,6,1,14,6,1,2,6,2,14,6,135,148,135,43,18,0,0,0,0,0,0
txn_02908,3,23,21,624,1,1,1,5,18,5,16,4,5,17,16,1,1,4,4,17,16,667,671,667,232,33,0,0,0,0,0,0
txn_00130,6,36,5,532,1,2,3,10,26,1,4,9,1,25,4,1,2,9,4,25,4,572,579,572,205,28,0,0,0,0,0,0
txn_03723,7,11,14,144,2,1,4,4,7,4,10,4,3,7,10,2,1,9,3,7,10,170,176,170,56,15,0,0,0,0,0,0
txn_01930,5,26,26,887,1,2,2,6,20,6,20,5,5,19,20,1,2,5,6,19,20,929,944,929,345,30,0,0,0,0,0,0
txn_03003,8,30,11,889,2,1,5,10,20,3,8,10,2,20,8,2,1,16,2,20,8,929,938,929,347,27,0,0,0,0,0,0
txn_07230,4,7,14,357,1,1,2,3,4,3,11,3,2,4,11,1,1,3,2,4,11,378,382,378,131,14,0,0,0,0,0,0
txn_04370,11,37,27,185,3,2,6,10,27,9,18,9,8,26,18,3,2,24,12,26,18,243,260,243,78,37,0,0,0,0,0,0
txn_00584,5,17,20,327,1,1,3,4,13,4,16,3,3,13,16,1,1,3,3,13,16,358,369,358,119,22,0,0,0,0,0,0
txn_09985,11,37,15,626,3,2,6,13,24,5,10,12,4,23,10,3,2,31,9,23,10,676,689,676,240,30,0,0,0,0,0,0
txn_00574,9,34,15,521,3,1,5,10,24,3,12,9,2,23,11,3,1,21,2,23,11,563,579,563,183,30,0,0,0,0,0,0
txn_03312,10,37,22,330,2,2,6,10,27,7,15,9,6,27,15,2,2,17,7,27,15,380,399,380,129,31,0,0,0,0,0,0
txn_06945,13,16,18,267,1,3,9,4,12,5,13,3,4,12,13,1,3,3,8,12,13,298,314,298,100,19,0,0,0,0,0,0
txn_09684,7,32,15,146,1,3,3,8,24,5,10,7,4,24,10,1,3,7,9,24,10,191,200,191,59,29,0,0,0,0,0,0
txn_06886,9,26,8,428,1,3,5,6,20,3,5,5,2,19,4,1,3,5,11,19,4,460,471,460,158,23,0,0,0,0,0,0
txn_07434,7,25,15,891,1,3,3,8,17,5,10,7,4,16,9,1,3,7,15,16,9,923,938,923,347,22,0,0,0,0,0,0
txn_06610,6,31,14,369,2,1,3,11,20,4,10,10,3,20,10,2,1,18,3,20,10,413,420,413,141,27,0,0,0,0,0,0
txn_06659,10,30,16,311,3,2,5,10,20,3,13,9,2,20,13,3,2,20,6,20,13,357,367,357,128,29,0,0,0,0,0,0
txn_08358,7,34,14,373,1,2,4,17,17,3,11,16,3,17,11,1,2,16,9,17,11,424,428,424,156,28,0,0,0,0,0,0
txn_04866,8,36,19,892,2,1,5,8,28,4,15,7,3,28,14,2,1,13,3,28,14,939,955,939,345,37,0,0,0,0,0,0
txn_07090,12,28,23,76,3,2,7,8,20,6,17,7,5,20,17,3,2,21,8,20,17,125,139,125,45,31,0,0,0,0,0,0
txn_04334,7,43,17,438,2,1,4,13,30,5,12,12,4,29,12,2,1,23,4,29,12,495,505,495,166,40,0,0,0,0,0,0
txn_02452,8,31,30,428,1,1,6,10,21,7,23,9,6,21,23,1,1,9,6,21,23,480,497,480,167,34,0,0,0,0,0,0
txn_00326,5,34,25,894,2,1,2,10,24,8,17,9,7,23,16,2,1,15,7,23,16,946,958,946,353,36,0,0,0,0,0,0
txn_07632,9,10,13,372,2,1,6,3,7,3,10,2,2,7,10,2,1,4,2,7,10,396,404,396,133,16,0,0,0,0,0,0
txn_08387,14,27,2,193,4,5,5,8,19,1,1,8,0,19,1,4,4,64,40,19,1,231,236,231,75,23,0,0,0,0,0,0
txn_07764,8,34,14,505,1,1,6,8,26,3,11,7,2,25,11,1,1,7,2,25,11,545,561,545,189,30,0,0,0,0,0,0
txn_00777,11,25,15,395,2,3,6,9,16,5,10,8,4,16,10,2,3,16,12,16,10,438,446,438,147,27,0,0,0,0,0,0
txn_02201,3,28,12,153,1,1,1,10,18,4,8,10,3,18,8,1,1,9,3,18,8,195,196,195,66,26,0,0,0,0,0,0
txn_09576,7,27,14,139,2,1,4,9,18,3,11,8,2,17,11,2,1,15,2,17,11,173,187,173,57,22,0,0,0,0,0,0
txn_06621,7,35,7,295,3,1,3,11,24,2,5,10,1,23,5,3,1,27,1,23,5,334,344,334,114,27,0,0,0,0,0,0
txn_07735,10,24,12,335,3,1,6,9,15,3,9,8,2,14,9,3,1,21,2,14,9,364,381,364,125,19,0,0,0,0,0,0
txn_09386,3,15,17,402,1,1,1,5,10,5,12,4,5,10,12,1,1,4,2,10,12,434,437,434,152,20,0,0,0,0,0,0
txn_09266,10,34,11,895,1,3,6,10,24,4,7,9,3,23,7,1,3,9,6,23,7,933,950,933,347,28,0,0,0,0,0,0
txn_08731,7,33,27,892,2,1,4,12,21,8,19,11,7,20,19,2,1,18,7,20,19,947,959,947,356,36,0,0,0,0,0,0
txn_08776,11,26,36,314,2,3,6,8,18,12,24,7,11,18,24,2,3,14,18,18,24,373,387,373,136,35,0,0,0,0,0,0
txn_01030,7,31,6,507,1,2,4,9,22,2,4,8,1,22,4,1,2,8,5,22,4,542,551,542,191,22,0,0,0,0,0,0
txn_03953,7,36,13,337,1,2,4,9,27,5,8,8,4,27,8,1,2,8,9,27,8,384,393,384,131,32,0,0,0,0,0,0
txn_01286,16,12,8,462,3,3,10,3,9,3,5,2,2,9,5,3,3,15,7,9,5,487,498,487,154,16,0,0,0,0,0,0
txn_00914,9,22,14,198,1,1,7,6,16,2,12,5,1,16,12,1,1,5,1,16,12,228,243,228,74,21,0,0,0,0,0,0
txn_02829,8,27,21,360,1,1,6,7,20,5,16,6,4,20,16,1,1,6,4,20,16,398,416,398,136,26,0,0,0,0,0,0
txn_00739,22,20,21,300,8,8,6,5,15,7,14,5,6,15,13,8,8,58,37,15,13,353,363,353,114,27,0,0,0,0,0,0
txn_06520,12,58,22,612,1,2,9,26,32,5,17,25,4,31,17,1,2,25,9,31,17,679,704,679,249,38,0,0,0,0,0,0
txn_05671,9,45,29,149,1,1,7,12,33,9,20,11,8,33,20,1,1,11,8,33,20,212,232,212,68,41,0,0,0,0,0,0
txn_02832,10,31,18,214,3,3,4,10,21,4,14,9,3,21,14,3,3,31,12,21,14,263,273,263,85,31,0,0,0,0,0,0
txn_00713,7,32,23,375,1,1,5,11,21,7,16,10,6,20,15,1,1,10,6,20,15,420,437,420,143,31,0,0,0,0,0,0
txn_07595,9,29,21,440,1,3,5,10,19,6,15,9,5,19,15,1,3,9,15,19,15,485,499,485,167,26,0,0,0,0,0,0
txn_08293,8,23,21,141,1,3,4,7,16,6,15,6,5,16,15,1,3,6,16,16,15,182,193,182,58,25,0,0,0,0,0,0
txn_08689,7,40,9,245,1,1,5,14,26,2,7,13,1,26,7,1,1,13,1,26,7,289,301,289,101,27,0,0,0,0,0,0
txn_04782,5,19,13,584,2,1,2,6,13,3,10,6,3,13,9,2,1,17,6,13,9,617,621,617,221,23,0,0,0,0,0,0
txn_06453,11,32,13,628,2,2,7,12,20,4,9,11,3,19,9,2,2,17,5,19,9,670,684,670,238,27,0,0,0,0,0,0
txn_06323,13,35,13,294,2,3,8,11,24,3,10,10,2,24,10,2,3,14,9,24,10,342,355,342,114,32,0,0,0,0,0,0
txn_01024,5,31,11,443,1,1,3,10,21,3,8,9,2,21,8,1,1,9,2,21,8,481,490,481,164,25,0,0,0,0,0,0
txn_02729,3,37,24,315,1,1,1,11,26,6,18,10,5,25,18,1,1,10,5,25,18,369,379,369,126,38,0,0,0,0,0,0
txn_03374,6,32,23,187,1,1,4,11,21,6,17,10,5,21,17,1,1,10,5,21,17,236,248,236,78,31,0,0,0,0,0,0
txn_06618,5,32,18,36,1,1,3,11,21,6,12,10,5,21,12,1,1,10,5,21,12,81,91,81,27,27,0,0,0,0,0,0
txn_08031,6,33,13,431,1,2,3,12,21,5,8,11,4,21,8,1,2,11,6,21,8,473,483,473,167,24,0,0,0,0,0,0
txn_01394,18,38,8,629,4,4,10,11,27,2,6,10,1,26,6,4,4,60,39,26,6,674,693,674,236,32,0,0,0,0,0,0
txn_01544,6,38,23,896,1,2,3,10,28,7,16,9,6,28,16,1,2,9,9,28,16,948,963,948,352,36,0,0,0,0,0,0
txn_00857,7,27,12,522,2,2,3,8,19,3,9,7,2,19,8,2,2,21,6,19,8,559,568,559,183,26,0,0,0,0,0,0
txn_09084,7,28,22,446,1,2,4,8,20,7,15,7,6,20,15,1,2,7,10,20,15,491,503,491,166,30,0,0,0,0,0,0
txn_05552,8,22,19,142,2,2,4,7,15,7,12,6,6,15,12,2,2,12,10,15,12,183,191,183,59,24,0,0,0,0,0,0
txn_08799,9,40,7,613,2,1,6,12,28,1,6,11,0,27,6,2,0,22,0,27,6,657,669,657,232,32,0,0,0,0,0,0
txn_07617,8,34,17,269,2,1,5,10,24,5,12,9,4,23,12,2,1,16,4,23,12,318,328,318,103,34,0,0,0,0,0,0
txn_04431,4,15,20,283,1,1,2,4,11,6,14,4,5,11,14,1,1,5,5,11,14,314,322,314,108,19,0,0,0,0,0,0
txn_00344,3,15,17,145,1,1,1,5,10,5,12,4,4,10,12,1,1,4,4,10,12,176,180,176,56,20,0,0,0,0,0,0
txn_09480,11,42,25,196,2,2,7,12,30,7,18,11,6,30,17,2,2,19,7,30,17,255,274,255,84,39,0,0,0,0,0,0
txn_03144,7,18,8,92,1,2,4,5,13,3,5,4,2,13,5,1,2,4,7,13,5,116,125,116,36,15,0,0,0,0,0,0
txn_02608,3,30,17,447,1,1,1,9,21,5,12,8,4,21,12,1,1,8,4,21,12,489,497,489,168,28,0,0,0,0,0,0
txn_01075,8,45,31,515,2,1,5,16,29,8,23,15,7,28,23,2,1,22,7,28,23,582,599,582,196,43,0,0,0,0,0,0
txn_04319,10,16,7,85,2,2,6,3,13,2,5,2,2,13,5,2,2,12,9,13,5,114,118,114,33,20,0,0,0,0,0,0
txn_02942,8,18,5,202,2,2,4,5,13,2,3,4,1,12,3,2,2,11,3,12,3,223,233,223,73,15,0,0,0,0,0,0
txn_05224,13,43,12,361,2,3,8,11,32,3,9,10,2,31,8,2,3,15,8,31,8,410,429,410,137,37,0,0,0,0,0,0
txn_04060,4,32,18,340,1,1,2,8,24,6,12,7,5,24,12,1,1,7,5,24,12,384,394,384,132,29,0,0,0,0,0,0
txn_04809,5,9,14,631,1,2,2,3,6,5,9,3,4,5,8,1,2,8,7,5,8,653,659,653,232,15,0,0,0,0,0,0
txn_04597,10,28,20,95,1,3,6,7,21,5,15,6,4,21,15,1,3,6,15,21,15,138,153,138,42,28,0,0,0,0,0,0
txn_00696,10,27,30,99,1,1,8,8,19,6,24,7,5,19,23,1,1,7,5,19,23,144,166,144,45,32,0,0,0,0,0,0
txn_03793,8,25,11,252,1,2,5,6,19,4,7,5,3,18,6,1,2,5,13,18,6,281,296,281,91,22,0,0,0,0,0,0
txn_04559,11,29,24,465,3,3,5,9,20,7,17,8,6,20,17,3,3,18,19,20,17,515,529,515,162,33,0,0,0,0,0,0
txn_00074,6,34,17,449,1,1,4,10,24,3,14,9,2,23,14,1,1,9,2,23,14,491,506,491,163,33,0,0,0,0,0,0
txn_09320,11,46,17,248,3,2,6,12,34,5,12,11,4,34,12,3,2,30,8,34,12,308,322,308,103,41,0,0,0,0,0,0
txn_05880,6,36,14,520,1,2,3,11,25,4,10,10,3,25,10,1,2,10,4,25,10,568,576,568,200,32,0,0,0,0,0,0
txn_06531,10,9,18,899,1,1,8,1,8,5,13,0,4,8,13,0,1,0,4,8,13,919,936,919,345,13,0,0,0,0,0,0
txn_01113,11,32,23,271,3,2,6,12,20,8,15,11,7,20,15,3,2,31,8,20,15,324,337,324,109,32,0,0,0,0,0,0
txn_05324,10,23,20,534,2,2,6,7,16,5,15,6,4,16,15,2,2,16,10,16,15,575,587,575,206,28,0,0,0,0,0,0
txn_01387,8,33,5,405,1,3,4,8,25,2,3,7,1,25,3,1,3,7,9,25,3,444,451,444,152,26,0,0,0,0,0,0
txn_05113,9,35,7,902,3,2,4,13,22,3,4,12,2,21,4,3,2,32,4,21,4,945,953,945,355,27,0,0,0,0,0,0
txn_06702,5,23,20,202,1,1,3,8,15,6,14,7,5,15,14,1,1,7,5,15,14,242,250,242,81,25,0,0,0,0,0,0
txn_04097,9,30,16,173,3,2,4,10,20,5,11,9,4,20,11,3,2,34,8,20,11,218,228,218,72,27,0,0,0,0,0,0
txn_04886,12,28,14,523,3,2,7,8,20,4,10,7,3,20,10,3,2,18,6,20,10,563,577,563,199,25,0,0,0,0,0,0
txn_02120,13,30,13,261,3,2,8,9,21,3,10,8,2,21,10,3,2,19,3,21,10,309,317,309,102,32,0,0,0,0,0,0
txn_02845,13,36,15,415,3,2,8,11,25,3,12,10,2,24,12,3,2,27,4,24,12,462,479,462,157,33,0,0,0,0,0,0
txn_09622,8,26,22,510,2,1,5,6,20,6,16,5,5,20,16,2,1,13,5,20,16,554,566,554,192,31,0,0,0,0,0,0
txn_06507,14,29,20,362,3,1,10,9,20,5,15,8,4,20,15,3,1,33,4,20,15,406,425,406,140,28,0,0,0,0,0,0
txn_07117,5,24,7,904,2,1,2,8,16,3,4,7,2,15,3,2,1,19,2,15,3,929,940,929,349,18,0,0,0,0,0,0
txn_04046,6,19,12,291,1,1,4,5,14,3,9,4,2,14,9,1,1,4,2,14,9,318,328,318,106,18,0,0,0,0,0,0
txn_04388,5,34,8,905,1,1,3,10,24,2,6,9,1,23,6,1,1,9,1,23,6,941,952,941,352,26,0,0,0,0,0,0
txn_09310,5,28,7,537,1,1,3,10,18,2,5,9,1,18,5,1,1,9,1,18,5,568,577,568,207,19,0,0,0,0,0,0
txn_05438,7,23,25,406,1,1,5,7,16,8,17,6,7,16,17,1,1,6,7,16,17,448,461,448,155,26,0,0,0,0,0,0
txn_08426,17,28,16,253,4,5,8,7,21,5,11,6,4,20,11,4,5,46,22,20,11,298,314,298,95,29,0,0,0,0,0,0
txn_01416,3,33,22,894,1,1,1,14,19,8,14,13,7,19,14,1,1,13,7,19,14,940,952,940,356,27,0,0,0,0,0,0
txn_03259,6,24,9,297,1,2,3,8,16,4,5,7,3,15,5,1,2,7,9,15,5,328,336,328,114,20,0,0,0,0,0,0
txn_02530,8,32,19,203,2,2,4,11,21,5,14,10,5,20,14,2,2,22,15,20,14,252,262,252,83,32,0,0,0,0,0,0
txn_08351,13,16,25,294,3,2,8,4,12,6,19,3,5,11,19,3,2,16,7,11,19,335,348,335,108,29,0,0,0,0,0,0
txn_01210,6,35,8,196,1,1,4,13,22,2,6,12,1,22,6,1,1,12,1,22,6,234,245,234,82,22,0,0,0,0,0,0
txn_01516,8,33,18,468,2,1,5,9,24,4,14,8,3,24,14,2,1,13,3,24,14,516,527,516,163,33,0,0,0,0,0,0
txn_05538,19,25,7,299,8,5,6,8,17,2,5,7,1,17,5,8,5,94,23,17,5,341,350,341,114,22,0,0,0,0,0,0
txn_09878,5,31,6,897,1,1,3,10,21,2,4,9,1,20,3,1,1,9,1,20,3,925,939,925,347,21,0,0,0,0,0,0
txn_00655,12,37,19,142,3,1,8,8,29,4,15,7,3,29,15,3,1,25,3,29,15,192,210,192,59,36,0,0,0,0,0,0
txn_03999,7,28,34,450,2,1,4,9,19,9,25,8,8,19,25,2,1,10,8,19,25,503,519,503,172,36,0,0,0,0,0,0
txn_03157,5,18,18,264,2,1,2,6,12,6,12,6,6,12,12,2,1,17,5,12,12,304,305,304,105,25,0,0,0,0,0,0
txn_04715,8,27,12,343,2,2,4,7,20,4,8,6,4,19,8,2,2,12,10,19,8,382,390,382,129,27,0,0,0,0,0,0
txn_01495,11,23,12,275,2,1,8,8,15,2,10,7,1,15,10,2,1,11,1,15,10,308,321,308,104,21,0,0,0,0,0,0
txn_00562,5,31,31,278,1,1,3,9,22,8,23,8,7,22,23,1,1,8,7,22,23,333,345,333,112,37,0,0,0,0,0,0
txn_04628,8,19,5,273,3,2,3,6,13,2,3,5,1,12,3,3,2,25,8,12,3,299,305,299,97,16,0,0,0,0,0,0
txn_08646,7,26,16,51,1,3,3,9,17,5,11,8,4,17,11,1,3,8,13,17,11,93,100,93,29,25,0,0,0,0,0,0
txn_08281,6,26,24,301,2,1,3,9,17,8,16,8,8,17,15,2,1,15,4,17,15,350,357,350,120,30,0,0,0,0,0,0
txn_05266,10,33,7,231,3,1,6,10,23,1,6,9,0,23,6,3,0,22,0,23,6,271,281,271,87,26,0,0,0,0,0,0
txn_01923,7,18,19,106,1,1,5,5,13,6,13,4,5,13,13,1,1,4,5,13,13,136,150,136,44,20,0,0,0,0,0,0
txn_08142,7,15,3,376,2,1,4,6,9,1,2,6,1,9,2,2,1,14,1,9,2,400,401,400,138,14,0,0,0,0,0,0
txn_09784,10,34,21,303,3,1,6,10,24,5,16,9,4,23,16,3,1,20,4,23,16,352,368,352,116,35,0,0,0,0,0,0
txn_08991,10,23,15,112,3,1,6,7,16,3,12,6,2,16,12,3,1,21,2,16,12,146,160,146,47,21,0,0,0,0,0,0
txn_02838,8,33,6,615,2,3,3,12,21,3,3,11,2,21,3,2,3,23,8,21,3,656,662,656,234,25,0,0,0,0,0,0
txn_08881,9,29,19,540,2,1,6,10,19,6,13,9,5,18,13,2,1,23,5,18,13,581,597,581,210,28,0,0,0,0,0,0
txn_02010,11,23,18,526,2,2,7,8,15,5,13,7,5,14,13,2,2,13,7,14,13,567,578,567,198,29,0,0,0,0,0,0
txn_03886,6,31,16,232,1,2,3,10,21,6,10,9,5,21,10,1,2,9,8,21,10,277,285,277,94,27,0,0,0,0,0,0
