transaction_id,split
txn_09621,train
txn_07583,train
txn_04169,train
txn_06933,train
txn_07833,train
txn_07046,train
txn_02928,train
txn_09042,train
txn_00792,train
txn_09880,train
txn_00635,train
txn_05674,train
txn_00038,train
txn_09659,train
txn_00642,train
txn_05738,train
txn_05654,train
txn_08835,train
txn_05719,train
txn_06491,train
txn_05536,train
txn_09681,train
txn_02259,train
txn_00341,train
txn_06041,train
txn_07738,train
txn_04717,train
txn_06989,train
txn_05920,train
txn_03578,train
txn_04176,train
txn_09612,train
txn_02150,train
txn_07237,train
txn_04790,train
txn_04535,train
txn_02816,train
txn_03815,train
txn_00938,train
txn_07868,train
txn_02228,train
txn_04792,train
txn_07696,train
txn_00975,train
txn_02314,train
txn_00660,train
txn_05992,train
txn_02758,train
txn_00763,train
txn_07489,train
txn_01834,train
txn_06243,train
txn_02537,train
txn_03540,train
txn_01278,train
txn_00898,train
txn_04488,train
txn_02569,train
txn_09981,train
txn_02260,train
txn_08961,train
txn_07262,train
txn_04257,train
txn_09295,train
txn_05102,train
txn_06186,train
txn_08147,train
txn_06181,train
txn_06219,train
txn_03089,train
txn_03190,train
txn_05786,train
txn_04473,train
txn_08063,train
txn_09961,train
txn_03263,train
txn_06752,train
txn_07795,train
txn_05680,train
txn_04618,train
txn_04791,train
txn_05261,train
txn_09237,train
txn_03277,train
txn_05247,train
txn_00305,train
txn_09288,train
txn_04238,train
txn_03192,train
txn_09670,train
txn_04264,train
txn_03083,train
txn_00081,train
txn_02520,train
txn_07966,train
txn_06711,train
txn_09270,train
txn_08004,train
txn_03602,train
txn_05953,train
txn_01950,train
txn_05381,train
txn_09903,train
txn_06464,train
txn_07750,train
txn_05782,train
txn_09088,train
txn_06663,train
txn_04122,train
txn_04766,train
txn_05287,train
txn_09439,train
txn_00269,train
txn_00578,train
txn_03635,train
txn_07298,train
txn_02939,train
txn_03069,train
txn_07282,train
txn_07481,train
txn_09962,train
txn_08774,train
txn_04729,train
txn_06944,train
txn_01296,train
txn_05353,train
txn_05416,train
txn_07003,train
txn_06543,train
txn_04856,train
txn_08950,train
txn_08146,train
txn_06748,train
txn_09194,train
txn_02893,train
txn_05976,train
txn_04905,train
txn_03935,train
txn_05579,train
txn_03400,train
txn_03238,train
txn_04190,train
txn_02049,train
txn_07457,train
txn_06527,train
txn_03121,train
txn_06268,train
txn_02936,train
txn_08791,train
txn_06953,train
txn_05739,train
txn_02810,train
txn_08206,train
txn_04339,train
txn_04301,train
txn_09224,train
txn_06631,train
txn_08476,train
txn_07992,train
txn_07553,train
txn_09866,train
txn_00231,train
txn_00264,train
txn_07408,train
txn_07453,train
txn_01975,train
txn_01596,train
txn_01836,train
txn_01056,train
txn_08522,train
txn_00138,train
txn_06804,train
txn_00702,train
txn_02667,train
txn_04337,train
txn_09217,train
txn_04270,train
txn_04328,train
txn_08229,train
txn_00149,train
txn_03475,train
txn_08024,train
txn_01163,train
txn_07869,train
txn_06599,train
txn_03179,train
txn_07800,train
txn_03351,train
txn_05825,train
txn_07344,train
txn_07080,train
txn_08437,train
txn_04212,train
txn_06406,train
txn_08143,train
txn_02954,train
txn_01164,train
txn_06794,train
txn_02596,train
txn_07235,train
txn_02468,train
txn_08966,train
txn_00840,train
txn_01899,train
txn_07713,train
txn_00879,train
txn_05277,train
txn_01187,train
txn_03761,train
txn_04243,train
txn_00174,train
txn_08489,train
txn_05203,train
txn_08266,train
txn_01752,train
txn_05085,train
txn_06907,train
txn_05328,train
txn_09412,train
txn_07359,train
txn_07104,train
txn_02533,train
txn_09564,train
txn_00354,train
txn_01045,train
txn_01028,train
txn_00571,train
txn_02020,train
txn_01489,train
txn_07872,train
txn_03139,train
txn_05860,train
txn_07331,train
txn_09285,train
txn_05766,train
txn_01306,train
txn_00073,train
txn_09922,train
txn_04049,train
txn_06293,train
txn_08592,train
txn_01257,train
txn_05251,train
txn_06510,train
txn_08469,train
txn_01584,train
txn_02935,train
txn_00424,train
txn_01127,train
txn_02083,train
txn_00360,train
txn_03624,train
txn_07297,train
txn_05308,train
txn_00151,train
txn_07719,train
txn_06904,train
txn_01370,train
txn_06801,train
txn_04421,train
txn_00443,train
txn_09580,train
txn_00525,train
txn_07456,train
txn_04691,train
txn_04325,train
txn_07008,train
txn_07621,train
txn_08056,train
txn_02778,train
txn_03545,train
txn_01307,train
txn_02854,train
txn_09815,train
txn_00994,train
txn_03382,train
txn_02535,train
txn_07159,train
txn_05557,train
txn_08272,train
txn_09292,train
txn_06774,train
txn_07112,train
txn_01421,train
txn_07786,train
txn_08073,train
txn_01588,train
txn_09587,train
txn_00920,train
txn_00384,train
txn_09178,train
txn_00673,train
txn_09845,train
txn_03639,train
txn_04267,train
txn_01625,train
txn_05831,train
txn_09620,train
txn_09424,train
txn_07037,train
txn_03987,train
txn_09058,train
txn_00935,train
txn_00790,train
txn_07647,train
txn_01467,train
txn_02843,train
txn_08195,train
txn_05740,train
txn_00917,train
txn_07702,train
txn_01207,train
txn_03691,train
txn_05838,train
txn_05372,train
txn_04932,train
txn_06353,train
txn_03252,train
txn_05967,train
txn_05067,train
txn_05995,train
txn_08309,train
txn_00656,train
txn_01525,train
txn_04721,train
txn_02915,train
txn_08712,train
txn_04609,train
txn_05409,train
txn_04963,train
txn_08918,train
txn_02947,train
txn_05207,train
txn_01311,train
txn_09703,train
txn_03102,train
txn_01849,train
txn_04463,train
txn_06029,train
txn_04312,train
txn_02801,train
txn_02839,train
txn_01665,train
txn_06811,train
txn_00590,train
txn_03128,train
txn_08947,train
txn_08809,train
txn_09901,train
txn_09687,train
txn_02959,train
txn_08654,train
txn_00023,train
txn_06141,train
txn_04286,train
txn_09946,train
txn_03094,train
txn_03164,train
txn_00577,train
txn_07033,train
txn_06436,train
txn_08094,train
txn_00944,train
txn_00375,train
txn_07075,train
txn_08929,train
txn_06798,train
txn_02145,train
txn_03123,train
txn_04458,train
txn_07479,train
txn_03711,train
txn_04997,train
txn_04627,train
txn_06179,train
txn_08552,train
txn_03881,train
txn_07001,train
txn_05487,train
txn_03272,train
txn_00859,train
txn_08613,train
txn_05342,train
txn_05637,train
txn_06211,train
txn_02283,train
txn_05584,train
txn_08717,train
txn_08507,train
txn_02900,train
txn_06489,train
txn_06624,train
txn_07158,train
txn_03977,train
txn_00086,train
txn_09879,train
txn_06996,train
txn_00616,train
txn_03130,train
txn_02493,train
txn_02212,train
txn_09832,train
txn_06515,train
txn_06964,train
txn_07611,train
txn_05965,train
txn_05765,train
txn_03227,train
txn_03862,train
txn_08806,train
txn_00518,train
txn_08443,train
txn_08902,train
txn_06446,train
txn_08215,train
txn_09795,train
txn_08000,train
txn_06556,train
txn_05944,train
txn_07508,train
txn_06226,train
txn_01083,train
txn_01331,train
txn_09493,train
txn_07189,train
txn_04864,train
txn_04430,train
txn_07587,train
txn_06874,train
txn_07711,train
txn_03893,train
txn_07645,train
txn_05032,train
txn_02189,train
txn_02466,train
txn_02643,train
txn_05779,train
txn_02771,train
txn_07444,train
txn_05922,train
txn_05861,train
txn_02414,train
txn_09701,train
txn_08432,train
txn_08486,train
txn_06417,train
txn_08121,train
txn_07741,train
txn_06000,train
txn_07471,train
txn_01535,train
txn_01110,train
txn_08785,train
txn_06619,train
txn_04078,train
txn_08091,train
txn_03622,train
txn_03754,train
txn_03993,train
txn_04504,train
txn_04237,train
txn_06477,train
txn_03853,train
txn_02198,train
txn_09003,train
txn_02095,train
txn_06796,train
txn_07433,train
txn_03952,train
txn_05492,train
txn_01276,train
txn_03590,train
txn_06827,train
txn_02494,train
txn_09289,train
txn_06396,train
txn_04098,train
txn_07232,train
txn_03310,train
txn_07596,train
txn_03199,train
txn_08132,train
txn_08306,train
txn_05896,train
txn_05145,train
txn_06128,train
txn_00657,train
txn_02958,train
txn_00055,train
txn_01273,train
txn_07657,train
txn_05144,train
txn_09919,train
txn_01855,train
txn_06262,train
txn_06249,train
txn_02073,train
txn_08570,train
txn_00513,train
txn_08406,train
txn_04753,train
txn_05068,train
txn_00661,train
txn_02518,train
txn_05548,train
txn_05529,train
txn_02141,train
txn_04946,train
txn_09157,train
txn_01576,train
txn_06190,train
txn_09678,train
txn_07887,train
txn_06065,train
txn_04953,train
txn_07206,train
txn_07302,train
txn_04200,train
txn_08602,train
txn_04017,train
txn_03280,train
txn_08824,train
txn_05317,train
txn_08427,train
txn_04076,train
txn_04944,train
txn_09633,train
txn_06584,train
txn_03399,train
txn_07373,train
txn_07655,train
txn_09063,train
txn_03466,train
txn_07586,train
txn_05943,train
txn_06991,train
txn_00288,train
txn_04633,train
txn_09883,train
txn_04522,train
txn_04404,train
txn_06537,train
txn_00248,train
txn_05753,train
txn_06692,train
txn_04349,train
txn_08016,train
txn_05030,train
txn_03729,train
txn_03573,train
txn_09134,train
txn_04353,train
txn_00258,train
txn_05150,train
txn_00284,train
txn_06169,train
txn_02285,train
txn_02576,train
txn_03016,train
txn_06954,train
txn_04666,train
txn_06440,train
txn_09159,train
txn_00688,train
txn_07196,train
txn_01759,train
txn_01198,train
txn_07175,train
txn_07659,train
txn_00658,train
txn_02990,train
txn_05982,train
txn_06890,train
txn_03529,train
txn_09317,train
txn_04601,train
txn_08404,train
txn_06786,train
txn_09171,train
txn_00659,train
txn_07686,train
txn_02732,train
txn_06324,train
txn_05993,train
txn_02295,train
txn_04693,train
txn_07391,train
txn_08166,train
txn_04356,train
txn_03297,train
txn_07064,train
txn_09044,train
txn_00796,train
txn_09571,train
txn_07357,train
txn_06012,train
txn_09956,train
txn_07367,train
txn_06135,train
txn_06791,train
txn_09251,train
txn_03895,train
txn_00437,train
txn_04638,train
txn_07193,train
txn_09895,train
txn_04906,train
txn_08326,train
txn_01263,train
txn_05216,train
txn_03621,train
txn_09770,train
txn_04061,train
txn_04602,train
txn_02834,train
txn_06090,train
txn_07223,train
txn_05752,train
txn_05318,train
txn_03462,train
txn_06606,train
txn_07251,train
txn_07122,train
txn_04491,train
txn_08324,train
txn_05642,train
txn_00198,train
txn_02164,train
txn_00787,train
txn_00454,train
txn_01893,train
txn_03355,train
txn_07496,train
txn_02076,train
txn_09193,train
txn_07468,train
txn_05876,train
txn_00700,train
txn_04387,train
txn_06229,train
txn_06198,train
txn_04129,train
txn_07776,train
txn_02868,train
txn_00249,train
txn_00844,train
txn_09549,train
txn_05670,train
txn_07671,train
txn_04033,train
txn_04761,train
txn_01677,train
txn_01277,train
txn_03357,train
txn_06379,train
txn_09960,train
txn_07910,train
txn_00079,train
txn_08815,train
txn_08548,train
txn_03048,train
txn_00173,train
txn_00749,train
txn_08164,train
txn_01941,train
txn_05110,train
txn_00949,train
txn_08706,train
txn_04980,train
txn_04327,train
txn_04220,train
txn_05265,train
txn_09016,train
txn_08137,train
txn_04392,train
txn_07740,train
txn_09988,train
txn_00316,train
txn_07311,train
txn_06980,train
txn_00419,train
txn_05591,train
txn_03708,train
txn_00259,train
txn_08675,train
txn_08766,train
txn_02950,train
txn_05384,train
txn_01518,train
txn_05968,train
txn_00117,train
txn_01107,train
txn_05878,train
txn_04844,train
txn_01902,train
txn_05449,train
txn_02914,train
txn_00278,train
txn_09735,train
txn_03997,train
txn_05272,train
txn_07167,train
txn_06148,train
txn_06168,train
txn_09006,train
txn_07754,train
txn_08690,train
txn_05111,train
txn_05717,train
txn_00771,train
txn_01055,train
txn_01739,train
txn_07026,train
txn_08034,train
txn_03257,train
txn_03553,train
txn_01894,train
txn_06806,train
txn_08583,train
txn_01816,train
txn_06824,train
txn_01497,train
txn_08145,train
txn_05510,train
txn_02179,train
txn_09896,train
txn_05583,train
txn_01662,train
txn_04617,train
txn_01875,train
txn_00806,train
txn_02674,train
txn_02750,train
txn_09110,train
txn_06720,train
txn_04107,train
txn_00236,train
txn_06333,train
txn_00922,train
txn_06438,train
txn_01484,train
txn_00733,train
txn_06340,train
txn_09732,train
txn_09276,train
txn_01528,train
txn_01130,train
txn_03536,train
txn_05640,train
txn_00595,train
txn_06410,train
txn_09475,train
txn_04787,train
txn_03583,train
txn_03349,train
txn_02162,train
txn_01399,train
txn_01745,train
txn_08040,train
txn_03331,train
txn_00978,train
txn_08169,train
txn_01699,train
txn_01022,train
txn_08900,train
txn_08064,train
txn_03983,train
txn_02875,train
txn_00887,train
txn_00313,train
txn_03810,train
txn_05514,train
txn_02973,train
txn_04735,train
txn_08697,train
txn_01660,train
txn_01052,train
txn_08866,train
txn_02580,train
txn_07382,train
txn_08534,train
txn_03730,train
txn_02700,train
txn_00823,train
txn_07574,train
txn_03149,train
txn_04796,train
txn_03646,train
txn_01861,train
txn_08433,train
txn_03632,train
txn_06641,train
txn_03418,train
txn_02018,train
txn_01769,train
txn_08957,train
txn_07781,train
txn_00146,train
txn_07854,train
txn_00436,train
txn_00289,train
txn_07177,train
txn_09651,train
txn_01453,train
txn_09199,train
txn_06893,train
txn_05377,train
txn_02081,train
txn_01197,train
txn_08611,train
txn_04816,train
txn_09995,train
txn_06245,train
txn_07452,train
txn_00441,train
txn_05336,train
txn_07053,train
txn_05505,train
txn_01219,train
txn_03370,train
txn_06302,train
txn_09446,train
txn_03079,train
txn_00465,train
txn_07797,train
txn_07678,train
txn_05497,train
txn_05664,train
txn_03743,train
txn_02093,train
txn_01029,train
txn_09346,train
txn_06364,train
txn_06068,train
txn_01033,train
txn_09481,train
txn_00426,train
txn_04034,train
txn_09528,train
txn_01351,train
txn_06325,train
txn_02659,train
txn_09884,train
txn_09436,train
txn_08010,train
txn_08528,train
txn_07372,train
txn_07960,train
txn_07498,train
txn_03704,train
txn_07409,train
txn_07543,train
txn_05403,train
txn_09283,train
txn_02741,train
txn_05595,train
txn_03744,train
txn_06405,train
txn_09095,train
txn_01418,train
txn_08219,train
txn_08651,train
txn_04966,train
txn_02191,train
txn_04811,train
txn_07378,train
txn_03887,train
txn_06657,train
txn_08942,train
txn_03444,train
txn_06416,train
txn_08847,train
txn_06941,train
txn_08618,train
txn_08657,train
txn_05938,train
txn_04701,train
txn_04383,train
txn_08254,train
txn_00614,train
txn_06388,train
txn_01666,train
txn_04657,train
txn_05504,train
txn_07841,train
txn_07084,train
txn_03339,train
txn_00889,train
txn_09927,train
txn_00602,train
txn_08268,train
txn_07466,train
txn_09628,train
txn_02629,train
txn_05849,train
txn_00891,train
txn_03934,train
txn_07604,train
txn_02367,train
txn_00923,train
txn_03478,train
txn_09626,train
txn_00226,train
txn_04871,train
txn_06779,train
txn_00667,train
txn_00327,train
txn_04358,train
txn_02745,train
txn_06847,train
txn_06651,train
txn_07420,train
txn_06263,train
txn_09329,train
txn_05649,train
txn_06863,train
txn_02676,train
txn_02833,train
txn_04808,train
txn_08563,train
txn_06825,train
txn_01778,train
txn_02439,train
txn_02401,train
txn_09398,train
txn_00282,train
txn_04114,train
txn_00183,train
txn_01180,train
txn_03734,train
txn_09536,train
txn_02032,train
txn_00352,train
txn_03376,train
txn_04109,train
txn_02929,train
txn_02650,train
txn_00471,train
txn_01456,train
txn_07092,train
txn_09863,train
txn_01598,train
txn_07829,train
txn_08409,train
txn_00969,train
txn_01858,train
txn_05120,train
txn_07512,train
txn_05402,train
txn_07253,train
txn_00821,train
txn_08140,train
txn_01707,train
txn_03979,train
txn_08342,train
txn_03549,train
txn_00488,train
txn_06124,train
txn_06096,train
txn_07204,train
txn_07715,train
txn_08845,train
txn_00937,train
txn_07076,train
txn_03552,train
txn_07411,train
txn_00903,train
txn_00187,train
txn_08380,train
txn_00332,train
txn_05475,train
txn_04442,train
txn_01444,train
txn_07782,train
txn_05540,train
txn_06067,train
txn_05018,train
txn_04090,train
txn_02461,train
txn_03741,train
txn_04087,train
txn_03077,train
txn_02793,train
txn_09921,train
txn_03453,train
txn_02761,train
txn_00365,train
txn_01796,train
txn_03725,train
txn_06549,train
txn_02246,train
txn_01966,train
txn_02620,train
txn_02146,train
txn_00695,train
txn_06428,train
txn_00462,train
txn_07171,train
txn_06356,train
txn_08084,train
txn_05447,train
txn_06147,train
txn_08982,train
txn_05228,train
txn_01446,train
txn_05103,train
txn_09629,train
txn_02280,train
txn_03647,train
txn_02754,train
txn_03932,train
txn_04201,train
txn_01555,train
txn_04172,train
txn_01150,train
txn_05364,train
txn_02606,train
txn_02255,train
txn_09696,train
txn_00939,train
txn_00904,train
txn_04999,train
txn_07787,train
txn_05797,train
txn_08912,train
txn_03892,train
txn_03705,train
txn_07277,train
txn_02025,train
txn_08419,train
txn_02297,train
txn_08308,train
txn_09873,train
txn_09751,train
txn_01726,train
txn_03039,train
txn_05706,train
txn_03994,train
txn_08118,train
txn_01843,train
txn_02231,train
txn_01109,train
txn_02510,train
txn_01701,train
txn_08413,train
txn_08098,train
txn_09996,train
txn_08244,train
txn_07162,train
txn_07134,train
txn_00950,train
txn_04679,train
txn_07377,train
txn_02504,train
txn_04003,train
txn_06884,train
txn_08302,train
txn_01395,train
txn_02536,train
txn_05016,train
txn_02558,train
txn_09837,train
txn_08150,train
txn_04637,train
txn_09816,train
txn_01103,train
txn_02263,train
txn_08702,train
txn_07730,train
txn_07300,train
txn_01438,train
txn_03247,train
txn_07308,train
txn_02573,train
txn_04189,train
txn_01140,train
txn_02327,train
txn_03239,train
txn_01900,train
txn_05610,train
txn_05306,train
txn_07991,train
txn_00815,train
txn_06306,train
txn_07049,train
txn_05129,train
txn_02546,train
txn_02784,train
txn_07141,train
txn_05634,train
txn_08834,train
txn_09609,train
txn_09746,train
txn_08738,train
txn_06514,train
txn_02675,train
txn_00194,train
txn_03591,train
txn_07083,train
txn_05789,train
txn_01732,train
txn_04089,train
txn_00847,train
txn_00017,train
txn_08208,train
txn_05660,train
txn_06640,train
txn_04470,train
txn_05777,train
txn_00641,train
txn_00244,train
txn_09719,train
txn_04651,train
txn_07401,train
txn_07505,train
txn_09073,train
txn_05175,train
txn_04518,train
txn_01020,train
txn_07618,train
txn_02062,train
txn_05914,train
txn_05126,train
txn_02976,train
txn_06403,train
txn_09662,train
txn_07238,train
txn_05159,train
txn_07762,train
txn_01679,train
txn_05450,train
txn_08415,train
txn_02565,train
txn_07631,train
txn_08402,train
txn_07765,train
txn_02663,train
txn_05898,train
txn_03124,train
txn_04662,train
txn_06420,train
txn_06334,train
txn_07048,train
txn_04968,train
txn_08332,train
txn_00093,train
txn_03609,train
txn_06131,train
txn_03067,train
txn_02590,train
txn_08846,train
txn_00447,train
txn_03287,train
txn_08795,train
txn_01586,train
txn_02995,train
txn_03495,train
txn_01189,train
txn_09820,train
txn_02392,train
txn_00373,train
txn_00845,train
txn_00966,train
txn_02366,train
txn_02305,train
txn_00115,train
txn_07427,train
txn_03986,train
txn_00668,train
txn_07166,train
txn_07495,train
txn_02428,train
txn_09865,train
txn_07062,train
txn_07482,train
txn_00257,train
txn_00947,train
txn_05728,train
txn_01481,train
txn_05955,train
txn_08831,train
txn_03625,train
txn_04641,train
txn_06035,train
txn_09488,train
txn_05239,train
txn_09422,train
txn_01980,train
txn_09235,train
txn_05057,train
txn_02904,train
txn_07006,train
txn_02124,train
txn_00730,train
txn_06457,train
txn_03163,train
txn_03692,train
txn_01852,train
txn_00596,train
txn_03443,train
txn_05021,train
txn_00298,train
txn_04838,train
txn_04199,train
txn_08048,train
txn_03008,train
txn_06758,train
txn_04960,train
txn_03849,train
txn_06045,train
txn_08554,train
txn_07766,train
txn_07842,train
txn_07625,train
txn_05795,train
txn_05688,train
txn_09158,train
txn_02726,train
txn_07307,train
txn_02384,train
txn_05551,train
txn_04454,train
txn_06946,train
txn_08622,train
txn_03222,train
txn_07539,train
txn_00926,train
txn_02562,train
txn_02982,train
txn_03216,train
txn_02844,train
txn_01708,train
txn_01968,train
txn_09935,train
txn_00897,train
txn_00338,train
txn_03001,train
txn_05650,train
txn_08311,train
txn_05643,train
txn_06101,train
txn_09546,train
txn_08194,train
txn_08108,train
txn_09176,train
txn_09796,train
txn_07103,train
txn_02691,train
txn_01758,train
txn_05454,train
txn_06432,train
txn_01454,train
txn_05474,train
txn_03161,train
txn_06373,train
txn_03213,train
txn_05080,train
txn_06591,train
txn_04676,train
txn_00213,train
txn_01206,train
txn_02446,train
txn_01607,train
txn_07119,train
txn_01990,train
txn_03468,train
txn_06275,train
txn_09120,train
txn_00820,train
txn_07099,train
txn_09081,train
txn_02477,train
txn_09562,train
txn_04847,train
txn_05852,train
txn_09395,train
txn_01514,train
txn_04469,train
txn_06144,train
txn_06936,train
txn_08021,train
txn_06993,train
txn_05539,train
txn_01520,train
txn_00049,train
txn_07876,train
txn_08700,train
txn_07098,train
txn_07379,train
txn_07948,train
txn_09605,train
txn_07492,train
txn_02503,train
txn_08471,train
txn_02991,train
txn_07670,train
txn_05870,train
txn_07665,train
txn_06120,train
txn_08743,train
txn_06412,train
txn_07180,train
txn_02827,train
txn_06765,train
txn_03820,train
txn_06146,train
txn_07826,train
txn_07674,train
txn_00401,train
txn_06553,train
txn_00297,train
txn_07370,train
txn_05198,train
txn_00054,train
txn_04427,train
txn_03313,train
txn_02216,train
txn_06104,train
txn_05571,train
txn_01093,train
txn_00983,train
txn_01405,train
txn_07160,train
txn_06506,train
txn_06986,train
txn_00530,train
txn_06399,train
txn_02529,train
txn_03319,train
txn_03984,train
txn_06387,train
txn_08662,train
txn_00290,train
txn_03119,train
txn_01731,train
txn_07531,train
txn_04732,train
txn_05653,train
txn_09053,train
txn_00650,train
txn_06742,train
txn_08753,train
txn_09271,train
txn_08810,train
txn_07629,train
txn_09730,train
txn_05636,train
txn_08316,train
txn_01616,train
txn_06194,train
txn_01735,train
txn_02721,train
txn_02582,train
txn_01322,train
txn_07190,train
txn_03145,train
txn_04117,train
txn_04873,train
txn_04841,train
txn_09697,train
txn_06498,train
txn_00350,train
txn_05531,train
txn_04544,train
txn_02350,train
txn_05253,train
txn_06091,train
txn_03109,train
txn_01657,train
txn_01916,train
txn_04730,train
txn_06129,train
txn_05889,train
txn_03764,train
txn_00392,train
txn_01077,train
txn_08676,train
txn_04233,train
txn_01092,train
txn_08608,train
txn_03900,train
txn_09151,train
txn_04007,train
txn_08937,train
txn_06467,train
txn_05503,train
txn_00744,train
txn_06899,train
txn_08771,train
txn_08045,train
txn_07022,train
txn_01565,train
txn_02450,train
txn_09499,train
txn_02683,train
txn_03185,train
txn_00067,train
txn_05541,train
txn_09889,train
txn_09483,train
txn_03811,train
txn_04490,train
txn_01813,train
txn_09278,train
txn_09750,train
txn_05443,train
txn_02351,train
txn_01166,train
txn_01629,train
txn_03586,train
txn_00302,train
txn_00266,train
txn_02022,train
txn_05237,train
txn_04365,train
txn_06547,train
txn_07834,train
txn_02129,train
txn_05904,train
txn_08139,train
txn_07721,train
txn_05383,train
txn_07069,train
txn_06849,train
txn_07320,train
txn_00281,train
txn_00780,train
txn_06207,train
txn_07045,train
txn_04274,train
txn_06854,train
txn_00051,train
txn_00760,train
txn_02592,train
txn_01873,train
txn_06357,train
txn_06829,train
txn_04422,train
txn_08781,train
txn_04303,train
txn_00015,train
txn_06375,train
txn_03765,train
txn_00201,train
txn_02626,train
txn_02089,train
txn_04241,train
txn_01670,train
txn_01814,train
txn_01373,train
txn_01237,train
txn_03584,train
txn_00204,train
txn_09181,train
txn_09930,train
txn_07058,train
txn_06756,train
txn_09423,train
txn_07654,train
txn_07150,train
txn_01274,train
txn_07803,train
txn_09232,train
txn_01485,train
txn_02008,train
txn_04659,train
txn_08640,train
txn_00109,train
txn_03113,train
txn_00875,train
txn_07934,train
txn_06950,train
txn_07561,train
txn_09495,train
txn_04085,train
txn_09365,train
txn_09236,train
txn_08737,train
txn_00537,train
txn_07666,train
txn_00919,train
txn_01859,train
txn_04308,train
txn_06209,train
txn_06600,train
txn_02408,train
txn_01112,train
txn_00442,train
txn_00004,train
txn_05368,train
txn_06236,train
txn_00569,train
txn_01931,train
txn_07386,train
txn_06350,train
txn_02669,train
txn_03075,train
txn_07656,train
txn_01985,train
txn_02487,train
txn_02274,train
txn_09024,train
txn_08373,train
txn_00331,train
txn_05127,train
txn_05853,train
txn_07755,train
txn_00277,train
txn_06626,train
txn_00141,train
txn_02775,train
txn_09127,train
txn_07679,train
txn_01128,train
txn_05573,train
txn_05506,train
txn_05476,train
txn_09033,train
txn_09999,train
txn_07486,train
txn_09993,train
txn_02378,train
txn_01566,train
txn_08389,train
txn_01559,train
txn_05200,train
txn_00984,train
txn_01021,train
txn_00970,train
txn_08435,train
txn_05989,train
txn_03305,train
txn_03291,train
txn_06935,train
txn_09654,train
txn_06957,train
txn_02290,train
txn_07157,train
txn_07947,train
txn_03326,train
txn_02086,train
txn_03947,train
txn_07900,train
txn_01332,train
txn_08870,train
txn_06105,train
txn_03962,train
txn_08906,train
txn_09543,train
txn_06727,train
txn_09980,train
txn_00112,train
txn_08927,train
txn_05231,train
txn_05686,train
txn_04741,train
txn_01837,train
txn_05274,train
txn_01615,train
txn_04613,train
txn_03284,train
txn_03328,train
txn_09592,train
txn_06834,train
txn_01644,train
txn_03518,train
txn_02104,train
txn_06269,train
txn_07244,train
txn_07387,train
txn_08840,train
txn_00890,train
txn_07963,train
txn_07503,train
txn_05121,train
txn_00861,train
txn_02682,train
txn_02782,train
txn_09812,train
txn_05577,train
txn_01283,train
txn_05374,train
txn_08114,train
txn_05300,train
txn_06842,train
txn_09486,train
txn_07769,train
txn_02666,train
txn_03546,train
txn_04294,train
txn_06157,train
txn_06380,train
txn_06635,train
txn_04554,train
txn_07097,train
txn_05386,train
txn_04612,train
txn_02657,train
txn_07748,train
txn_02541,train
txn_01908,train
txn_04144,train
txn_00585,train
txn_09494,train
txn_06006,train
txn_09410,train
txn_08883,train
txn_00199,train
txn_03398,train
txn_00489,train
txn_01654,train
txn_01232,train
txn_08376,train
txn_07239,train
txn_09523,train
txn_02623,train
txn_03294,train
txn_06787,train
txn_06814,train
txn_05333,train
txn_01626,train
txn_07751,train
txn_02996,train
txn_07749,train
txn_07923,train
txn_09987,train
txn_08606,train
txn_04542,train
txn_06524,train
txn_02065,train
txn_03038,train
txn_09136,train
txn_08025,train
txn_03267,train
txn_02538,train
txn_09864,train
txn_07114,train
txn_00671,train
txn_01969,train
txn_05099,train
txn_00010,train
txn_00953,train
txn_09182,train
txn_05754,train
txn_00762,train
txn_05527,train
txn_03543,train
txn_03022,train
txn_02849,train
txn_00610,train
txn_02462,train
txn_03105,train
txn_09064,train
txn_06726,train
txn_03248,train
txn_00241,train
txn_04595,train
txn_02047,train
txn_03940,train
txn_05347,train
txn_09846,train
txn_06759,train
txn_02425,train
txn_02217,train
txn_03435,train
txn_09123,train
txn_02385,train
txn_03897,train
txn_00599,train
txn_06192,train
txn_07274,train
txn_00741,train
txn_08353,train
txn_00002,train
txn_04881,train
txn_01741,train
txn_07448,train
txn_09441,train
txn_03031,train
txn_05048,train
txn_01369,train
txn_07390,train
txn_07200,train
txn_03695,train
txn_08321,train
txn_01680,train
txn_07519,train
txn_05014,train
txn_07348,train
txn_00315,train
txn_09982,train
txn_02107,train
txn_00295,train
txn_01192,train
txn_00725,train
txn_01169,train
txn_06241,train
txn_04106,train
txn_04836,train
txn_00848,train
txn_05784,train
txn_01655,train
txn_02070,train
txn_07015,train
txn_08589,train
txn_06397,train
txn_04936,train
txn_06799,train
txn_00132,train
txn_04918,train
txn_02079,train
txn_09214,train
txn_06390,train
txn_06859,train
txn_08642,train
txn_09051,train
txn_01517,train
txn_06930,train
txn_04889,train
txn_09500,train
txn_00209,train
txn_09548,train
txn_03582,train
txn_04607,train
txn_04213,train
txn_06970,train
txn_03606,train
txn_09487,train
txn_07961,train
txn_08138,train
txn_01046,train
txn_01493,train
txn_03260,train
txn_02655,train
txn_03982,train
txn_00495,train
txn_03608,train
txn_03844,train
txn_09234,train
txn_01910,train
txn_02517,train
txn_07844,train
txn_07759,train
txn_08886,train
txn_08428,train
txn_08980,train
txn_09907,train
txn_03445,train
txn_00729,train
txn_08149,train
txn_05260,train
txn_02874,train
txn_01632,train
txn_06632,train
txn_05088,train
txn_05523,train
txn_04290,train
txn_03366,train
txn_05533,train
txn_02168,train
txn_09555,train
txn_03172,train
txn_07886,train
txn_07214,train
txn_02967,train
txn_00601,train
txn_04815,train
txn_02743,train
txn_05142,train
txn_03654,train
txn_06889,train
txn_08627,train
txn_06059,train
txn_02847,train
txn_00307,train
txn_05375,train
txn_08338,train
txn_04032,train
txn_09506,train
txn_01461,train
txn_02270,train
txn_00526,train
txn_02640,train
txn_07450,train
txn_00608,train
txn_01089,train
txn_07002,train
txn_04615,train
txn_07855,train
txn_05047,train
txn_00600,train
txn_03301,train
txn_05581,train
txn_00825,train
txn_09092,train
txn_09526,train
txn_01338,train
txn_08383,train
txn_07031,train
txn_07362,train
txn_08459,train
txn_09249,train
txn_08430,train
txn_05903,train
txn_07455,train
txn_07330,train
txn_02755,train
txn_02495,train
txn_06054,train
txn_08685,train
txn_03404,train
txn_02302,train
txn_09747,train
txn_02614,train
txn_07689,train
txn_05597,train
txn_00133,train
txn_01304,train
txn_04920,train
txn_07293,train
txn_04413,train
txn_01854,train
txn_06776,train
txn_05232,train
txn_02094,train
txn_03346,train
txn_06660,train
txn_06607,train
txn_05166,train
txn_06195,train
txn_06193,train
txn_01215,train
txn_07228,train
txn_03051,train
txn_01437,train
txn_08566,train
txn_08513,train
txn_08614,train
txn_04408,train
txn_06971,train
txn_00753,train
txn_02458,train
txn_01149,train
txn_02826,train
txn_06020,train
txn_02479,train
txn_07673,train
txn_05109,train
txn_05890,train
txn_07530,train
txn_05382,train
txn_04979,train
txn_08006,train
txn_01034,train
txn_03136,train
txn_03484,train
txn_08449,train
txn_07729,train
txn_09944,train
txn_09882,train
txn_08978,train
txn_01202,train
txn_06321,train
txn_05957,train
txn_06903,train
txn_05096,train
txn_06222,train
txn_08882,train
txn_03785,train
txn_02635,train
txn_06747,train
txn_09783,train
txn_05588,train
txn_01515,train
txn_09355,train
txn_09502,train
txn_08089,train
txn_03323,train
txn_07410,train
txn_05912,train
txn_06395,train
txn_08003,train
txn_02111,train
txn_07365,train
txn_03812,train
txn_02009,train
txn_04289,train
txn_00064,train
txn_07224,train
txn_06565,train
txn_09218,train
txn_00391,train
txn_00582,train
txn_06713,train
txn_03116,train
txn_01227,train
txn_08490,train
txn_00027,train
txn_05570,train
txn_03389,train
txn_07807,train
txn_02004,train
txn_00143,train
txn_07685,train
txn_08932,train
txn_03517,train
txn_09007,train
txn_01319,train
txn_02921,train
txn_06089,train
txn_09589,train
txn_00839,train
txn_02702,train
txn_02031,train
txn_05023,train
txn_05826,train
txn_09825,train
txn_05288,train
txn_08492,train
txn_09569,train
txn_08446,train
txn_06332,train
txn_01205,train
txn_08200,train
txn_06630,train
txn_04762,train
txn_03373,train
txn_07598,train
txn_07252,train
txn_06042,train
txn_06840,train
txn_02354,train
txn_01422,train
txn_03415,train
txn_00176,train
txn_04874,train
txn_03721,train
txn_05608,train
txn_02134,train
txn_05363,train
txn_01903,train
txn_08499,train
txn_03857,train
txn_05524,train
txn_02163,train
txn_03506,train
txn_02820,train
txn_01426,train
txn_02444,train
txn_06703,train
txn_09527,train
txn_02469,train
txn_02628,train
txn_08397,train
txn_05329,train
txn_08049,train
txn_03633,train
txn_08480,train
txn_00478,train
txn_01388,train
txn_09515,train
txn_00613,train
txn_00644,train
txn_00311,train
txn_00674,train
txn_05446,train
txn_04181,train
txn_08113,train
txn_00402,train
txn_00828,train
txn_05182,train
txn_09435,train
txn_01427,train
txn_04951,train
txn_01709,train
txn_05960,train
txn_04731,train
txn_05921,train
txn_09314,train
txn_08329,train
txn_06374,train
txn_05713,train
txn_01919,train
txn_06032,train
txn_01706,train
txn_06782,train
txn_04988,train
txn_07636,train
txn_03229,train
txn_05526,train
txn_02234,train
txn_03427,train
txn_07572,train
txn_08295,train
txn_00463,train
txn_08770,train
txn_01188,train
txn_02905,train
txn_00188,train
txn_05723,train
txn_03265,train
txn_00781,train
txn_01335,train
txn_01868,train
txn_08361,train
txn_05262,train
txn_09039,train
txn_06114,train
txn_07423,train
txn_07843,train
txn_08836,train
txn_04236,train
txn_07642,train
txn_01044,train
txn_06714,train
txn_04801,train
txn_05195,train
txn_06700,train
txn_09653,train
txn_09581,train
txn_00215,train
txn_07793,train
txn_07817,train
txn_06757,train
txn_02733,train
txn_04091,train
txn_00929,train
txn_00728,train
txn_01483,train
txn_04004,train
txn_03005,train
txn_03558,train
txn_01692,train
txn_03049,train
txn_02747,train
txn_02486,train
txn_03085,train
txn_01939,train
txn_00724,train
txn_09503,train
txn_07589,train
txn_08509,train
txn_02349,train
txn_00928,train
txn_00024,train
txn_01572,train
txn_06047,train
txn_04851,train
txn_08464,train
txn_07559,train
txn_02206,train
txn_02019,train
txn_04479,train
txn_07480,train
txn_02472,train
txn_07418,train
txn_01116,train
txn_07761,train
txn_04959,train
txn_06139,train
txn_04331,train
txn_04562,train
txn_04583,train
txn_07430,train
txn_05005,train
txn_02063,train
txn_06674,train
txn_05696,train
txn_02174,train
txn_06140,train
txn_01561,train
txn_01914,train
txn_08656,train
txn_01589,train
txn_00113,train
txn_00163,train
txn_03846,train
txn_09584,train
txn_01945,train
txn_06541,train
txn_08887,train
txn_00387,train
txn_03271,train
txn_06291,train
txn_07932,train
txn_00509,train
txn_07820,train
txn_06468,train
txn_05902,train
txn_08661,train
txn_02398,train
txn_04891,train
txn_07892,train
txn_08381,train
txn_01117,train
txn_03667,train
txn_02627,train
txn_03226,train
txn_08161,train
txn_04777,train
txn_05780,train
txn_07181,train
txn_04604,train
txn_05905,train
txn_07951,train
txn_01612,train
txn_06504,train
txn_04939,train
txn_03046,train
txn_03636,train
txn_09147,train
txn_02977,train
txn_09334,train
txn_03909,train
txn_08867,train
txn_04937,train
txn_01250,train
txn_04987,train
txn_06266,train
txn_07901,train
txn_06272,train
txn_07952,train
txn_09593,train
txn_09520,train
txn_06060,train
txn_00535,train
txn_00606,train
txn_06818,train
txn_03325,train
txn_03526,train
txn_01391,train
txn_00472,train
txn_09501,train
txn_08898,train
txn_04011,train
txn_05565,train
txn_05888,train
txn_07284,train
txn_08122,train
txn_08653,train
txn_02061,train
txn_05641,train
txn_07217,train
txn_09851,train
txn_07969,train
txn_08558,train
txn_06582,train
txn_06734,train
txn_05346,train
txn_07304,train
txn_02776,train
txn_06083,train
txn_09098,train
txn_05445,train
txn_05872,train
txn_01396,train
txn_00506,train
txn_05221,train
txn_02257,train
txn_06685,train
txn_02253,train
txn_02932,train
txn_05444,train
txn_02593,train
txn_07260,train
txn_08230,train
txn_08461,train
txn_03330,train
txn_01772,train
txn_05855,train
txn_02088,train
txn_04016,train
txn_04773,train
txn_06023,train
txn_00156,train
txn_01299,train
txn_02326,train
txn_03871,train
txn_03827,train
txn_02213,train
txn_03461,train
txn_00046,train
txn_02615,train
txn_03304,train
txn_04323,train
txn_04911,train
txn_01159,train
txn_04825,train
txn_08233,train
txn_09409,train
txn_03996,train
txn_03555,train
txn_06200,train
txn_06215,train
txn_01295,train
txn_03615,train
txn_08701,train
txn_09020,train
txn_09868,train
txn_08798,train
txn_09824,train
txn_03341,train
txn_01787,train
txn_04010,train
txn_00358,train
txn_00260,train
txn_01452,train
txn_03601,train
txn_09994,train
txn_07143,train
txn_02059,train
txn_01613,train
txn_04426,train
txn_08493,train
txn_08975,train
txn_06108,train
txn_08609,train
txn_03883,train
txn_07057,train
txn_08205,train
txn_03371,train
txn_05683,train
txn_02315,train
txn_03564,train
txn_02037,train
txn_05405,train
txn_07914,train
txn_00575,train
txn_07439,train
txn_06495,train
txn_08429,train
txn_07716,train
txn_00160,train
txn_07240,train
txn_07270,train
txn_00989,train
txn_01479,train
txn_04517,train
txn_03923,train
txn_01970,train
txn_04587,train
txn_04649,train
txn_04704,train
txn_06876,train
txn_09297,train
txn_09471,train
txn_06588,train
txn_00961,train
txn_06079,train
txn_04254,train
txn_00075,train
txn_09126,train
txn_03556,train
txn_09204,train
txn_00296,train
txn_08393,train
txn_02121,train
txn_08357,train
txn_03565,train
txn_08916,train
txn_03554,train
txn_02968,train
txn_06551,train
txn_03933,train
txn_00789,train
txn_08017,train
txn_05778,train
txn_07734,train
txn_08344,train
txn_04927,train
txn_02012,train
txn_01539,train
txn_06499,train
txn_06187,train
txn_03338,train
txn_03813,train
txn_08800,train
txn_09206,train
txn_04223,train
txn_09390,train
txn_06766,train
txn_01014,train
txn_02103,train
txn_08252,train
txn_04882,train
txn_00234,train
txn_02038,train
txn_01036,train
txn_08894,train
txn_02000,train
txn_07871,train
txn_09433,train
txn_00871,train
txn_09112,train
txn_02229,train
txn_05469,train
txn_04556,train
txn_05156,train
txn_05772,train
txn_02749,train
txn_07142,train
txn_03672,train
txn_04108,train
txn_06961,train
txn_02812,train
txn_09986,train
txn_08943,train
txn_01247,train
txn_09375,train
txn_03528,train
txn_09984,train
txn_05721,train
txn_02436,train
txn_03975,train
txn_07152,train
txn_08396,train
txn_04794,train
txn_04251,train
txn_03884,train
txn_08080,train
txn_00882,train
txn_07027,train
txn_09698,train
txn_05348,train
txn_02353,train
txn_03533,train
txn_07677,train
txn_02157,train
txn_01845,train
txn_01724,train
txn_04850,train
txn_07827,train
txn_07799,train
txn_04424,train
txn_02681,train
txn_07350,train
txn_00493,train
txn_05271,train
txn_04862,train
txn_03830,train
txn_08451,train
txn_04058,train
txn_03281,train
txn_09899,train
txn_05101,train
txn_00824,train
txn_02281,train
txn_01687,train
txn_06951,train
txn_08171,train
txn_00481,train
txn_01408,train
txn_04512,train
txn_05356,train
txn_01987,train
txn_06518,train
txn_03662,train
txn_08485,train
txn_09326,train
txn_08072,train
txn_05746,train
txn_04444,train
txn_03396,train
txn_06662,train
txn_00831,train
txn_02645,train
txn_04178,train
txn_09754,train
txn_05763,train
txn_09627,train
txn_02220,train
txn_06740,train
txn_02482,train
txn_09075,train
txn_08797,train
txn_04446,train
txn_00136,train
txn_05988,train
txn_07136,train
txn_09530,train
txn_01406,train
txn_02970,train
txn_01569,train
txn_07276,train
txn_08314,train
txn_07983,train
txn_07447,train
txn_01684,train
txn_04739,train
txn_08604,train
txn_02713,train
txn_01016,train
txn_01413,train
txn_09384,train
txn_08416,train
txn_06525,train
txn_01086,train
txn_08792,train
txn_02934,train
txn_01775,train
txn_00835,train
txn_00330,train
txn_05774,train
txn_01913,train
txn_05986,train
txn_09223,train
txn_00708,train
txn_06231,train
txn_08097,train
txn_08343,train
txn_05269,train
txn_00047,train
txn_03612,train
txn_01594,train
txn_01094,train
txn_08218,train
txn_07004,train
txn_09348,train
txn_04343,train
txn_06088,train
txn_08410,train
txn_05564,train
txn_01337,train
txn_05887,train
txn_05477,train
txn_06995,train
txn_03869,train
txn_03757,train
txn_02940,train
txn_07242,train
txn_07724,train
txn_04982,train
txn_08635,train
txn_00105,train
txn_05562,train
txn_04995,train
txn_02381,train
txn_06295,train
txn_04575,train
txn_08825,train
txn_02098,train
txn_01102,train
txn_04475,train
txn_06145,train
txn_03980,train
txn_04776,train
txn_00765,train
txn_06228,train
txn_06126,train
txn_07575,train
txn_04697,train
txn_08176,train
txn_09281,train
txn_06530,train
txn_08671,train
txn_02239,train
txn_02042,train
txn_00952,train
txn_02603,train
txn_07916,train
txn_06232,train
txn_04081,train
txn_03118,train
txn_04550,train
txn_02807,train
txn_05937,train
txn_05511,train
txn_01309,train
txn_07107,train
txn_04772,train
txn_09788,train
txn_09402,train
txn_07198,train
txn_02980,train
txn_00850,train
txn_06279,train
txn_08198,train
txn_02005,train
txn_04680,train
txn_05137,train
txn_01347,train
txn_07266,train
txn_01236,train
txn_07066,train
txn_09585,train
txn_04395,train
txn_09461,train
txn_08579,train
txn_07899,train
txn_04118,train
txn_08586,train
txn_03471,train
txn_05008,train
txn_04650,train
txn_00087,train
txn_03146,train
txn_00359,train
txn_08822,train
txn_06587,train
txn_06792,train
txn_06896,train
txn_09821,train
txn_06540,train
txn_04368,train
txn_08444,train
txn_04192,train
txn_04912,train
txn_00494,train
txn_04571,train
txn_06430,train
txn_01542,train
txn_04053,train
txn_01915,train
txn_07646,train
txn_07079,train
txn_01747,train
txn_05436,train
txn_07338,train
txn_02483,train
txn_04622,train
txn_08620,train
txn_06224,train
txn_06743,train
txn_01100,train
txn_02133,train
txn_02085,train
txn_00719,train
txn_04124,train
txn_04581,train
txn_03878,train
txn_09782,train
txn_08057,train
txn_07305,train
txn_00329,train
txn_01106,train
txn_05233,train
txn_03733,train
txn_09567,train
txn_04405,train
txn_05462,train
txn_06235,train
txn_04519,train
txn_08872,train
txn_06484,train
txn_05105,train
txn_00084,train
txn_05053,train
txn_05532,train
txn_09056,train
txn_08360,train
txn_02075,train
txn_07634,train
txn_02658,train
txn_02704,train
txn_06990,train
txn_01253,train
txn_04684,train
txn_04521,train
txn_07532,train
txn_03507,train
txn_02151,train
txn_09225,train
txn_02589,train
txn_03756,train
txn_07599,train
txn_02865,train
txn_03516,train
txn_00224,train
txn_03208,train
txn_02207,train
txn_00933,train
txn_04219,train
txn_03245,train
txn_05397,train
txn_09465,train
txn_01297,train
txn_06092,train
txn_04070,train
txn_04436,train
txn_03828,train
txn_09156,train
txn_02642,train
txn_00529,train
txn_03774,train
txn_05133,train
txn_02288,train
txn_08926,train
txn_02232,train
txn_03050,train
txn_03652,train
txn_02689,train
txn_08995,train
txn_05602,train
txn_00262,train
txn_06210,train
txn_01591,train
txn_05098,train
txn_03852,train
txn_02287,train
txn_01352,train
txn_02684,train
txn_05131,train
txn_09756,train
txn_04246,train
txn_06178,train
txn_05791,train
txn_06118,train
txn_07954,train
txn_06055,train
txn_02955,train
txn_00692,train
txn_00557,train
txn_00791,train
txn_02403,train
txn_08628,train
txn_08907,train
txn_01646,train
txn_05192,train
txn_01676,train
txn_01606,train
txn_02653,train
txn_08105,train
txn_09077,train
txn_05818,train
txn_01529,train
txn_04135,train
txn_06216,train
txn_06511,train
txn_05077,train
txn_02951,train
txn_02899,train
txn_01695,train
txn_02131,train
txn_05296,train
txn_03823,train
txn_02219,train
txn_00271,train
txn_06008,train
txn_02051,train
txn_02412,train
txn_09941,train
txn_06557,train
txn_01526,train
txn_06689,train
txn_09180,train
txn_04764,train
txn_03483,train
txn_05065,train
txn_08290,train
txn_08227,train
txn_04188,train
txn_03694,train
txn_08220,train
txn_06994,train
txn_02677,train
txn_03243,train
txn_09844,train
txn_03055,train
txn_06523,train
txn_03431,train
txn_01068,train
txn_09400,train
txn_07944,train
txn_08678,train
txn_00862,train
txn_07333,train
txn_01933,train
txn_02417,train
txn_04725,train
txn_04456,train
txn_07938,train
txn_06965,train
txn_06833,train
txn_05390,train
txn_04955,train
txn_02794,train
txn_03437,train
txn_09280,train
txn_01641,train
txn_06348,train
txn_07652,train
txn_01921,train
txn_01065,train
txn_03434,train
txn_04166,train
txn_08908,train
txn_00955,train
txn_09034,train
txn_05542,train
txn_02342,train
txn_04141,train
txn_07130,train
txn_04642,train
txn_01191,train
txn_05794,train
txn_03100,train
txn_03152,train
txn_06844,train
txn_02437,train
txn_08399,train
txn_05037,train
txn_07863,train
txn_01668,train
txn_08133,train
txn_00802,train
txn_05603,train
txn_07972,train
txn_08860,train
txn_03159,train
txn_02481,train
txn_03786,train
txn_07804,train
txn_01984,train
txn_01186,train
txn_02957,train
txn_01863,train
txn_02267,train
txn_05206,train
txn_04831,train
txn_07091,train
txn_09686,train
txn_08660,train
txn_00483,train
txn_03428,train
txn_09773,train
txn_07352,train
txn_04543,train
txn_06013,train
txn_01928,train
txn_03409,train
txn_04754,train
txn_04678,train
txn_09643,train
txn_02673,train
txn_02513,train
txn_09943,train
txn_06695,train
txn_04396,train
txn_02986,train
txn_08018,train
txn_02744,train
txn_04784,train
txn_06721,train
txn_07343,train
txn_08216,train
txn_05108,train
txn_05478,train
txn_07095,train
txn_05135,train
txn_00956,train
txn_00466,train
txn_01499,train
txn_05911,train
txn_07964,train
txn_05076,train
txn_06781,train
txn_06034,train
txn_02123,train
txn_04051,train
txn_04338,train
txn_06019,train
txn_06482,train
txn_00867,train
txn_04510,train
txn_05187,train
txn_03499,train
txn_03920,train
txn_02227,train
txn_08644,train
txn_04818,train
txn_00167,train
txn_01248,train
txn_05883,train
txn_08333,train
txn_08124,train
txn_03520,train
txn_03087,train
txn_04121,train
txn_02272,train
txn_03937,train
txn_04986,train
txn_09169,train
txn_09330,train
txn_05585,train
txn_08953,train
txn_01505,train
txn_05866,train
txn_01464,train
txn_05180,train
txn_00399,train
txn_05744,train
txn_00444,train
txn_08813,train
txn_00679,train
txn_04663,train
txn_01066,train
txn_04962,train
txn_01345,train
txn_04210,train
txn_05411,train
txn_07912,train
txn_04347,train
txn_01803,train
txn_03204,train
txn_05376,train
txn_01230,train
txn_00561,train
txn_09522,train
txn_03829,train
txn_09418,train
txn_02752,train
txn_02722,train
txn_09089,train
txn_07148,train
txn_05389,train
txn_06955,train
txn_03627,train
txn_07547,train
txn_07879,train
txn_06421,train
txn_07113,train
txn_00805,train
txn_02304,train
txn_04185,train
txn_08722,train
txn_09306,train
txn_07970,train
txn_09565,train
txn_00450,train
txn_08573,train
txn_07962,train
txn_08984,train
txn_00267,train
txn_00846,train
txn_08562,train
txn_07664,train
txn_01614,train
txn_09090,train
txn_01773,train
txn_05975,train
txn_01940,train
txn_01260,train
txn_02578,train
txn_06737,train
txn_02604,train
txn_06780,train
txn_02475,train
txn_01832,train
txn_06862,train
txn_09504,train
txn_03158,train
txn_00580,train
txn_07878,train
txn_01760,train
txn_07999,train
txn_06590,train
txn_08914,train
txn_01143,train
txn_02997,train
txn_04567,train
txn_03407,train
txn_08551,train
txn_05158,train
txn_03960,train
txn_09869,train
txn_07570,train
txn_03782,train
txn_08811,train
txn_01392,train
txn_06051,train
txn_06969,train
txn_00394,train
txn_03773,train
txn_08973,train
txn_05458,train
txn_01482,train
txn_08020,train
txn_02193,train
txn_03228,train
txn_04515,train
txn_06784,train
txn_01547,train
txn_01883,train
txn_07891,train
txn_00870,train
txn_01448,train
txn_07882,train
txn_06258,train
txn_08585,train
txn_03388,train
txn_09617,train
txn_08013,train
txn_06471,train
txn_04425,train
txn_08517,train
txn_08069,train
txn_08462,train
txn_05004,train
txn_06943,train
txn_08779,train
txn_07877,train
txn_05141,train
txn_08778,train
txn_08969,train
txn_03292,train
txn_08482,train
txn_03814,train
txn_01794,train
txn_06677,train
txn_09766,train
txn_07361,train
txn_04054,train
txn_08379,train
txn_05813,train
txn_04605,train
txn_07569,train
txn_03617,train
txn_02308,train
txn_07690,train
txn_05334,train
txn_09076,train
txn_03416,train
txn_08989,train
txn_03681,train
txn_09598,train
txn_04320,train
txn_06611,train
txn_09716,train
txn_08179,train
txn_09557,train
txn_04428,train
txn_00598,train
txn_00189,train
txn_04468,train
txn_05052,train
txn_05171,train
txn_08899,train
txn_09791,train
txn_06311,train
txn_07127,train
txn_08228,train
txn_08030,train
txn_03788,train
txn_05678,train
txn_08992,train
txn_04928,train
txn_01203,train
txn_03290,train
txn_07830,train
txn_00941,train
txn_09552,train
txn_03487,train
txn_07126,train
txn_06313,train
txn_06934,train
txn_03915,train
txn_05639,train
txn_04878,train
txn_01595,train
txn_04317,train
txn_02522,train
txn_06137,train
txn_06627,train
txn_04452,train
txn_06344,train
txn_00458,train
txn_04922,train
txn_03530,train
txn_01212,train
txn_09776,train
txn_03125,train
txn_03726,train
txn_00715,train
txn_00153,train
txn_05703,train
txn_00829,train
txn_06846,train
txn_03779,train
txn_05155,train
txn_06466,train
txn_00181,train
txn_05845,train
txn_02994,train
txn_07743,train
txn_03680,train
txn_03114,train
txn_06654,train
txn_03727,train
txn_00227,train
txn_05012,train
txn_00486,train
txn_07527,train
txn_03091,train
txn_01011,train
txn_09403,train
txn_02238,train
txn_04805,train
txn_00355,train
txn_03140,train
txn_09220,train
txn_03851,train
txn_01458,train
txn_02016,train
txn_00324,train
txn_07526,train
txn_06857,train
txn_09427,train
txn_08101,train
txn_08612,train
txn_03251,train
txn_06676,train
txn_01213,train
txn_08641,train
txn_04845,train
txn_04182,train
txn_07328,train
txn_07644,train
txn_05707,train
txn_01084,train
txn_08732,train
txn_08890,train
txn_04925,train
txn_08277,train
txn_09497,train
txn_01434,train
txn_04240,train
txn_02739,train
txn_05521,train
txn_04132,train
txn_09183,train
txn_05341,train
txn_01635,train
txn_00096,train
txn_03709,train
txn_08417,train
txn_00484,train
txn_02815,train
txn_09610,train
txn_07783,train
txn_04520,train
txn_07973,train
txn_09990,train
txn_04173,train
txn_08965,train
txn_04024,train
txn_01378,train
txn_00532,train
txn_04229,train
txn_05202,train
txn_06526,train
txn_09870,train
txn_03425,train
txn_02084,train
txn_07349,train
txn_01742,train
txn_09037,train
txn_00732,train
txn_02654,train
txn_05963,train
txn_06615,train
txn_05790,train
txn_09890,train
txn_06709,train
txn_08217,train
txn_08331,train
txn_02343,train
txn_06722,train
txn_06116,train
txn_00990,train
txn_07573,train
txn_01766,train
txn_02426,train
txn_09892,train
txn_08242,train
txn_05092,train
txn_04880,train
txn_04547,train
txn_03381,train
txn_00991,train
txn_08238,train
txn_09668,train
txn_09898,train
txn_07219,train
txn_05006,train
txn_01874,train
txn_01601,train
txn_05716,train
txn_01071,train
txn_02773,train
txn_06528,train
txn_08377,train
txn_02895,train
txn_09843,train
txn_06875,train
txn_01249,train
txn_04877,train
txn_06411,train
txn_02211,train
txn_07192,train
txn_02770,train
txn_09542,train
txn_01663,train
txn_01175,train
txn_06433,train
txn_03963,train
txn_09637,train
txn_09174,train
txn_08904,train
txn_07306,train
txn_00750,train
txn_00899,train
txn_04852,train
txn_03336,train
txn_08291,train
txn_09968,train
txn_05824,train
txn_03803,train
txn_02557,train
txn_03383,train
txn_09625,train
txn_06701,train
txn_09124,train
txn_04819,train
txn_02818,train
txn_03503,train
txn_07701,train
txn_02027,train
txn_02224,train
txn_01909,train
txn_08023,train
txn_00467,train
txn_00452,train
txn_04528,train
txn_09312,train
txn_09551,train
txn_03563,train
txn_08414,train
txn_04281,train
txn_05153,train
txn_01312,train
txn_03078,train
txn_05935,train
txn_09331,train
txn_01064,train
txn_08294,train
txn_03561,train
txn_04352,train
txn_06259,train
txn_01911,train
txn_06493,train
txn_03542,train
txn_02291,train
txn_02860,train
txn_08998,train
txn_04561,train
txn_08726,train
txn_00752,train
txn_03965,train
txn_03628,train
txn_05184,train
txn_05507,train
txn_09771,train
txn_00026,train
txn_00497,train
txn_03998,train
txn_03596,train
txn_08559,train
txn_07500,train
txn_02848,train
txn_07465,train
txn_05727,train
txn_09002,train
txn_08209,train
txn_04248,train
txn_08762,train
txn_00243,train
txn_04780,train
txn_08865,train
txn_09661,train
txn_09606,train
txn_06385,train
txn_00366,train
txn_00012,train
txn_03160,train
txn_05933,train
txn_04885,train
txn_06966,train
txn_09550,train
txn_01317,train
txn_09676,train
txn_04695,train
txn_00681,train
txn_05692,train
txn_02599,train
txn_08931,train
txn_09491,train
txn_06793,train
txn_03070,train
txn_02241,train
txn_08408,train
txn_01866,train
txn_04362,train
txn_04507,train
txn_01583,train
txn_04933,train
txn_07985,train
txn_05804,train
txn_02409,train
txn_04857,train
txn_08510,train
txn_07718,train
txn_07997,train
txn_02611,train
txn_08590,train
txn_00286,train
txn_00245,train
txn_03273,train
txn_03044,train
txn_09538,train
txn_00449,train
txn_06883,train
txn_06318,train
txn_04639,train
txn_03527,train
txn_04524,train
txn_07067,train
txn_04342,train
txn_05362,train
txn_06218,train
txn_08885,train
txn_09119,train
txn_03821,train
txn_08571,train
txn_08760,train
txn_07012,train
txn_07490,train
txn_06564,train
txn_06769,train
txn_05651,train
txn_03778,train
txn_07847,train
txn_09443,train
txn_05919,train
txn_06383,train
txn_06947,train
txn_02857,train
txn_07131,train
txn_05157,train
txn_05148,train
txn_04311,train
txn_03327,train
txn_05051,train
txn_09341,train
txn_06845,train
txn_09272,train
txn_02941,train
txn_06461,train
txn_02365,train
txn_08838,train
txn_02913,train
txn_00376,train
txn_04465,train
txn_02740,train
txn_08292,train
txn_08061,train
txn_07199,train
txn_01897,train
txn_05606,train
txn_03620,train
txn_05338,train
txn_02053,train
txn_08631,train
txn_06208,train
txn_07977,train
txn_01435,train
txn_01962,train
txn_06358,train
txn_08436,train
txn_06086,train
txn_04253,train
txn_01431,train
txn_05062,train
txn_04834,train
txn_04606,train
txn_06111,train
txn_06536,train
txn_04346,train
txn_07246,train
txn_01781,train
txn_03653,train
txn_00413,train
txn_05568,train
txn_01639,train
txn_07703,train
txn_05567,train
txn_04759,train
txn_02916,train
txn_02931,train
txn_09294,train
txn_05851,train
txn_03889,train
txn_08650,train
txn_03254,train
txn_09572,train
txn_00832,train
txn_01815,train
txn_08780,train
txn_00985,train
txn_05881,train
txn_03329,train
txn_02175,train
txn_05437,train
txn_03978,train
txn_09116,train
txn_08636,train
txn_03560,train
txn_04713,train
txn_04375,train
txn_04950,train
txn_05665,train
txn_07178,train
txn_00415,train
txn_08008,train
txn_04887,train
txn_01967,train
txn_01829,train
txn_03129,train
txn_07902,train
txn_01201,train
txn_02159,train
txn_02205,train
txn_07518,train
txn_02202,train
txn_05422,train
txn_03896,train
txn_02200,train
txn_03613,train
txn_03424,train
txn_01441,train
txn_03748,train
txn_04391,train
txn_04126,train
txn_07958,train
txn_06789,train
txn_07437,train
txn_05635,train
txn_06868,train
txn_06678,train
txn_04380,train
txn_01880,train
txn_03413,train
txn_04333,train
txn_03286,train
txn_04865,train
txn_05311,train
txn_03866,train
txn_00202,train
txn_02284,train
txn_02416,train
txn_03262,train
txn_03697,train
txn_08188,train
txn_04898,train
txn_08758,train
txn_09333,train
txn_03784,train
txn_05994,train
txn_03165,train
txn_00118,train
txn_09338,train
txn_06665,train
txn_09457,train
txn_07836,train
txn_06448,train
txn_00218,train
txn_04496,train
txn_03513,train
txn_05264,train
txn_07626,train
txn_06472,train
txn_08211,train
txn_00564,train
txn_05908,train
txn_01325,train
txn_09477,train
txn_07927,train
txn_07708,train
txn_07044,train
txn_06177,train
txn_04972,train
txn_08933,train
txn_05859,train
txn_05607,train
txn_08287,train
txn_03233,train
txn_09448,train
txn_02881,train
txn_08163,train
txn_09976,train
txn_01491,train
txn_09059,train
txn_09106,train
txn_00822,train
txn_04828,train
txn_00579,train
txn_07179,train
txn_01423,train
txn_09286,train
txn_09893,train
txn_00131,train
txn_04191,train
txn_03657,train
txn_01907,train
txn_08679,train
txn_09529,train
txn_08224,train
txn_09561,train
txn_04826,train
txn_09759,train
txn_00767,train
txn_01258,train
txn_09657,train
txn_08158,train
txn_06595,train
txn_06809,train
txn_07111,train
txn_07859,train
txn_07775,train
txn_04917,train
txn_00319,train
txn_02668,train
txn_07784,train
txn_06109,train
txn_04406,train
txn_02112,train
txn_07638,train
txn_05929,train
txn_02405,train
txn_04534,train
txn_02532,train
txn_02471,train
txn_07132,train
txn_08193,train
txn_01818,train
txn_08123,train
txn_03479,train
txn_07422,train
txn_07943,train
txn_05899,train
txn_05365,train
txn_04000,train
txn_07493,train
txn_08643,train
txn_08617,train
txn_05947,train
txn_05930,train
txn_03877,train
txn_07937,train
txn_01259,train
txn_09197,train
txn_04269,train
txn_01057,train
txn_01543,train
txn_01239,train
txn_05586,train
txn_07428,train
txn_01722,train
txn_09040,train
txn_03638,train
txn_06513,train
txn_02846,train
txn_04698,train
txn_08467,train
txn_06389,train
txn_05442,train
txn_05410,train
txn_00080,train
txn_00361,train
txn_04591,train
txn_04692,train
txn_08153,train
txn_07211,train
txn_04967,train
txn_06354,train
txn_08141,train
txn_01393,train
txn_08223,train
txn_07010,train
txn_06680,train
txn_09739,train
txn_05952,train
txn_01318,train
txn_08356,train
txn_06563,train
txn_09082,train
txn_01372,train
txn_05500,train
txn_08184,train
txn_02948,train
txn_05830,train
txn_00683,train
txn_05522,train
txn_07051,train
txn_02336,train
txn_07996,train
txn_08264,train
txn_04101,train
txn_01246,train
txn_06442,train
txn_04824,train
txn_02665,train
txn_08963,train
txn_04956,train
txn_00932,train
txn_08248,train
txn_05820,train
txn_09005,train
txn_08082,train
txn_06923,train
txn_03973,train
txn_02579,train
txn_05771,train
txn_09096,train
txn_07791,train
txn_05181,train
txn_01682,train
txn_02393,train
txn_08665,train
txn_03334,train
txn_09468,train
txn_03141,train
txn_03134,train
txn_07147,train
txn_06712,train
txn_02888,train
txn_00351,train
txn_08060,train
txn_08959,train
txn_01053,train
txn_04283,train
txn_00500,train
txn_03343,train
txn_07731,train
txn_07993,train
txn_05093,train
txn_08477,train
txn_06112,train
txn_02703,train
txn_09277,train
txn_07950,train
txn_00997,train
txn_06282,train
txn_03086,train
txn_04050,train
txn_01470,train
txn_01350,train
txn_02811,train
txn_08638,train
txn_00800,train
txn_03004,train
txn_01785,train
txn_04239,train
txn_09167,train
txn_07942,train
txn_04770,train
txn_00446,train
txn_05846,train
txn_08014,train
txn_03414,train
txn_04403,train
txn_07140,train
txn_07221,train
txn_04584,train
txn_04187,train
txn_08578,train
txn_00211,train
txn_07812,train
txn_04667,train
txn_04786,train
txn_00979,train
txn_00900,train
txn_09357,train
txn_05621,train
txn_00228,train
txn_00907,train
txn_01168,train
txn_01882,train
txn_01736,train
txn_07808,train
txn_09726,train
txn_05925,train
txn_03870,train
txn_00120,train
txn_08772,train
txn_06858,train
txn_04531,train
txn_02630,train
txn_00052,train
txn_03232,train
txn_03880,train
txn_09508,train
txn_01986,train
txn_08177,train
txn_03269,train
txn_06501,train
txn_00382,train
txn_09170,train
txn_08454,train
txn_03534,train
txn_08588,train
txn_06900,train
txn_08083,train
txn_05050,train
txn_01101,train
txn_02680,train
txn_02396,train
txn_03797,train
txn_09085,train
txn_08466,train
txn_07929,train
txn_02359,train
txn_06744,train
txn_02961,train
txn_07801,train
txn_06227,train
txn_00869,train
txn_00722,train
txn_09965,train
txn_02496,train
txn_04415,train
txn_03240,train
txn_07971,train
txn_04863,train
txn_05090,train
txn_01133,train
txn_07639,train
txn_08106,train
txn_02917,train
txn_01979,train
txn_05991,train
txn_02817,train
txn_06303,train
txn_07419,train
txn_02709,train
txn_02926,train
txn_09634,train
txn_06725,train
txn_01008,train
txn_09048,train
txn_05323,train
txn_03021,train
txn_02052,train
txn_07335,train
txn_07025,train
txn_00100,train
txn_04280,train
txn_02117,train
txn_09977,train
txn_01081,train
txn_01798,train
txn_09647,train
txn_05035,train
txn_09308,train
txn_08315,train
txn_01605,train
txn_06710,train
txn_06533,train
txn_02696,train
txn_01804,train
txn_00965,train
txn_06475,train
txn_02527,train
txn_01574,train
txn_04439,train
txn_08375,train
txn_02501,train
txn_00325,train
txn_03476,train
txn_03579,train
txn_07850,train
txn_06820,train
txn_01954,train
txn_03423,train
txn_08398,train
txn_08386,train
txn_02190,train
txn_03746,train
txn_08304,train
txn_03315,train
txn_06892,train
txn_08530,train
txn_01098,train
txn_00408,train
txn_03368,train
txn_04603,train
txn_08051,train
txn_03472,train
txn_03183,train
txn_05086,train
txn_03120,train
txn_01522,train
txn_06718,train
txn_06895,train
txn_03614,train
txn_09582,train
txn_01720,train
txn_09293,train
txn_08372,train
txn_08245,train
txn_01410,train
txn_05350,train
txn_00013,train
txn_01364,train
txn_07007,train
txn_01553,train
txn_08567,train
txn_09793,train
txn_02221,train
txn_07756,train
txn_07924,train
txn_00649,train
txn_03019,train
txn_06803,train
txn_08093,train
txn_08725,train
txn_00239,train
txn_04708,train
txn_05835,train
txn_00062,train
txn_09836,train
txn_04357,train
txn_08599,train
txn_04599,train
txn_09859,train
txn_09301,train
txn_06706,train
txn_08191,train
txn_08889,train
txn_05803,train
txn_07234,train
txn_04626,train
txn_09114,train
txn_06679,train
txn_07728,train
txn_02912,train
txn_00396,train
txn_06917,train
txn_06949,train
txn_00032,train
txn_06982,train
txn_03992,train
txn_03153,train
txn_05913,train
txn_07342,train
txn_05987,train
txn_07063,train
txn_00425,train
txn_01711,train
txn_02118,train
txn_01996,train
txn_08035,train
txn_04870,train
txn_08773,train
txn_04926,train
txn_01552,train
txn_01587,train
txn_06959,train
txn_05259,train
txn_06985,train
txn_03056,train
txn_04487,train
txn_07144,train
txn_05114,train
txn_02647,train
txn_06043,train
txn_08587,train
txn_02244,train
txn_03488,train
txn_09411,train
txn_00755,train
txn_04030,train
txn_04435,train
txn_06038,train
txn_08565,train
txn_09806,train
txn_03684,train
txn_09038,train
txn_02078,train
txn_05276,train
txn_05882,train
txn_04802,train
txn_03976,train
txn_03335,train
txn_03288,train
txn_02567,train
txn_04740,train
txn_06866,train
txn_09492,train
txn_02298,train
txn_08015,train
txn_05391,train
txn_00813,train
txn_04157,train
txn_02455,train
txn_08997,train
txn_05868,train
txn_03456,train
txn_06305,train
txn_01797,train
txn_01713,train
txn_04769,train
txn_06586,train
txn_05981,train
txn_03481,train
txn_04084,train
txn_03177,train
txn_04749,train
txn_07326,train
txn_04100,train
txn_01573,train
txn_06998,train
txn_06538,train
txn_08319,train
txn_03981,train
txn_00743,train
txn_05698,train
txn_02901,train
txn_05349,train
txn_04001,train
txn_09079,train
txn_07709,train
txn_08964,train
txn_06172,train
txn_02660,train
txn_08993,train
txn_00868,train
txn_03631,train
txn_09774,train
txn_07247,train
txn_05973,train
txn_09454,train
txn_05612,train
txn_04271,train
txn_02998,train
txn_05188,train
txn_06512,train
txn_02797,train
txn_05183,train
txn_03710,train
txn_03604,train
txn_02303,train
txn_00640,train
txn_09731,train
txn_06921,train
txn_03971,train
txn_01473,train
txn_06171,train
txn_07315,train
txn_01540,train
txn_01992,train
txn_00996,train
txn_01362,train
txn_08820,train
txn_03361,train
txn_08794,train
txn_05049,train
txn_00407,train
txn_03234,train
txn_07885,train
txn_01937,train
txn_01326,train
txn_07660,train
txn_07085,train
txn_05718,train
txn_07675,train
txn_07915,train
txn_05165,train
txn_02275,train
txn_04072,train
txn_04275,train
txn_03429,train
txn_03796,train
txn_05519,train
txn_06014,train
txn_08270,train
txn_04738,train
txn_01383,train
txn_09430,train
txn_02983,train
txn_03961,train
txn_06987,train
txn_00925,train
txn_01895,train
txn_05917,train
txn_02867,train
txn_02090,train
txn_07281,train
txn_00706,train
txn_04923,train
txn_00883,train
txn_08070,train
txn_08698,train
txn_02718,train
txn_09449,train
txn_06751,train
txn_03242,train
txn_02556,train
txn_01564,train
txn_05722,train
txn_06025,train
txn_03450,train
txn_08212,train
txn_01636,train
txn_09807,train
txn_09138,train
txn_00410,train
txn_05106,train
txn_07393,train
txn_09813,train
txn_07906,train
txn_03401,train
txn_07105,train
txn_03345,train
txn_09349,train
txn_09148,train
txn_00834,train
txn_07030,train
txn_00633,train
txn_07579,train
txn_05647,train
txn_06835,train
txn_05412,train
txn_09057,train
txn_05398,train
txn_03053,train
txn_06731,train
txn_08682,train
txn_02830,train
txn_09539,train
txn_06299,train
txn_06819,train
txn_03236,train
txn_05273,train
txn_00686,train
txn_04197,train
txn_07264,train
txn_07355,train
txn_07763,train
txn_02575,train
txn_04179,train
txn_05810,train
txn_06480,train
txn_07032,train
txn_04747,train
txn_03201,train
txn_01976,train
txn_06783,train
txn_02891,train
txn_08442,train
txn_03580,train
txn_09339,train
txn_09945,train
txn_05249,train
txn_06598,train
txn_07694,train
txn_07608,train
txn_04530,train
txn_01524,train
txn_00123,train
txn_06612,train
txn_09734,train
txn_02756,train
txn_02571,train
txn_07445,train
txn_03279,train
txn_08231,train
txn_06371,train
txn_06143,train
txn_05749,train
txn_07549,train
txn_07623,train
txn_07287,train
txn_09318,train
txn_01275,train
txn_01972,train
txn_00538,train
txn_09912,train
txn_01581,train
txn_06063,train
txn_05424,train
txn_00769,train
txn_06911,train
txn_08257,train
txn_00878,train
txn_04494,train
txn_04066,train
txn_02464,train
txn_02215,train
txn_01181,train
txn_04608,train
txn_02119,train
txn_05081,train
txn_09462,train
txn_04560,train
txn_06688,train
txn_05095,train
txn_09165,train
txn_03768,train
txn_08117,train
txn_08787,train
txn_07441,train
txn_09149,train
txn_04661,train
txn_07858,train
txn_09137,train
txn_00372,train
txn_05837,train
txn_01154,train
txn_01922,train
txn_06963,train
txn_01017,train
txn_01343,train
txn_01492,train
txn_09624,train
txn_08958,train
txn_07717,train
txn_06648,train
txn_02506,train
txn_05758,train
txn_09532,train
txn_04600,train
txn_00328,train
txn_02884,train
txn_02925,train
txn_02296,train
txn_09246,train
txn_06253,train
txn_08250,train
txn_02180,train
txn_00507,train
txn_08664,train
txn_01039,train
txn_09160,train
txn_07822,train
txn_05459,train
txn_02039,train
txn_05672,train
txn_01671,train
txn_02158,train
txn_09332,train
txn_07314,train
txn_07245,train
txn_05275,train
txn_01951,train
txn_08382,train
txn_05045,train
txn_04789,train
txn_05245,train
txn_05255,train
txn_00632,train
txn_07602,train
txn_03907,train
txn_02410,train
txn_08686,train
txn_08066,train
txn_02586,train
txn_07959,train
txn_04221,train
txn_03972,train
txn_05420,train
txn_03938,train
txn_07968,train
txn_06906,train
txn_03147,train
txn_09595,train
txn_03013,train
txn_09370,train
txn_09172,train
txn_09579,train
txn_01960,train
txn_06622,train
txn_04414,train
txn_04195,train
txn_03211,train
txn_02552,train
txn_04457,train
txn_06684,train
txn_09460,train
txn_04687,train
txn_04057,train
txn_07779,train
txn_06082,train
txn_02561,train
txn_05923,train
txn_06084,train
txn_08037,train
txn_09638,train
txn_05656,train
txn_05954,train
txn_02024,train
txn_01936,train
txn_06850,train
txn_09937,train
txn_06161,train
txn_01400,train
txn_02988,train
txn_09049,train
txn_06873,train
txn_06422,train
txn_03395,train
txn_01305,train
txn_01401,train
txn_06423,train
txn_04260,train
txn_01750,train
txn_07451,train
txn_07516,train
txn_00276,train
txn_02245,train
txn_07571,train
txn_04751,train
txn_00651,train
txn_02370,train
txn_03095,train
txn_05439,train
txn_05530,train
txn_07576,train
txn_02184,train
txn_08925,train
txn_06285,train
txn_03712,train
txn_02330,train
txn_08401,train
txn_00589,train
txn_04699,train
txn_02607,train
txn_08634,train
txn_07469,train
txn_01300,train
txn_02572,train
txn_02644,train
txn_00016,train
txn_03266,train
txn_02447,train
txn_05841,train
txn_09902,train
txn_02337,train
txn_08110,train
txn_04183,train
txn_06534,train
txn_07821,train
txn_02064,train
txn_07236,train
txn_05972,train
txn_08012,train
txn_03143,train
txn_00380,train
txn_02767,train
txn_07592,train
txn_05712,train
txn_01145,train
txn_09191,train
txn_00604,train
txn_08347,train
txn_00710,train
txn_02317,train
txn_03894,train
txn_05069,train
txn_05481,train
txn_00320,train
txn_08299,train
txn_05211,train
txn_06463,train
txn_05357,train
txn_03162,train
txn_08893,train
txn_01817,train
txn_05501,train
txn_06790,train
txn_05293,train
txn_06816,train
txn_04020,train
txn_03458,train
txn_04767,train
txn_09573,train
txn_02798,train
txn_07028,train
txn_04495,train
txn_03716,train
txn_07296,train
txn_04734,train
txn_01947,train
txn_05242,train
txn_02543,train
txn_03184,train
txn_06238,train
txn_02380,train
txn_00301,train
txn_02972,train
txn_04329,train
txn_02649,train
txn_08197,train
txn_09208,train
txn_09032,train
txn_01523,train
txn_09936,train
txn_06182,train
txn_00377,train
txn_05924,train
txn_00103,train
txn_04658,train
txn_07021,train
txn_09300,train
txn_05816,train
txn_09209,train
txn_01336,train
txn_09379,train
txn_05321,train
txn_05209,train
txn_09071,train
txn_06486,train
txn_08498,train
txn_02355,train
txn_09192,train
txn_02514,train
txn_01090,train
txn_03307,train
txn_07521,train
txn_05361,train
txn_04709,train
txn_04976,train
txn_09350,train
txn_07353,train
txn_00948,train
txn_09505,train
txn_02422,train
txn_05294,train
txn_05087,train
txn_03037,train
txn_03041,train
txn_02879,train
txn_08076,train
txn_09544,train
txn_08568,train
txn_02136,train
txn_06517,train
txn_08249,train
txn_05002,train
txn_07329,train
txn_07926,train
txn_07990,train
txn_10000,train
txn_08505,train
txn_02786,train
txn_01320,train
txn_05658,train
txn_02809,train
txn_00364,train
txn_00068,train
txn_02149,train
txn_07974,train
txn_04557,train
txn_08752,train
txn_00727,train
txn_04592,train
txn_01156,train
txn_00082,train
txn_04209,train
txn_04577,train
txn_07815,train
txn_00242,train
txn_03771,train
txn_08298,train
txn_03763,train
txn_01349,train
txn_01498,train
txn_09485,train
txn_05089,train
txn_07019,train
txn_04096,train
txn_00626,train
txn_00841,train
txn_01512,train
txn_00405,train
txn_08694,train
txn_05709,train
txn_03212,train
txn_00110,train
txn_05877,train
txn_03117,train
txn_07396,train
txn_07054,train
txn_00065,train
txn_08260,train
txn_05535,train
txn_07758,train
txn_06183,train
txn_09367,train
txn_04371,train
txn_06637,train
txn_02360,train
txn_03598,train
txn_08736,train
txn_01366,train
txn_00148,train
txn_06925,train
txn_09245,train
txn_08828,train
txn_02975,train
txn_08935,train
txn_04733,train
txn_06255,train
txn_00572,train
txn_03131,train
txn_06841,train
txn_08232,train
txn_02892,train
txn_01330,train
txn_02584,train
txn_03026,train
txn_09603,train
txn_05657,train
txn_09888,train
txn_03033,train
txn_03405,train
txn_03928,train
txn_09599,train
txn_04673,train
txn_03577,train
txn_08345,train
txn_04901,train
txn_06360,train
txn_09243,train
txn_05618,train
txn_00460,train
txn_01114,train
txn_05941,train
txn_00621,train
txn_01942,train
txn_00205,train
txn_03220,train
txn_03223,train
txn_01830,train
txn_07853,train
txn_06072,train
txn_00588,train
txn_01254,train
txn_08251,train
txn_03446,train
txn_08384,train
txn_01238,train
txn_03193,train
txn_04859,train
txn_01176,train
txn_04230,train
txn_07919,train
txn_07994,train
txn_01926,train
txn_04441,train
txn_06664,train
txn_04892,train
txn_04585,train
txn_02311,train
txn_02369,train
txn_02616,train
txn_07667,train
txn_09830,train
txn_08441,train
txn_04957,train
txn_02762,train
txn_00586,train
txn_05701,train
txn_08167,train
txn_08367,train
txn_08663,train
txn_08001,train
txn_01179,train
txn_03957,train
txn_02903,train
txn_06230,train
txn_09141,train
txn_05280,train
txn_02671,train
txn_07188,train
txn_00157,train
txn_04112,train
txn_07392,train
txn_05302,train
txn_00849,train
txn_01301,train
txn_05186,train
txn_00265,train
txn_06133,train
txn_02438,train
txn_09847,train
txn_01097,train
txn_01451,train
txn_07581,train
txn_09541,train
txn_08919,train
txn_03432,train
txn_05009,train
txn_01073,train
txn_04940,train
txn_00698,train
txn_00901,train
txn_05572,train
txn_02574,train
txn_03020,train
txn_05151,train
txn_05543,train
txn_00553,train
txn_04242,train
txn_00482,train
txn_05268,train
txn_06439,train
txn_02278,train
txn_08236,train
txn_02523,train
txn_07582,train
txn_09274,train
txn_09688,train
txn_01411,train
txn_04304,train
txn_07567,train
txn_06404,train
txn_03489,train
txn_04921,train
txn_01303,train
txn_07651,train
txn_03838,train
txn_01608,train
txn_03384,train
txn_04029,train
txn_00492,train
txn_00770,train
txn_04065,train
txn_03378,train
txn_01353,train
txn_09414,train
txn_01466,train
txn_02563,train
txn_02634,train
txn_01681,train
txn_00255,train
txn_05693,train
txn_03967,train
txn_01748,train
txn_02631,train
txn_02956,train
txn_04245,train
txn_04760,train
txn_05705,train
txn_03611,train
txn_04688,train
txn_07752,train
txn_04656,train
txn_05118,train
txn_08262,train
txn_02357,train
txn_06368,train
txn_04336,train
txn_09949,train
txn_02662,train
txn_05304,train
txn_03411,train
txn_04763,train
txn_05029,train
txn_01013,train
txn_09887,train
txn_02044,train
txn_06369,train
txn_07340,train
txn_03924,train
txn_03127,train
txn_09853,train
txn_05408,train
txn_01622,train
txn_01211,train
txn_05193,train
txn_01209,train
txn_00921,train
txn_04640,train
txn_05270,train
txn_02015,train
txn_04471,train
txn_02453,train
txn_06132,train
txn_08623,train
txn_02170,train
txn_09600,train
txn_09611,train
txn_09027,train
txn_00147,train
txn_00314,train
txn_05827,train
txn_09849,train
txn_05074,train
txn_04727,train
txn_05394,train
txn_02819,train
txn_03948,train
txn_08956,train
txn_09388,train
txn_07940,train
txn_06653,train
txn_08917,train
txn_01436,train
txn_02945,train
txn_08721,train
txn_06843,train
txn_09517,train
txn_03822,train
txn_09363,train
txn_07819,train
txn_01637,train
txn_09885,train
txn_04043,train
txn_04771,train
txn_06309,train
txn_02142,train
txn_06075,train
txn_09917,train
txn_01469,train
txn_07861,train
txn_07725,train
txn_02632,train
txn_05482,train
txn_02292,train
txn_01471,train
txn_04665,train
txn_00418,train
txn_09967,train
txn_07185,train
txn_06363,train
txn_08276,train
txn_08693,train
txn_07163,train
txn_05596,train
txn_01417,train
txn_00104,train
txn_00006,train
txn_04750,train
txn_02521,train
txn_00678,train
txn_07358,train
txn_09850,train
txn_07653,train
txn_08289,train
txn_02864,train
txn_05769,train
txn_06503,train
txn_07120,train
txn_09749,train
txn_02716,train
txn_06496,train
txn_00379,train
txn_09091,train
txn_08100,train
txn_06307,train
txn_07292,train
txn_05900,train
txn_01698,train
txn_00030,train
txn_06910,train
txn_01686,train
txn_08830,train
txn_01558,train
txn_03703,train
txn_02325,train
txn_05115,train
txn_05842,train
txn_07956,train
txn_01995,train
txn_06690,train
txn_03255,train
txn_05742,train
txn_05435,train
txn_03780,train
txn_05730,train
txn_08727,train
txn_01935,train
txn_02126,train
txn_06115,train
txn_03230,train
txn_01738,train
txn_04214,train
txn_06244,train
txn_07225,train
txn_01043,train
txn_00826,train
txn_00300,train
txn_02404,train
txn_03856,train
txn_04247,train
txn_09378,train
txn_09066,train
txn_03264,train
txn_07633,train
txn_02301,train
txn_00731,train
txn_00116,train
txn_03115,train
txn_05931,train
txn_07851,train
txn_00974,train
txn_04683,train
txn_07494,train
txn_06762,train
txn_04958,train
txn_08515,train
txn_03607,train
txn_01691,train
txn_08086,train
txn_02182,train
txn_03474,train
txn_06004,train
txn_09925,train
txn_06310,train
txn_02979,train
txn_07071,train
txn_07774,train
txn_02949,train
txn_05873,train
txn_00185,train
txn_08445,train
txn_00095,train
txn_07034,train
txn_09970,train
txn_06592,train
txn_00866,train
txn_07846,train
txn_04506,train
txn_09948,train
txn_03295,train
txn_07438,train
txn_01521,train
txn_02289,train
txn_01131,train
txn_08833,train
txn_04023,train
txn_06887,train
txn_04485,train
txn_08729,train
txn_02559,train
txn_00663,train
txn_02318,train
txn_07280,train
txn_02878,train
txn_05785,train
txn_01659,train
txn_07897,train
txn_00924,train
txn_07714,train
txn_01638,train
txn_00625,train
txn_01653,train
txn_07864,train
txn_00059,train
txn_00772,train
txn_02795,train
txn_03989,train
txn_03825,train
txn_06838,train
txn_00794,train
txn_09315,train
txn_07672,train
txn_09760,train
txn_07957,train
txn_06078,train
txn_02992,train
txn_07087,train
txn_00570,train
txn_04938,train
txn_05489,train
txn_09920,train
txn_03659,train
txn_00648,train
txn_04573,train
txn_04942,train
txn_03802,train
txn_08857,train
txn_06707,train
txn_01270,train
txn_01298,train
txn_04202,train
txn_00473,train
txn_08537,train
txn_05767,train
txn_09727,train
txn_00999,train
txn_09263,train
txn_01991,train
txn_00121,train
txn_05811,train
txn_08637,train
txn_03195,train
txn_08165,train
txn_03142,train
txn_07089,train
txn_01359,train
txn_04369,train
txn_05760,train
txn_07649,train
txn_06429,train
txn_03649,train
txn_07187,train
txn_04621,train
txn_04634,train
txn_07088,train
txn_02711,train
txn_04832,train
txn_01432,train
txn_08879,train
txn_06212,train
txn_08853,train
txn_04810,train
txn_02781,train
txn_01777,train
txn_02638,train
txn_05743,train
txn_06605,train
txn_04722,train
txn_03194,train
txn_08607,train
txn_04569,train
txn_09456,train
txn_05974,train
txn_09765,train
txn_08011,train
txn_05761,train
txn_07577,train
txn_07254,train
txn_01805,train
txn_08284,train
txn_03752,train
txn_01810,train
txn_09545,train
txn_08285,train
txn_04335,train
txn_04321,train
txn_01390,train
txn_03956,train
txn_01450,train
txn_03221,train
txn_05178,train
txn_01375,train
txn_09001,train
txn_08405,train
txn_08946,train
txn_06474,train
txn_06134,train
txn_03678,train
txn_04539,train
txn_01129,train
txn_02890,train
txn_06206,train
txn_02424,train
txn_06832,train
txn_09094,train
txn_08596,train
txn_08692,train
txn_08764,train
txn_08626,train
txn_03847,train
txn_06558,train
txn_07619,train
txn_04746,train
txn_06052,train
txn_06036,train
txn_05528,train
txn_00629,train
txn_04774,train
txn_07462,train
txn_06968,train
txn_08313,train
txn_07259,train
txn_08496,train
txn_06487,train
txn_08221,train
txn_06301,train
txn_01072,train
txn_02294,train
txn_00161,train
txn_04364,train
txn_07862,train
txn_08875,train
txn_06150,train
txn_07106,train
txn_06754,train
txn_07613,train
txn_06425,train
txn_05104,train
txn_03054,train
txn_08733,train
txn_01040,train
txn_09304,train
txn_06384,train
txn_05537,train
txn_03913,train
txn_04848,train
txn_03132,train
txn_03154,train
txn_06979,train
txn_01268,train
txn_07695,train
txn_09408,train
txn_04120,train
txn_08659,train
txn_06529,train
txn_06312,train
txn_04167,train
txn_00786,train
txn_00178,train
txn_02116,train
txn_09152,train
txn_00502,train
txn_03700,train
txn_09385,train
txn_04965,train
txn_07094,train
txn_02338,train
txn_07327,train
txn_02853,train
txn_05371,train
txn_06597,train
txn_04341,train
txn_08068,train
txn_00591,train
txn_05624,train
txn_03775,train
txn_00654,train
txn_01537,train
txn_09205,train
txn_03430,train
txn_02540,train
txn_02724,train
txn_06652,train
txn_02028,train
txn_01703,train
txn_00503,train
txn_04511,train
txn_01019,train
txn_02235,train
txn_05059,train
txn_09351,train
txn_04015,train
txn_01095,train
txn_03522,train
txn_07612,train
txn_09050,train
txn_00459,train
txn_02310,train
txn_01602,train
txn_03402,train
txn_09447,train
txn_00137,train
txn_03137,train
txn_09858,train
txn_03246,train
txn_05862,train
txn_08750,train
txn_01609,train
txn_08096,train
txn_03340,train
txn_00734,train
txn_05762,train
txn_07552,train
txn_00345,train
txn_05440,train
txn_04985,train
txn_01204,train
txn_04961,train
txn_06733,train
txn_01869,train
txn_00797,train
txn_09942,train
txn_05429,train
txn_09877,train
txn_01728,train
txn_08547,train
txn_04737,train
txn_04954,train
txn_08424,train
txn_03745,train
txn_04970,train
txn_04143,train
txn_06185,train
txn_02885,train
txn_02433,train
txn_00545,train
txn_03469,train
txn_09244,train
txn_09929,train
txn_00037,train
txn_05003,train
txn_02309,train
txn_02894,train
txn_06661,train
txn_06033,train
txn_07884,train
txn_04180,train
txn_04842,train
txn_06326,train
txn_05470,train
txn_09763,train
txn_03088,train
txn_08349,train
txn_07164,train
txn_07416,train
txn_00697,train
txn_08263,train
txn_01333,train
txn_03626,train
txn_07563,train
txn_04296,train
txn_00414,train
txn_01194,train
txn_05697,train
txn_03799,train
txn_02035,train
txn_04155,train
txn_04231,train
txn_06163,train
txn_09932,train
txn_04149,train
txn_02286,train
txn_00098,train
txn_06378,train
txn_05479,train
txn_00433,train
txn_09359,train
txn_03473,train
txn_06204,train
txn_07191,train
txn_00555,train
txn_06049,train
txn_02478,train
txn_00155,train
txn_01480,train
txn_01513,train
txn_08196,train
txn_01753,train
txn_00229,train
txn_05626,train
txn_08862,train
txn_08805,train
txn_08939,train
txn_09808,train
txn_04586,train
txn_05517,train
txn_00232,train
txn_05441,train
txn_06117,train
txn_09740,train
txn_05627,train
txn_00784,train
txn_04493,train
txn_01538,train
txn_00367,train
txn_06937,train
txn_08739,train
txn_07013,train
txn_02791,train
txn_02856,train
txn_05292,train
txn_08977,train
txn_00646,train
txn_05590,train
txn_09856,train
txn_01280,train
txn_08508,train
txn_04720,train
txn_01358,train
txn_00007,train
txn_06102,train
txn_04795,train
txn_05787,train
txn_08848,train
txn_01443,train
txn_09188,train
txn_03422,train
txn_02091,train
txn_09087,train
txn_03175,train
txn_04113,train
txn_01409,train
txn_03656,train
txn_09848,train
txn_02132,train
txn_08074,train
txn_07374,train
txn_07925,train
txn_05644,train
txn_00025,train
txn_09233,train
txn_02779,train
txn_04756,train
txn_07035,train
txn_07757,train
txn_07436,train
txn_06535,train
txn_02273,train
txn_01478,train
txn_06347,train
txn_05939,train
txn_02138,train
txn_01730,train
txn_01402,train
txn_09240,train
txn_05858,train
txn_02456,train
txn_08639,train
txn_02685,train
txn_03028,train
txn_08111,train
txn_08988,train
txn_08506,train
txn_00637,train
txn_09900,train
txn_07014,train
txn_00207,train
txn_08649,train
txn_04779,train
txn_09479,train
txn_06864,train
txn_03776,train
txn_00544,train
txn_06918,train
txn_06667,train
txn_01938,train
txn_05629,train
txn_08768,train
txn_04630,train
txn_01989,train
txn_01557,train
txn_08265,train
txn_00622,train
txn_04394,train
txn_08735,train
txn_06815,train
txn_05421,train
txn_00445,train
txn_06719,train
txn_03207,train
txn_06233,train
txn_08696,train
txn_02214,train
txn_07323,train
txn_02851,train
txn_01174,train
txn_08527,train
txn_02050,train
txn_03034,train
txn_04707,train
txn_09860,train
txn_09228,train
txn_08819,train
txn_00912,train
txn_03059,train
txn_03660,train
txn_01384,train
txn_04945,train
txn_09577,train
txn_05107,train
txn_05404,train
txn_08501,train
txn_00252,train
txn_01457,train
txn_04902,train
txn_06573,train
txn_06698,train
txn_09336,train
txn_04455,train
txn_00429,train
txn_09741,train
txn_05282,train
txn_01430,train
txn_00854,train
txn_02909,train
txn_08423,train
txn_09680,train
txn_03921,train
txn_04140,train
txn_08621,train
txn_00853,train
txn_08569,train
txn_00998,train
txn_00237,train
txn_07544,train
txn_00400,train
txn_04540,train
txn_08789,train
txn_01988,train
txn_01290,train
txn_04409,train
txn_06861,train
txn_06099,train
txn_09649,train
txn_04142,train
txn_03080,train
txn_07346,train
txn_06214,train
txn_01746,train
txn_05918,train
txn_01119,train
txn_01740,train
txn_09135,train
txn_09097,train
txn_06960,train
txn_08788,train
txn_04549,train
txn_05901,train
txn_01974,train
txn_06188,train
txn_04411,train
txn_00556,train
txn_01424,train
txn_08816,train
txn_00783,train
txn_09478,train
txn_02872,train
txn_04138,train
txn_00690,train
txn_08851,train
txn_06728,train
txn_06795,train
txn_05123,train
txn_04643,train
txn_00285,train
txn_06715,train
txn_01592,train
txn_07135,train
txn_02922,train
txn_02651,train
txn_04037,train
txn_01532,train
txn_07413,train
txn_09173,train
txn_03103,train
txn_05856,train
txn_07052,train
txn_04111,train
txn_09015,train
txn_09399,train
txn_07421,train
txn_07507,train
txn_04743,train
txn_09950,train
txn_08128,train
txn_01425,train
txn_03644,train
txn_05598,train
txn_07368,train
txn_06073,train
txn_06788,train
txn_01786,train
txn_09683,train
txn_03112,train
txn_04686,train
txn_05806,train
txn_09000,train
txn_05956,train
txn_03868,train
txn_09219,train
txn_04042,train
txn_01627,train
txn_04804,train
txn_06948,train
txn_08784,train
txn_05136,train
txn_08275,train
txn_00684,train
txn_08095,train
txn_07184,train
txn_03570,train
txn_08802,train
txn_06830,train
txn_01603,train
txn_05359,train
txn_08564,train
txn_05502,train
txn_09841,train
txn_03673,train
txn_09556,train
txn_09938,train
txn_09372,train
txn_06822,train
txn_02720,train
txn_02457,train
txn_07525,train
txn_07398,train
txn_03724,train
txn_04598,train
txn_02169,train
txn_02135,train
txn_04194,train
txn_09675,train
txn_08210,train
txn_02646,train
txn_01993,train
txn_03440,train
txn_08503,train
txn_02056,train
txn_09951,train
txn_07248,train
txn_05418,train
txn_08340,train
txn_07528,train
txn_08823,train
txn_01047,train
txn_03181,train
txn_04894,train
txn_06542,train
txn_06848,train
txn_05430,train
txn_06800,train
txn_00125,train
txn_06328,train
txn_07773,train
txn_03302,train
txn_03702,train
txn_01982,train
txn_07000,train
txn_08395,train
txn_09202,train
txn_00476,train
txn_02451,train
txn_07459,train
txn_03454,train
txn_05140,train
txn_04298,train
txn_04014,train
txn_09778,train
txn_09407,train
txn_01060,train
txn_04993,train
txn_07747,train
txn_02420,train
txn_08431,train
txn_06978,train
txn_02822,train
txn_00788,train
txn_08839,train
txn_09693,train
txn_03939,train
txn_01404,train
txn_09705,train
txn_07415,train
txn_00522,train
txn_09507,train
txn_04564,train
txn_04948,train
txn_08280,train
txn_05756,train
txn_02400,train
txn_06569,train
txn_02889,train
txn_09104,train
txn_03951,train
txn_08985,train
txn_07449,train
txn_02143,train
txn_01266,train
txn_07785,train
txn_07402,train
txn_04056,train
txn_06672,train
txn_02918,train
txn_03110,train
txn_05428,train
txn_03042,train
txn_07271,train
txn_03493,train
txn_09428,train
txn_00742,train
txn_05201,train
txn_04350,train
txn_07609,train
txn_08494,train
txn_04502,train
txn_07220,train
txn_03916,train
txn_08363,train
txn_06629,train
txn_03151,train
txn_00689,train
txn_00884,train
txn_01799,train
txn_06914,train
txn_00040,train
txn_07509,train
txn_00597,train
txn_03753,train
txn_00028,train
txn_07268,train
txn_05075,train
txn_02670,train
txn_00253,train
txn_06739,train
txn_05628,train
txn_06221,train
txn_07684,train
txn_07093,train
txn_04410,train
txn_06094,train
txn_04817,train
txn_01811,train
txn_04935,train
txn_02855,train
txn_04853,train
txn_05978,train
txn_09966,train
txn_06670,train
txn_09287,train
txn_04858,train
txn_08864,train
txn_00321,train
txn_04419,train
txn_04174,train
txn_02964,train
txn_09164,train
txn_00720,train
txn_07594,train
txn_06130,train
txn_03559,train
txn_04669,train
txn_01640,train
txn_06647,train
txn_09369,train
txn_05775,train
txn_09324,train
txn_02938,train
txn_03364,train
txn_00029,train
txn_09794,train
txn_07986,train
txn_02208,train
txn_04908,train
txn_02194,train
txn_02099,train
txn_01076,train
txn_03688,train
txn_02332,train
txn_04981,train
txn_02087,train
txn_04646,train
txn_01049,train
txn_05128,train
txn_09854,train
txn_07556,train
txn_04685,train
txn_06069,train
txn_05513,train
txn_03241,train
txn_04302,train
txn_06897,train
txn_09761,train
txn_01018,train
txn_09354,train
txn_05737,train
txn_06750,train
txn_04765,train
txn_01504,train
txn_06778,train
txn_05354,train
txn_05340,train
txn_09444,train
txn_02764,train
txn_07210,train
txn_01885,train
txn_06773,train
txn_02876,train
txn_03385,train
txn_04265,train
txn_01952,train
txn_00888,train
txn_06175,train
txn_04579,train
txn_01147,train
txn_08580,train
txn_08156,train
txn_07624,train
txn_04500,train
txn_07832,train
txn_02821,train
txn_07156,train
txn_07291,train
txn_03840,train
txn_02828,train
txn_06916,train
txn_07565,train
txn_09602,train
txn_06366,train
txn_03671,train
txn_05495,train
txn_04079,train
txn_09744,train
txn_04788,train
txn_02695,train
txn_08605,train
txn_08546,train
txn_06213,train
txn_09809,train
txn_03719,train
txn_06154,train
txn_08934,train
txn_02862,train
txn_05468,train
txn_02943,train
txn_08598,train
txn_01193,train
txn_04432,train
txn_04536,train
txn_09677,train
txn_05392,train
txn_02566,train
txn_02423,train
txn_01314,train
txn_08075,train
txn_09656,train
txn_00197,train
txn_05034,train
txn_06891,train
txn_07313,train
txn_05058,train
txn_03511,train
txn_06435,train
txn_09652,train
txn_08261,train
txn_02840,train
txn_09710,train
txn_08944,train
txn_09179,train
txn_04278,train
txn_07635,train
txn_07692,train
txn_06777,train
txn_07555,train
txn_04104,train
txn_08400,train
txn_03403,train
txn_09260,train
txn_09255,train
txn_09745,train
txn_04279,train
txn_02981,train
txn_02787,train
txn_01541,train
txn_00456,train
txn_09153,train
txn_04305,train
txn_06107,train
txn_04909,train
txn_09755,train
txn_06277,train
txn_09440,train
txn_07650,train
txn_08119,train
txn_09415,train
txn_07321,train
txn_06074,train
txn_05936,train
txn_07345,train
txn_00261,train
txn_02545,train
txn_01061,train
txn_05879,train
txn_07805,train
txn_03538,train
txn_07414,train
txn_01062,train
txn_01357,train
txn_04440,train
txn_05172,train
txn_01932,train
txn_09811,train
txn_05961,train
txn_07376,train
txn_08741,train
txn_06561,train
txn_07746,train
txn_01533,train
txn_09971,train
txn_05613,train
txn_04553,train
txn_03441,train
txn_00220,train
txn_07896,train
txn_06885,train
txn_09607,train
txn_05822,train
txn_02870,train
txn_05139,train
txn_03807,train
txn_06656,train
txn_08532,train
txn_09964,train
txn_06174,train
txn_02605,train
txn_02679,train
txn_09566,train
txn_07257,train
txn_07941,train
txn_05892,train
txn_03057,train
txn_04820,train
txn_00639,train
txn_06753,train
txn_02130,train
txn_08457,train
txn_05379,train
txn_09992,train
txn_07424,train
txn_07607,train
txn_03408,train
txn_03098,train
txn_08050,train
txn_04984,train
txn_02382,train
txn_07987,train
txn_08500,train
txn_07256,train
txn_03568,train
txn_06581,train
txn_06577,train
txn_09434,train
txn_09711,train
txn_00453,train
txn_03569,train
txn_03610,train
txn_01563,train
txn_04514,train
txn_09857,train
txn_08616,train
txn_08256,train
txn_08669,train
txn_06755,train
txn_06270,train
txn_02554,train
txn_00583,train
txn_05928,train
txn_07845,train
txn_06064,train
txn_04262,train
txn_02440,train
txn_07707,train
txn_00567,train
txn_00550,train
txn_02155,train
txn_06408,train
txn_01001,train
txn_08026,train
txn_02013,train
txn_04555,train
txn_08282,train
txn_08536,train
txn_00448,train
txn_07658,train
txn_00863,train
txn_09636,train
txn_05569,train
txn_01329,train
txn_09144,train
txn_01633,train
txn_04031,train
txn_01575,train
txn_01376,train
txn_06271,train
txn_00959,train
txn_01032,train
txn_09521,train
txn_09362,train
txn_08734,train
txn_02328,train
txn_04177,train
txn_08125,train
txn_01856,train
txn_07360,train
txn_08911,train
txn_05315,train
txn_08491,train
txn_00409,train
txn_05558,train
txn_09328,train
txn_02965,train
txn_09648,train
txn_09939,train
txn_02923,train
txn_00546,train
txn_08514,train
txn_08135,train
txn_01578,train
txn_06580,train
txn_08577,train
txn_07149,train
txn_05197,train
txn_05799,train
txn_03955,train
txn_07883,train
txn_06121,train
txn_03196,train
txn_01026,train
txn_00566,train
txn_06691,train
txn_03224,train
txn_07389,train
txn_00977,train
txn_02097,train
txn_07385,train
txn_05871,train
txn_07072,train
txn_02962,train
txn_00212,train
txn_04670,train
txn_02960,train
txn_09377,train
txn_08374,train
txn_08801,train
txn_08102,train
txn_09534,train
txn_03104,train
txn_05066,train
txn_05620,train
txn_01585,train
txn_01323,train
txn_08497,train
txn_06915,train
txn_07857,train
txn_08720,train
txn_00398,train
txn_06414,train
txn_00940,train
txn_07477,train
txn_03421,train
txn_07630,train
txn_04706,train
txn_06497,train
txn_06977,train
txn_04724,train
txn_09442,train
txn_00818,train
txn_02054,train
txn_04300,train
txn_07176,train
txn_02882,train
txn_01795,train
txn_00799,train
txn_07541,train
txn_08996,train
txn_00312,train
txn_07898,train
txn_05857,train
txn_00877,train
txn_00018,train
txn_01363,train
txn_04401,train
txn_07811,train
txn_07483,train
txn_00628,train
txn_07279,train
txn_00190,train
txn_06337,train
txn_02321,train
txn_00885,train
txn_05516,train
txn_04168,train
txn_01821,train
txn_05451,train
txn_09230,train
txn_00432,train
txn_02007,train
txn_07068,train
txn_05946,train
txn_07536,train
txn_01365,train
txn_04402,train
txn_08873,train
txn_04018,train
txn_04291,train
txn_07288,train
txn_05297,train
txn_09242,train
txn_03747,train
txn_04645,train
txn_09799,train
txn_07458,train
txn_01624,train
txn_06878,train
txn_05309,train
txn_01379,train
txn_05839,train
txn_05125,train
txn_05054,train
txn_06283,train
txn_07397,train
txn_09086,train
txn_03589,train
txn_07848,train
txn_06217,train
txn_00159,train
txn_01959,train
txn_09017,train
txn_00521,train
txn_01067,train
txn_08769,train
txn_04900,train
txn_05471,train
txn_01447,train
txn_03318,train
txn_02802,train
txn_04799,train
txn_09313,train
txn_09429,train
txn_04813,train
txn_05611,train
txn_05593,train
txn_04593,train
txn_04038,train
txn_01442,train
txn_01963,train
txn_08855,train
txn_04619,train
txn_00964,train
txn_03030,train
txn_09296,train
txn_06539,train
txn_00475,train
txn_04719,train
txn_00171,train
txn_07918,train
txn_03969,train
txn_08411,train
txn_01737,train
txn_06785,train
txn_04299,train
txn_00210,train
txn_04978,train
txn_02402,train
txn_05189,train
txn_04145,train
txn_03014,train
txn_00088,train
txn_05681,train
txn_03064,train
txn_08178,train
txn_09353,train
txn_05815,train
txn_03025,train
txn_01313,train
txn_01079,train
txn_01801,train
txn_03669,train
txn_06401,train
txn_05286,train
txn_07056,train
txn_02999,train
txn_02509,train
txn_02109,train
txn_01672,train
txn_00166,train
txn_00294,train
txn_08081,train
txn_02282,train
txn_09083,train
txn_06617,train
txn_05319,train
txn_06620,train
txn_07662,train
txn_01346,train
txn_06623,train
txn_06441,train
txn_05335,train
txn_07499,train
txn_08715,train
txn_01265,train
txn_09327,train
txn_07893,train
txn_09613,train
txn_08052,train
txn_04163,train
txn_00323,train
txn_05969,train
txn_04399,train
txn_03790,train
txn_00738,train
txn_08521,train
txn_06837,train
txn_01476,train
txn_02577,train
txn_09340,train
txn_01826,train
txn_07337,train
txn_00371,train
txn_00906,train
txn_05823,train
txn_08871,train
txn_07840,train
txn_00139,train
txn_04492,train
txn_03314,train
txn_08901,train
txn_07273,train
txn_09597,train
txn_02026,train
txn_02785,train
txn_03298,train
txn_06770,train
txn_06488,train
txn_06673,train
txn_05161,train
txn_09819,train
txn_02358,train
txn_00369,train
txn_09108,train
txn_02397,train
txn_06413,train
txn_00967,train
txn_01054,train
txn_04895,train
txn_01292,train
txn_00693,train
txn_04094,train
txn_09510,train
txn_09482,train
txn_07290,train
txn_00020,train
txn_01125,train
txn_07511,train
txn_00581,train
txn_01620,train
txn_07460,train
txn_02218,train
txn_04943,train
txn_07566,train
txn_06576,train
txn_06355,train
txn_07400,train
txn_01104,train
txn_02850,train
txn_06166,train
txn_08131,train
txn_05332,train
txn_07213,train
txn_08189,train
txn_02240,train
txn_03186,train
txn_09168,train
txn_01291,train
txn_02178,train
txn_08213,train
txn_02361,train
txn_03677,train
txn_05685,train
txn_08088,train
txn_03188,train
txn_09396,train
txn_01723,train
txn_09953,train
txn_08936,train
txn_04690,train
txn_07145,train
txn_03202,train
txn_00101,train
txn_08999,train
txn_00723,train
txn_07005,train
txn_05185,train
txn_08181,train
txn_03106,train
txn_01751,train
txn_09560,train
txn_06462,train
txn_03306,train
txn_09915,train
txn_03905,train
txn_06646,train
txn_05234,train
txn_03571,train
txn_09201,train
txn_00694,train
txn_00851,train
txn_04941,train
txn_04366,train
txn_05240,train
txn_02066,train
txn_00127,train
txn_03623,train
txn_05633,train
txn_00539,train
txn_05091,train
txn_04616,train
txn_00782,train
txn_05844,train
txn_06879,train
txn_03250,train
txn_08286,train
txn_09855,train
txn_02597,train
txn_09786,train
txn_04860,train
txn_00746,train
txn_04545,train
txn_01037,train
txn_06768,train
txn_06519,train
txn_08418,train
txn_08526,train
txn_03135,train
txn_00225,train
txn_00776,train
txn_04594,train
txn_02323,train
txn_03317,train
txn_02258,train
txn_01562,train
txn_02564,train
txn_02430,train
txn_03648,train
txn_02488,train
txn_00416,train
txn_06377,train
txn_00527,train
txn_04044,train
txn_03525,train
txn_08479,train
txn_01354,train
txn_08305,train
txn_07597,train
txn_09291,train
txn_01007,train
txn_06772,train
txn_08597,train
txn_03244,train
txn_06290,train
txn_03178,train
txn_08821,train
txn_08203,train
txn_02880,train
txn_01315,train
txn_08658,train
txn_05071,train
txn_03354,train
txn_08362,train
txn_05456,train
txn_00677,train
txn_06771,train
txn_00076,train
txn_06683,train
txn_02583,train
txn_04451,train
txn_01808,train
txn_07936,train
txn_01656,train
txn_09010,train
txn_00175,train
txn_01182,train
txn_08172,train
txn_07921,train
txn_00973,train
txn_00675,train
txn_06516,train
txn_00164,train
txn_05064,train
txn_00042,train
txn_08207,train
txn_00874,train
txn_07537,train
txn_02568,train
txn_05518,train
txn_00737,train
txn_01316,train
txn_08226,train
txn_03832,train
txn_02067,train
txn_06426,train
txn_02204,train
txn_09540,train
txn_08793,train
txn_03874,train
txn_09554,train
txn_07930,train
txn_02824,train
txn_08337,train
txn_00154,train
txn_02866,train
txn_04083,train
txn_03942,train
txn_00070,train
txn_04580,train
txn_08782,train
txn_07931,train
txn_02686,train
txn_06158,train
txn_09035,train
txn_04893,train
txn_08718,train
txn_08019,train
txn_07643,train
txn_05655,train
txn_00263,train
txn_00385,train
txn_03946,train
txn_01715,train
txn_06730,train
txn_06479,train
txn_02454,train
txn_02984,train
txn_04472,train
txn_03283,train
txn_07523,train
txn_01580,train
txn_03448,train
txn_01122,train
txn_03792,train
txn_06872,train
txn_00512,train
txn_00124,train
txn_02474,train
txn_08549,train
txn_06505,train
txn_03769,train
txn_07663,train
txn_00254,train
txn_00881,train
txn_04295,train
txn_01961,train
txn_01059,train
txn_09472,train
txn_07911,train
txn_01651,train
txn_03714,train
txn_02427,train
txn_04752,train
txn_04198,train
txn_08005,train
txn_02139,train
txn_01734,train
txn_03309,train
txn_08673,train
txn_09682,train
txn_04027,train
txn_07285,train
txn_08390,train
txn_08856,train
txn_08047,train
txn_01788,train
txn_00587,train
txn_05326,train
txn_09814,train
txn_00714,train
txn_01823,train
txn_08541,train
txn_00353,train
txn_04447,train
txn_09337,train
txn_06649,train
txn_01546,train
txn_04160,train
txn_00528,train
txn_08036,train
txn_06362,train
txn_07922,train
txn_00368,train
txn_07233,train
txn_08863,train
txn_00856,train
txn_05254,train
txn_00275,train
txn_08078,train
txn_00607,train
txn_02804,train
txn_09130,train
txn_05984,train
txn_02911,train
txn_05222,train
txn_08300,train
txn_02344,train
txn_00322,train
txn_01846,train
txn_01956,train
txn_03817,train
txn_06810,train
txn_09834,train
txn_02737,train
txn_00078,train
txn_02591,train
txn_03392,train
txn_09906,train
txn_01793,train
txn_06805,train
txn_06807,train
txn_06294,train
txn_09715,train
txn_02706,train
txn_02340,train
txn_04508,train
txn_04682,train
txn_08348,train
txn_03205,train
txn_02694,train
txn_03480,train
txn_02177,train
txn_05661,train
txn_01510,train
txn_07865,train
txn_09405,train
txn_09282,train
txn_04423,train
txn_08317,train
txn_01152,train
txn_02871,train
txn_02269,train
txn_07446,train
txn_01675,train
txn_07170,train
txn_08420,train
txn_00793,train
txn_01288,train
txn_03215,train
txn_01023,train
txn_00417,train
txn_00603,train
txn_08954,train
txn_05369,train
txn_03864,train
txn_08905,train
txn_03581,train
txn_02419,train
txn_02528,train
txn_05419,train
txn_01943,train
txn_04284,train
txn_06449,train
txn_09872,train
txn_04099,train
txn_04067,train
txn_07796,train
txn_09767,train
txn_04806,train
txn_05509,train
txn_03491,train
txn_08241,train
txn_06642,train
txn_04884,train
txn_07534,train
txn_03300,train
txn_00107,train
txn_05455,train
txn_00172,train
txn_09207,train
txn_01381,train
txn_06304,train
txn_09115,train
txn_06570,train
txn_07777,train
txn_02814,train
txn_08859,train
txn_03690,train
txn_07470,train
txn_08684,train
txn_05322,train
txn_03073,train
txn_02001,train
txn_06929,train
txn_06196,train
txn_08674,train
txn_07108,train
txn_07312,train
txn_06490,train
txn_04589,train
txn_07086,train
txn_07109,train
txn_09175,train
txn_01806,train
txn_02199,train
txn_00754,train
txn_01138,train
txn_03930,train
txn_08099,train
txn_06483,train
txn_03040,train
txn_03393,train
txn_08307,train
txn_00069,train
txn_03858,train
txn_09789,train
txn_01888,train
txn_09608,train
txn_04466,train
txn_09635,train
txn_02279,train
txn_05566,train
txn_01819,train
txn_05833,train
txn_01264,train
txn_02043,train
txn_08002,train
txn_09187,train
txn_08648,train
txn_09099,train
txn_05580,train
txn_09143,train
txn_07580,train
txn_03931,train
txn_09316,train
txn_08474,train
txn_03674,train
txn_01285,train
txn_03148,train
txn_02910,train
txn_00090,train
txn_08652,train
txn_03206,train
txn_09645,train
txn_02560,train
txn_06434,train
txn_03256,train
txn_07369,train
txn_08173,train
txn_09466,train
txn_00617,train
txn_09512,train
txn_00945,train
txn_04407,train
txn_03618,train
txn_03901,train
txn_06153,train
txn_07255,train
txn_00892,train
txn_02113,train
txn_07680,train
txn_09061,train
txn_01927,train
txn_08755,train
txn_03593,train
txn_05147,train
txn_07768,train
txn_07133,train
txn_02348,train
txn_06097,train
txn_02187,train
txn_07967,train
txn_04714,train
txn_09509,train
txn_08844,train
txn_06555,train
txn_01080,train
txn_08448,train
txn_08854,train
txn_04552,train
txn_09146,train
txn_04332,train
txn_06342,train
txn_05163,train
txn_07823,train
txn_06802,train
txn_01610,train
txn_03258,train
txn_06027,train
txn_09714,train
txn_04244,train
txn_01310,train
txn_07231,train
txn_01348,train
txn_06942,train
txn_05355,train
txn_03959,train
txn_01924,train
txn_07880,train
txn_00807,train
txn_05298,train
txn_06444,train
txn_05734,train
txn_00778,train
txn_05466,train
txn_06021,train
txn_07538,train
txn_08201,train
txn_01978,train
txn_04450,train
txn_03974,train
txn_02515,train
txn_08039,train
txn_08162,train
txn_00717,train
txn_07195,train
txn_01468,train
txn_08054,train
txn_06040,train
txn_02930,train
txn_00403,train
txn_08763,train
txn_08625,train
txn_01901,train
txn_02602,train
txn_01132,train
txn_06164,train
txn_07128,train
txn_00916,train
txn_04211,train
txn_05508,train
txn_07540,train
txn_01460,train
txn_01177,train
txn_02074,train
txn_09797,train
txn_04259,train
txn_04716,train
txn_02897,train
txn_04899,train
txn_02030,train
txn_05490,train
txn_06668,train
txn_02742,train
txn_03904,train
txn_01155,train
txn_01242,train
txn_07578,train
txn_01308,train
txn_02092,train
txn_09916,train
txn_09267,train
txn_05638,train
txn_07038,train
txn_05244,train
txn_03510,train
txn_02759,train
txn_04215,train
txn_09455,train
txn_01158,train
txn_08728,train
txn_01824,train
txn_09184,train
txn_01828,train
txn_03954,train
txn_03701,train
txn_08790,train
txn_06122,train
txn_03455,train
txn_07278,train
txn_01172,train
txn_06345,train
txn_03587,train
txn_00672,train
txn_05220,train
txn_02783,train
txn_06419,train
txn_08976,train
txn_02144,train
txn_05966,train
txn_06870,train
txn_07218,train
txn_08484,train
txn_07165,train
txn_00615,train
txn_06447,train
txn_00036,train
txn_02502,train
txn_05773,train
txn_09959,train
txn_01157,train
txn_09302,train
txn_01377,train
txn_07551,train
txn_00982,train
txn_05263,train
txn_05776,train
txn_08525,train
txn_04949,train
txn_05652,train
txn_02617,train
txn_07772,train
txn_06162,train
txn_04186,train
txn_01567,train
txn_04913,train
txn_01934,train
txn_02519,train
txn_07491,train
txn_07295,train
txn_06100,train
txn_03316,train
txn_04919,train
txn_00019,train
txn_05033,train
txn_07319,train
txn_00531,train
txn_06300,train
txn_04438,train
txn_00801,train
txn_04648,train
txn_01234,train
txn_00240,train
txn_01025,train
txn_00936,train
txn_02581,train
txn_02621,train
txn_08808,train
txn_05417,train
txn_09476,train
txn_02774,train
txn_08152,train
txn_02637,train
txn_06273,train
txn_07461,train
txn_01527,train
txn_04655,train
txn_07736,train
txn_07976,train
txn_07562,train
txn_00911,train
txn_02609,train
txn_02489,train
txn_08160,train
txn_02152,train
txn_09043,train
txn_04345,train
txn_04758,train
txn_08518,train
txn_08632,train
txn_08539,train
txn_04467,train
txn_04235,train
txn_02639,train
txn_00516,train
txn_02386,train
txn_03126,train
txn_05834,train
txn_08949,train
txn_08483,train
txn_04664,train
txn_01235,train
txn_09325,train
txn_09706,train
txn_08425,train
txn_08204,train
txn_00280,train
txn_02463,train
txn_00554,train
txn_09616,train
txn_06465,train
txn_02362,train
txn_01328,train
txn_05805,train
txn_05948,train
txn_07726,train
txn_02356,train
txn_01693,train
txn_06596,train
txn_06031,train
txn_00619,train
txn_01231,train
txn_00268,train
txn_02276,train
txn_07336,train
txn_09065,train
txn_06920,train
txn_01831,train
txn_00827,train
txn_04829,train
txn_03045,train
txn_06001,train
txn_09298,train
txn_05555,train
txn_04728,train
txn_07487,train
txn_02250,train
txn_00303,train
txn_08186,train
txn_07318,train
txn_09265,train
txn_03958,train
txn_01790,train
txn_04115,train
txn_09484,train
txn_04250,train
txn_01755,train
txn_08475,train
txn_09041,train
txn_00170,train
txn_02261,train
txn_06053,train
txn_03789,train
txn_09619,train
txn_01768,train
txn_06098,train
txn_02431,train
txn_03865,train
txn_08818,train
txn_07229,train
txn_07770,train
txn_07603,train
txn_09998,train
txn_08458,train
txn_09371,train
txn_00548,train
txn_02598,train
txn_08247,train
txn_03406,train
txn_01501,train
txn_08301,train
txn_06839,train
txn_09360,train
txn_01685,train
txn_09452,train
txn_07975,train
txn_03524,train
txn_06958,train
txn_02376,train
txn_06095,train
txn_05199,train
txn_06254,train
txn_07889,train
txn_04055,train
txn_09748,train
txn_03918,train
txn_00193,train
txn_08279,train
txn_03308,train
txn_04989,train
txn_03985,train
txn_03171,train
txn_09586,train
txn_00676,train
txn_04075,train
txn_07412,train
txn_05550,train
txn_01531,train
txn_04008,train
txn_08874,train
txn_07208,train
txn_05146,train
txn_02587,train
txn_05027,train
txn_06066,train
txn_08915,train
txn_04529,train
txn_04578,train
txn_03663,train
txn_09072,train
txn_09752,train
txn_02480,train
txn_08979,train
txn_04703,train
txn_07712,train
txn_05563,train
txn_00886,train
txn_01380,train
txn_03322,train
txn_09162,train
txn_02511,train
txn_05496,train
txn_03798,train
txn_02672,train
txn_05360,train
txn_03363,train
txn_00558,train
txn_03925,train
txn_02731,train
txn_04340,train
txn_09777,train
txn_03912,train
txn_08273,train
txn_04448,train
txn_04614,train
txn_07351,train
txn_01879,train
txn_06473,train
txn_01647,train
txn_07303,train
txn_05708,train
txn_03824,train
txn_07699,train
txn_04563,train
txn_03670,train
txn_05894,train
txn_03090,train
txn_03777,train
txn_08645,train
txn_08970,train
txn_01099,train
txn_08027,train
txn_09828,train
txn_08615,train
txn_09924,train
txn_09931,train
txn_05646,train
txn_03991,train
txn_07316,train
txn_07146,train
txn_05399,train
txn_09389,train
txn_06481,train
txn_01955,train
txn_03595,train
txn_04872,train
txn_03668,train
txn_01463,train
txn_04480,train
txn_03362,train
txn_07364,train
txn_00480,train
txn_04975,train
txn_08452,train
txn_08601,train
txn_03296,train
txn_05084,train
txn_00180,train
txn_04736,train
txn_07767,train
txn_01860,train
txn_09673,train
txn_03740,train
txn_03390,train
txn_04875,train
txn_07568,train
txn_02734,train
txn_07212,train
txn_03888,train
txn_07074,train
txn_06286,train
txn_00534,train
txn_00761,train
txn_02835,train
txn_04671,train
txn_05828,train
txn_08775,train
txn_00072,train
txn_04080,train
txn_05673,train
txn_09810,train
txn_03176,train
txn_01005,train
txn_04417,train
txn_01139,train
txn_05750,train
txn_00524,train
txn_04775,train
txn_04570,train
txn_05344,train
txn_09518,train
txn_05755,train
txn_09909,train
txn_04232,train
txn_09031,train
txn_03035,train
txn_00701,train
txn_04002,train
txn_07215,train
txn_07283,train
txn_05733,train
txn_06317,train
txn_09009,train
txn_04047,train
txn_00039,train
txn_00543,train
txn_08183,train
txn_09886,train
txn_07515,train
txn_04073,train
txn_06919,train
txn_00810,train
txn_01153,train
txn_07984,train
txn_06165,train
txn_00963,train
txn_06016,train
txn_03155,train
txn_07059,train
txn_00804,train
txn_00902,train
txn_08746,train
txn_00643,train
txn_06808,train
txn_07222,train
txn_06298,train
txn_05729,train
txn_00348,train
txn_02197,train
txn_09358,train
txn_07406,train
txn_06902,train
txn_06566,train
txn_03519,train
txn_06578,train
txn_07615,train
txn_01511,train
txn_01743,train
txn_05897,train
txn_01419,train
txn_01848,train
txn_09101,train
txn_00099,train
txn_08365,train
txn_01551,train
txn_00876,train
txn_04879,train
txn_08434,train
txn_04835,train
txn_00634,train
txn_06048,train
txn_02387,train
txn_01765,train
txn_03836,train
txn_02952,train
txn_08829,train
txn_05493,train
txn_09658,train
txn_00168,train
txn_05205,train
txn_02837,train
txn_06939,train
txn_08974,train
txn_09663,train
txn_05313,train
txn_00605,train
txn_06828,train
txn_06983,train
txn_05748,train
txn_06639,train
txn_01115,train
txn_09604,train
txn_08595,train
txn_09361,train
txn_00909,train
txn_06443,train
txn_09309,train
txn_05958,train
txn_04464,train
txn_09102,train
txn_07294,train
txn_01284,train
txn_08239,train
txn_06559,train
txn_09474,train
txn_02551,train
txn_06024,train
txn_07733,train
txn_09078,train
txn_03818,train
txn_08029,train
txn_05072,train
txn_05299,train
txn_03356,train
txn_01220,train
txn_06882,train
txn_03074,train
txn_09323,train
txn_03321,train
txn_05559,train
txn_09012,train
txn_07792,train
txn_08695,train
txn_05645,train
txn_07838,train
txn_02887,train
txn_06567,train
txn_09852,train
txn_07339,train
txn_00573,train
txn_04382,train
txn_01190,train
txn_07704,train
txn_07110,train
txn_03572,train
txn_08593,train
txn_02372,train
txn_07226,train
txn_06058,train
txn_03344,train
txn_07154,train
txn_04397,train
txn_04086,train
txn_00533,train
txn_08837,train
txn_08920,train
txn_09758,train
txn_07399,train
txn_05204,train
txn_09397,train
txn_00773,train
txn_05865,train
txn_08033,train
txn_08465,train
txn_06508,train
txn_01251,train
txn_07705,train
txn_04218,train
txn_06361,train
txn_03643,train
txn_04868,train
txn_07517,train
txn_09974,train
txn_02034,train
txn_02368,train
txn_06459,train
txn_08175,train
txn_01857,train
txn_01289,train
txn_02243,train
txn_05285,train
txn_06081,train
txn_05715,train
txn_04992,train
txn_08170,train
txn_09380,train
txn_09775,train
txn_07873,train
txn_04952,train
txn_07042,train
txn_06256,train
txn_03027,train
txn_05711,train
txn_01327,train
txn_03333,train
txn_04481,train
txn_08512,train
txn_03600,train
txn_01462,train
txn_00618,train
txn_06478,train
txn_08328,train
txn_03550,train
txn_02465,train
txn_06319,train
txn_04904,train
txn_01774,train
txn_02526,train
txn_01712,train
txn_09764,train
txn_02153,train
txn_04654,train
txn_02842,train
txn_03052,train
txn_01767,train
txn_04755,train
txn_05819,train
txn_05393,train
txn_09861,train
txn_07081,train
txn_01696,train
txn_05757,train
txn_02077,train
txn_05415,train
txn_01649,train
txn_01222,train
txn_08550,train
txn_06952,train
txn_06686,train
txn_06327,train
txn_01643,train
txn_05214,train
txn_01144,train
txn_09583,train
txn_06400,train
txn_06545,train
txn_00485,train
txn_01571,train
txn_04171,train
txn_01440,train
txn_00206,train
txn_03783,train
txn_08182,train
txn_03585,train
txn_06037,train
txn_02953,train
txn_01229,train
txn_01170,train
txn_08945,train
txn_05520,train
txn_08296,train
txn_04668,train
txn_04373,train
txn_02595,train
txn_01744,train
txn_04225,train
txn_09028,train
txn_05010,train
txn_03268,train
txn_06280,train
txn_08680,train
txn_00612,train
txn_01171,train
txn_01579,train
txn_04386,train
txn_02080,train
txn_03816,train
txn_06456,train
txn_04888,train
txn_06203,train
txn_06007,train
txn_08777,train
txn_01015,train
txn_05926,train
txn_00214,train
txn_07269,train
txn_09381,train
txn_09842,train
txn_02048,train
txn_09904,train
txn_00250,train
txn_08440,train
txn_08888,train
txn_07216,train
txn_09513,train
txn_03766,train
txn_02636,train
txn_08022,train
txn_06509,train
txn_07982,train
txn_08533,train
txn_08278,train
txn_06909,train
txn_00669,train
txn_03482,train
txn_05768,train
txn_07289,train
txn_04839,train
txn_00411,train
txn_01070,train
txn_03826,train
txn_04297,train
txn_04994,train
txn_08271,train
txn_01842,train
txn_08535,train
txn_05906,train
txn_03320,train
txn_05079,train
txn_03353,train
txn_06562,train
txn_09790,train
txn_06391,train
txn_04324,train
txn_00942,train
txn_00061,train
txn_03442,train
txn_01779,train
txn_00666,train
txn_04459,train
txn_05699,train
txn_05802,train
txn_08948,train
txn_08972,train
txn_00747,train
txn_07742,train
txn_04757,train
txn_05732,train
txn_03791,train
txn_02803,train
txn_06469,train
txn_01474,train
txn_08967,train
txn_07121,train
txn_03781,train
txn_08225,train
txn_08127,train
txn_04947,train
txn_07250,train
txn_07475,train
txn_07388,train
txn_00542,train
txn_06609,train
txn_02247,train
txn_04611,train
txn_01812,train
txn_03060,train
txn_04526,train
txn_07981,train
txn_06127,train
txn_03108,train
txn_05132,train
txn_03047,train
txn_00152,train
txn_09273,train
txn_09729,train
txn_01459,train
txn_06658,train
txn_00184,train
txn_00162,train
txn_07894,train
txn_05617,train
txn_06028,train
txn_08940,train
txn_05561,train
txn_00766,train
txn_01507,train
txn_02192,train
txn_03675,train
txn_02335,train
txn_07810,train
txn_00043,train
txn_09019,train
txn_05453,train
txn_04461,train
txn_02313,train
txn_08745,train
txn_08757,train
txn_00034,train
txn_05575,validation
txn_03467,validation
txn_09779,validation
txn_04462,validation
txn_06638,validation
txn_04477,validation
txn_07153,validation
txn_07737,validation
txn_00421,validation
txn_03394,validation
txn_09709,validation
txn_03380,validation
txn_09963,validation
txn_06760,validation
txn_02017,validation
txn_01334,validation
txn_00768,validation
txn_01414,validation
txn_03629,validation
txn_02413,validation
txn_07383,validation
txn_09080,validation
txn_03492,validation
txn_07060,validation
txn_06316,validation
txn_00140,validation
txn_04907,validation
txn_01496,validation
txn_03885,validation
txn_02974,validation
txn_04344,validation
txn_00362,validation
txn_03015,validation
txn_05971,validation
txn_07036,validation
txn_08531,validation
txn_05792,validation
txn_02544,validation
txn_03426,validation
txn_01195,validation
txn_00718,validation
txn_00563,validation
txn_09596,validation
txn_07023,validation
txn_06932,validation
txn_01368,validation
txn_07395,validation
txn_00931,validation
txn_07903,validation
txn_08403,validation
txn_02394,validation
txn_06671,validation
txn_07172,validation
txn_01705,validation
txn_02068,validation
txn_02108,validation
txn_08713,validation
txn_03218,validation
txn_05230,validation
txn_05553,validation
txn_08371,validation
txn_05940,validation
txn_03111,validation
txn_09392,validation
txn_02715,validation
txn_05373,validation
txn_09239,validation
txn_05731,validation
txn_03231,validation
txn_07875,validation
txn_02963,validation
txn_07258,validation
txn_02699,validation
txn_05316,validation
txn_03835,validation
txn_03198,validation
txn_03438,validation
txn_07137,validation
txn_08495,validation
txn_07169,validation
txn_00158,validation
txn_02841,validation
txn_09279,validation
txn_08619,validation
txn_09216,validation
txn_03645,validation
txn_00872,validation
txn_08561,validation
txn_09618,validation
txn_01764,validation
txn_03899,validation
txn_05291,validation
txn_09642,validation
txn_04315,validation
txn_00439,validation
txn_06296,validation
txn_08930,validation
txn_08761,validation
txn_06240,validation
txn_01148,validation
txn_09163,validation
txn_02898,validation
txn_03459,validation
txn_03588,validation
txn_02618,validation
txn_07366,validation
txn_01208,validation
txn_02014,validation
txn_04266,validation
txn_04137,validation
txn_02547,validation
txn_07073,validation
txn_06927,validation
txn_08555,validation
txn_00759,validation
txn_00022,validation
txn_08394,validation
txn_08185,validation
txn_05465,validation
txn_09639,validation
txn_08392,validation
txn_06761,validation
txn_03988,validation
txn_01269,validation
txn_01618,validation
txn_00682,validation
txn_03539,validation
txn_07722,validation
txn_01137,validation
txn_02768,validation
txn_00995,validation
txn_00292,validation
txn_00091,validation
txn_00438,validation
txn_09093,validation
txn_04306,validation
txn_06470,validation
txn_00510,validation
txn_03352,validation
txn_09876,validation
txn_05194,validation
txn_05934,validation
txn_02388,validation
txn_09575,validation
txn_09364,validation
txn_00774,validation
txn_03521,validation
txn_02140,validation
txn_03452,validation
txn_00505,validation
txn_04636,validation
txn_08043,validation
txn_05480,validation
txn_02966,validation
txn_04148,validation
txn_04363,validation
txn_00273,validation
txn_07557,validation
txn_01397,validation
txn_03801,validation
txn_09322,validation
txn_04041,validation
txn_07831,validation
txn_00430,validation
txn_08523,validation
txn_05250,validation
txn_01881,validation
txn_08032,validation
txn_04048,validation
txn_05434,validation
txn_03460,validation
txn_06138,validation
txn_05223,validation
txn_03237,validation
txn_00219,validation
txn_06634,validation
txn_08703,validation
txn_06928,validation
txn_00287,validation
txn_05385,validation
txn_07637,validation
txn_03616,validation
txn_02125,validation
txn_03845,validation
txn_06694,validation
txn_05015,validation
txn_08880,validation
txn_03092,validation
txn_02418,validation
txn_05218,validation
txn_02790,validation
txn_04748,validation
txn_09718,validation
txn_06427,validation
txn_00126,validation
txn_02678,validation
txn_06265,validation
txn_03698,validation
txn_04131,validation
txn_01429,validation
txn_02499,validation
txn_09052,validation
txn_03417,validation
txn_04161,validation
txn_04123,validation
txn_08090,validation
txn_06103,validation
txn_09215,validation
txn_03514,validation
txn_08520,validation
txn_01600,validation
txn_01783,validation
txn_03365,validation
txn_09025,validation
txn_03854,validation
txn_06571,validation
txn_03537,validation
txn_02601,validation
txn_06076,validation
txn_02946,validation
txn_04385,validation
txn_04718,validation
txn_07955,validation
txn_00422,validation
txn_00293,validation
txn_07265,validation
txn_02753,validation
txn_01267,validation
txn_02823,validation
txn_05582,validation
txn_03180,validation
txn_09827,validation
txn_07895,validation
txn_05714,validation
txn_00491,validation
txn_06682,validation
txn_02347,validation
txn_08740,validation
txn_00186,validation
txn_06093,validation
txn_03072,validation
txn_02476,validation
txn_06191,validation
txn_02858,validation
txn_00519,validation
txn_08116,validation
txn_09254,validation
txn_04689,validation
txn_09268,validation
txn_03535,validation
txn_00895,validation
txn_07501,validation
txn_09069,validation
txn_05325,validation
txn_00005,validation
txn_02825,validation
txn_03311,validation
txn_01763,validation
txn_02861,validation
txn_09303,validation
txn_05400,validation
txn_09118,validation
txn_04175,validation
txn_09568,validation
txn_06225,validation
txn_04255,validation
txn_05407,validation
txn_02863,validation
txn_02969,validation
txn_09722,validation
txn_04478,validation
txn_02331,validation
txn_01977,validation
txn_09690,validation
txn_07788,validation
txn_05457,validation
txn_04672,validation
txn_03737,validation
txn_02266,validation
txn_02656,validation
txn_02507,validation
txn_01344,validation
txn_01455,validation
txn_01226,validation
txn_06341,validation
txn_08765,validation
txn_07837,validation
txn_01568,validation
txn_02251,validation
txn_05891,validation
txn_06589,validation
txn_08730,validation
txn_00386,validation
txn_04677,validation
txn_09264,validation
txn_04068,validation
txn_03372,validation
txn_08059,validation
txn_06905,validation
txn_07548,validation
txn_00992,validation
txn_02443,validation
txn_06338,validation
txn_01704,validation
txn_08478,validation
txn_08751,validation
txn_08473,validation
txn_02906,validation
txn_01835,validation
txn_04867,validation
txn_09128,validation
txn_09519,validation
txn_02470,validation
txn_04170,validation
txn_02831,validation
txn_01216,validation
txn_01087,validation
txn_06149,validation
txn_09823,validation
txn_00474,validation
txn_08243,validation
txn_02612,validation
txn_02429,validation
txn_06257,validation
txn_08826,validation
txn_02307,validation
txn_09650,validation
txn_02127,validation
txn_00757,validation
txn_06289,validation
txn_07194,validation
txn_02690,validation
txn_05358,validation
txn_07789,validation
txn_05173,validation
txn_05295,validation
txn_04474,validation
txn_07332,validation
txn_00551,validation
txn_06136,validation
txn_01784,validation
txn_01833,validation
txn_06424,validation
txn_04778,validation
txn_06492,validation
txn_00455,validation
txn_05488,validation
txn_05932,validation
txn_02371,validation
txn_06284,validation
txn_09531,validation
txn_09030,validation
txn_07939,validation
txn_07661,validation
txn_04416,validation
txn_07050,validation
txn_07998,validation
txn_01604,validation
txn_03949,validation
txn_01929,validation
txn_07780,validation
txn_06560,validation
txn_01245,validation
txn_05669,validation
txn_05927,validation
txn_09772,validation
txn_05097,validation
txn_02613,validation
txn_09707,validation
txn_08085,validation
txn_09792,validation
txn_07454,validation
txn_03770,validation
txn_02730,validation
txn_05574,validation
txn_05196,validation
txn_05179,validation
txn_04224,validation
txn_03358,validation
txn_08603,validation
txn_09036,validation
txn_09250,validation
txn_01111,validation
txn_02242,validation
txn_01690,validation
txn_05370,validation
txn_07588,validation
txn_06335,validation
txn_02363,validation
txn_03191,validation
txn_00830,validation
txn_04165,validation
txn_03619,validation
txn_08046,validation
txn_06924,validation
txn_09133,validation
txn_09445,validation
txn_09299,validation
txn_01407,validation
txn_03641,validation
txn_02497,validation
txn_05119,validation
txn_09107,validation
txn_09046,validation
txn_01964,validation
txn_05414,validation
txn_01386,validation
txn_07016,validation
txn_05036,validation
txn_08359,validation
txn_00356,validation
txn_01889,validation
txn_06544,validation
txn_01356,validation
txn_00335,validation
txn_03270,validation
txn_05406,validation
txn_05648,validation
txn_04434,validation
txn_03850,validation
txn_00291,validation
txn_01865,validation
txn_02869,validation
txn_09835,validation
txn_09161,validation
txn_08968,validation
txn_08672,validation
txn_07029,validation
txn_05212,validation
txn_04647,validation
txn_01886,validation
txn_00915,validation
txn_00346,validation
txn_05783,validation
txn_06415,validation
txn_04028,validation
txn_04208,validation
txn_04393,validation
txn_06287,validation
txn_08858,validation
txn_00501,validation
txn_02766,validation
txn_02719,validation
txn_03391,validation
txn_01374,validation
txn_09413,validation
txn_07138,validation
txn_04983,validation
txn_06775,validation
txn_06329,validation
txn_03839,validation
txn_02585,validation
txn_06407,validation
txn_09203,validation
txn_07513,validation
txn_07488,validation
txn_01051,validation
txn_01840,validation
txn_00256,validation
txn_02516,validation
txn_01800,validation
txn_08990,validation
txn_01412,validation
txn_09023,validation
txn_03274,validation
txn_01035,validation
txn_07375,validation
txn_08062,validation
txn_00063,validation
txn_04498,validation
txn_07207,validation
txn_00309,validation
txn_09210,validation
txn_04849,validation
txn_06251,validation
txn_03150,validation
txn_09311,validation
txn_05848,validation
txn_07881,validation
txn_08092,validation
txn_06574,validation
txn_08312,validation
txn_04501,validation
txn_08538,validation
txn_05388,validation
txn_02600,validation
txn_05463,validation
txn_05578,validation
txn_03209,validation
txn_04130,validation
txn_05310,validation
txn_03902,validation
txn_00712,validation
txn_04930,validation
txn_05983,validation
txn_02196,validation
txn_06106,validation
txn_04045,validation
txn_04460,validation
txn_00299,validation
txn_02435,validation
txn_03337,validation
txn_00988,validation
txn_00343,validation
txn_05225,validation
txn_03658,validation
txn_02203,validation
txn_08852,validation
txn_02375,validation
txn_08470,validation
txn_04316,validation
txn_06056,validation
txn_02765,validation
txn_05486,validation
txn_01385,validation
txn_05485,validation
txn_02664,validation
txn_04674,validation
txn_02594,validation
txn_07317,validation
txn_08896,validation
txn_03099,validation
txn_06687,validation
txn_07478,validation
txn_03076,validation
txn_03927,validation
txn_02467,validation
txn_06767,validation
txn_09742,validation
txn_07771,validation
txn_02707,validation
txn_03486,validation
txn_05484,validation
txn_04193,validation
txn_05554,validation
txn_03594,validation
txn_03200,validation
txn_03943,validation
txn_09666,validation
txn_00404,validation
txn_03029,validation
txn_08516,validation
txn_07118,validation
txn_06281,validation
txn_06901,validation
txn_00427,validation
txn_02002,validation
txn_00058,validation
txn_05498,validation
txn_07760,validation
txn_05667,validation
txn_02757,validation
txn_04261,validation
txn_01445,validation
txn_08488,validation
txn_04285,validation
txn_03508,validation
txn_02265,validation
txn_08481,validation
txn_07700,validation
txn_08897,validation
txn_05433,validation
txn_03717,validation
txn_03575,validation
txn_01630,validation
txn_02082,validation
txn_00383,validation
txn_09804,validation
txn_09453,validation
txn_03182,validation
txn_00318,validation
txn_07347,validation
txn_08540,validation
txn_02780,validation
txn_05704,validation
txn_03420,validation
txn_07640,validation
txn_03063,validation
txn_04006,validation
txn_08519,validation
txn_09669,validation
txn_00568,validation
txn_07564,validation
txn_02777,validation
txn_00740,validation
txn_01771,validation
txn_01038,validation
txn_05949,validation
txn_01981,validation
txn_05694,validation
txn_05177,validation
txn_09983,validation
txn_00958,validation
txn_06398,validation
txn_07403,validation
txn_07753,validation
txn_02736,validation
txn_00056,validation
txn_03861,validation
txn_08174,validation
txn_05847,validation
txn_01420,validation
txn_00388,validation
txn_08759,validation
txn_03689,validation
txn_02320,validation
txn_01162,validation
txn_01674,validation
txn_04798,validation
txn_06431,validation
txn_05587,validation
txn_05020,validation
txn_02449,validation
txn_01994,validation
txn_01085,validation
txn_07554,validation
txn_02927,validation
txn_06697,validation
txn_02101,validation
txn_02319,validation
txn_05472,validation
txn_09100,validation
txn_07965,validation
txn_03650,validation
txn_01415,validation
txn_04484,validation
txn_02312,validation
txn_06973,validation
txn_09969,validation
txn_07272,validation
txn_04196,validation
txn_01957,validation
txn_07484,validation
txn_00469,validation
txn_02390,validation
txn_00986,validation
txn_05491,validation
txn_01702,validation
txn_03068,validation
txn_01403,validation
txn_00060,validation
txn_03002,validation
txn_02148,validation
txn_02165,validation
txn_05808,validation
txn_05100,validation
txn_02105,validation
txn_07522,validation
txn_05248,validation
txn_08120,validation
txn_00987,validation
txn_01998,validation
txn_07980,validation
txn_09646,validation
txn_06173,validation
txn_05663,validation
txn_08438,validation
txn_09802,validation
txn_02345,validation
txn_00842,validation
txn_02550,validation
txn_01716,validation
txn_00203,validation
txn_04288,validation
txn_05467,validation
txn_05662,validation
txn_08154,validation
txn_07683,validation
txn_07020,validation
txn_07155,validation
txn_00709,validation
txn_05604,validation
txn_08581,validation
txn_05423,validation
txn_02137,validation
txn_02156,validation
txn_03289,validation
txn_06242,validation
txn_00536,validation
txn_03197,validation
txn_09376,validation
txn_02225,validation
txn_02254,validation
txn_09222,validation
txn_04103,validation
txn_06867,validation
txn_08044,validation
txn_09704,validation
txn_06159,validation
txn_02705,validation
txn_00085,validation
txn_06681,validation
txn_01173,validation
txn_04207,validation
txn_07979,validation
txn_05682,validation
txn_03970,validation
txn_02727,validation
txn_05396,validation
txn_07426,validation
txn_09685,validation
txn_06992,validation
txn_08633,validation
txn_00504,validation
txn_06550,validation
txn_00758,validation
txn_07790,validation
txn_08202,validation
txn_03875,validation
txn_03000,validation
txn_00270,validation
txn_04217,validation
txn_04433,validation
txn_04861,validation
txn_06633,validation
txn_01262,validation
txn_08504,validation
txn_06716,validation
txn_09142,validation
txn_03457,validation
txn_00726,validation
txn_01324,validation
txn_02033,validation
txn_04184,validation
txn_09189,validation
txn_01754,validation
txn_00993,validation
txn_09464,validation
txn_06502,validation
txn_02299,validation
txn_05143,validation
txn_01887,validation
txn_07309,validation
txn_07070,validation
txn_00864,validation
txn_08071,validation
txn_09257,validation
txn_09822,validation
txn_05082,validation
txn_08355,validation
txn_05149,validation
txn_00092,validation
txn_08148,validation
txn_05720,validation
txn_06077,validation
txn_05700,validation
txn_03122,validation
txn_06246,validation
txn_09489,validation
txn_01183,validation
txn_05850,validation
txn_02256,validation
txn_01570,validation
txn_00451,validation
txn_04896,validation
txn_04931,validation
txn_05134,validation
txn_04082,validation
txn_00347,validation
txn_09394,validation
txn_05022,validation
txn_03490,validation
txn_05473,validation
txn_07325,validation
txn_05217,validation
txn_07435,validation
txn_08421,validation
txn_07440,validation
txn_03359,validation
txn_02352,validation
txn_00880,validation
txn_04610,validation
txn_06057,validation
txn_05351,validation
txn_06237,validation
txn_06817,validation
txn_01508,validation
txn_05605,validation
txn_09129,validation
txn_09768,validation
txn_05840,validation
txn_04119,validation
txn_05001,validation
txn_01906,validation
txn_03217,validation
txn_05227,validation
txn_08742,validation
txn_08235,validation
txn_05942,validation
txn_05431,validation
txn_01118,validation
txn_06454,validation
txn_06485,validation
txn_03804,validation
txn_02641,validation
txn_08267,validation
txn_04574,validation
txn_09881,validation
txn_02334,validation
txn_01506,validation
txn_01142,validation
txn_03738,validation
txn_03253,validation
txn_04156,validation
txn_09724,validation
txn_09547,validation
txn_02176,validation
txn_05832,validation
txn_08783,validation
txn_09947,validation
txn_01123,validation
txn_00664,validation
txn_09105,validation
txn_02886,validation
txn_03944,validation
txn_06026,validation
txn_01281,validation
txn_07584,validation
txn_03676,validation
txn_04914,validation
txn_03299,validation
txn_05874,validation
txn_09004,validation
txn_05800,validation
txn_01678,validation
txn_07535,validation
txn_07648,validation
txn_00636,validation
txn_00896,validation
txn_03742,validation
txn_02772,validation
txn_07151,validation
txn_02760,validation
txn_08412,validation
txn_03706,validation
txn_07227,validation
txn_06022,validation
txn_00195,validation
txn_05556,validation
txn_06167,validation
txn_00457,validation
txn_09713,validation
txn_06643,validation
txn_05235,validation
txn_09213,validation
txn_09498,validation
txn_08542,validation
txn_00048,validation
txn_04990,validation
txn_05599,validation
txn_07129,validation
txn_00665,validation
txn_05609,validation
txn_03819,validation
txn_05154,validation
txn_06823,validation
txn_04631,validation
txn_06276,validation
txn_01757,validation
txn_09185,validation
txn_01877,validation
txn_02036,validation
txn_09631,validation
txn_09221,validation
txn_04154,validation
txn_07720,validation
txn_09345,validation
txn_07688,validation
txn_05589,validation
txn_09258,validation
txn_01321,validation
txn_03860,validation
txn_03837,validation
txn_00468,validation
txn_00033,validation
txn_03882,validation
txn_00435,validation
txn_04310,validation
txn_09062,validation
txn_07173,validation
txn_00631,validation
txn_04134,validation
txn_09525,validation
txn_00134,validation
txn_09068,validation
txn_08756,validation
txn_05710,validation
txn_03699,validation
txn_02993,validation
txn_08079,validation
txn_09393,validation
txn_08240,validation
txn_08253,validation
txn_00517,validation
txn_05063,validation
txn_02434,validation
txn_07065,validation
txn_00627,validation
txn_08288,validation
txn_03397,validation
txn_01178,validation
txn_09155,validation
txn_01185,validation
txn_03808,validation
txn_04489,validation
txn_06402,validation
txn_06913,validation
txn_01850,validation
txn_04723,validation
txn_03436,validation
txn_03547,validation
txn_04330,validation
txn_01983,validation
txn_07039,validation
txn_08255,validation
txn_05770,validation
txn_08391,validation
txn_02096,validation
txn_09632,validation
txn_03156,validation
txn_07778,validation
txn_09458,validation
txn_05964,validation
txn_00748,validation
txn_02306,validation
txn_02040,validation
txn_09954,validation
txn_04153,validation
txn_04499,validation
txn_04505,validation
txn_05190,validation
txn_09840,validation
txn_04855,validation
txn_05632,validation
txn_01642,validation
txn_04702,validation
txn_07550,validation
txn_03557,validation
txn_04644,validation
txn_06409,validation
txn_02492,validation
txn_07476,validation
txn_06264,validation
txn_05544,validation
txn_00279,validation
txn_09335,validation
txn_04102,validation
txn_09655,validation
txn_06608,validation
txn_01556,validation
txn_08258,validation
txn_06938,validation
txn_07835,validation
txn_00499,validation
txn_00611,validation
txn_05055,validation
txn_01689,validation
txn_03386,validation
txn_05229,validation
txn_05331,validation
txn_04095,validation
txn_07988,validation
txn_03293,validation
txn_04318,validation
txn_00283,validation
txn_09839,validation
txn_05427,validation
txn_09252,validation
txn_05011,validation
txn_03504,validation
txn_03630,validation
txn_07813,validation
txn_05305,validation
txn_08323,validation
txn_08723,validation
txn_00962,validation
txn_07824,validation
txn_08850,validation
txn_09307,validation
txn_02692,validation
txn_00662,validation
txn_01243,validation
txn_05046,validation
txn_03720,validation
txn_00779,validation
txn_02792,validation
txn_01867,validation
txn_06548,validation
txn_03285,validation
txn_09838,validation
txn_00594,validation
txn_09720,validation
txn_01519,validation
txn_00423,validation
txn_05461,validation
txn_03324,validation
txn_00680,validation
txn_09356,validation
txn_04035,validation
txn_01617,validation
txn_06189,validation
txn_00833,validation
txn_05060,validation
txn_06315,validation
txn_04256,validation
txn_02896,validation
txn_02723,validation
txn_00370,validation
txn_05869,validation
txn_09908,validation
txn_04527,validation
txn_01851,validation
txn_01126,validation
txn_04710,validation
txn_02445,validation
txn_03917,validation
txn_09352,validation
txn_06123,validation
txn_04164,validation
txn_08472,validation
txn_02512,validation
txn_01719,validation
txn_03873,validation
txn_08705,validation
txn_08378,validation
txn_09672,validation
txn_07009,validation
txn_08574,validation
txn_03412,validation
txn_03842,validation
txn_06575,validation
txn_08884,validation
txn_00836,validation
txn_09801,validation
txn_01948,validation
txn_01597,validation
txn_02442,validation
txn_07261,validation
txn_04205,validation
txn_00235,validation
txn_06247,validation
txn_00968,validation
txn_08107,validation
txn_07909,validation
txn_08807,validation
txn_04903,validation
txn_07591,validation
txn_09957,validation
txn_03833,validation
txn_03101,validation
txn_04883,validation
txn_01165,validation
txn_05695,validation
txn_02652,validation
txn_00520,validation
txn_03655,validation
txn_04074,validation
txn_05395,validation
txn_01749,validation
txn_07467,validation
txn_01920,validation
txn_03062,validation
txn_07949,validation
txn_08691,validation
txn_09997,validation
txn_09694,validation
txn_03574,validation
txn_06645,validation
txn_02046,validation
txn_03910,validation
txn_03451,validation
txn_02333,validation
txn_07077,validation
txn_05977,validation
txn_00200,validation
txn_03433,validation
txn_00930,validation
txn_03736,validation
txn_09933,validation
txn_03532,validation
txn_03841,validation
txn_03767,validation
txn_00477,validation
txn_00434,validation
txn_00340,validation
txn_07201,validation
txn_03919,validation
txn_09590,validation
txn_03926,validation
txn_01184,validation
txn_06202,validation
txn_03551,validation
txn_05615,validation
txn_04125,validation
txn_01652,validation
txn_00216,validation
txn_08683,validation
txn_01925,validation
txn_07040,validation
txn_05886,validation
txn_02100,validation
txn_03509,validation
txn_03903,validation
txn_08297,validation
txn_00111,validation
txn_00057,validation
txn_00523,validation
txn_08407,validation
txn_04136,validation
txn_08704,validation
txn_03470,validation
txn_09800,validation
txn_03071,validation
txn_08366,validation
txn_00704,validation
txn_09261,validation
txn_06261,validation
txn_05056,validation
txn_05116,validation
txn_04476,validation
txn_01221,validation
txn_01009,validation
txn_08187,validation
txn_06554,validation
txn_05013,validation
txn_03173,validation
txn_07497,validation
txn_06975,validation
txn_05916,validation
txn_02391,validation
txn_01776,validation
txn_09190,validation
txn_01946,validation
txn_00339,validation
txn_00440,validation
txn_03941,validation
txn_04146,validation
txn_01628,validation
txn_01761,validation
txn_09347,validation
txn_04833,validation
txn_06579,validation
txn_04572,validation
txn_03496,validation
txn_08983,validation
txn_09211,validation
txn_08960,validation
txn_08544,validation
txn_02188,validation
txn_06856,validation
txn_00119,validation
txn_09305,validation
txn_04361,validation
txn_07920,validation
txn_09798,validation
txn_05380,validation
txn_05124,validation
txn_05910,validation
txn_02432,validation
txn_07614,validation
txn_00812,validation
txn_04152,validation
txn_00630,validation
txn_01905,validation
txn_03922,validation
txn_08749,validation
txn_08955,validation
txn_01545,validation
txn_09022,validation
txn_09241,validation
txn_04019,validation
txn_00390,validation
txn_04309,validation
txn_09074,validation
txn_01650,validation
txn_06669,validation
txn_09831,validation
txn_04652,validation
txn_07546,validation
txn_07061,validation
txn_03347,validation
txn_09958,validation
txn_01891,validation
txn_08928,validation
txn_07585,validation
txn_04354,validation
txn_03387,validation
txn_01792,validation
txn_07463,validation
txn_00559,validation
txn_04625,validation
txn_01621,validation
txn_01199,validation
txn_01078,validation
txn_09131,validation
txn_03760,validation
txn_02902,validation
txn_07024,validation
txn_04483,validation
txn_06220,validation
txn_05019,validation
txn_01944,validation
txn_05320,validation
txn_09708,validation
txn_09060,validation
txn_00102,validation
txn_06331,validation
txn_05689,validation
txn_04929,validation
txn_04277,validation
txn_03795,validation
txn_03011,validation
txn_09125,validation
txn_01714,validation
txn_00233,validation
txn_07384,validation
txn_03210,validation
txn_09757,validation
txn_02484,validation
txn_08130,validation
txn_09421,validation
txn_01282,validation
txn_08711,validation
txn_04513,validation
txn_04726,validation
txn_06351,validation
txn_05343,validation
txn_00549,validation
txn_03787,validation
txn_00050,validation
txn_03945,validation
txn_05219,validation
txn_02395,validation
txn_09467,validation
txn_01949,validation
txn_09140,validation
txn_04372,validation
txn_08575,validation
txn_00652,validation
txn_09008,validation
txn_09955,validation
txn_06552,validation
txn_06999,validation
txn_02491,validation
txn_08237,validation
txn_02339,validation
txn_08067,validation
txn_00009,validation
txn_02166,validation
txn_06330,validation
txn_07055,validation
txn_00711,validation
txn_09991,validation
txn_06831,validation
txn_07299,validation
txn_00337,validation
txn_02714,validation
txn_08971,validation
txn_09689,validation
txn_04377,validation
txn_08709,validation
txn_05301,validation
txn_04063,validation
txn_07542,validation
txn_09166,validation
txn_03772,validation
txn_04482,validation
txn_04897,validation
txn_04252,validation
txn_05793,validation
txn_05997,validation
txn_05168,validation
txn_05083,validation
txn_02115,validation
txn_01002,validation
txn_06763,validation
txn_05814,validation
txn_06855,validation
txn_08151,validation
txn_07798,validation
txn_07839,validation
txn_02505,validation
txn_07935,validation
txn_09803,validation
txn_02060,validation
txn_02154,validation
txn_05735,validation
txn_03831,validation
txn_09743,validation
txn_09867,validation
txn_02933,validation
txn_02570,validation
txn_05042,validation
txn_02987,validation
txn_01717,validation
txn_08895,validation
txn_04381,validation
txn_06922,validation
txn_02186,validation
txn_00066,validation
txn_08582,validation
txn_05625,validation
txn_04052,validation
txn_04162,validation
txn_08747,validation
txn_09416,validation
txn_06732,validation
txn_04287,validation
txn_09695,validation
txn_05284,validation
txn_05278,validation
txn_05330,validation
txn_06717,validation
txn_09805,validation
txn_08364,validation
txn_03805,validation
txn_04653,validation
txn_01619,validation
txn_08994,validation
txn_01839,validation
txn_06735,validation
txn_00014,validation
txn_03855,validation
txn_04420,validation
txn_09762,validation
txn_04092,validation
txn_09692,validation
txn_02072,validation
txn_09563,validation
txn_02264,validation
txn_07860,validation
txn_04418,validation
txn_00756,validation
txn_00128,validation
txn_03367,validation
txn_07600,validation
txn_07732,validation
txn_06821,validation
txn_04623,validation
txn_00304,validation
txn_05117,validation
txn_01136,validation
txn_02230,validation
txn_01862,validation
txn_06113,validation
txn_00230,validation
txn_00317,validation
txn_03219,validation
txn_06696,validation
txn_01912,validation
txn_08318,validation
txn_02633,validation
txn_01096,validation
txn_04568,validation
txn_03661,validation
txn_05725,validation
txn_00908,validation
txn_07828,validation
txn_06451,validation
txn_04376,validation
txn_07698,validation
txn_04624,validation
txn_01611,validation
txn_01233,validation
txn_03410,validation
txn_03731,validation
txn_06170,validation
txn_06877,validation
txn_06981,validation
txn_03914,validation
txn_01272,validation
txn_01503,validation
txn_07601,validation
txn_00980,validation
txn_02796,validation
txn_00893,validation
txn_03950,validation
txn_09021,validation
txn_07870,validation
txn_03567,validation
txn_02944,validation
txn_01355,validation
txn_02490,validation
txn_09374,validation
txn_08647,validation
txn_05258,validation
txn_01825,validation
txn_04360,validation
txn_03592,validation
txn_02173,validation
txn_03348,validation
txn_01361,validation
txn_01864,validation
txn_09514,validation
txn_03642,validation
txn_04596,validation
txn_00910,validation
txn_01486,validation
txn_07474,validation
txn_07867,validation
txn_03464,validation
txn_06352,validation
txn_01953,validation
txn_06080,validation
txn_05257,validation
txn_09113,validation
txn_06274,validation
txn_00179,validation
txn_03447,validation
txn_08192,validation
txn_03995,validation
txn_00905,validation
txn_05759,validation
txn_09321,validation
txn_09247,validation
txn_05801,validation
txn_07116,validation
txn_04793,validation
txn_02836,validation
txn_01548,validation
txn_02406,validation
txn_04830,validation
txn_07890,validation
txn_08460,validation
txn_01223,validation
txn_06655,validation
txn_05893,validation
txn_05226,validation
txn_03419,validation
txn_01465,validation
txn_08572,validation
txn_00957,validation
txn_09229,validation
txn_03379,validation
txn_06292,validation
txn_02625,validation
txn_03544,validation
txn_04314,validation
txn_04276,validation
txn_04249,validation
txn_02710,validation
txn_06346,validation
txn_02195,validation
txn_09874,validation
txn_08591,validation
txn_02223,validation
txn_05864,validation
txn_06030,validation
txn_00511,validation
txn_09117,validation
txn_04705,validation
txn_04272,validation
txn_07818,validation
txn_01667,validation
txn_09150,validation
txn_03843,validation
txn_09691,validation
txn_03758,validation
txn_09910,validation
txn_09387,validation
txn_02160,validation
txn_03502,validation
txn_01844,validation
txn_03498,validation
txn_08180,validation
txn_05413,validation
txn_03548,validation
txn_03749,validation
txn_07514,validation
txn_03009,validation
txn_06852,validation
txn_07168,validation
txn_08325,validation
txn_07174,validation
txn_03477,validation
txn_06898,validation
txn_06085,validation
txn_09054,validation
txn_08553,validation
txn_05130,validation
txn_04093,validation
txn_05885,validation
txn_03377,validation
txn_04234,validation
txn_07849,validation
txn_00479,validation
txn_09640,validation
txn_05122,validation
txn_05213,validation
txn_02364,validation
txn_03876,validation
txn_04910,validation
txn_00814,validation
txn_02407,validation
txn_05041,validation
txn_08600,validation
txn_01661,validation
txn_04781,validation
txn_01762,validation
txn_02237,validation
txn_01063,test
txn_08214,test
txn_05884,test
txn_09614,test
txn_06250,test
txn_01228,test
txn_08812,test
txn_02185,test
txn_04110,test
txn_07124,test
txn_09818,test
txn_04783,test
txn_03043,test
txn_00960,test
txn_05337,test
txn_09664,test
txn_01729,test
txn_01582,test
txn_04307,test
txn_02055,test
txn_05909,test
txn_06532,test
txn_02746,test
txn_02147,test
txn_05600,test
txn_04869,test
txn_04150,test
txn_00196,test
txn_09737,test
txn_06070,test
txn_04322,test
txn_06724,test
txn_03634,test
txn_01807,test
txn_08246,test
txn_01367,test
txn_08065,test
txn_02712,test
txn_09781,test
txn_09717,test
txn_00552,test
txn_02534,test
txn_01475,test
txn_08346,test
txn_02725,test
txn_01645,test
txn_05594,test
txn_02500,test
txn_04566,test
txn_05039,test
txn_00514,test
txn_03906,test
txn_03166,test
txn_08038,test
txn_03687,test
txn_08903,test
txn_09437,test
txn_00221,test
txn_09905,test
txn_03707,test
txn_00001,test
txn_08767,test
txn_00053,test
txn_07464,test
txn_02498,test
txn_09570,test
txn_05999,test
txn_06252,test
txn_06704,test
txn_08986,test
txn_06585,test
txn_08354,test
txn_00645,test
txn_06002,test
txn_09373,test
txn_09343,test
txn_00721,test
txn_08455,test
txn_01124,test
txn_09667,test
txn_06749,test
txn_02411,test
txn_05210,test
txn_05073,test
txn_03010,test
txn_06418,test
txn_00406,test
txn_06142,test
txn_06476,test
txn_01240,test
txn_07520,test
txn_06871,test
txn_04745,test
txn_05622,test
txn_01027,test
txn_06693,test
txn_09630,test
txn_00031,test
txn_06003,test
txn_01664,test
txn_04964,test
txn_03505,test
txn_07243,test
txn_07417,test
txn_09700,test
txn_01549,test
txn_01487,test
txn_05546,test
txn_05798,test
txn_07018,test
txn_00653,test
txn_01697,test
txn_09145,test
txn_09212,test
txn_03093,test
txn_09459,test
txn_01904,test
txn_04588,test
txn_03449,test
txn_02610,test
txn_03360,test
txn_04533,test
txn_04128,test
txn_01789,test
txn_05464,test
txn_00487,test
txn_03640,test
txn_01074,test
txn_06976,test
txn_05007,test
txn_09918,test
txn_00624,test
txn_02460,test
txn_03081,test
txn_06322,test
txn_03523,test
txn_07706,test
txn_05366,test
txn_04541,test
txn_05367,test
txn_00272,test
txn_06699,test
txn_00003,test
txn_08463,test
txn_03685,test
txn_04635,test
txn_02738,test
txn_05432,test
txn_05031,test
txn_03605,test
txn_05560,test
txn_09871,test
txn_00011,test
txn_05215,test
txn_09275,test
txn_06125,test
txn_08334,test
txn_00182,test
txn_08909,test
txn_08710,test
txn_04445,test
txn_05741,test
txn_03168,test
txn_05863,test
txn_08159,test
txn_05281,test
txn_02114,test
txn_00972,test
txn_03966,test
txn_07913,test
txn_01917,test
txn_04036,test
txn_06460,test
txn_06197,test
txn_01892,test
txn_08283,test
txn_00097,test
txn_08786,test
txn_09026,test
txn_05425,test
txn_04228,test
txn_09177,test
txn_08576,test
txn_04390,test
txn_05979,test
txn_04453,test
txn_01710,test
txn_02399,test
txn_05061,test
txn_06705,test
txn_02057,test
txn_09914,test
txn_05534,test
txn_09438,test
txn_06741,test
txn_02485,test
txn_00687,test
txn_09196,test
txn_01683,test
txn_03834,test
txn_02322,test
txn_06288,test
txn_07978,test
txn_09940,test
txn_06018,test
txn_01725,test
txn_08388,test
txn_09473,test
txn_09594,test
txn_08234,test
txn_07856,test
txn_06865,test
txn_03682,test
txn_04823,test
txn_02341,test
txn_00705,test
txn_09231,test
txn_01658,test
txn_05677,test
txn_04814,test
txn_09787,test
txn_04216,test
txn_06521,test
txn_09817,test
txn_02346,test
txn_06367,test
txn_01896,test
txn_07995,test
txn_07182,test
txn_07442,test
txn_03225,test
txn_00803,test
txn_05980,test
txn_01449,test
txn_08041,test
txn_02661,test
txn_06601,test
txn_08610,test
txn_09109,test
txn_04744,test
txn_00470,test
txn_00647,test
txn_04822,test
txn_06594,test
txn_08352,test
txn_08199,test
txn_05094,test
txn_03664,test
txn_07794,test
txn_09029,test
txn_00135,test
txn_02023,test
txn_07904,test
txn_05985,test
txn_08104,test
txn_00918,test
txn_07209,test
txn_02877,test
txn_05736,test
txn_04437,test
txn_08385,test
txn_02524,test
txn_06308,test
txn_00334,test
txn_06812,test
txn_00108,test
txn_03065,test
txn_07622,test
txn_07806,test
txn_06912,test
txn_03170,test
txn_09623,test
txn_04105,test
txn_07161,test
txn_04800,test
txn_03666,test
txn_04268,test
txn_09862,test
txn_06572,test
txn_06160,test
txn_05970,test
txn_01135,test
txn_09516,test
txn_09934,test
txn_04005,test
txn_01287,test
txn_08624,test
txn_09829,test
txn_00431,test
txn_01593,test
txn_04064,test
txn_01791,test
txn_02531,test
txn_02971,test
txn_08668,test
txn_00223,test
txn_00638,test
txn_09383,test
txn_00077,test
txn_00593,test
txn_06234,test
txn_00565,test
txn_02374,test
txn_04398,test
txn_03058,test
txn_02748,test
txn_05138,test
txn_00576,test
txn_09067,test
txn_05246,test
txn_02249,test
txn_07510,test
txn_06628,test
txn_09382,test
txn_04971,test
txn_02324,test
txn_04996,test
txn_00208,test
txn_08594,test
txn_06522,test
txn_03463,test
txn_04077,test
txn_00083,test
txn_01536,test
txn_03665,test
txn_02268,test
txn_08007,test
txn_08222,test
txn_03276,test
txn_06881,test
txn_07485,test
txn_05345,test
txn_00342,test
txn_04147,test
txn_02701,test
txn_06908,test
txn_07078,test
txn_01217,test
txn_05174,test
txn_03755,test
txn_07506,test
txn_08921,test
txn_00971,test
txn_05236,test
txn_03082,test
txn_06110,test
txn_01225,test
txn_00129,test
txn_09723,test
txn_01623,test
txn_02920,test
txn_09524,test
txn_02045,test
txn_01878,test
txn_07524,test
txn_06087,test
txn_05208,test
txn_01958,test
txn_03867,test
txn_07933,test
txn_05812,test
txn_01010,test
txn_01294,test
txn_07917,test
txn_05854,test
txn_02271,test
txn_05950,test
txn_06297,test
txn_02262,test
txn_07606,test
txn_03809,test
txn_02735,test
txn_07745,test
txn_02473,test
txn_00751,test
txn_05494,test
txn_02183,test
txn_08681,test
txn_04449,test
txn_08450,test
txn_01733,test
txn_09588,test
txn_04159,test
txn_07852,test
txn_03282,test
txn_06046,test
txn_02236,test
txn_04203,test
txn_03023,test
txn_02697,test
txn_01293,test
txn_08157,test
txn_02789,test
txn_05327,test
txn_07946,test
txn_01802,test
txn_04924,test
txn_04548,test
txn_01634,test
txn_05959,test
txn_04378,test
txn_02978,test
txn_02209,test
txn_00008,test
txn_03138,test
txn_02873,test
txn_04026,test
txn_00540,test
txn_02161,test
txn_08814,test
txn_09404,test
txn_02110,test
txn_00716,test
txn_08447,test
txn_05191,test
txn_09601,test
txn_08502,test
txn_05996,test
txn_00363,test
txn_01003,test
txn_03036,test
txn_08543,test
txn_08981,test
txn_09979,test
txn_00217,test
txn_06223,test
txn_05796,test
txn_04374,test
txn_01631,test
txn_01871,test
txn_01082,test
txn_08952,test
txn_00816,test
txn_07691,test
txn_07123,test
txn_06851,test
txn_00378,test
txn_01477,test
txn_00310,test
txn_08341,test
txn_09535,test
txn_08115,test
txn_04139,test
txn_05781,test
txn_07431,test
txn_05676,test
txn_02021,test
txn_08058,test
txn_05990,test
txn_07668,test
txn_00775,test
txn_05809,test
txn_04293,test
txn_02329,test
txn_03024,test
txn_07905,test
txn_02989,test
txn_05702,test
txn_08708,test
txn_01847,test
txn_01088,test
txn_08055,test
txn_09195,test
txn_02252,test
txn_07953,test
txn_02728,test
txn_05164,test
txn_05630,test
txn_07017,test
txn_01439,test
txn_09894,test
txn_09753,test
txn_05747,test
txn_02003,test
txn_01342,test
txn_07324,test
txn_00357,test
txn_01058,test
txn_06458,test
txn_04712,test
txn_02383,test
txn_05267,test
txn_09425,test
txn_01876,test
txn_06745,test
txn_00699,test
txn_07101,test
txn_07502,test
txn_09014,test
txn_00954,test
txn_03214,test
txn_01965,test
txn_04629,test
txn_09725,test
txn_07432,test
txn_04742,test
txn_01360,test
txn_01898,test
txn_07334,test
txn_09897,test
txn_05307,test
txn_08168,test
txn_06119,test
txn_03189,test
txn_06010,test
txn_05907,test
txn_09139,test
txn_07590,test
txn_05028,test
txn_06336,test
txn_03890,test
txn_08190,test
txn_07641,test
txn_02377,test
txn_03133,test
txn_04059,test
txn_00496,test
txn_03597,test
txn_07802,test
txn_00808,test
txn_02389,test
txn_00041,test
txn_02277,test
txn_04546,test
txn_02011,test
txn_06455,test
txn_08849,test
txn_07286,test
txn_01530,test
txn_09733,test
txn_09262,test
txn_01031,test
txn_01279,test
txn_04359,test
txn_01339,test
txn_01160,test
txn_03863,test
txn_03891,test
txn_06062,test
txn_01151,test
txn_07560,test
txn_00515,test
txn_06278,test
txn_06636,test
txn_03848,test
txn_01382,test
txn_07275,test
txn_00389,test
txn_05387,test
txn_05631,test
txn_00412,test
txn_06666,test
txn_00838,test
txn_05807,test
txn_07739,test
txn_01971,test
txn_04827,test
txn_05314,test
txn_08155,test
txn_03303,test
txn_02222,test
txn_02293,test
txn_04088,test
txn_01718,test
txn_02907,test
txn_09226,test
txn_07697,test
txn_05829,test
txn_01997,test
txn_06267,test
txn_05545,test
txn_09975,test
txn_04355,test
txn_04206,test
txn_07429,test
txn_08938,test
txn_08841,test
txn_09227,test
txn_03599,test
txn_00274,test
txn_05616,test
txn_05252,test
txn_03342,test
txn_01488,test
txn_00981,test
txn_04379,test
txn_04998,test
txn_04675,test
txn_04582,test
txn_05339,test
txn_07404,test
txn_03249,test
txn_05998,test
txn_04846,test
txn_07301,test
txn_03032,test
txn_02555,test
txn_04503,test
txn_05152,test
txn_05951,test
txn_04384,test
txn_06437,test
txn_09780,test
txn_06061,test
txn_07407,test
txn_01918,test
txn_00192,test
txn_03562,test
txn_09644,test
txn_07989,test
txn_07945,test
txn_05836,test
txn_02937,test
txn_03968,test
txn_01200,test
txn_09511,test
txn_00333,test
txn_09973,test
txn_05160,test
txn_08716,test
txn_05525,test
txn_00946,test
txn_07825,test
txn_08009,test
txn_09420,test
txn_01669,test
txn_03715,test
txn_06071,test
txn_03007,test
txn_06593,test
txn_00308,test
txn_08714,test
txn_05169,test
txn_08439,test
txn_06009,test
txn_02069,test
txn_00976,test
txn_00044,test
txn_00707,test
txn_08330,test
txn_06736,test
txn_07558,test
txn_04516,test
txn_09911,test
txn_03494,test
txn_09391,test
txn_00106,test
txn_07363,test
txn_06445,test
txn_01872,test
txn_02441,test
txn_09660,test
txn_06151,test
txn_03879,test
txn_07139,test
txn_08468,test
txn_09490,test
txn_00490,test
txn_07241,test
txn_00934,test
txn_06568,test
txn_07616,test
txn_03278,test
txn_09469,test
txn_04768,test
txn_04700,test
txn_02373,test
txn_05483,test
txn_00913,test
txn_05279,test
txn_09111,test
txn_05724,test
txn_06614,test
txn_05112,test
txn_00798,test
txn_02806,test
txn_05499,test
txn_03603,test
txn_06967,test
txn_00785,test
txn_04509,test
txn_05675,test
txn_00122,test
txn_03686,test
txn_01700,test
txn_05283,test
txn_06931,test
txn_01120,test
txn_04429,test
txn_06392,test
txn_04022,test
txn_01770,test
txn_05078,test
txn_02106,test
txn_04133,test
txn_04497,test
txn_02539,test
txn_00191,test
txn_05043,test
txn_08877,test
txn_08796,test
txn_01500,test
txn_05044,test
txn_04039,test
txn_05679,test
txn_09451,test
txn_05040,test
txn_03203,test
txn_07866,test
txn_06813,test
txn_04837,test
txn_02717,test
txn_06199,test
txn_03061,test
txn_05452,test
txn_01973,test
txn_01721,test
txn_06011,test
txn_03017,test
txn_09952,test
txn_01256,test
txn_05843,test
txn_09972,test
txn_01389,test
txn_03187,test
txn_06962,test
txn_04558,test
txn_03794,test
txn_00819,test
txn_03018,test
txn_08699,test
txn_00560,test
txn_01121,test
txn_05290,test
txn_05687,test
txn_02788,test
txn_02248,test
txn_08339,test
txn_09103,test
txn_01196,test
txn_08303,test
txn_05668,test
txn_02648,test
txn_04227,test
txn_05170,test
txn_04292,test
txn_03485,test
txn_04222,test
txn_00114,test
txn_01041,test
txn_00609,test
txn_05614,test
txn_05256,test
txn_07443,test
txn_04876,test
txn_08557,test
txn_02102,test
txn_00858,test
txn_08666,test
txn_05817,test
txn_08827,test
txn_00817,test
txn_08456,test
txn_01214,test
txn_01554,test
txn_04694,test
txn_08134,test
txn_05426,test
txn_00809,test
txn_03369,test
txn_02813,test
txn_09269,test
txn_08336,test
txn_09553,test
txn_08136,test
txn_04313,test
txn_00222,test
txn_06997,test
txn_07628,test
txn_08028,test
txn_00420,test
txn_00142,test
txn_06184,test
txn_03097,test
txn_08677,test
txn_09419,test
txn_03566,test
txn_07267,test
txn_09702,test
txn_00592,test
txn_03732,test
txn_05547,test
txn_02167,test
txn_03762,test
txn_00336,test
txn_07473,test
txn_05895,test
txn_05026,test
txn_09826,test
txn_07354,test
txn_05745,test
txn_09284,test
txn_01841,test
txn_07322,test
txn_08584,test
txn_06205,test
txn_06723,test
txn_04916,test
txn_02693,test
txn_00685,test
txn_09671,test
txn_06155,test
txn_07310,test
txn_06343,test
txn_04681,test
txn_08335,test
txn_09928,test
txn_03990,test
txn_05945,test
txn_02421,test
txn_09450,test
txn_04151,test
txn_04620,test
txn_05038,test
txn_06381,test
txn_00745,test
txn_07620,test
txn_02448,test
txn_00306,test
txn_01884,test
txn_07545,test
txn_04012,test
txn_07047,test
txn_07687,test
txn_01509,test
txn_09186,test
txn_05176,test
txn_08320,test
txn_05788,test
txn_05751,test
txn_09736,test
txn_09674,test
txn_07727,test
txn_07744,test
txn_01340,test
txn_04974,test
txn_04538,test
txn_06940,test
txn_03651,test
txn_01146,test
txn_08144,test
txn_09978,test
txn_06176,test
txn_05448,test
txn_04069,test
txn_05659,test
txn_08042,test
txn_09470,test
txn_01780,test
txn_04062,test
txn_03541,test
txn_00508,test
txn_05726,test
txn_09559,test
txn_06239,test
txn_01108,test
txn_06005,test
txn_00547,test
txn_04532,test
txn_04807,test
txn_00150,test
txn_02588,test
txn_05512,test
txn_02525,test
txn_07381,test
txn_01428,test
txn_05378,test
txn_05303,test
txn_00374,test
txn_00021,test
txn_03261,test
txn_04443,test
txn_01648,test
txn_06797,test
txn_02172,test
txn_00498,test
txn_04934,test
txn_08259,test
txn_08630,test
txn_04400,test
txn_00247,test
txn_08951,test
txn_06708,test
txn_04021,test
txn_01141,test
txn_09785,test
txn_09578,test
txn_07263,test
txn_00860,test
txn_00145,test
txn_03107,test
txn_00811,test
txn_06644,test
txn_06248,test
txn_04258,test
txn_04890,test
txn_03693,test
txn_02300,test
txn_00541,test
txn_03375,test
txn_08560,test
txn_07100,test
txn_09923,test
txn_08322,test
txn_02859,test
txn_03872,test
txn_04282,test
txn_07814,test
txn_01255,test
txn_01261,test
txn_01853,test
txn_02852,test
txn_06039,test
txn_09591,test
txn_07888,test
txn_02459,test
txn_09432,test
txn_00381,test
txn_06894,test
txn_07669,test
txn_09699,test
txn_06180,test
txn_06156,test
txn_06926,test
txn_08941,test
txn_09198,test
txn_08748,test
txn_00843,test
txn_01224,test
txn_05576,test
txn_01244,test
txn_04797,test
txn_09417,test
txn_09238,test
txn_09679,test
txn_07529,test
txn_06836,test
txn_01590,test
txn_04158,test
txn_07504,test
txn_08370,test
txn_06349,test
txn_09891,test
txn_04486,test
txn_06826,test
txn_01271,test
txn_01161,test
txn_09615,test
txn_06729,test
txn_02687,test
txn_08422,test
txn_03350,test
txn_09406,test
txn_08724,test
txn_04348,test
txn_09463,test
txn_00395,test
txn_05000,test
txn_08744,test
txn_05691,test
txn_01494,test
txn_05515,test
txn_00169,test
txn_06974,test
txn_07425,test
txn_03066,test
txn_05875,test
txn_06376,test
txn_09728,test
txn_02763,test
txn_09018,test
txn_01006,test
txn_03739,test
txn_08843,test
txn_00393,test
txn_01398,test
txn_00623,test
txn_09496,test
txn_00852,test
txn_02769,test
txn_03735,test
txn_06359,test
txn_06603,test
txn_02122,test
txn_02808,test
txn_07043,test
txn_01560,test
txn_04843,test
txn_08861,test
txn_00251,test
txn_06746,test
txn_09256,test
txn_08274,test
txn_08962,test
txn_03531,test
txn_09989,test
txn_06015,test
txn_00865,test
txn_09558,test
txn_08876,test
txn_08922,test
txn_05549,test
txn_03713,test
txn_04973,test
txn_08129,test
txn_02006,test
txn_02799,test
txn_01577,test
txn_08487,test
txn_00795,test
txn_08878,test
txn_09121,test
txn_08817,test
txn_03439,test
txn_00703,test
txn_01890,test
txn_03936,test
txn_09011,test
txn_01822,test
txn_06988,test
txn_02688,test
txn_01302,test
txn_03465,test
txn_05592,test
txn_01673,test
txn_07202,test
txn_09426,test
txn_09154,test
txn_03096,test
txn_02233,test
txn_07816,test
txn_05352,test
txn_03929,test
txn_09342,test
txn_05025,test
txn_08804,test
txn_03515,test
txn_00428,test
txn_00670,test
txn_07809,test
txn_09045,test
txn_09259,test
txn_02548,test
txn_00855,test
txn_04263,test
txn_05623,test
txn_05821,test
txn_05867,test
txn_02624,test
txn_02379,test
txn_08350,test
txn_06604,test
txn_05167,test
txn_09013,test
txn_07102,test
txn_08310,test
txn_07405,test
txn_00071,test
txn_04009,test
txn_02316,test
txn_05312,test
txn_02985,test
txn_06314,test
txn_05962,test
txn_08868,test
txn_06393,test
txn_02622,test
txn_06616,test
txn_00144,test
txn_03576,test
txn_03500,test
txn_09200,test
txn_06650,test
txn_03169,test
txn_02226,test
txn_05070,test
txn_06984,test
txn_04821,test
txn_07371,test
txn_01870,test
txn_05915,test
txn_01809,test
txn_04537,test
txn_04273,test
txn_04969,test
txn_02415,test
txn_03722,test
txn_01782,test
txn_04812,test
txn_02542,test
txn_04204,test
txn_04551,test
txn_00094,test
txn_04525,test
txn_07627,test
txn_00349,test
txn_06365,test
txn_06613,test
txn_01371,test
txn_00837,test
txn_05666,test
txn_04854,test
txn_00943,test
txn_08529,test
txn_03718,test
txn_07682,test
txn_04013,test
txn_08832,test
txn_01999,test
txn_06764,test
txn_02508,test
txn_06320,test
txn_03512,test
txn_08524,test
txn_06583,test
txn_01727,test
txn_06450,test
txn_05162,test
txn_07676,test
txn_02698,test
txn_08687,test
txn_08670,test
txn_01012,test
txn_07341,test
txn_04632,test
txn_06602,test
txn_03332,test
txn_00691,test
txn_06382,test
txn_07249,test
txn_04576,test
txn_06386,test
txn_04660,test
txn_00045,test
txn_03501,test
txn_08109,test
txn_08053,test
txn_04696,test
txn_02883,test
txn_03683,test
txn_03751,test
txn_00735,test
txn_04040,test
txn_01218,test
txn_03800,test
txn_07203,test
txn_06546,test
txn_06339,test
txn_01433,test
txn_09253,test
txn_09641,test
txn_09926,test
txn_08869,test
txn_03911,test
txn_08369,test
txn_09344,test
txn_09712,test
txn_01694,test
txn_00089,test
txn_01756,test
txn_04351,test
txn_06675,test
txn_05460,test
txn_06860,test
txn_07096,test
txn_04071,test
txn_03497,test
txn_04565,test
txn_00894,test
txn_04367,test
txn_00873,test
txn_08269,test
txn_05684,test
txn_05243,test
txn_03637,test
txn_09738,test
txn_07205,test
txn_08327,test
txn_07723,test
txn_02805,test
txn_08803,test
txn_08924,test
txn_01502,test
txn_04326,test
txn_04389,test
txn_01105,test
txn_08511,test
txn_01827,test
txn_07115,test
txn_02553,test
txn_01820,test
txn_09533,test
txn_08707,test
txn_03806,test
txn_08368,test
txn_09537,test
txn_01534,test
txn_04711,test
txn_00464,test
txn_04803,test
txn_09401,test
txn_05619,test
txn_00951,test
txn_02919,test
txn_07125,test
txn_03898,test
txn_03167,test
txn_04226,test
txn_09248,test
txn_04991,test
txn_00035,test
txn_09070,test
txn_02058,test
txn_09366,test
txn_09665,test
txn_04977,test
txn_08112,test
txn_05601,test
txn_06050,test
txn_01838,test
txn_06500,test
txn_08842,test
txn_07874,test
txn_05017,test
txn_05401,test
txn_08719,test
txn_07011,test
txn_07186,test
txn_03679,test
txn_06452,test
txn_05289,test
txn_04116,test
txn_07681,test
txn_07356,test
txn_06869,test
txn_09913,test
txn_09122,test
txn_00165,test
txn_04840,test
txn_03964,test
txn_03006,test
txn_09055,test
txn_07472,test
txn_01490,test
txn_07533,test
txn_03696,test
txn_08556,test
txn_09431,test
txn_06853,test
txn_01091,test
txn_06152,test
txn_09319,test
txn_06880,test
txn_02181,test
txn_06625,test
txn_08087,test
txn_05764,test
txn_01069,test
txn_03084,test
txn_04785,test
txn_06956,test
txn_00620,test
txn_04025,test
txn_03174,test
txn_09047,test
txn_03859,test
txn_01252,test
txn_02619,test
txn_00764,test
txn_08891,test
txn_02171,test
txn_02549,test
txn_04127,test
txn_05241,test
txn_08667,test
txn_03908,test
txn_07041,test
txn_00927,test
txn_01167,test
txn_03235,test
txn_08892,test
txn_01599,test
txn_00397,test
txn_09769,test
txn_09833,test
txn_08987,test
txn_02029,test
txn_02751,test
txn_01472,test
txn_08545,test
txn_00736,test
txn_03012,test
txn_06370,test
txn_04590,test
txn_08910,test
txn_02800,test
txn_09132,test
txn_05690,test
txn_01000,test
txn_08629,test
txn_01048,test
txn_02210,test
txn_07907,test
txn_08913,test
txn_02071,test
txn_01042,test
txn_09290,test
txn_08923,test
txn_03759,test
txn_06738,test
txn_07710,test
txn_01688,test
txn_05238,test
txn_03728,test
txn_00246,test
txn_09721,test
txn_06888,test
txn_03750,test
txn_07197,test
txn_08077,test
txn_06044,test
txn_07394,test
txn_08103,test
txn_09368,test
txn_08453,test
txn_01004,test
txn_06494,test
txn_06394,test
txn_02708,test
txn_05024,test
txn_02041,test
txn_01134,test
txn_07380,test
txn_07693,test
txn_01050,test
txn_03275,test
txn_06017,test
txn_06260,test
txn_08688,test
txn_07610,test
txn_07593,test
txn_07082,test
txn_02924,test
txn_07183,test
txn_01241,test
txn_06201,test
txn_01550,test
txn_01341,test
txn_04412,test
txn_08754,test
txn_07908,test
txn_09574,test
txn_06372,test
txn_00177,test
txn_00461,test
txn_09875,test
txn_07928,test
txn_06972,test
txn_08655,test
txn_08126,test
txn_07605,test
txn_02128,test
txn_00238,test
txn_04523,test
txn_04915,test
txn_02908,test
txn_00130,test
txn_03723,test
txn_01930,test
txn_03003,test
txn_07230,test
txn_04370,test
txn_00584,test
txn_09985,test
txn_00574,test
txn_03312,test
txn_06945,test
txn_09684,test
txn_06886,test
txn_07434,test
txn_06610,test
txn_06659,test
txn_08358,test
txn_04866,test
txn_07090,test
txn_04334,test
txn_02452,test
txn_00326,test
txn_07632,test
txn_08387,test
txn_07764,test
txn_00777,test
txn_02201,test
txn_09576,test
txn_06621,test
txn_07735,test
txn_09386,test
txn_09266,test
txn_08731,test
txn_08776,test
txn_01030,test
txn_03953,test
txn_01286,test
txn_00914,test
txn_02829,test
txn_00739,test
txn_06520,test
txn_05671,test
txn_02832,test
txn_00713,test
txn_07595,test
txn_08293,test
txn_08689,test
txn_04782,test
txn_06453,test
txn_06323,test
txn_01024,test
txn_02729,test
txn_03374,test
txn_06618,test
txn_08031,test
txn_01394,test
txn_01544,test
txn_00857,test
txn_09084,test
txn_05552,test
txn_08799,test
txn_07617,test
txn_04431,test
txn_00344,test
txn_09480,test
txn_03144,test
txn_02608,test
txn_01075,test
txn_04319,test
txn_02942,test
txn_05224,test
txn_04060,test
txn_04809,test
txn_04597,test
txn_00696,test
txn_03793,test
txn_04559,test
txn_00074,test
txn_09320,test
txn_05880,test
txn_06531,test
txn_01113,test
txn_05324,test
txn_01387,test
txn_05113,test
txn_06702,test
txn_04097,test
txn_04886,test
txn_02120,test
txn_02845,test
txn_09622,test
txn_06507,test
txn_07117,test
txn_04046,test
txn_04388,test
txn_09310,test
txn_05438,test
txn_08426,test
txn_01416,test
txn_03259,test
txn_02530,test
txn_08351,test
txn_01210,test
txn_01516,test
txn_05538,test
txn_09878,test
txn_00655,test
txn_03999,test
txn_03157,test
txn_04715,test
txn_01495,test
txn_00562,test
txn_04628,test
txn_08646,test
txn_08281,test
txn_05266,test
txn_01923,test
txn_08142,test
txn_09784,test
txn_08991,test
txn_02838,test
txn_08881,test
txn_02010,test
txn_03886,test
