transaction_id,is_abuse,abuse_type,abuse_cluster_id
txn_00001,False,none,none
txn_00002,False,none,none
txn_00003,False,none,none
txn_00004,False,none,none
txn_00005,False,none,none
txn_00006,False,none,none
txn_00007,False,none,none
txn_00008,False,none,none
txn_00009,False,none,none
txn_00010,False,none,none
txn_00011,False,none,none
txn_00012,False,none,none
txn_00013,False,none,none
txn_00014,False,none,none
txn_00015,False,none,none
txn_00016,False,none,none
txn_00017,False,none,none
txn_00018,False,none,none
txn_00019,False,none,none
txn_00020,True,shared_device,abuse_01
txn_00021,False,none,none
txn_00022,False,none,none
txn_00023,False,none,none
txn_00024,False,none,none
txn_00025,False,none,none
txn_00026,True,velocity_burst,abuse_03
txn_00027,False,none,none
txn_00028,False,none,none
txn_00029,False,none,none
txn_00030,False,none,none
txn_00031,False,none,none
txn_00032,False,none,none
txn_00033,False,none,none
txn_00034,False,none,none
txn_00035,False,none,none
txn_00036,False,none,none
txn_00037,False,none,none
txn_00038,False,none,none
txn_00039,False,none,none
txn_00040,False,none,none
txn_00041,False,none,none
txn_00042,False,none,none
txn_00043,False,none,none
txn_00044,False,none,none
txn_00045,False,none,none
txn_00046,False,none,none
txn_00047,False,none,none
txn_00048,False,none,none
txn_00049,False,none,none
txn_00050,False,none,none
txn_00051,False,none,none
txn_00052,False,none,none
txn_00053,False,none,none
txn_00054,False,none,none
txn_00055,False,none,none
txn_00056,False,none,none
txn_00057,False,none,none
txn_00058,False,none,none
txn_00059,False,none,none
txn_00060,False,none,none
txn_00061,False,none,none
txn_00062,False,none,none
txn_00063,False,none,none
txn_00064,False,none,none
txn_00065,False,none,none
txn_00066,False,none,none
txn_00067,False,none,none
txn_00068,False,none,none
txn_00069,False,none,none
txn_00070,False,none,none
txn_00071,False,none,none
txn_00072,False,none,none
txn_00073,False,none,none
txn_00074,False,none,none
txn_00075,True,shared_payment_instrument,abuse_02
txn_00076,False,none,none
txn_00077,False,none,none
txn_00078,False,none,none
txn_00079,False,none,none
txn_00080,False,none,none
txn_00081,False,none,none
txn_00082,False,none,none
txn_00083,False,none,none
txn_00084,False,none,none
txn_00085,False,none,none
txn_00086,False,none,none
txn_00087,False,none,none
txn_00088,False,none,none
txn_00089,False,none,none
txn_00090,False,none,none
txn_00091,False,none,none
txn_00092,False,none,none
txn_00093,False,none,none
txn_00094,False,none,none
txn_00095,False,none,none
txn_00096,False,none,none
txn_00097,False,none,none
txn_00098,False,none,none
txn_00099,False,none,none
txn_00100,False,none,none
txn_00101,False,none,none
txn_00102,True,cross_merchant_ring,abuse_04
txn_00103,False,none,none
txn_00104,False,none,none
txn_00105,False,none,none
txn_00106,False,none,none
txn_00107,False,none,none
txn_00108,False,none,none
txn_00109,False,none,none
txn_00110,False,none,none
txn_00111,False,none,none
txn_00112,False,none,none
txn_00113,False,none,none
txn_00114,False,none,none
txn_00115,False,none,none
txn_00116,False,none,none
txn_00117,False,none,none
txn_00118,False,none,none
txn_00119,False,none,none
txn_00120,False,none,none
txn_00121,False,none,none
txn_00122,False,none,none
txn_00123,False,none,none
txn_00124,False,none,none
txn_00125,False,none,none
txn_00126,False,none,none
txn_00127,False,none,none
txn_00128,False,none,none
txn_00129,False,none,none
txn_00130,False,none,none
txn_00131,False,none,none
txn_00132,False,none,none
txn_00133,False,none,none
txn_00134,False,none,none
txn_00135,False,none,none
txn_00136,False,none,none
txn_00137,False,none,none
txn_00138,False,none,none
txn_00139,False,none,none
txn_00140,False,none,none
txn_00141,False,none,none
txn_00142,False,none,none
txn_00143,True,velocity_burst,abuse_03
txn_00144,False,none,none
txn_00145,False,none,none
txn_00146,False,none,none
txn_00147,False,none,none
txn_00148,False,none,none
txn_00149,False,none,none
txn_00150,False,none,none
txn_00151,False,none,none
txn_00152,False,none,none
txn_00153,False,none,none
txn_00154,False,none,none
txn_00155,False,none,none
txn_00156,False,none,none
txn_00157,False,none,none
txn_00158,False,none,none
txn_00159,False,none,none
txn_00160,False,none,none
txn_00161,True,cross_merchant_ring,abuse_04
txn_00162,False,none,none
txn_00163,False,none,none
txn_00164,False,none,none
txn_00165,False,none,none
txn_00166,False,none,none
txn_00167,False,none,none
txn_00168,False,none,none
txn_00169,False,none,none
txn_00170,False,none,none
txn_00171,False,none,none
txn_00172,False,none,none
txn_00173,False,none,none
txn_00174,False,none,none
txn_00175,False,none,none
txn_00176,True,velocity_burst,abuse_03
txn_00177,False,none,none
txn_00178,False,none,none
txn_00179,False,none,none
txn_00180,False,none,none
txn_00181,False,none,none
txn_00182,False,none,none
txn_00183,False,none,none
txn_00184,False,none,none
txn_00185,False,none,none
txn_00186,False,none,none
txn_00187,False,none,none
txn_00188,False,none,none
txn_00189,False,none,none
txn_00190,False,none,none
txn_00191,False,none,none
txn_00192,False,none,none
txn_00193,False,none,none
txn_00194,False,none,none
txn_00195,False,none,none
txn_00196,False,none,none
txn_00197,False,none,none
txn_00198,False,none,none
txn_00199,False,none,none
txn_00200,False,none,none
txn_00201,False,none,none
txn_00202,False,none,none
txn_00203,False,none,none
txn_00204,False,none,none
txn_00205,False,none,none
txn_00206,False,none,none
txn_00207,False,none,none
txn_00208,False,none,none
txn_00209,False,none,none
txn_00210,False,none,none
txn_00211,False,none,none
txn_00212,False,none,none
txn_00213,False,none,none
txn_00214,False,none,none
txn_00215,False,none,none
txn_00216,False,none,none
txn_00217,False,none,none
txn_00218,False,none,none
txn_00219,False,none,none
txn_00220,False,none,none
txn_00221,False,none,none
txn_00222,False,none,none
txn_00223,False,none,none
txn_00224,False,none,none
txn_00225,False,none,none
txn_00226,False,none,none
txn_00227,False,none,none
txn_00228,False,none,none
txn_00229,False,none,none
txn_00230,False,none,none
txn_00231,False,none,none
txn_00232,False,none,none
txn_00233,False,none,none
txn_00234,False,none,none
txn_00235,False,none,none
txn_00236,False,none,none
txn_00237,False,none,none
txn_00238,False,none,none
txn_00239,False,none,none
txn_00240,False,none,none
txn_00241,False,none,none
txn_00242,False,none,none
txn_00243,True,velocity_burst,abuse_03
txn_00244,False,none,none
txn_00245,False,none,none
txn_00246,False,none,none
txn_00247,False,none,none
txn_00248,False,none,none
txn_00249,False,none,none
txn_00250,False,none,none
txn_00251,False,none,none
txn_00252,False,none,none
txn_00253,False,none,none
txn_00254,False,none,none
txn_00255,False,none,none
txn_00256,False,none,none
txn_00257,False,none,none
txn_00258,False,none,none
txn_00259,False,none,none
txn_00260,False,none,none
txn_00261,False,none,none
txn_00262,False,none,none
txn_00263,False,none,none
txn_00264,False,none,none
txn_00265,False,none,none
txn_00266,False,none,none
txn_00267,False,none,none
txn_00268,False,none,none
txn_00269,False,none,none
txn_00270,False,none,none
txn_00271,False,none,none
txn_00272,False,none,none
txn_00273,False,none,none
txn_00274,False,none,none
txn_00275,False,none,none
txn_00276,False,none,none
txn_00277,False,none,none
txn_00278,False,none,none
txn_00279,False,none,none
txn_00280,False,none,none
txn_00281,False,none,none
txn_00282,False,none,none
txn_00283,False,none,none
txn_00284,False,none,none
txn_00285,False,none,none
txn_00286,False,none,none
txn_00287,False,none,none
txn_00288,False,none,none
txn_00289,False,none,none
txn_00290,False,none,none
txn_00291,False,none,none
txn_00292,False,none,none
txn_00293,False,none,none
txn_00294,False,none,none
txn_00295,False,none,none
txn_00296,False,none,none
txn_00297,False,none,none
txn_00298,False,none,none
txn_00299,False,none,none
txn_00300,False,none,none
txn_00301,False,none,none
txn_00302,False,none,none
txn_00303,False,none,none
txn_00304,False,none,none
txn_00305,False,none,none
txn_00306,False,none,none
txn_00307,False,none,none
txn_00308,False,none,none
txn_00309,False,none,none
txn_00310,False,none,none
txn_00311,False,none,none
txn_00312,False,none,none
txn_00313,False,none,none
txn_00314,False,none,none
txn_00315,False,none,none
txn_00316,False,none,none
txn_00317,False,none,none
txn_00318,False,none,none
txn_00319,False,none,none
txn_00320,False,none,none
txn_00321,False,none,none
txn_00322,False,none,none
txn_00323,False,none,none
txn_00324,False,none,none
txn_00325,False,none,none
txn_00326,False,none,none
txn_00327,False,none,none
txn_00328,False,none,none
txn_00329,False,none,none
txn_00330,False,none,none
txn_00331,False,none,none
txn_00332,False,none,none
txn_00333,False,none,none
txn_00334,False,none,none
txn_00335,False,none,none
txn_00336,False,none,none
txn_00337,False,none,none
txn_00338,False,none,none
txn_00339,False,none,none
txn_00340,False,none,none
txn_00341,False,none,none
txn_00342,False,none,none
txn_00343,False,none,none
txn_00344,False,none,none
txn_00345,False,none,none
txn_00346,False,none,none
txn_00347,False,none,none
txn_00348,False,none,none
txn_00349,False,none,none
txn_00350,False,none,none
txn_00351,False,none,none
txn_00352,False,none,none
txn_00353,False,none,none
txn_00354,False,none,none
txn_00355,False,none,none
txn_00356,False,none,none
txn_00357,False,none,none
txn_00358,False,none,none
txn_00359,False,none,none
txn_00360,False,none,none
txn_00361,False,none,none
txn_00362,False,none,none
txn_00363,False,none,none
txn_00364,False,none,none
txn_00365,False,none,none
txn_00366,False,none,none
txn_00367,False,none,none
txn_00368,False,none,none
txn_00369,False,none,none
txn_00370,False,none,none
txn_00371,False,none,none
txn_00372,False,none,none
txn_00373,False,none,none
txn_00374,False,none,none
txn_00375,False,none,none
txn_00376,False,none,none
txn_00377,False,none,none
txn_00378,False,none,none
txn_00379,False,none,none
txn_00380,False,none,none
txn_00381,False,none,none
txn_00382,False,none,none
txn_00383,False,none,none
txn_00384,False,none,none
txn_00385,False,none,none
txn_00386,False,none,none
txn_00387,False,none,none
txn_00388,False,none,none
txn_00389,False,none,none
txn_00390,True,cross_merchant_ring,abuse_04
txn_00391,False,none,none
txn_00392,False,none,none
txn_00393,False,none,none
txn_00394,False,none,none
txn_00395,False,none,none
txn_00396,False,none,none
txn_00397,False,none,none
txn_00398,False,none,none
txn_00399,False,none,none
txn_00400,False,none,none
txn_00401,False,none,none
txn_00402,False,none,none
txn_00403,False,none,none
txn_00404,False,none,none
txn_00405,False,none,none
txn_00406,False,none,none
txn_00407,False,none,none
txn_00408,False,none,none
txn_00409,False,none,none
txn_00410,False,none,none
txn_00411,False,none,none
txn_00412,False,none,none
txn_00413,False,none,none
txn_00414,False,none,none
txn_00415,False,none,none
txn_00416,False,none,none
txn_00417,False,none,none
txn_00418,False,none,none
txn_00419,False,none,none
txn_00420,False,none,none
txn_00421,False,none,none
txn_00422,False,none,none
txn_00423,False,none,none
txn_00424,False,none,none
txn_00425,True,velocity_burst,abuse_03
txn_00426,False,none,none
txn_00427,False,none,none
txn_00428,False,none,none
txn_00429,False,none,none
txn_00430,False,none,none
txn_00431,False,none,none
txn_00432,False,none,none
txn_00433,False,none,none
txn_00434,False,none,none
txn_00435,False,none,none
txn_00436,False,none,none
txn_00437,False,none,none
txn_00438,False,none,none
txn_00439,False,none,none
txn_00440,False,none,none
txn_00441,False,none,none
txn_00442,False,none,none
txn_00443,False,none,none
txn_00444,False,none,none
txn_00445,False,none,none
txn_00446,False,none,none
txn_00447,False,none,none
txn_00448,False,none,none
txn_00449,False,none,none
txn_00450,False,none,none
txn_00451,False,none,none
txn_00452,False,none,none
txn_00453,False,none,none
txn_00454,False,none,none
txn_00455,False,none,none
txn_00456,False,none,none
txn_00457,False,none,none
txn_00458,False,none,none
txn_00459,False,none,none
txn_00460,False,none,none
txn_00461,False,none,none
txn_00462,False,none,none
txn_00463,False,none,none
txn_00464,False,none,none
txn_00465,False,none,none
txn_00466,False,none,none
txn_00467,False,none,none
txn_00468,False,none,none
txn_00469,False,none,none
txn_00470,False,none,none
txn_00471,False,none,none
txn_00472,False,none,none
txn_00473,False,none,none
txn_00474,False,none,none
txn_00475,False,none,none
txn_00476,False,none,none
txn_00477,False,none,none
txn_00478,False,none,none
txn_00479,False,none,none
txn_00480,False,none,none
txn_00481,False,none,none
txn_00482,False,none,none
txn_00483,False,none,none
txn_00484,False,none,none
txn_00485,False,none,none
txn_00486,False,none,none
txn_00487,False,none,none
txn_00488,False,none,none
txn_00489,False,none,none
txn_00490,False,none,none
txn_00491,False,none,none
txn_00492,False,none,none
txn_00493,False,none,none
txn_00494,False,none,none
txn_00495,False,none,none
txn_00496,False,none,none
txn_00497,True,velocity_burst,abuse_03
txn_00498,False,none,none
txn_00499,False,none,none
txn_00500,False,none,none
txn_00501,False,none,none
txn_00502,False,none,none
txn_00503,False,none,none
txn_00504,False,none,none
txn_00505,False,none,none
txn_00506,False,none,none
txn_00507,False,none,none
txn_00508,False,none,none
txn_00509,False,none,none
txn_00510,False,none,none
txn_00511,False,none,none
txn_00512,False,none,none
txn_00513,False,none,none
txn_00514,False,none,none
txn_00515,False,none,none
txn_00516,False,none,none
txn_00517,False,none,none
txn_00518,False,none,none
txn_00519,False,none,none
txn_00520,False,none,none
txn_00521,False,none,none
txn_00522,False,none,none
txn_00523,False,none,none
txn_00524,False,none,none
txn_00525,False,none,none
txn_00526,False,none,none
txn_00527,False,none,none
txn_00528,False,none,none
txn_00529,False,none,none
txn_00530,False,none,none
txn_00531,False,none,none
txn_00532,False,none,none
txn_00533,False,none,none
txn_00534,False,none,none
txn_00535,False,none,none
txn_00536,False,none,none
txn_00537,False,none,none
txn_00538,False,none,none
txn_00539,False,none,none
txn_00540,False,none,none
txn_00541,False,none,none
txn_00542,False,none,none
txn_00543,False,none,none
txn_00544,False,none,none
txn_00545,False,none,none
txn_00546,False,none,none
txn_00547,False,none,none
txn_00548,False,none,none
txn_00549,False,none,none
txn_00550,False,none,none
txn_00551,False,none,none
txn_00552,False,none,none
txn_00553,False,none,none
txn_00554,False,none,none
txn_00555,False,none,none
txn_00556,False,none,none
txn_00557,False,none,none
txn_00558,True,cross_merchant_ring,abuse_04
txn_00559,False,none,none
txn_00560,False,none,none
txn_00561,False,none,none
txn_00562,False,none,none
txn_00563,False,none,none
txn_00564,False,none,none
txn_00565,False,none,none
txn_00566,False,none,none
txn_00567,False,none,none
txn_00568,False,none,none
txn_00569,False,none,none
txn_00570,False,none,none
txn_00571,False,none,none
txn_00572,False,none,none
txn_00573,False,none,none
txn_00574,False,none,none
txn_00575,False,none,none
txn_00576,False,none,none
txn_00577,False,none,none
txn_00578,False,none,none
txn_00579,False,none,none
txn_00580,False,none,none
txn_00581,False,none,none
txn_00582,True,shared_device,abuse_01
txn_00583,False,none,none
txn_00584,False,none,none
txn_00585,False,none,none
txn_00586,False,none,none
txn_00587,False,none,none
txn_00588,False,none,none
txn_00589,False,none,none
txn_00590,False,none,none
txn_00591,False,none,none
txn_00592,False,none,none
txn_00593,False,none,none
txn_00594,False,none,none
txn_00595,False,none,none
txn_00596,False,none,none
txn_00597,False,none,none
txn_00598,False,none,none
txn_00599,False,none,none
txn_00600,False,none,none
txn_00601,False,none,none
txn_00602,False,none,none
txn_00603,False,none,none
txn_00604,False,none,none
txn_00605,False,none,none
txn_00606,False,none,none
txn_00607,False,none,none
txn_00608,False,none,none
txn_00609,False,none,none
txn_00610,False,none,none
txn_00611,False,none,none
txn_00612,False,none,none
txn_00613,False,none,none
txn_00614,False,none,none
txn_00615,False,none,none
txn_00616,False,none,none
txn_00617,False,none,none
txn_00618,False,none,none
txn_00619,False,none,none
txn_00620,False,none,none
txn_00621,False,none,none
txn_00622,False,none,none
txn_00623,False,none,none
txn_00624,False,none,none
txn_00625,False,none,none
txn_00626,False,none,none
txn_00627,False,none,none
txn_00628,False,none,none
txn_00629,True,cross_merchant_ring,abuse_04
txn_00630,False,none,none
txn_00631,False,none,none
txn_00632,True,cross_merchant_ring,abuse_04
txn_00633,False,none,none
txn_00634,False,none,none
txn_00635,False,none,none
txn_00636,False,none,none
txn_00637,False,none,none
txn_00638,False,none,none
txn_00639,False,none,none
txn_00640,False,none,none
txn_00641,False,none,none
txn_00642,False,none,none
txn_00643,False,none,none
txn_00644,False,none,none
txn_00645,False,none,none
txn_00646,False,none,none
txn_00647,False,none,none
txn_00648,False,none,none
txn_00649,False,none,none
txn_00650,False,none,none
txn_00651,False,none,none
txn_00652,False,none,none
txn_00653,False,none,none
txn_00654,False,none,none
txn_00655,False,none,none
txn_00656,False,none,none
txn_00657,False,none,none
txn_00658,False,none,none
txn_00659,False,none,none
txn_00660,False,none,none
txn_00661,False,none,none
txn_00662,False,none,none
txn_00663,False,none,none
txn_00664,False,none,none
txn_00665,False,none,none
txn_00666,False,none,none
txn_00667,False,none,none
txn_00668,False,none,none
txn_00669,False,none,none
txn_00670,False,none,none
txn_00671,False,none,none
txn_00672,False,none,none
txn_00673,False,none,none
txn_00674,False,none,none
txn_00675,False,none,none
txn_00676,False,none,none
txn_00677,False,none,none
txn_00678,True,shared_payment_instrument,abuse_02
txn_00679,False,none,none
txn_00680,False,none,none
txn_00681,False,none,none
txn_00682,False,none,none
txn_00683,False,none,none
txn_00684,False,none,none
txn_00685,False,none,none
txn_00686,False,none,none
txn_00687,False,none,none
txn_00688,False,none,none
txn_00689,False,none,none
txn_00690,False,none,none
txn_00691,False,none,none
txn_00692,False,none,none
txn_00693,False,none,none
txn_00694,False,none,none
txn_00695,False,none,none
txn_00696,False,none,none
txn_00697,False,none,none
txn_00698,False,none,none
txn_00699,False,none,none
txn_00700,False,none,none
txn_00701,False,none,none
txn_00702,False,none,none
txn_00703,False,none,none
txn_00704,False,none,none
txn_00705,True,velocity_burst,abuse_03
txn_00706,False,none,none
txn_00707,False,none,none
txn_00708,False,none,none
txn_00709,False,none,none
txn_00710,False,none,none
txn_00711,False,none,none
txn_00712,False,none,none
txn_00713,False,none,none
txn_00714,False,none,none
txn_00715,False,none,none
txn_00716,False,none,none
txn_00717,False,none,none
txn_00718,False,none,none
txn_00719,False,none,none
txn_00720,False,none,none
txn_00721,False,none,none
txn_00722,False,none,none
txn_00723,False,none,none
txn_00724,False,none,none
txn_00725,False,none,none
txn_00726,False,none,none
txn_00727,False,none,none
txn_00728,False,none,none
txn_00729,False,none,none
txn_00730,False,none,none
txn_00731,False,none,none
txn_00732,False,none,none
txn_00733,False,none,none
txn_00734,False,none,none
txn_00735,False,none,none
txn_00736,False,none,none
txn_00737,False,none,none
txn_00738,False,none,none
txn_00739,False,none,none
txn_00740,False,none,none
txn_00741,False,none,none
txn_00742,False,none,none
txn_00743,False,none,none
txn_00744,False,none,none
txn_00745,False,none,none
txn_00746,False,none,none
txn_00747,False,none,none
txn_00748,False,none,none
txn_00749,False,none,none
txn_00750,False,none,none
txn_00751,False,none,none
txn_00752,True,velocity_burst,abuse_03
txn_00753,False,none,none
txn_00754,False,none,none
txn_00755,True,velocity_burst,abuse_03
txn_00756,False,none,none
txn_00757,False,none,none
txn_00758,False,none,none
txn_00759,False,none,none
txn_00760,False,none,none
txn_00761,False,none,none
txn_00762,False,none,none
txn_00763,False,none,none
txn_00764,False,none,none
txn_00765,False,none,none
txn_00766,False,none,none
txn_00767,False,none,none
txn_00768,False,none,none
txn_00769,False,none,none
txn_00770,False,none,none
txn_00771,False,none,none
txn_00772,False,none,none
txn_00773,False,none,none
txn_00774,False,none,none
txn_00775,False,none,none
txn_00776,False,none,none
txn_00777,False,none,none
txn_00778,False,none,none
txn_00779,False,none,none
txn_00780,False,none,none
txn_00781,False,none,none
txn_00782,False,none,none
txn_00783,False,none,none
txn_00784,False,none,none
txn_00785,False,none,none
txn_00786,False,none,none
txn_00787,False,none,none
txn_00788,False,none,none
txn_00789,False,none,none
txn_00790,False,none,none
txn_00791,False,none,none
txn_00792,False,none,none
txn_00793,False,none,none
txn_00794,False,none,none
txn_00795,False,none,none
txn_00796,False,none,none
txn_00797,False,none,none
txn_00798,False,none,none
txn_00799,False,none,none
txn_00800,False,none,none
txn_00801,False,none,none
txn_00802,False,none,none
txn_00803,True,velocity_burst,abuse_03
txn_00804,False,none,none
txn_00805,False,none,none
txn_00806,False,none,none
txn_00807,False,none,none
txn_00808,False,none,none
txn_00809,False,none,none
txn_00810,False,none,none
txn_00811,False,none,none
txn_00812,False,none,none
txn_00813,False,none,none
txn_00814,False,none,none
txn_00815,False,none,none
txn_00816,False,none,none
txn_00817,False,none,none
txn_00818,False,none,none
txn_00819,False,none,none
txn_00820,False,none,none
txn_00821,False,none,none
txn_00822,False,none,none
txn_00823,False,none,none
txn_00824,False,none,none
txn_00825,False,none,none
txn_00826,False,none,none
txn_00827,False,none,none
txn_00828,False,none,none
txn_00829,False,none,none
txn_00830,False,none,none
txn_00831,False,none,none
txn_00832,False,none,none
txn_00833,False,none,none
txn_00834,False,none,none
txn_00835,False,none,none
txn_00836,False,none,none
txn_00837,False,none,none
txn_00838,False,none,none
txn_00839,True,velocity_burst,abuse_03
txn_00840,False,none,none
txn_00841,False,none,none
txn_00842,False,none,none
txn_00843,True,shared_payment_instrument,abuse_02
txn_00844,False,none,none
txn_00845,False,none,none
txn_00846,False,none,none
txn_00847,False,none,none
txn_00848,False,none,none
txn_00849,False,none,none
txn_00850,False,none,none
txn_00851,False,none,none
txn_00852,False,none,none
txn_00853,False,none,none
txn_00854,False,none,none
txn_00855,False,none,none
txn_00856,False,none,none
txn_00857,False,none,none
txn_00858,False,none,none
txn_00859,False,none,none
txn_00860,False,none,none
txn_00861,False,none,none
txn_00862,False,none,none
txn_00863,False,none,none
txn_00864,False,none,none
txn_00865,False,none,none
txn_00866,False,none,none
txn_00867,False,none,none
txn_00868,False,none,none
txn_00869,False,none,none
txn_00870,False,none,none
txn_00871,False,none,none
txn_00872,False,none,none
txn_00873,False,none,none
txn_00874,False,none,none
txn_00875,False,none,none
txn_00876,False,none,none
txn_00877,False,none,none
txn_00878,False,none,none
txn_00879,False,none,none
txn_00880,False,none,none
txn_00881,False,none,none
txn_00882,False,none,none
txn_00883,False,none,none
txn_00884,False,none,none
txn_00885,False,none,none
txn_00886,False,none,none
txn_00887,False,none,none
txn_00888,False,none,none
txn_00889,True,shared_payment_instrument,abuse_02
txn_00890,False,none,none
txn_00891,False,none,none
txn_00892,False,none,none
txn_00893,False,none,none
txn_00894,False,none,none
txn_00895,False,none,none
txn_00896,False,none,none
txn_00897,False,none,none
txn_00898,False,none,none
txn_00899,False,none,none
txn_00900,False,none,none
txn_00901,False,none,none
txn_00902,False,none,none
txn_00903,False,none,none
txn_00904,False,none,none
txn_00905,False,none,none
txn_00906,False,none,none
txn_00907,False,none,none
txn_00908,False,none,none
txn_00909,False,none,none
txn_00910,False,none,none
txn_00911,False,none,none
txn_00912,False,none,none
txn_00913,False,none,none
txn_00914,False,none,none
txn_00915,False,none,none
txn_00916,False,none,none
txn_00917,False,none,none
txn_00918,False,none,none
txn_00919,False,none,none
txn_00920,False,none,none
txn_00921,False,none,none
txn_00922,False,none,none
txn_00923,False,none,none
txn_00924,False,none,none
txn_00925,False,none,none
txn_00926,False,none,none
txn_00927,False,none,none
txn_00928,False,none,none
txn_00929,False,none,none
txn_00930,False,none,none
txn_00931,False,none,none
txn_00932,False,none,none
txn_00933,False,none,none
txn_00934,False,none,none
txn_00935,False,none,none
txn_00936,False,none,none
txn_00937,False,none,none
txn_00938,False,none,none
txn_00939,False,none,none
txn_00940,False,none,none
txn_00941,False,none,none
txn_00942,False,none,none
txn_00943,False,none,none
txn_00944,False,none,none
txn_00945,False,none,none
txn_00946,False,none,none
txn_00947,False,none,none
txn_00948,False,none,none
txn_00949,False,none,none
txn_00950,False,none,none
txn_00951,False,none,none
txn_00952,False,none,none
txn_00953,False,none,none
txn_00954,False,none,none
txn_00955,False,none,none
txn_00956,False,none,none
txn_00957,False,none,none
txn_00958,False,none,none
txn_00959,False,none,none
txn_00960,False,none,none
txn_00961,False,none,none
txn_00962,False,none,none
txn_00963,False,none,none
txn_00964,False,none,none
txn_00965,False,none,none
txn_00966,False,none,none
txn_00967,False,none,none
txn_00968,False,none,none
txn_00969,False,none,none
txn_00970,False,none,none
txn_00971,False,none,none
txn_00972,False,none,none
txn_00973,False,none,none
txn_00974,False,none,none
txn_00975,False,none,none
txn_00976,False,none,none
txn_00977,False,none,none
txn_00978,False,none,none
txn_00979,False,none,none
txn_00980,False,none,none
txn_00981,False,none,none
txn_00982,False,none,none
txn_00983,False,none,none
txn_00984,False,none,none
txn_00985,False,none,none
txn_00986,False,none,none
txn_00987,False,none,none
txn_00988,False,none,none
txn_00989,False,none,none
txn_00990,False,none,none
txn_00991,False,none,none
txn_00992,False,none,none
txn_00993,False,none,none
txn_00994,False,none,none
txn_00995,False,none,none
txn_00996,False,none,none
txn_00997,False,none,none
txn_00998,False,none,none
txn_00999,False,none,none
txn_01000,False,none,none
txn_01001,False,none,none
txn_01002,False,none,none
txn_01003,False,none,none
txn_01004,False,none,none
txn_01005,False,none,none
txn_01006,False,none,none
txn_01007,False,none,none
txn_01008,False,none,none
txn_01009,False,none,none
txn_01010,False,none,none
txn_01011,False,none,none
txn_01012,False,none,none
txn_01013,False,none,none
txn_01014,False,none,none
txn_01015,False,none,none
txn_01016,False,none,none
txn_01017,False,none,none
txn_01018,False,none,none
txn_01019,False,none,none
txn_01020,False,none,none
txn_01021,False,none,none
txn_01022,False,none,none
txn_01023,False,none,none
txn_01024,False,none,none
txn_01025,False,none,none
txn_01026,False,none,none
txn_01027,False,none,none
txn_01028,False,none,none
txn_01029,False,none,none
txn_01030,False,none,none
txn_01031,False,none,none
txn_01032,False,none,none
txn_01033,False,none,none
txn_01034,False,none,none
txn_01035,False,none,none
txn_01036,False,none,none
txn_01037,False,none,none
txn_01038,False,none,none
txn_01039,False,none,none
txn_01040,True,cross_merchant_ring,abuse_04
txn_01041,False,none,none
txn_01042,False,none,none
txn_01043,False,none,none
txn_01044,False,none,none
txn_01045,False,none,none
txn_01046,False,none,none
txn_01047,False,none,none
txn_01048,False,none,none
txn_01049,False,none,none
txn_01050,False,none,none
txn_01051,False,none,none
txn_01052,False,none,none
txn_01053,False,none,none
txn_01054,False,none,none
txn_01055,False,none,none
txn_01056,False,none,none
txn_01057,True,shared_payment_instrument,abuse_02
txn_01058,False,none,none
txn_01059,False,none,none
txn_01060,False,none,none
txn_01061,False,none,none
txn_01062,False,none,none
txn_01063,False,none,none
txn_01064,False,none,none
txn_01065,False,none,none
txn_01066,False,none,none
txn_01067,False,none,none
txn_01068,False,none,none
txn_01069,False,none,none
txn_01070,False,none,none
txn_01071,False,none,none
txn_01072,True,cross_merchant_ring,abuse_04
txn_01073,False,none,none
txn_01074,False,none,none
txn_01075,False,none,none
txn_01076,False,none,none
txn_01077,False,none,none
txn_01078,True,cross_merchant_ring,abuse_04
txn_01079,False,none,none
txn_01080,False,none,none
txn_01081,False,none,none
txn_01082,False,none,none
txn_01083,False,none,none
txn_01084,False,none,none
txn_01085,False,none,none
txn_01086,False,none,none
txn_01087,False,none,none
txn_01088,False,none,none
txn_01089,False,none,none
txn_01090,False,none,none
txn_01091,False,none,none
txn_01092,False,none,none
txn_01093,False,none,none
txn_01094,False,none,none
txn_01095,False,none,none
txn_01096,False,none,none
txn_01097,False,none,none
txn_01098,False,none,none
txn_01099,True,cross_merchant_ring,abuse_04
txn_01100,False,none,none
txn_01101,False,none,none
txn_01102,False,none,none
txn_01103,False,none,none
txn_01104,False,none,none
txn_01105,False,none,none
txn_01106,False,none,none
txn_01107,False,none,none
txn_01108,False,none,none
txn_01109,False,none,none
txn_01110,False,none,none
txn_01111,False,none,none
txn_01112,False,none,none
txn_01113,False,none,none
txn_01114,False,none,none
txn_01115,False,none,none
txn_01116,False,none,none
txn_01117,False,none,none
txn_01118,False,none,none
txn_01119,False,none,none
txn_01120,False,none,none
txn_01121,False,none,none
txn_01122,False,none,none
txn_01123,False,none,none
txn_01124,False,none,none
txn_01125,False,none,none
txn_01126,False,none,none
txn_01127,False,none,none
txn_01128,False,none,none
txn_01129,False,none,none
txn_01130,False,none,none
txn_01131,False,none,none
txn_01132,False,none,none
txn_01133,False,none,none
txn_01134,False,none,none
txn_01135,False,none,none
txn_01136,False,none,none
txn_01137,False,none,none
txn_01138,False,none,none
txn_01139,False,none,none
txn_01140,False,none,none
txn_01141,False,none,none
txn_01142,False,none,none
txn_01143,False,none,none
txn_01144,False,none,none
txn_01145,False,none,none
txn_01146,False,none,none
txn_01147,False,none,none
txn_01148,False,none,none
txn_01149,False,none,none
txn_01150,False,none,none
txn_01151,False,none,none
txn_01152,False,none,none
txn_01153,False,none,none
txn_01154,False,none,none
txn_01155,False,none,none
txn_01156,False,none,none
txn_01157,False,none,none
txn_01158,False,none,none
txn_01159,False,none,none
txn_01160,False,none,none
txn_01161,False,none,none
txn_01162,False,none,none
txn_01163,False,none,none
txn_01164,False,none,none
txn_01165,False,none,none
txn_01166,False,none,none
txn_01167,False,none,none
txn_01168,False,none,none
txn_01169,False,none,none
txn_01170,False,none,none
txn_01171,False,none,none
txn_01172,False,none,none
txn_01173,False,none,none
txn_01174,False,none,none
txn_01175,False,none,none
txn_01176,False,none,none
txn_01177,False,none,none
txn_01178,False,none,none
txn_01179,False,none,none
txn_01180,False,none,none
txn_01181,False,none,none
txn_01182,False,none,none
txn_01183,False,none,none
txn_01184,False,none,none
txn_01185,False,none,none
txn_01186,False,none,none
txn_01187,False,none,none
txn_01188,False,none,none
txn_01189,False,none,none
txn_01190,False,none,none
txn_01191,False,none,none
txn_01192,False,none,none
txn_01193,False,none,none
txn_01194,False,none,none
txn_01195,False,none,none
txn_01196,False,none,none
txn_01197,False,none,none
txn_01198,False,none,none
txn_01199,False,none,none
txn_01200,False,none,none
txn_01201,False,none,none
txn_01202,False,none,none
txn_01203,False,none,none
txn_01204,False,none,none
txn_01205,True,velocity_burst,abuse_03
txn_01206,False,none,none
txn_01207,False,none,none
txn_01208,False,none,none
txn_01209,False,none,none
txn_01210,False,none,none
txn_01211,False,none,none
txn_01212,False,none,none
txn_01213,False,none,none
txn_01214,False,none,none
txn_01215,False,none,none
txn_01216,False,none,none
txn_01217,False,none,none
txn_01218,False,none,none
txn_01219,False,none,none
txn_01220,False,none,none
txn_01221,False,none,none
txn_01222,False,none,none
txn_01223,False,none,none
txn_01224,False,none,none
txn_01225,False,none,none
txn_01226,False,none,none
txn_01227,False,none,none
txn_01228,False,none,none
txn_01229,False,none,none
txn_01230,False,none,none
txn_01231,False,none,none
txn_01232,False,none,none
txn_01233,False,none,none
txn_01234,False,none,none
txn_01235,False,none,none
txn_01236,False,none,none
txn_01237,False,none,none
txn_01238,False,none,none
txn_01239,False,none,none
txn_01240,False,none,none
txn_01241,False,none,none
txn_01242,False,none,none
txn_01243,False,none,none
txn_01244,False,none,none
txn_01245,False,none,none
txn_01246,False,none,none
txn_01247,False,none,none
txn_01248,False,none,none
txn_01249,False,none,none
txn_01250,False,none,none
txn_01251,False,none,none
txn_01252,False,none,none
txn_01253,False,none,none
txn_01254,False,none,none
txn_01255,False,none,none
txn_01256,False,none,none
txn_01257,False,none,none
txn_01258,False,none,none
txn_01259,False,none,none
txn_01260,False,none,none
txn_01261,False,none,none
txn_01262,False,none,none
txn_01263,False,none,none
txn_01264,False,none,none
txn_01265,False,none,none
txn_01266,False,none,none
txn_01267,False,none,none
txn_01268,True,cross_merchant_ring,abuse_04
txn_01269,False,none,none
txn_01270,False,none,none
txn_01271,False,none,none
txn_01272,False,none,none
txn_01273,True,shared_payment_instrument,abuse_02
txn_01274,False,none,none
txn_01275,False,none,none
txn_01276,False,none,none
txn_01277,False,none,none
txn_01278,False,none,none
txn_01279,False,none,none
txn_01280,False,none,none
txn_01281,False,none,none
txn_01282,False,none,none
txn_01283,False,none,none
txn_01284,False,none,none
txn_01285,False,none,none
txn_01286,False,none,none
txn_01287,False,none,none
txn_01288,False,none,none
txn_01289,False,none,none
txn_01290,False,none,none
txn_01291,False,none,none
txn_01292,False,none,none
txn_01293,False,none,none
txn_01294,False,none,none
txn_01295,False,none,none
txn_01296,False,none,none
txn_01297,False,none,none
txn_01298,False,none,none
txn_01299,False,none,none
txn_01300,False,none,none
txn_01301,False,none,none
txn_01302,False,none,none
txn_01303,False,none,none
txn_01304,False,none,none
txn_01305,False,none,none
txn_01306,False,none,none
txn_01307,False,none,none
txn_01308,False,none,none
txn_01309,False,none,none
txn_01310,False,none,none
txn_01311,False,none,none
txn_01312,False,none,none
txn_01313,False,none,none
txn_01314,False,none,none
txn_01315,False,none,none
txn_01316,False,none,none
txn_01317,False,none,none
txn_01318,False,none,none
txn_01319,True,velocity_burst,abuse_03
txn_01320,False,none,none
txn_01321,False,none,none
txn_01322,False,none,none
txn_01323,False,none,none
txn_01324,False,none,none
txn_01325,False,none,none
txn_01326,False,none,none
txn_01327,False,none,none
txn_01328,False,none,none
txn_01329,False,none,none
txn_01330,False,none,none
txn_01331,False,none,none
txn_01332,False,none,none
txn_01333,False,none,none
txn_01334,False,none,none
txn_01335,False,none,none
txn_01336,False,none,none
txn_01337,False,none,none
txn_01338,False,none,none
txn_01339,False,none,none
txn_01340,False,none,none
txn_01341,False,none,none
txn_01342,False,none,none
txn_01343,False,none,none
txn_01344,False,none,none
txn_01345,False,none,none
txn_01346,False,none,none
txn_01347,False,none,none
txn_01348,False,none,none
txn_01349,False,none,none
txn_01350,False,none,none
txn_01351,False,none,none
txn_01352,False,none,none
txn_01353,False,none,none
txn_01354,False,none,none
txn_01355,True,shared_device,abuse_01
txn_01356,False,none,none
txn_01357,False,none,none
txn_01358,False,none,none
txn_01359,False,none,none
txn_01360,False,none,none
txn_01361,False,none,none
txn_01362,False,none,none
txn_01363,False,none,none
txn_01364,False,none,none
txn_01365,False,none,none
txn_01366,False,none,none
txn_01367,False,none,none
txn_01368,False,none,none
txn_01369,False,none,none
txn_01370,False,none,none
txn_01371,False,none,none
txn_01372,False,none,none
txn_01373,False,none,none
txn_01374,False,none,none
txn_01375,False,none,none
txn_01376,False,none,none
txn_01377,False,none,none
txn_01378,False,none,none
txn_01379,False,none,none
txn_01380,False,none,none
txn_01381,True,shared_payment_instrument,abuse_02
txn_01382,False,none,none
txn_01383,False,none,none
txn_01384,False,none,none
txn_01385,False,none,none
txn_01386,False,none,none
txn_01387,False,none,none
txn_01388,False,none,none
txn_01389,False,none,none
txn_01390,False,none,none
txn_01391,False,none,none
txn_01392,True,shared_device,abuse_01
txn_01393,False,none,none
txn_01394,False,none,none
txn_01395,False,none,none
txn_01396,False,none,none
txn_01397,False,none,none
txn_01398,False,none,none
txn_01399,False,none,none
txn_01400,False,none,none
txn_01401,False,none,none
txn_01402,False,none,none
txn_01403,False,none,none
txn_01404,False,none,none
txn_01405,False,none,none
txn_01406,False,none,none
txn_01407,False,none,none
txn_01408,False,none,none
txn_01409,False,none,none
txn_01410,False,none,none
txn_01411,False,none,none
txn_01412,False,none,none
txn_01413,False,none,none
txn_01414,False,none,none
txn_01415,False,none,none
txn_01416,False,none,none
txn_01417,False,none,none
txn_01418,False,none,none
txn_01419,False,none,none
txn_01420,False,none,none
txn_01421,False,none,none
txn_01422,False,none,none
txn_01423,False,none,none
txn_01424,False,none,none
txn_01425,False,none,none
txn_01426,False,none,none
txn_01427,False,none,none
txn_01428,False,none,none
txn_01429,False,none,none
txn_01430,False,none,none
txn_01431,False,none,none
txn_01432,False,none,none
txn_01433,False,none,none
txn_01434,False,none,none
txn_01435,False,none,none
txn_01436,False,none,none
txn_01437,False,none,none
txn_01438,False,none,none
txn_01439,False,none,none
txn_01440,False,none,none
txn_01441,False,none,none
txn_01442,False,none,none
txn_01443,False,none,none
txn_01444,False,none,none
txn_01445,False,none,none
txn_01446,False,none,none
txn_01447,False,none,none
txn_01448,False,none,none
txn_01449,True,velocity_burst,abuse_03
txn_01450,False,none,none
txn_01451,False,none,none
txn_01452,False,none,none
txn_01453,False,none,none
txn_01454,False,none,none
txn_01455,False,none,none
txn_01456,False,none,none
txn_01457,False,none,none
txn_01458,False,none,none
txn_01459,False,none,none
txn_01460,False,none,none
txn_01461,False,none,none
txn_01462,False,none,none
txn_01463,False,none,none
txn_01464,False,none,none
txn_01465,False,none,none
txn_01466,False,none,none
txn_01467,False,none,none
txn_01468,False,none,none
txn_01469,False,none,none
txn_01470,False,none,none
txn_01471,False,none,none
txn_01472,False,none,none
txn_01473,False,none,none
txn_01474,False,none,none
txn_01475,False,none,none
txn_01476,False,none,none
txn_01477,False,none,none
txn_01478,False,none,none
txn_01479,False,none,none
txn_01480,False,none,none
txn_01481,False,none,none
txn_01482,False,none,none
txn_01483,False,none,none
txn_01484,False,none,none
txn_01485,False,none,none
txn_01486,False,none,none
txn_01487,False,none,none
txn_01488,False,none,none
txn_01489,False,none,none
txn_01490,False,none,none
txn_01491,False,none,none
txn_01492,False,none,none
txn_01493,False,none,none
txn_01494,False,none,none
txn_01495,False,none,none
txn_01496,False,none,none
txn_01497,False,none,none
txn_01498,False,none,none
txn_01499,False,none,none
txn_01500,False,none,none
txn_01501,False,none,none
txn_01502,False,none,none
txn_01503,False,none,none
txn_01504,False,none,none
txn_01505,False,none,none
txn_01506,False,none,none
txn_01507,False,none,none
txn_01508,False,none,none
txn_01509,False,none,none
txn_01510,False,none,none
txn_01511,False,none,none
txn_01512,False,none,none
txn_01513,False,none,none
txn_01514,False,none,none
txn_01515,False,none,none
txn_01516,False,none,none
txn_01517,False,none,none
txn_01518,False,none,none
txn_01519,False,none,none
txn_01520,False,none,none
txn_01521,False,none,none
txn_01522,True,shared_device,abuse_01
txn_01523,False,none,none
txn_01524,False,none,none
txn_01525,False,none,none
txn_01526,False,none,none
txn_01527,False,none,none
txn_01528,False,none,none
txn_01529,False,none,none
txn_01530,False,none,none
txn_01531,False,none,none
txn_01532,False,none,none
txn_01533,False,none,none
txn_01534,False,none,none
txn_01535,False,none,none
txn_01536,False,none,none
txn_01537,False,none,none
txn_01538,False,none,none
txn_01539,False,none,none
txn_01540,False,none,none
txn_01541,False,none,none
txn_01542,False,none,none
txn_01543,False,none,none
txn_01544,False,none,none
txn_01545,False,none,none
txn_01546,False,none,none
txn_01547,False,none,none
txn_01548,False,none,none
txn_01549,False,none,none
txn_01550,False,none,none
txn_01551,False,none,none
txn_01552,True,velocity_burst,abuse_03
txn_01553,False,none,none
txn_01554,False,none,none
txn_01555,False,none,none
txn_01556,False,none,none
txn_01557,False,none,none
txn_01558,False,none,none
txn_01559,False,none,none
txn_01560,False,none,none
txn_01561,False,none,none
txn_01562,False,none,none
txn_01563,False,none,none
txn_01564,False,none,none
txn_01565,False,none,none
txn_01566,False,none,none
txn_01567,False,none,none
txn_01568,False,none,none
txn_01569,False,none,none
txn_01570,False,none,none
txn_01571,False,none,none
txn_01572,False,none,none
txn_01573,False,none,none
txn_01574,False,none,none
txn_01575,False,none,none
txn_01576,False,none,none
txn_01577,False,none,none
txn_01578,False,none,none
txn_01579,False,none,none
txn_01580,False,none,none
txn_01581,False,none,none
txn_01582,False,none,none
txn_01583,False,none,none
txn_01584,False,none,none
txn_01585,False,none,none
txn_01586,False,none,none
txn_01587,True,velocity_burst,abuse_03
txn_01588,False,none,none
txn_01589,False,none,none
txn_01590,False,none,none
txn_01591,False,none,none
txn_01592,False,none,none
txn_01593,False,none,none
txn_01594,False,none,none
txn_01595,False,none,none
txn_01596,False,none,none
txn_01597,False,none,none
txn_01598,False,none,none
txn_01599,False,none,none
txn_01600,False,none,none
txn_01601,False,none,none
txn_01602,False,none,none
txn_01603,False,none,none
txn_01604,False,none,none
txn_01605,False,none,none
txn_01606,False,none,none
txn_01607,False,none,none
txn_01608,False,none,none
txn_01609,False,none,none
txn_01610,False,none,none
txn_01611,False,none,none
txn_01612,False,none,none
txn_01613,False,none,none
txn_01614,False,none,none
txn_01615,False,none,none
txn_01616,False,none,none
txn_01617,False,none,none
txn_01618,False,none,none
txn_01619,False,none,none
txn_01620,False,none,none
txn_01621,False,none,none
txn_01622,False,none,none
txn_01623,False,none,none
txn_01624,False,none,none
txn_01625,False,none,none
txn_01626,False,none,none
txn_01627,False,none,none
txn_01628,False,none,none
txn_01629,False,none,none
txn_01630,False,none,none
txn_01631,False,none,none
txn_01632,False,none,none
txn_01633,False,none,none
txn_01634,False,none,none
txn_01635,False,none,none
txn_01636,False,none,none
txn_01637,False,none,none
txn_01638,False,none,none
txn_01639,False,none,none
txn_01640,False,none,none
txn_01641,False,none,none
txn_01642,False,none,none
txn_01643,False,none,none
txn_01644,False,none,none
txn_01645,False,none,none
txn_01646,False,none,none
txn_01647,True,cross_merchant_ring,abuse_04
txn_01648,False,none,none
txn_01649,False,none,none
txn_01650,True,cross_merchant_ring,abuse_04
txn_01651,False,none,none
txn_01652,False,none,none
txn_01653,False,none,none
txn_01654,False,none,none
txn_01655,False,none,none
txn_01656,False,none,none
txn_01657,False,none,none
txn_01658,True,velocity_burst,abuse_03
txn_01659,False,none,none
txn_01660,False,none,none
txn_01661,False,none,none
txn_01662,False,none,none
txn_01663,False,none,none
txn_01664,False,none,none
txn_01665,False,none,none
txn_01666,False,none,none
txn_01667,False,none,none
txn_01668,False,none,none
txn_01669,False,none,none
txn_01670,False,none,none
txn_01671,True,cross_merchant_ring,abuse_04
txn_01672,False,none,none
txn_01673,False,none,none
txn_01674,False,none,none
txn_01675,False,none,none
txn_01676,False,none,none
txn_01677,False,none,none
txn_01678,False,none,none
txn_01679,False,none,none
txn_01680,False,none,none
txn_01681,False,none,none
txn_01682,False,none,none
txn_01683,False,none,none
txn_01684,False,none,none
txn_01685,False,none,none
txn_01686,False,none,none
txn_01687,False,none,none
txn_01688,False,none,none
txn_01689,False,none,none
txn_01690,False,none,none
txn_01691,False,none,none
txn_01692,False,none,none
txn_01693,False,none,none
txn_01694,True,shared_device,abuse_01
txn_01695,False,none,none
txn_01696,False,none,none
txn_01697,False,none,none
txn_01698,False,none,none
txn_01699,False,none,none
txn_01700,False,none,none
txn_01701,False,none,none
txn_01702,False,none,none
txn_01703,False,none,none
txn_01704,False,none,none
txn_01705,False,none,none
txn_01706,False,none,none
txn_01707,False,none,none
txn_01708,False,none,none
txn_01709,False,none,none
txn_01710,False,none,none
txn_01711,True,velocity_burst,abuse_03
txn_01712,False,none,none
txn_01713,False,none,none
txn_01714,False,none,none
txn_01715,False,none,none
txn_01716,False,none,none
txn_01717,False,none,none
txn_01718,False,none,none
txn_01719,False,none,none
txn_01720,False,none,none
txn_01721,False,none,none
txn_01722,False,none,none
txn_01723,False,none,none
txn_01724,False,none,none
txn_01725,True,velocity_burst,abuse_03
txn_01726,False,none,none
txn_01727,False,none,none
txn_01728,False,none,none
txn_01729,False,none,none
txn_01730,False,none,none
txn_01731,False,none,none
txn_01732,False,none,none
txn_01733,False,none,none
txn_01734,False,none,none
txn_01735,False,none,none
txn_01736,False,none,none
txn_01737,False,none,none
txn_01738,False,none,none
txn_01739,False,none,none
txn_01740,False,none,none
txn_01741,False,none,none
txn_01742,False,none,none
txn_01743,False,none,none
txn_01744,False,none,none
txn_01745,False,none,none
txn_01746,False,none,none
txn_01747,False,none,none
txn_01748,False,none,none
txn_01749,False,none,none
txn_01750,False,none,none
txn_01751,False,none,none
txn_01752,False,none,none
txn_01753,False,none,none
txn_01754,False,none,none
txn_01755,False,none,none
txn_01756,False,none,none
txn_01757,False,none,none
txn_01758,False,none,none
txn_01759,False,none,none
txn_01760,False,none,none
txn_01761,False,none,none
txn_01762,False,none,none
txn_01763,False,none,none
txn_01764,False,none,none
txn_01765,False,none,none
txn_01766,False,none,none
txn_01767,False,none,none
txn_01768,False,none,none
txn_01769,False,none,none
txn_01770,False,none,none
txn_01771,False,none,none
txn_01772,False,none,none
txn_01773,False,none,none
txn_01774,False,none,none
txn_01775,False,none,none
txn_01776,False,none,none
txn_01777,False,none,none
txn_01778,False,none,none
txn_01779,False,none,none
txn_01780,False,none,none
txn_01781,False,none,none
txn_01782,True,shared_device,abuse_01
txn_01783,False,none,none
txn_01784,False,none,none
txn_01785,False,none,none
txn_01786,False,none,none
txn_01787,False,none,none
txn_01788,False,none,none
txn_01789,False,none,none
txn_01790,False,none,none
txn_01791,False,none,none
txn_01792,True,cross_merchant_ring,abuse_04
txn_01793,False,none,none
txn_01794,False,none,none
txn_01795,False,none,none
txn_01796,False,none,none
txn_01797,False,none,none
txn_01798,False,none,none
txn_01799,False,none,none
txn_01800,False,none,none
txn_01801,False,none,none
txn_01802,False,none,none
txn_01803,False,none,none
txn_01804,False,none,none
txn_01805,False,none,none
txn_01806,False,none,none
txn_01807,False,none,none
txn_01808,False,none,none
txn_01809,False,none,none
txn_01810,False,none,none
txn_01811,False,none,none
txn_01812,False,none,none
txn_01813,False,none,none
txn_01814,False,none,none
txn_01815,False,none,none
txn_01816,False,none,none
txn_01817,False,none,none
txn_01818,False,none,none
txn_01819,False,none,none
txn_01820,False,none,none
txn_01821,False,none,none
txn_01822,False,none,none
txn_01823,False,none,none
txn_01824,True,shared_payment_instrument,abuse_02
txn_01825,False,none,none
txn_01826,True,shared_payment_instrument,abuse_02
txn_01827,False,none,none
txn_01828,False,none,none
txn_01829,False,none,none
txn_01830,False,none,none
txn_01831,False,none,none
txn_01832,False,none,none
txn_01833,False,none,none
txn_01834,False,none,none
txn_01835,False,none,none
txn_01836,False,none,none
txn_01837,False,none,none
txn_01838,False,none,none
txn_01839,False,none,none
txn_01840,False,none,none
txn_01841,False,none,none
txn_01842,False,none,none
txn_01843,False,none,none
txn_01844,False,none,none
txn_01845,False,none,none
txn_01846,False,none,none
txn_01847,False,none,none
txn_01848,False,none,none
txn_01849,False,none,none
txn_01850,False,none,none
txn_01851,False,none,none
txn_01852,False,none,none
txn_01853,False,none,none
txn_01854,False,none,none
txn_01855,False,none,none
txn_01856,False,none,none
txn_01857,True,shared_device,abuse_01
txn_01858,False,none,none
txn_01859,False,none,none
txn_01860,False,none,none
txn_01861,False,none,none
txn_01862,False,none,none
txn_01863,False,none,none
txn_01864,False,none,none
txn_01865,False,none,none
txn_01866,False,none,none
txn_01867,False,none,none
txn_01868,False,none,none
txn_01869,False,none,none
txn_01870,False,none,none
txn_01871,False,none,none
txn_01872,False,none,none
txn_01873,False,none,none
txn_01874,False,none,none
txn_01875,False,none,none
txn_01876,False,none,none
txn_01877,False,none,none
txn_01878,False,none,none
txn_01879,True,cross_merchant_ring,abuse_04
txn_01880,False,none,none
txn_01881,False,none,none
txn_01882,False,none,none
txn_01883,False,none,none
txn_01884,False,none,none
txn_01885,False,none,none
txn_01886,False,none,none
txn_01887,False,none,none
txn_01888,False,none,none
txn_01889,False,none,none
txn_01890,False,none,none
txn_01891,True,cross_merchant_ring,abuse_04
txn_01892,False,none,none
txn_01893,False,none,none
txn_01894,False,none,none
txn_01895,False,none,none
txn_01896,True,velocity_burst,abuse_03
txn_01897,False,none,none
txn_01898,False,none,none
txn_01899,False,none,none
txn_01900,False,none,none
txn_01901,False,none,none
txn_01902,False,none,none
txn_01903,False,none,none
txn_01904,False,none,none
txn_01905,False,none,none
txn_01906,False,none,none
txn_01907,False,none,none
txn_01908,False,none,none
txn_01909,False,none,none
txn_01910,False,none,none
txn_01911,True,velocity_burst,abuse_03
txn_01912,False,none,none
txn_01913,False,none,none
txn_01914,False,none,none
txn_01915,False,none,none
txn_01916,False,none,none
txn_01917,False,none,none
txn_01918,False,none,none
txn_01919,False,none,none
txn_01920,False,none,none
txn_01921,False,none,none
txn_01922,False,none,none
txn_01923,False,none,none
txn_01924,False,none,none
txn_01925,False,none,none
txn_01926,False,none,none
txn_01927,False,none,none
txn_01928,False,none,none
txn_01929,False,none,none
txn_01930,False,none,none
txn_01931,False,none,none
txn_01932,False,none,none
txn_01933,False,none,none
txn_01934,False,none,none
txn_01935,False,none,none
txn_01936,False,none,none
txn_01937,False,none,none
txn_01938,False,none,none
txn_01939,False,none,none
txn_01940,False,none,none
txn_01941,False,none,none
txn_01942,False,none,none
txn_01943,False,none,none
txn_01944,True,cross_merchant_ring,abuse_04
txn_01945,False,none,none
txn_01946,False,none,none
txn_01947,False,none,none
txn_01948,False,none,none
txn_01949,False,none,none
txn_01950,False,none,none
txn_01951,True,cross_merchant_ring,abuse_04
txn_01952,False,none,none
txn_01953,False,none,none
txn_01954,False,none,none
txn_01955,True,cross_merchant_ring,abuse_04
txn_01956,False,none,none
txn_01957,False,none,none
txn_01958,False,none,none
txn_01959,False,none,none
txn_01960,True,cross_merchant_ring,abuse_04
txn_01961,False,none,none
txn_01962,False,none,none
txn_01963,False,none,none
txn_01964,False,none,none
txn_01965,False,none,none
txn_01966,False,none,none
txn_01967,False,none,none
txn_01968,False,none,none
txn_01969,False,none,none
txn_01970,False,none,none
txn_01971,False,none,none
txn_01972,False,none,none
txn_01973,False,none,none
txn_01974,False,none,none
txn_01975,False,none,none
txn_01976,False,none,none
txn_01977,False,none,none
txn_01978,False,none,none
txn_01979,False,none,none
txn_01980,False,none,none
txn_01981,False,none,none
txn_01982,False,none,none
txn_01983,False,none,none
txn_01984,False,none,none
txn_01985,False,none,none
txn_01986,False,none,none
txn_01987,False,none,none
txn_01988,False,none,none
txn_01989,False,none,none
txn_01990,False,none,none
txn_01991,False,none,none
txn_01992,False,none,none
txn_01993,False,none,none
txn_01994,False,none,none
txn_01995,False,none,none
txn_01996,True,velocity_burst,abuse_03
txn_01997,False,none,none
txn_01998,False,none,none
txn_01999,False,none,none
txn_02000,False,none,none
txn_02001,False,none,none
txn_02002,False,none,none
txn_02003,False,none,none
txn_02004,False,none,none
txn_02005,False,none,none
txn_02006,False,none,none
txn_02007,False,none,none
txn_02008,False,none,none
txn_02009,False,none,none
txn_02010,False,none,none
txn_02011,False,none,none
txn_02012,False,none,none
txn_02013,False,none,none
txn_02014,False,none,none
txn_02015,False,none,none
txn_02016,False,none,none
txn_02017,False,none,none
txn_02018,False,none,none
txn_02019,False,none,none
txn_02020,True,shared_payment_instrument,abuse_02
txn_02021,False,none,none
txn_02022,False,none,none
txn_02023,False,none,none
txn_02024,False,none,none
txn_02025,False,none,none
txn_02026,False,none,none
txn_02027,False,none,none
txn_02028,False,none,none
txn_02029,False,none,none
txn_02030,False,none,none
txn_02031,True,velocity_burst,abuse_03
txn_02032,False,none,none
txn_02033,False,none,none
txn_02034,False,none,none
txn_02035,False,none,none
txn_02036,False,none,none
txn_02037,False,none,none
txn_02038,False,none,none
txn_02039,False,none,none
txn_02040,False,none,none
txn_02041,False,none,none
txn_02042,False,none,none
txn_02043,False,none,none
txn_02044,False,none,none
txn_02045,False,none,none
txn_02046,False,none,none
txn_02047,False,none,none
txn_02048,False,none,none
txn_02049,False,none,none
txn_02050,False,none,none
txn_02051,False,none,none
txn_02052,False,none,none
txn_02053,False,none,none
txn_02054,False,none,none
txn_02055,False,none,none
txn_02056,False,none,none
txn_02057,False,none,none
txn_02058,False,none,none
txn_02059,False,none,none
txn_02060,False,none,none
txn_02061,False,none,none
txn_02062,False,none,none
txn_02063,False,none,none
txn_02064,False,none,none
txn_02065,False,none,none
txn_02066,False,none,none
txn_02067,False,none,none
txn_02068,False,none,none
txn_02069,False,none,none
txn_02070,False,none,none
txn_02071,False,none,none
txn_02072,False,none,none
txn_02073,False,none,none
txn_02074,False,none,none
txn_02075,False,none,none
txn_02076,False,none,none
txn_02077,False,none,none
txn_02078,True,velocity_burst,abuse_03
txn_02079,False,none,none
txn_02080,False,none,none
txn_02081,False,none,none
txn_02082,False,none,none
txn_02083,False,none,none
txn_02084,False,none,none
txn_02085,False,none,none
txn_02086,False,none,none
txn_02087,False,none,none
txn_02088,False,none,none
txn_02089,False,none,none
txn_02090,False,none,none
txn_02091,False,none,none
txn_02092,False,none,none
txn_02093,False,none,none
txn_02094,False,none,none
txn_02095,False,none,none
txn_02096,False,none,none
txn_02097,False,none,none
txn_02098,False,none,none
txn_02099,False,none,none
txn_02100,False,none,none
txn_02101,False,none,none
txn_02102,False,none,none
txn_02103,False,none,none
txn_02104,False,none,none
txn_02105,False,none,none
txn_02106,False,none,none
txn_02107,False,none,none
txn_02108,False,none,none
txn_02109,False,none,none
txn_02110,False,none,none
txn_02111,False,none,none
txn_02112,False,none,none
txn_02113,False,none,none
txn_02114,True,shared_device,abuse_01
txn_02115,False,none,none
txn_02116,False,none,none
txn_02117,False,none,none
txn_02118,True,velocity_burst,abuse_03
txn_02119,False,none,none
txn_02120,False,none,none
txn_02121,False,none,none
txn_02122,False,none,none
txn_02123,False,none,none
txn_02124,False,none,none
txn_02125,False,none,none
txn_02126,False,none,none
txn_02127,False,none,none
txn_02128,False,none,none
txn_02129,False,none,none
txn_02130,False,none,none
txn_02131,False,none,none
txn_02132,False,none,none
txn_02133,False,none,none
txn_02134,False,none,none
txn_02135,False,none,none
txn_02136,False,none,none
txn_02137,False,none,none
txn_02138,False,none,none
txn_02139,False,none,none
txn_02140,False,none,none
txn_02141,False,none,none
txn_02142,False,none,none
txn_02143,False,none,none
txn_02144,False,none,none
txn_02145,False,none,none
txn_02146,False,none,none
txn_02147,False,none,none
txn_02148,False,none,none
txn_02149,False,none,none
txn_02150,False,none,none
txn_02151,False,none,none
txn_02152,False,none,none
txn_02153,False,none,none
txn_02154,False,none,none
txn_02155,False,none,none
txn_02156,False,none,none
txn_02157,False,none,none
txn_02158,True,cross_merchant_ring,abuse_04
txn_02159,False,none,none
txn_02160,False,none,none
txn_02161,False,none,none
txn_02162,False,none,none
txn_02163,False,none,none
txn_02164,False,none,none
txn_02165,False,none,none
txn_02166,False,none,none
txn_02167,False,none,none
txn_02168,False,none,none
txn_02169,False,none,none
txn_02170,False,none,none
txn_02171,False,none,none
txn_02172,False,none,none
txn_02173,False,none,none
txn_02174,False,none,none
txn_02175,False,none,none
txn_02176,False,none,none
txn_02177,False,none,none
txn_02178,False,none,none
txn_02179,False,none,none
txn_02180,False,none,none
txn_02181,False,none,none
txn_02182,False,none,none
txn_02183,False,none,none
txn_02184,False,none,none
txn_02185,False,none,none
txn_02186,False,none,none
txn_02187,False,none,none
txn_02188,False,none,none
txn_02189,False,none,none
txn_02190,False,none,none
txn_02191,False,none,none
txn_02192,False,none,none
txn_02193,False,none,none
txn_02194,False,none,none
txn_02195,False,none,none
txn_02196,False,none,none
txn_02197,False,none,none
txn_02198,False,none,none
txn_02199,False,none,none
txn_02200,False,none,none
txn_02201,False,none,none
txn_02202,False,none,none
txn_02203,False,none,none
txn_02204,False,none,none
txn_02205,False,none,none
txn_02206,False,none,none
txn_02207,False,none,none
txn_02208,False,none,none
txn_02209,False,none,none
txn_02210,False,none,none
txn_02211,False,none,none
txn_02212,False,none,none
txn_02213,False,none,none
txn_02214,False,none,none
txn_02215,False,none,none
txn_02216,False,none,none
txn_02217,False,none,none
txn_02218,False,none,none
txn_02219,False,none,none
txn_02220,False,none,none
txn_02221,False,none,none
txn_02222,False,none,none
txn_02223,False,none,none
txn_02224,True,shared_payment_instrument,abuse_02
txn_02225,False,none,none
txn_02226,False,none,none
txn_02227,False,none,none
txn_02228,False,none,none
txn_02229,False,none,none
txn_02230,False,none,none
txn_02231,False,none,none
txn_02232,False,none,none
txn_02233,False,none,none
txn_02234,False,none,none
txn_02235,False,none,none
txn_02236,False,none,none
txn_02237,False,none,none
txn_02238,False,none,none
txn_02239,False,none,none
txn_02240,False,none,none
txn_02241,False,none,none
txn_02242,False,none,none
txn_02243,False,none,none
txn_02244,True,velocity_burst,abuse_03
txn_02245,False,none,none
txn_02246,False,none,none
txn_02247,False,none,none
txn_02248,False,none,none
txn_02249,False,none,none
txn_02250,False,none,none
txn_02251,False,none,none
txn_02252,False,none,none
txn_02253,False,none,none
txn_02254,False,none,none
txn_02255,False,none,none
txn_02256,False,none,none
txn_02257,False,none,none
txn_02258,False,none,none
txn_02259,False,none,none
txn_02260,False,none,none
txn_02261,False,none,none
txn_02262,False,none,none
txn_02263,False,none,none
txn_02264,False,none,none
txn_02265,False,none,none
txn_02266,False,none,none
txn_02267,False,none,none
txn_02268,False,none,none
txn_02269,False,none,none
txn_02270,False,none,none
txn_02271,False,none,none
txn_02272,False,none,none
txn_02273,False,none,none
txn_02274,False,none,none
txn_02275,False,none,none
txn_02276,False,none,none
txn_02277,False,none,none
txn_02278,False,none,none
txn_02279,False,none,none
txn_02280,False,none,none
txn_02281,False,none,none
txn_02282,False,none,none
txn_02283,False,none,none
txn_02284,False,none,none
txn_02285,False,none,none
txn_02286,False,none,none
txn_02287,False,none,none
txn_02288,False,none,none
txn_02289,False,none,none
txn_02290,False,none,none
txn_02291,True,velocity_burst,abuse_03
txn_02292,False,none,none
txn_02293,False,none,none
txn_02294,True,cross_merchant_ring,abuse_04
txn_02295,False,none,none
txn_02296,False,none,none
txn_02297,False,none,none
txn_02298,False,none,none
txn_02299,False,none,none
txn_02300,False,none,none
txn_02301,False,none,none
txn_02302,False,none,none
txn_02303,False,none,none
txn_02304,False,none,none
txn_02305,False,none,none
txn_02306,False,none,none
txn_02307,False,none,none
txn_02308,False,none,none
txn_02309,False,none,none
txn_02310,False,none,none
txn_02311,False,none,none
txn_02312,False,none,none
txn_02313,False,none,none
txn_02314,False,none,none
txn_02315,False,none,none
txn_02316,False,none,none
txn_02317,False,none,none
txn_02318,False,none,none
txn_02319,False,none,none
txn_02320,False,none,none
txn_02321,False,none,none
txn_02322,True,velocity_burst,abuse_03
txn_02323,False,none,none
txn_02324,False,none,none
txn_02325,False,none,none
txn_02326,False,none,none
txn_02327,False,none,none
txn_02328,False,none,none
txn_02329,False,none,none
txn_02330,False,none,none
txn_02331,False,none,none
txn_02332,False,none,none
txn_02333,False,none,none
txn_02334,False,none,none
txn_02335,False,none,none
txn_02336,False,none,none
txn_02337,False,none,none
txn_02338,False,none,none
txn_02339,False,none,none
txn_02340,False,none,none
txn_02341,True,velocity_burst,abuse_03
txn_02342,False,none,none
txn_02343,False,none,none
txn_02344,False,none,none
txn_02345,False,none,none
txn_02346,True,velocity_burst,abuse_03
txn_02347,False,none,none
txn_02348,False,none,none
txn_02349,False,none,none
txn_02350,False,none,none
txn_02351,False,none,none
txn_02352,False,none,none
txn_02353,False,none,none
txn_02354,True,velocity_burst,abuse_03
txn_02355,False,none,none
txn_02356,False,none,none
txn_02357,False,none,none
txn_02358,False,none,none
txn_02359,True,shared_payment_instrument,abuse_02
txn_02360,False,none,none
txn_02361,False,none,none
txn_02362,False,none,none
txn_02363,False,none,none
txn_02364,False,none,none
txn_02365,False,none,none
txn_02366,False,none,none
txn_02367,False,none,none
txn_02368,False,none,none
txn_02369,False,none,none
txn_02370,False,none,none
txn_02371,False,none,none
txn_02372,False,none,none
txn_02373,False,none,none
txn_02374,False,none,none
txn_02375,False,none,none
txn_02376,False,none,none
txn_02377,False,none,none
txn_02378,False,none,none
txn_02379,False,none,none
txn_02380,False,none,none
txn_02381,False,none,none
txn_02382,False,none,none
txn_02383,False,none,none
txn_02384,False,none,none
txn_02385,False,none,none
txn_02386,False,none,none
txn_02387,False,none,none
txn_02388,False,none,none
txn_02389,False,none,none
txn_02390,False,none,none
txn_02391,False,none,none
txn_02392,False,none,none
txn_02393,False,none,none
txn_02394,False,none,none
txn_02395,False,none,none
txn_02396,False,none,none
txn_02397,False,none,none
txn_02398,False,none,none
txn_02399,False,none,none
txn_02400,False,none,none
txn_02401,False,none,none
txn_02402,False,none,none
txn_02403,False,none,none
txn_02404,False,none,none
txn_02405,False,none,none
txn_02406,False,none,none
txn_02407,False,none,none
txn_02408,False,none,none
txn_02409,False,none,none
txn_02410,False,none,none
txn_02411,False,none,none
txn_02412,False,none,none
txn_02413,False,none,none
txn_02414,False,none,none
txn_02415,False,none,none
txn_02416,False,none,none
txn_02417,False,none,none
txn_02418,False,none,none
txn_02419,False,none,none
txn_02420,False,none,none
txn_02421,False,none,none
txn_02422,False,none,none
txn_02423,False,none,none
txn_02424,False,none,none
txn_02425,False,none,none
txn_02426,False,none,none
txn_02427,False,none,none
txn_02428,False,none,none
txn_02429,False,none,none
txn_02430,False,none,none
txn_02431,False,none,none
txn_02432,False,none,none
txn_02433,False,none,none
txn_02434,False,none,none
txn_02435,False,none,none
txn_02436,False,none,none
txn_02437,False,none,none
txn_02438,False,none,none
txn_02439,False,none,none
txn_02440,False,none,none
txn_02441,False,none,none
txn_02442,False,none,none
txn_02443,False,none,none
txn_02444,False,none,none
txn_02445,False,none,none
txn_02446,False,none,none
txn_02447,False,none,none
txn_02448,False,none,none
txn_02449,False,none,none
txn_02450,False,none,none
txn_02451,False,none,none
txn_02452,False,none,none
txn_02453,False,none,none
txn_02454,False,none,none
txn_02455,False,none,none
txn_02456,False,none,none
txn_02457,False,none,none
txn_02458,False,none,none
txn_02459,False,none,none
txn_02460,False,none,none
txn_02461,False,none,none
txn_02462,False,none,none
txn_02463,False,none,none
txn_02464,False,none,none
txn_02465,False,none,none
txn_02466,False,none,none
txn_02467,False,none,none
txn_02468,False,none,none
txn_02469,False,none,none
txn_02470,False,none,none
txn_02471,False,none,none
txn_02472,False,none,none
txn_02473,False,none,none
txn_02474,False,none,none
txn_02475,False,none,none
txn_02476,False,none,none
txn_02477,False,none,none
txn_02478,False,none,none
txn_02479,False,none,none
txn_02480,False,none,none
txn_02481,False,none,none
txn_02482,False,none,none
txn_02483,False,none,none
txn_02484,False,none,none
txn_02485,False,none,none
txn_02486,False,none,none
txn_02487,False,none,none
txn_02488,False,none,none
txn_02489,False,none,none
txn_02490,False,none,none
txn_02491,False,none,none
txn_02492,False,none,none
txn_02493,False,none,none
txn_02494,False,none,none
txn_02495,False,none,none
txn_02496,False,none,none
txn_02497,False,none,none
txn_02498,False,none,none
txn_02499,False,none,none
txn_02500,False,none,none
txn_02501,False,none,none
txn_02502,False,none,none
txn_02503,False,none,none
txn_02504,False,none,none
txn_02505,False,none,none
txn_02506,False,none,none
txn_02507,False,none,none
txn_02508,False,none,none
txn_02509,False,none,none
txn_02510,False,none,none
txn_02511,False,none,none
txn_02512,False,none,none
txn_02513,False,none,none
txn_02514,False,none,none
txn_02515,False,none,none
txn_02516,False,none,none
txn_02517,False,none,none
txn_02518,False,none,none
txn_02519,False,none,none
txn_02520,False,none,none
txn_02521,False,none,none
txn_02522,False,none,none
txn_02523,False,none,none
txn_02524,False,none,none
txn_02525,False,none,none
txn_02526,False,none,none
txn_02527,False,none,none
txn_02528,False,none,none
txn_02529,False,none,none
txn_02530,False,none,none
txn_02531,False,none,none
txn_02532,False,none,none
txn_02533,False,none,none
txn_02534,True,shared_device,abuse_01
txn_02535,False,none,none
txn_02536,False,none,none
txn_02537,False,none,none
txn_02538,False,none,none
txn_02539,False,none,none
txn_02540,False,none,none
txn_02541,False,none,none
txn_02542,False,none,none
txn_02543,False,none,none
txn_02544,False,none,none
txn_02545,False,none,none
txn_02546,False,none,none
txn_02547,False,none,none
txn_02548,False,none,none
txn_02549,False,none,none
txn_02550,False,none,none
txn_02551,False,none,none
txn_02552,True,cross_merchant_ring,abuse_04
txn_02553,False,none,none
txn_02554,False,none,none
txn_02555,False,none,none
txn_02556,False,none,none
txn_02557,False,none,none
txn_02558,False,none,none
txn_02559,False,none,none
txn_02560,False,none,none
txn_02561,False,none,none
txn_02562,False,none,none
txn_02563,False,none,none
txn_02564,False,none,none
txn_02565,False,none,none
txn_02566,True,shared_payment_instrument,abuse_02
txn_02567,False,none,none
txn_02568,False,none,none
txn_02569,False,none,none
txn_02570,False,none,none
txn_02571,False,none,none
txn_02572,False,none,none
txn_02573,False,none,none
txn_02574,False,none,none
txn_02575,False,none,none
txn_02576,False,none,none
txn_02577,False,none,none
txn_02578,False,none,none
txn_02579,False,none,none
txn_02580,False,none,none
txn_02581,False,none,none
txn_02582,False,none,none
txn_02583,False,none,none
txn_02584,False,none,none
txn_02585,False,none,none
txn_02586,False,none,none
txn_02587,False,none,none
txn_02588,False,none,none
txn_02589,False,none,none
txn_02590,False,none,none
txn_02591,False,none,none
txn_02592,False,none,none
txn_02593,False,none,none
txn_02594,False,none,none
txn_02595,False,none,none
txn_02596,False,none,none
txn_02597,False,none,none
txn_02598,False,none,none
txn_02599,False,none,none
txn_02600,False,none,none
txn_02601,False,none,none
txn_02602,False,none,none
txn_02603,False,none,none
txn_02604,False,none,none
txn_02605,False,none,none
txn_02606,False,none,none
txn_02607,False,none,none
txn_02608,False,none,none
txn_02609,False,none,none
txn_02610,True,shared_payment_instrument,abuse_02
txn_02611,False,none,none
txn_02612,False,none,none
txn_02613,False,none,none
txn_02614,False,none,none
txn_02615,False,none,none
txn_02616,False,none,none
txn_02617,False,none,none
txn_02618,False,none,none
txn_02619,False,none,none
txn_02620,False,none,none
txn_02621,False,none,none
txn_02622,False,none,none
txn_02623,False,none,none
txn_02624,False,none,none
txn_02625,False,none,none
txn_02626,False,none,none
txn_02627,False,none,none
txn_02628,False,none,none
txn_02629,False,none,none
txn_02630,False,none,none
txn_02631,False,none,none
txn_02632,False,none,none
txn_02633,False,none,none
txn_02634,False,none,none
txn_02635,False,none,none
txn_02636,False,none,none
txn_02637,False,none,none
txn_02638,False,none,none
txn_02639,False,none,none
txn_02640,False,none,none
txn_02641,False,none,none
txn_02642,False,none,none
txn_02643,False,none,none
txn_02644,False,none,none
txn_02645,False,none,none
txn_02646,False,none,none
txn_02647,True,velocity_burst,abuse_03
txn_02648,False,none,none
txn_02649,False,none,none
txn_02650,False,none,none
txn_02651,False,none,none
txn_02652,False,none,none
txn_02653,False,none,none
txn_02654,False,none,none
txn_02655,False,none,none
txn_02656,False,none,none
txn_02657,False,none,none
txn_02658,False,none,none
txn_02659,False,none,none
txn_02660,False,none,none
txn_02661,False,none,none
txn_02662,False,none,none
txn_02663,False,none,none
txn_02664,False,none,none
txn_02665,False,none,none
txn_02666,False,none,none
txn_02667,False,none,none
txn_02668,False,none,none
txn_02669,False,none,none
txn_02670,False,none,none
txn_02671,False,none,none
txn_02672,False,none,none
txn_02673,False,none,none
txn_02674,False,none,none
txn_02675,False,none,none
txn_02676,False,none,none
txn_02677,False,none,none
txn_02678,False,none,none
txn_02679,False,none,none
txn_02680,False,none,none
txn_02681,False,none,none
txn_02682,False,none,none
txn_02683,False,none,none
txn_02684,False,none,none
txn_02685,False,none,none
txn_02686,False,none,none
txn_02687,False,none,none
txn_02688,False,none,none
txn_02689,False,none,none
txn_02690,False,none,none
txn_02691,False,none,none
txn_02692,False,none,none
txn_02693,False,none,none
txn_02694,False,none,none
txn_02695,False,none,none
txn_02696,False,none,none
txn_02697,False,none,none
txn_02698,False,none,none
txn_02699,False,none,none
txn_02700,False,none,none
txn_02701,False,none,none
txn_02702,True,velocity_burst,abuse_03
txn_02703,False,none,none
txn_02704,False,none,none
txn_02705,False,none,none
txn_02706,False,none,none
txn_02707,False,none,none
txn_02708,False,none,none
txn_02709,False,none,none
txn_02710,False,none,none
txn_02711,False,none,none
txn_02712,False,none,none
txn_02713,False,none,none
txn_02714,False,none,none
txn_02715,True,shared_payment_instrument,abuse_02
txn_02716,False,none,none
txn_02717,False,none,none
txn_02718,True,shared_payment_instrument,abuse_02
txn_02719,False,none,none
txn_02720,False,none,none
txn_02721,False,none,none
txn_02722,False,none,none
txn_02723,False,none,none
txn_02724,False,none,none
txn_02725,False,none,none
txn_02726,False,none,none
txn_02727,False,none,none
txn_02728,False,none,none
txn_02729,False,none,none
txn_02730,False,none,none
txn_02731,True,cross_merchant_ring,abuse_04
txn_02732,False,none,none
txn_02733,False,none,none
txn_02734,False,none,none
txn_02735,False,none,none
txn_02736,False,none,none
txn_02737,False,none,none
txn_02738,False,none,none
txn_02739,False,none,none
txn_02740,False,none,none
txn_02741,False,none,none
txn_02742,False,none,none
txn_02743,False,none,none
txn_02744,False,none,none
txn_02745,False,none,none
txn_02746,False,none,none
txn_02747,False,none,none
txn_02748,False,none,none
txn_02749,False,none,none
txn_02750,False,none,none
txn_02751,False,none,none
txn_02752,False,none,none
txn_02753,False,none,none
txn_02754,False,none,none
txn_02755,False,none,none
txn_02756,False,none,none
txn_02757,False,none,none
txn_02758,False,none,none
txn_02759,False,none,none
txn_02760,False,none,none
txn_02761,False,none,none
txn_02762,False,none,none
txn_02763,False,none,none
txn_02764,False,none,none
txn_02765,False,none,none
txn_02766,False,none,none
txn_02767,False,none,none
txn_02768,False,none,none
txn_02769,False,none,none
txn_02770,False,none,none
txn_02771,False,none,none
txn_02772,False,none,none
txn_02773,False,none,none
txn_02774,False,none,none
txn_02775,False,none,none
txn_02776,False,none,none
txn_02777,False,none,none
txn_02778,False,none,none
txn_02779,False,none,none
txn_02780,False,none,none
txn_02781,False,none,none
txn_02782,False,none,none
txn_02783,False,none,none
txn_02784,False,none,none
txn_02785,False,none,none
txn_02786,False,none,none
txn_02787,False,none,none
txn_02788,False,none,none
txn_02789,False,none,none
txn_02790,False,none,none
txn_02791,False,none,none
txn_02792,False,none,none
txn_02793,False,none,none
txn_02794,False,none,none
txn_02795,False,none,none
txn_02796,False,none,none
txn_02797,False,none,none
txn_02798,False,none,none
txn_02799,False,none,none
txn_02800,False,none,none
txn_02801,False,none,none
txn_02802,False,none,none
txn_02803,False,none,none
txn_02804,False,none,none
txn_02805,False,none,none
txn_02806,False,none,none
txn_02807,False,none,none
txn_02808,False,none,none
txn_02809,False,none,none
txn_02810,False,none,none
txn_02811,False,none,none
txn_02812,False,none,none
txn_02813,False,none,none
txn_02814,False,none,none
txn_02815,False,none,none
txn_02816,False,none,none
txn_02817,False,none,none
txn_02818,False,none,none
txn_02819,False,none,none
txn_02820,False,none,none
txn_02821,False,none,none
txn_02822,False,none,none
txn_02823,False,none,none
txn_02824,False,none,none
txn_02825,False,none,none
txn_02826,False,none,none
txn_02827,False,none,none
txn_02828,False,none,none
txn_02829,False,none,none
txn_02830,False,none,none
txn_02831,True,shared_payment_instrument,abuse_02
txn_02832,False,none,none
txn_02833,False,none,none
txn_02834,False,none,none
txn_02835,False,none,none
txn_02836,False,none,none
txn_02837,False,none,none
txn_02838,False,none,none
txn_02839,False,none,none
txn_02840,False,none,none
txn_02841,False,none,none
txn_02842,False,none,none
txn_02843,False,none,none
txn_02844,False,none,none
txn_02845,False,none,none
txn_02846,False,none,none
txn_02847,False,none,none
txn_02848,True,velocity_burst,abuse_03
txn_02849,False,none,none
txn_02850,False,none,none
txn_02851,False,none,none
txn_02852,False,none,none
txn_02853,False,none,none
txn_02854,False,none,none
txn_02855,False,none,none
txn_02856,False,none,none
txn_02857,False,none,none
txn_02858,False,none,none
txn_02859,False,none,none
txn_02860,True,velocity_burst,abuse_03
txn_02861,False,none,none
txn_02862,False,none,none
txn_02863,False,none,none
txn_02864,False,none,none
txn_02865,False,none,none
txn_02866,False,none,none
txn_02867,False,none,none
txn_02868,False,none,none
txn_02869,False,none,none
txn_02870,False,none,none
txn_02871,False,none,none
txn_02872,False,none,none
txn_02873,False,none,none
txn_02874,False,none,none
txn_02875,False,none,none
txn_02876,False,none,none
txn_02877,False,none,none
txn_02878,False,none,none
txn_02879,False,none,none
txn_02880,False,none,none
txn_02881,False,none,none
txn_02882,False,none,none
txn_02883,False,none,none
txn_02884,False,none,none
txn_02885,True,shared_payment_instrument,abuse_02
txn_02886,False,none,none
txn_02887,False,none,none
txn_02888,True,shared_payment_instrument,abuse_02
txn_02889,False,none,none
txn_02890,False,none,none
txn_02891,False,none,none
txn_02892,False,none,none
txn_02893,False,none,none
txn_02894,False,none,none
txn_02895,False,none,none
txn_02896,False,none,none
txn_02897,False,none,none
txn_02898,False,none,none
txn_02899,False,none,none
txn_02900,False,none,none
txn_02901,False,none,none
txn_02902,True,cross_merchant_ring,abuse_04
txn_02903,False,none,none
txn_02904,False,none,none
txn_02905,False,none,none
txn_02906,False,none,none
txn_02907,False,none,none
txn_02908,False,none,none
txn_02909,False,none,none
txn_02910,False,none,none
txn_02911,False,none,none
txn_02912,False,none,none
txn_02913,False,none,none
txn_02914,False,none,none
txn_02915,False,none,none
txn_02916,False,none,none
txn_02917,False,none,none
txn_02918,False,none,none
txn_02919,False,none,none
txn_02920,False,none,none
txn_02921,False,none,none
txn_02922,False,none,none
txn_02923,False,none,none
txn_02924,False,none,none
txn_02925,False,none,none
txn_02926,False,none,none
txn_02927,False,none,none
txn_02928,False,none,none
txn_02929,False,none,none
txn_02930,False,none,none
txn_02931,False,none,none
txn_02932,False,none,none
txn_02933,False,none,none
txn_02934,False,none,none
txn_02935,False,none,none
txn_02936,False,none,none
txn_02937,False,none,none
txn_02938,False,none,none
txn_02939,False,none,none
txn_02940,False,none,none
txn_02941,False,none,none
txn_02942,False,none,none
txn_02943,False,none,none
txn_02944,False,none,none
txn_02945,False,none,none
txn_02946,False,none,none
txn_02947,False,none,none
txn_02948,False,none,none
txn_02949,False,none,none
txn_02950,False,none,none
txn_02951,False,none,none
txn_02952,False,none,none
txn_02953,False,none,none
txn_02954,False,none,none
txn_02955,False,none,none
txn_02956,False,none,none
txn_02957,False,none,none
txn_02958,False,none,none
txn_02959,False,none,none
txn_02960,False,none,none
txn_02961,False,none,none
txn_02962,False,none,none
txn_02963,False,none,none
txn_02964,False,none,none
txn_02965,False,none,none
txn_02966,False,none,none
txn_02967,False,none,none
txn_02968,False,none,none
txn_02969,False,none,none
txn_02970,False,none,none
txn_02971,False,none,none
txn_02972,False,none,none
txn_02973,False,none,none
txn_02974,False,none,none
txn_02975,False,none,none
txn_02976,False,none,none
txn_02977,False,none,none
txn_02978,False,none,none
txn_02979,False,none,none
txn_02980,False,none,none
txn_02981,False,none,none
txn_02982,False,none,none
txn_02983,False,none,none
txn_02984,False,none,none
txn_02985,False,none,none
txn_02986,False,none,none
txn_02987,False,none,none
txn_02988,False,none,none
txn_02989,False,none,none
txn_02990,False,none,none
txn_02991,False,none,none
txn_02992,False,none,none
txn_02993,False,none,none
txn_02994,False,none,none
txn_02995,False,none,none
txn_02996,False,none,none
txn_02997,False,none,none
txn_02998,False,none,none
txn_02999,False,none,none
txn_03000,False,none,none
txn_03001,False,none,none
txn_03002,False,none,none
txn_03003,False,none,none
txn_03004,False,none,none
txn_03005,False,none,none
txn_03006,False,none,none
txn_03007,False,none,none
txn_03008,False,none,none
txn_03009,False,none,none
txn_03010,False,none,none
txn_03011,True,cross_merchant_ring,abuse_04
txn_03012,False,none,none
txn_03013,True,cross_merchant_ring,abuse_04
txn_03014,False,none,none
txn_03015,False,none,none
txn_03016,False,none,none
txn_03017,False,none,none
txn_03018,False,none,none
txn_03019,False,none,none
txn_03020,False,none,none
txn_03021,False,none,none
txn_03022,False,none,none
txn_03023,False,none,none
txn_03024,False,none,none
txn_03025,False,none,none
txn_03026,False,none,none
txn_03027,False,none,none
txn_03028,False,none,none
txn_03029,False,none,none
txn_03030,False,none,none
txn_03031,False,none,none
txn_03032,False,none,none
txn_03033,False,none,none
txn_03034,False,none,none
txn_03035,False,none,none
txn_03036,False,none,none
txn_03037,False,none,none
txn_03038,False,none,none
txn_03039,False,none,none
txn_03040,False,none,none
txn_03041,False,none,none
txn_03042,False,none,none
txn_03043,False,none,none
txn_03044,False,none,none
txn_03045,False,none,none
txn_03046,False,none,none
txn_03047,False,none,none
txn_03048,False,none,none
txn_03049,False,none,none
txn_03050,False,none,none
txn_03051,False,none,none
txn_03052,False,none,none
txn_03053,False,none,none
txn_03054,True,cross_merchant_ring,abuse_04
txn_03055,False,none,none
txn_03056,True,velocity_burst,abuse_03
txn_03057,False,none,none
txn_03058,False,none,none
txn_03059,False,none,none
txn_03060,False,none,none
txn_03061,False,none,none
txn_03062,False,none,none
txn_03063,False,none,none
txn_03064,False,none,none
txn_03065,False,none,none
txn_03066,False,none,none
txn_03067,False,none,none
txn_03068,False,none,none
txn_03069,False,none,none
txn_03070,False,none,none
txn_03071,False,none,none
txn_03072,False,none,none
txn_03073,False,none,none
txn_03074,False,none,none
txn_03075,False,none,none
txn_03076,False,none,none
txn_03077,False,none,none
txn_03078,False,none,none
txn_03079,False,none,none
txn_03080,False,none,none
txn_03081,False,none,none
txn_03082,False,none,none
txn_03083,False,none,none
txn_03084,False,none,none
txn_03085,False,none,none
txn_03086,False,none,none
txn_03087,False,none,none
txn_03088,False,none,none
txn_03089,False,none,none
txn_03090,True,cross_merchant_ring,abuse_04
txn_03091,False,none,none
txn_03092,False,none,none
txn_03093,False,none,none
txn_03094,False,none,none
txn_03095,False,none,none
txn_03096,False,none,none
txn_03097,False,none,none
txn_03098,False,none,none
txn_03099,False,none,none
txn_03100,False,none,none
txn_03101,False,none,none
txn_03102,False,none,none
txn_03103,False,none,none
txn_03104,False,none,none
txn_03105,False,none,none
txn_03106,False,none,none
txn_03107,False,none,none
txn_03108,False,none,none
txn_03109,False,none,none
txn_03110,False,none,none
txn_03111,False,none,none
txn_03112,False,none,none
txn_03113,False,none,none
txn_03114,False,none,none
txn_03115,False,none,none
txn_03116,False,none,none
txn_03117,False,none,none
txn_03118,False,none,none
txn_03119,False,none,none
txn_03120,False,none,none
txn_03121,False,none,none
txn_03122,False,none,none
txn_03123,False,none,none
txn_03124,False,none,none
txn_03125,False,none,none
txn_03126,False,none,none
txn_03127,False,none,none
txn_03128,False,none,none
txn_03129,False,none,none
txn_03130,False,none,none
txn_03131,False,none,none
txn_03132,True,cross_merchant_ring,abuse_04
txn_03133,False,none,none
txn_03134,False,none,none
txn_03135,False,none,none
txn_03136,False,none,none
txn_03137,False,none,none
txn_03138,False,none,none
txn_03139,False,none,none
txn_03140,False,none,none
txn_03141,False,none,none
txn_03142,False,none,none
txn_03143,False,none,none
txn_03144,False,none,none
txn_03145,False,none,none
txn_03146,False,none,none
txn_03147,True,cross_merchant_ring,abuse_04
txn_03148,False,none,none
txn_03149,False,none,none
txn_03150,False,none,none
txn_03151,False,none,none
txn_03152,False,none,none
txn_03153,False,none,none
txn_03154,True,cross_merchant_ring,abuse_04
txn_03155,False,none,none
txn_03156,False,none,none
txn_03157,False,none,none
txn_03158,False,none,none
txn_03159,False,none,none
txn_03160,False,none,none
txn_03161,False,none,none
txn_03162,False,none,none
txn_03163,False,none,none
txn_03164,False,none,none
txn_03165,False,none,none
txn_03166,False,none,none
txn_03167,False,none,none
txn_03168,False,none,none
txn_03169,False,none,none
txn_03170,False,none,none
txn_03171,False,none,none
txn_03172,False,none,none
txn_03173,False,none,none
txn_03174,False,none,none
txn_03175,False,none,none
txn_03176,False,none,none
txn_03177,False,none,none
txn_03178,False,none,none
txn_03179,False,none,none
txn_03180,False,none,none
txn_03181,False,none,none
txn_03182,False,none,none
txn_03183,False,none,none
txn_03184,False,none,none
txn_03185,False,none,none
txn_03186,False,none,none
txn_03187,False,none,none
txn_03188,False,none,none
txn_03189,False,none,none
txn_03190,False,none,none
txn_03191,False,none,none
txn_03192,False,none,none
txn_03193,False,none,none
txn_03194,False,none,none
txn_03195,False,none,none
txn_03196,False,none,none
txn_03197,False,none,none
txn_03198,False,none,none
txn_03199,False,none,none
txn_03200,False,none,none
txn_03201,False,none,none
txn_03202,False,none,none
txn_03203,False,none,none
txn_03204,False,none,none
txn_03205,False,none,none
txn_03206,False,none,none
txn_03207,False,none,none
txn_03208,False,none,none
txn_03209,False,none,none
txn_03210,False,none,none
txn_03211,True,cross_merchant_ring,abuse_04
txn_03212,False,none,none
txn_03213,False,none,none
txn_03214,False,none,none
txn_03215,False,none,none
txn_03216,False,none,none
txn_03217,False,none,none
txn_03218,False,none,none
txn_03219,False,none,none
txn_03220,False,none,none
txn_03221,False,none,none
txn_03222,False,none,none
txn_03223,False,none,none
txn_03224,False,none,none
txn_03225,False,none,none
txn_03226,False,none,none
txn_03227,False,none,none
txn_03228,False,none,none
txn_03229,False,none,none
txn_03230,False,none,none
txn_03231,False,none,none
txn_03232,False,none,none
txn_03233,False,none,none
txn_03234,False,none,none
txn_03235,False,none,none
txn_03236,False,none,none
txn_03237,False,none,none
txn_03238,False,none,none
txn_03239,False,none,none
txn_03240,False,none,none
txn_03241,False,none,none
txn_03242,False,none,none
txn_03243,False,none,none
txn_03244,False,none,none
txn_03245,False,none,none
txn_03246,False,none,none
txn_03247,False,none,none
txn_03248,False,none,none
txn_03249,False,none,none
txn_03250,False,none,none
txn_03251,False,none,none
txn_03252,False,none,none
txn_03253,False,none,none
txn_03254,False,none,none
txn_03255,False,none,none
txn_03256,False,none,none
txn_03257,False,none,none
txn_03258,False,none,none
txn_03259,False,none,none
txn_03260,False,none,none
txn_03261,False,none,none
txn_03262,False,none,none
txn_03263,False,none,none
txn_03264,False,none,none
txn_03265,False,none,none
txn_03266,False,none,none
txn_03267,False,none,none
txn_03268,False,none,none
txn_03269,False,none,none
txn_03270,False,none,none
txn_03271,False,none,none
txn_03272,False,none,none
txn_03273,False,none,none
txn_03274,False,none,none
txn_03275,False,none,none
txn_03276,False,none,none
txn_03277,False,none,none
txn_03278,False,none,none
txn_03279,False,none,none
txn_03280,False,none,none
txn_03281,False,none,none
txn_03282,False,none,none
txn_03283,False,none,none
txn_03284,False,none,none
txn_03285,False,none,none
txn_03286,False,none,none
txn_03287,False,none,none
txn_03288,False,none,none
txn_03289,False,none,none
txn_03290,False,none,none
txn_03291,False,none,none
txn_03292,False,none,none
txn_03293,False,none,none
txn_03294,False,none,none
txn_03295,False,none,none
txn_03296,False,none,none
txn_03297,False,none,none
txn_03298,False,none,none
txn_03299,False,none,none
txn_03300,False,none,none
txn_03301,False,none,none
txn_03302,False,none,none
txn_03303,False,none,none
txn_03304,False,none,none
txn_03305,False,none,none
txn_03306,False,none,none
txn_03307,False,none,none
txn_03308,False,none,none
txn_03309,False,none,none
txn_03310,False,none,none
txn_03311,False,none,none
txn_03312,False,none,none
txn_03313,False,none,none
txn_03314,False,none,none
txn_03315,False,none,none
txn_03316,False,none,none
txn_03317,False,none,none
txn_03318,False,none,none
txn_03319,False,none,none
txn_03320,False,none,none
txn_03321,False,none,none
txn_03322,False,none,none
txn_03323,False,none,none
txn_03324,False,none,none
txn_03325,False,none,none
txn_03326,False,none,none
txn_03327,False,none,none
txn_03328,False,none,none
txn_03329,False,none,none
txn_03330,False,none,none
txn_03331,False,none,none
txn_03332,False,none,none
txn_03333,False,none,none
txn_03334,False,none,none
txn_03335,False,none,none
txn_03336,False,none,none
txn_03337,False,none,none
txn_03338,False,none,none
txn_03339,False,none,none
txn_03340,False,none,none
txn_03341,False,none,none
txn_03342,False,none,none
txn_03343,False,none,none
txn_03344,False,none,none
txn_03345,False,none,none
txn_03346,False,none,none
txn_03347,True,cross_merchant_ring,abuse_04
txn_03348,False,none,none
txn_03349,False,none,none
txn_03350,False,none,none
txn_03351,False,none,none
txn_03352,False,none,none
txn_03353,False,none,none
txn_03354,False,none,none
txn_03355,False,none,none
txn_03356,False,none,none
txn_03357,False,none,none
txn_03358,False,none,none
txn_03359,False,none,none
txn_03360,False,none,none
txn_03361,False,none,none
txn_03362,False,none,none
txn_03363,True,cross_merchant_ring,abuse_04
txn_03364,False,none,none
txn_03365,False,none,none
txn_03366,False,none,none
txn_03367,False,none,none
txn_03368,False,none,none
txn_03369,False,none,none
txn_03370,False,none,none
txn_03371,False,none,none
txn_03372,False,none,none
txn_03373,False,none,none
txn_03374,False,none,none
txn_03375,False,none,none
txn_03376,False,none,none
txn_03377,False,none,none
txn_03378,False,none,none
txn_03379,False,none,none
txn_03380,False,none,none
txn_03381,False,none,none
txn_03382,False,none,none
txn_03383,False,none,none
txn_03384,False,none,none
txn_03385,False,none,none
txn_03386,False,none,none
txn_03387,False,none,none
txn_03388,False,none,none
txn_03389,False,none,none
txn_03390,False,none,none
txn_03391,False,none,none
txn_03392,False,none,none
txn_03393,False,none,none
txn_03394,False,none,none
txn_03395,False,none,none
txn_03396,False,none,none
txn_03397,False,none,none
txn_03398,False,none,none
txn_03399,False,none,none
txn_03400,False,none,none
txn_03401,False,none,none
txn_03402,False,none,none
txn_03403,False,none,none
txn_03404,False,none,none
txn_03405,False,none,none
txn_03406,False,none,none
txn_03407,False,none,none
txn_03408,False,none,none
txn_03409,False,none,none
txn_03410,False,none,none
txn_03411,False,none,none
txn_03412,False,none,none
txn_03413,False,none,none
txn_03414,False,none,none
txn_03415,True,velocity_burst,abuse_03
txn_03416,False,none,none
txn_03417,False,none,none
txn_03418,False,none,none
txn_03419,False,none,none
txn_03420,False,none,none
txn_03421,False,none,none
txn_03422,False,none,none
txn_03423,False,none,none
txn_03424,False,none,none
txn_03425,False,none,none
txn_03426,False,none,none
txn_03427,False,none,none
txn_03428,False,none,none
txn_03429,False,none,none
txn_03430,False,none,none
txn_03431,False,none,none
txn_03432,False,none,none
txn_03433,False,none,none
txn_03434,False,none,none
txn_03435,False,none,none
txn_03436,False,none,none
txn_03437,False,none,none
txn_03438,False,none,none
txn_03439,False,none,none
txn_03440,False,none,none
txn_03441,False,none,none
txn_03442,False,none,none
txn_03443,False,none,none
txn_03444,False,none,none
txn_03445,False,none,none
txn_03446,False,none,none
txn_03447,False,none,none
txn_03448,False,none,none
txn_03449,False,none,none
txn_03450,False,none,none
txn_03451,False,none,none
txn_03452,False,none,none
txn_03453,False,none,none
txn_03454,False,none,none
txn_03455,False,none,none
txn_03456,False,none,none
txn_03457,False,none,none
txn_03458,False,none,none
txn_03459,False,none,none
txn_03460,False,none,none
txn_03461,False,none,none
txn_03462,False,none,none
txn_03463,False,none,none
txn_03464,False,none,none
txn_03465,False,none,none
txn_03466,False,none,none
txn_03467,False,none,none
txn_03468,False,none,none
txn_03469,False,none,none
txn_03470,False,none,none
txn_03471,False,none,none
txn_03472,False,none,none
txn_03473,False,none,none
txn_03474,False,none,none
txn_03475,False,none,none
txn_03476,False,none,none
txn_03477,False,none,none
txn_03478,False,none,none
txn_03479,False,none,none
txn_03480,False,none,none
txn_03481,False,none,none
txn_03482,False,none,none
txn_03483,False,none,none
txn_03484,False,none,none
txn_03485,False,none,none
txn_03486,False,none,none
txn_03487,False,none,none
txn_03488,True,velocity_burst,abuse_03
txn_03489,False,none,none
txn_03490,False,none,none
txn_03491,False,none,none
txn_03492,False,none,none
txn_03493,False,none,none
txn_03494,False,none,none
txn_03495,False,none,none
txn_03496,False,none,none
txn_03497,False,none,none
txn_03498,False,none,none
txn_03499,False,none,none
txn_03500,False,none,none
txn_03501,False,none,none
txn_03502,False,none,none
txn_03503,True,shared_payment_instrument,abuse_02
txn_03504,False,none,none
txn_03505,False,none,none
txn_03506,False,none,none
txn_03507,False,none,none
txn_03508,False,none,none
txn_03509,False,none,none
txn_03510,False,none,none
txn_03511,False,none,none
txn_03512,False,none,none
txn_03513,False,none,none
txn_03514,False,none,none
txn_03515,False,none,none
txn_03516,False,none,none
txn_03517,True,velocity_burst,abuse_03
txn_03518,False,none,none
txn_03519,False,none,none
txn_03520,False,none,none
txn_03521,False,none,none
txn_03522,False,none,none
txn_03523,False,none,none
txn_03524,False,none,none
txn_03525,False,none,none
txn_03526,False,none,none
txn_03527,False,none,none
txn_03528,False,none,none
txn_03529,False,none,none
txn_03530,False,none,none
txn_03531,False,none,none
txn_03532,False,none,none
txn_03533,False,none,none
txn_03534,False,none,none
txn_03535,False,none,none
txn_03536,False,none,none
txn_03537,False,none,none
txn_03538,False,none,none
txn_03539,False,none,none
txn_03540,False,none,none
txn_03541,False,none,none
txn_03542,True,velocity_burst,abuse_03
txn_03543,False,none,none
txn_03544,False,none,none
txn_03545,False,none,none
txn_03546,False,none,none
txn_03547,False,none,none
txn_03548,False,none,none
txn_03549,False,none,none
txn_03550,False,none,none
txn_03551,False,none,none
txn_03552,False,none,none
txn_03553,False,none,none
txn_03554,False,none,none
txn_03555,False,none,none
txn_03556,False,none,none
txn_03557,False,none,none
txn_03558,False,none,none
txn_03559,False,none,none
txn_03560,False,none,none
txn_03561,False,none,none
txn_03562,False,none,none
txn_03563,False,none,none
txn_03564,False,none,none
txn_03565,False,none,none
txn_03566,False,none,none
txn_03567,False,none,none
txn_03568,False,none,none
txn_03569,False,none,none
txn_03570,False,none,none
txn_03571,False,none,none
txn_03572,False,none,none
txn_03573,False,none,none
txn_03574,False,none,none
txn_03575,False,none,none
txn_03576,False,none,none
txn_03577,False,none,none
txn_03578,False,none,none
txn_03579,False,none,none
txn_03580,False,none,none
txn_03581,False,none,none
txn_03582,False,none,none
txn_03583,False,none,none
txn_03584,False,none,none
txn_03585,False,none,none
txn_03586,False,none,none
txn_03587,False,none,none
txn_03588,False,none,none
txn_03589,False,none,none
txn_03590,False,none,none
txn_03591,False,none,none
txn_03592,False,none,none
txn_03593,False,none,none
txn_03594,False,none,none
txn_03595,True,cross_merchant_ring,abuse_04
txn_03596,True,velocity_burst,abuse_03
txn_03597,False,none,none
txn_03598,False,none,none
txn_03599,False,none,none
txn_03600,False,none,none
txn_03601,False,none,none
txn_03602,False,none,none
txn_03603,False,none,none
txn_03604,False,none,none
txn_03605,False,none,none
txn_03606,False,none,none
txn_03607,False,none,none
txn_03608,False,none,none
txn_03609,False,none,none
txn_03610,False,none,none
txn_03611,False,none,none
txn_03612,False,none,none
txn_03613,False,none,none
txn_03614,False,none,none
txn_03615,False,none,none
txn_03616,False,none,none
txn_03617,False,none,none
txn_03618,False,none,none
txn_03619,False,none,none
txn_03620,False,none,none
txn_03621,False,none,none
txn_03622,False,none,none
txn_03623,False,none,none
txn_03624,False,none,none
txn_03625,False,none,none
txn_03626,False,none,none
txn_03627,False,none,none
txn_03628,True,velocity_burst,abuse_03
txn_03629,False,none,none
txn_03630,False,none,none
txn_03631,False,none,none
txn_03632,False,none,none
txn_03633,False,none,none
txn_03634,False,none,none
txn_03635,False,none,none
txn_03636,False,none,none
txn_03637,False,none,none
txn_03638,False,none,none
txn_03639,False,none,none
txn_03640,False,none,none
txn_03641,False,none,none
txn_03642,False,none,none
txn_03643,False,none,none
txn_03644,False,none,none
txn_03645,False,none,none
txn_03646,False,none,none
txn_03647,False,none,none
txn_03648,False,none,none
txn_03649,False,none,none
txn_03650,False,none,none
txn_03651,False,none,none
txn_03652,False,none,none
txn_03653,False,none,none
txn_03654,False,none,none
txn_03655,False,none,none
txn_03656,False,none,none
txn_03657,False,none,none
txn_03658,False,none,none
txn_03659,False,none,none
txn_03660,False,none,none
txn_03661,False,none,none
txn_03662,False,none,none
txn_03663,False,none,none
txn_03664,False,none,none
txn_03665,False,none,none
txn_03666,False,none,none
txn_03667,False,none,none
txn_03668,False,none,none
txn_03669,False,none,none
txn_03670,True,cross_merchant_ring,abuse_04
txn_03671,False,none,none
txn_03672,False,none,none
txn_03673,False,none,none
txn_03674,False,none,none
txn_03675,False,none,none
txn_03676,False,none,none
txn_03677,False,none,none
txn_03678,False,none,none
txn_03679,False,none,none
txn_03680,False,none,none
txn_03681,False,none,none
txn_03682,True,velocity_burst,abuse_03
txn_03683,False,none,none
txn_03684,False,none,none
txn_03685,False,none,none
txn_03686,False,none,none
txn_03687,False,none,none
txn_03688,False,none,none
txn_03689,False,none,none
txn_03690,False,none,none
txn_03691,False,none,none
txn_03692,False,none,none
txn_03693,False,none,none
txn_03694,False,none,none
txn_03695,False,none,none
txn_03696,False,none,none
txn_03697,False,none,none
txn_03698,False,none,none
txn_03699,False,none,none
txn_03700,False,none,none
txn_03701,False,none,none
txn_03702,False,none,none
txn_03703,False,none,none
txn_03704,False,none,none
txn_03705,False,none,none
txn_03706,False,none,none
txn_03707,False,none,none
txn_03708,False,none,none
txn_03709,False,none,none
txn_03710,False,none,none
txn_03711,False,none,none
txn_03712,False,none,none
txn_03713,False,none,none
txn_03714,False,none,none
txn_03715,False,none,none
txn_03716,False,none,none
txn_03717,False,none,none
txn_03718,False,none,none
txn_03719,False,none,none
txn_03720,False,none,none
txn_03721,False,none,none
txn_03722,False,none,none
txn_03723,False,none,none
txn_03724,False,none,none
txn_03725,False,none,none
txn_03726,False,none,none
txn_03727,False,none,none
txn_03728,False,none,none
txn_03729,False,none,none
txn_03730,False,none,none
txn_03731,False,none,none
txn_03732,False,none,none
txn_03733,False,none,none
txn_03734,False,none,none
txn_03735,False,none,none
txn_03736,False,none,none
txn_03737,False,none,none
txn_03738,False,none,none
txn_03739,False,none,none
txn_03740,False,none,none
txn_03741,False,none,none
txn_03742,False,none,none
txn_03743,False,none,none
txn_03744,False,none,none
txn_03745,False,none,none
txn_03746,False,none,none
txn_03747,False,none,none
txn_03748,False,none,none
txn_03749,False,none,none
txn_03750,False,none,none
txn_03751,False,none,none
txn_03752,False,none,none
txn_03753,False,none,none
txn_03754,False,none,none
txn_03755,False,none,none
txn_03756,False,none,none
txn_03757,False,none,none
txn_03758,False,none,none
txn_03759,False,none,none
txn_03760,True,cross_merchant_ring,abuse_04
txn_03761,False,none,none
txn_03762,False,none,none
txn_03763,False,none,none
txn_03764,False,none,none
txn_03765,False,none,none
txn_03766,False,none,none
txn_03767,False,none,none
txn_03768,False,none,none
txn_03769,False,none,none
txn_03770,False,none,none
txn_03771,False,none,none
txn_03772,False,none,none
txn_03773,False,none,none
txn_03774,False,none,none
txn_03775,False,none,none
txn_03776,False,none,none
txn_03777,True,cross_merchant_ring,abuse_04
txn_03778,False,none,none
txn_03779,False,none,none
txn_03780,False,none,none
txn_03781,False,none,none
txn_03782,False,none,none
txn_03783,False,none,none
txn_03784,False,none,none
txn_03785,False,none,none
txn_03786,False,none,none
txn_03787,False,none,none
txn_03788,False,none,none
txn_03789,False,none,none
txn_03790,False,none,none
txn_03791,False,none,none
txn_03792,False,none,none
txn_03793,False,none,none
txn_03794,False,none,none
txn_03795,True,cross_merchant_ring,abuse_04
txn_03796,False,none,none
txn_03797,False,none,none
txn_03798,False,none,none
txn_03799,False,none,none
txn_03800,False,none,none
txn_03801,False,none,none
txn_03802,False,none,none
txn_03803,False,none,none
txn_03804,False,none,none
txn_03805,False,none,none
txn_03806,False,none,none
txn_03807,False,none,none
txn_03808,False,none,none
txn_03809,False,none,none
txn_03810,False,none,none
txn_03811,False,none,none
txn_03812,False,none,none
txn_03813,False,none,none
txn_03814,False,none,none
txn_03815,False,none,none
txn_03816,False,none,none
txn_03817,False,none,none
txn_03818,False,none,none
txn_03819,False,none,none
txn_03820,False,none,none
txn_03821,False,none,none
txn_03822,False,none,none
txn_03823,False,none,none
txn_03824,True,cross_merchant_ring,abuse_04
txn_03825,False,none,none
txn_03826,False,none,none
txn_03827,False,none,none
txn_03828,False,none,none
txn_03829,False,none,none
txn_03830,False,none,none
txn_03831,False,none,none
txn_03832,False,none,none
txn_03833,False,none,none
txn_03834,True,velocity_burst,abuse_03
txn_03835,False,none,none
txn_03836,False,none,none
txn_03837,False,none,none
txn_03838,False,none,none
txn_03839,False,none,none
txn_03840,False,none,none
txn_03841,False,none,none
txn_03842,False,none,none
txn_03843,False,none,none
txn_03844,False,none,none
txn_03845,False,none,none
txn_03846,False,none,none
txn_03847,False,none,none
txn_03848,False,none,none
txn_03849,False,none,none
txn_03850,False,none,none
txn_03851,False,none,none
txn_03852,False,none,none
txn_03853,False,none,none
txn_03854,False,none,none
txn_03855,False,none,none
txn_03856,False,none,none
txn_03857,False,none,none
txn_03858,False,none,none
txn_03859,False,none,none
txn_03860,False,none,none
txn_03861,False,none,none
txn_03862,False,none,none
txn_03863,False,none,none
txn_03864,False,none,none
txn_03865,False,none,none
txn_03866,False,none,none
txn_03867,False,none,none
txn_03868,False,none,none
txn_03869,False,none,none
txn_03870,False,none,none
txn_03871,False,none,none
txn_03872,False,none,none
txn_03873,False,none,none
txn_03874,False,none,none
txn_03875,False,none,none
txn_03876,False,none,none
txn_03877,False,none,none
txn_03878,False,none,none
txn_03879,False,none,none
txn_03880,False,none,none
txn_03881,False,none,none
txn_03882,False,none,none
txn_03883,False,none,none
txn_03884,False,none,none
txn_03885,False,none,none
txn_03886,False,none,none
txn_03887,False,none,none
txn_03888,False,none,none
txn_03889,False,none,none
txn_03890,False,none,none
txn_03891,False,none,none
txn_03892,False,none,none
txn_03893,False,none,none
txn_03894,False,none,none
txn_03895,False,none,none
txn_03896,False,none,none
txn_03897,False,none,none
txn_03898,True,shared_device,abuse_01
txn_03899,False,none,none
txn_03900,False,none,none
txn_03901,False,none,none
txn_03902,False,none,none
txn_03903,False,none,none
txn_03904,False,none,none
txn_03905,False,none,none
txn_03906,False,none,none
txn_03907,True,cross_merchant_ring,abuse_04
txn_03908,False,none,none
txn_03909,False,none,none
txn_03910,False,none,none
txn_03911,False,none,none
txn_03912,True,cross_merchant_ring,abuse_04
txn_03913,True,cross_merchant_ring,abuse_04
txn_03914,False,none,none
txn_03915,False,none,none
txn_03916,False,none,none
txn_03917,False,none,none
txn_03918,False,none,none
txn_03919,False,none,none
txn_03920,False,none,none
txn_03921,False,none,none
txn_03922,False,none,none
txn_03923,False,none,none
txn_03924,False,none,none
txn_03925,True,cross_merchant_ring,abuse_04
txn_03926,False,none,none
txn_03927,False,none,none
txn_03928,False,none,none
txn_03929,False,none,none
txn_03930,False,none,none
txn_03931,False,none,none
txn_03932,False,none,none
txn_03933,False,none,none
txn_03934,False,none,none
txn_03935,False,none,none
txn_03936,False,none,none
txn_03937,False,none,none
txn_03938,True,cross_merchant_ring,abuse_04
txn_03939,False,none,none
txn_03940,False,none,none
txn_03941,False,none,none
txn_03942,False,none,none
txn_03943,False,none,none
txn_03944,False,none,none
txn_03945,False,none,none
txn_03946,False,none,none
txn_03947,False,none,none
txn_03948,False,none,none
txn_03949,False,none,none
txn_03950,False,none,none
txn_03951,False,none,none
txn_03952,False,none,none
txn_03953,False,none,none
txn_03954,False,none,none
txn_03955,False,none,none
txn_03956,False,none,none
txn_03957,False,none,none
txn_03958,False,none,none
txn_03959,False,none,none
txn_03960,False,none,none
txn_03961,False,none,none
txn_03962,False,none,none
txn_03963,False,none,none
txn_03964,True,shared_payment_instrument,abuse_02
txn_03965,True,velocity_burst,abuse_03
txn_03966,False,none,none
txn_03967,False,none,none
txn_03968,False,none,none
txn_03969,False,none,none
txn_03970,False,none,none
txn_03971,False,none,none
txn_03972,True,cross_merchant_ring,abuse_04
txn_03973,False,none,none
txn_03974,False,none,none
txn_03975,False,none,none
txn_03976,False,none,none
txn_03977,False,none,none
txn_03978,False,none,none
txn_03979,False,none,none
txn_03980,False,none,none
txn_03981,False,none,none
txn_03982,False,none,none
txn_03983,False,none,none
txn_03984,False,none,none
txn_03985,False,none,none
txn_03986,False,none,none
txn_03987,False,none,none
txn_03988,False,none,none
txn_03989,False,none,none
txn_03990,False,none,none
txn_03991,True,cross_merchant_ring,abuse_04
txn_03992,False,none,none
txn_03993,False,none,none
txn_03994,False,none,none
txn_03995,False,none,none
txn_03996,False,none,none
txn_03997,False,none,none
txn_03998,True,velocity_burst,abuse_03
txn_03999,False,none,none
txn_04000,False,none,none
txn_04001,False,none,none
txn_04002,False,none,none
txn_04003,False,none,none
txn_04004,False,none,none
txn_04005,False,none,none
txn_04006,False,none,none
txn_04007,False,none,none
txn_04008,False,none,none
txn_04009,False,none,none
txn_04010,False,none,none
txn_04011,False,none,none
txn_04012,False,none,none
txn_04013,False,none,none
txn_04014,False,none,none
txn_04015,False,none,none
txn_04016,False,none,none
txn_04017,False,none,none
txn_04018,False,none,none
txn_04019,True,cross_merchant_ring,abuse_04
txn_04020,False,none,none
txn_04021,False,none,none
txn_04022,False,none,none
txn_04023,False,none,none
txn_04024,False,none,none
txn_04025,False,none,none
txn_04026,False,none,none
txn_04027,False,none,none
txn_04028,False,none,none
txn_04029,False,none,none
txn_04030,True,velocity_burst,abuse_03
txn_04031,False,none,none
txn_04032,False,none,none
txn_04033,False,none,none
txn_04034,False,none,none
txn_04035,False,none,none
txn_04036,False,none,none
txn_04037,False,none,none
txn_04038,False,none,none
txn_04039,False,none,none
txn_04040,False,none,none
txn_04041,False,none,none
txn_04042,False,none,none
txn_04043,False,none,none
txn_04044,False,none,none
txn_04045,False,none,none
txn_04046,False,none,none
txn_04047,False,none,none
txn_04048,False,none,none
txn_04049,False,none,none
txn_04050,False,none,none
txn_04051,False,none,none
txn_04052,False,none,none
txn_04053,False,none,none
txn_04054,False,none,none
txn_04055,False,none,none
txn_04056,False,none,none
txn_04057,False,none,none
txn_04058,False,none,none
txn_04059,False,none,none
txn_04060,False,none,none
txn_04061,False,none,none
txn_04062,False,none,none
txn_04063,False,none,none
txn_04064,False,none,none
txn_04065,True,shared_device,abuse_01
txn_04066,False,none,none
txn_04067,False,none,none
txn_04068,False,none,none
txn_04069,False,none,none
txn_04070,False,none,none
txn_04071,False,none,none
txn_04072,False,none,none
txn_04073,False,none,none
txn_04074,False,none,none
txn_04075,False,none,none
txn_04076,False,none,none
txn_04077,False,none,none
txn_04078,False,none,none
txn_04079,False,none,none
txn_04080,False,none,none
txn_04081,False,none,none
txn_04082,False,none,none
txn_04083,False,none,none
txn_04084,False,none,none
txn_04085,False,none,none
txn_04086,False,none,none
txn_04087,False,none,none
txn_04088,False,none,none
txn_04089,False,none,none
txn_04090,False,none,none
txn_04091,False,none,none
txn_04092,False,none,none
txn_04093,False,none,none
txn_04094,False,none,none
txn_04095,False,none,none
txn_04096,False,none,none
txn_04097,False,none,none
txn_04098,False,none,none
txn_04099,False,none,none
txn_04100,False,none,none
txn_04101,False,none,none
txn_04102,False,none,none
txn_04103,False,none,none
txn_04104,False,none,none
txn_04105,False,none,none
txn_04106,False,none,none
txn_04107,False,none,none
txn_04108,False,none,none
txn_04109,False,none,none
txn_04110,False,none,none
txn_04111,False,none,none
txn_04112,False,none,none
txn_04113,False,none,none
txn_04114,False,none,none
txn_04115,False,none,none
txn_04116,False,none,none
txn_04117,False,none,none
txn_04118,False,none,none
txn_04119,False,none,none
txn_04120,True,cross_merchant_ring,abuse_04
txn_04121,False,none,none
txn_04122,False,none,none
txn_04123,False,none,none
txn_04124,False,none,none
txn_04125,False,none,none
txn_04126,False,none,none
txn_04127,False,none,none
txn_04128,False,none,none
txn_04129,False,none,none
txn_04130,False,none,none
txn_04131,False,none,none
txn_04132,False,none,none
txn_04133,False,none,none
txn_04134,False,none,none
txn_04135,False,none,none
txn_04136,False,none,none
txn_04137,False,none,none
txn_04138,False,none,none
txn_04139,False,none,none
txn_04140,False,none,none
txn_04141,False,none,none
txn_04142,False,none,none
txn_04143,False,none,none
txn_04144,False,none,none
txn_04145,False,none,none
txn_04146,False,none,none
txn_04147,False,none,none
txn_04148,False,none,none
txn_04149,False,none,none
txn_04150,False,none,none
txn_04151,False,none,none
txn_04152,False,none,none
txn_04153,False,none,none
txn_04154,False,none,none
txn_04155,False,none,none
txn_04156,False,none,none
txn_04157,False,none,none
txn_04158,False,none,none
txn_04159,False,none,none
txn_04160,False,none,none
txn_04161,True,shared_device,abuse_01
txn_04162,False,none,none
txn_04163,False,none,none
txn_04164,False,none,none
txn_04165,False,none,none
txn_04166,False,none,none
txn_04167,True,cross_merchant_ring,abuse_04
txn_04168,False,none,none
txn_04169,False,none,none
txn_04170,False,none,none
txn_04171,False,none,none
txn_04172,False,none,none
txn_04173,False,none,none
txn_04174,False,none,none
txn_04175,False,none,none
txn_04176,False,none,none
txn_04177,False,none,none
txn_04178,False,none,none
txn_04179,False,none,none
txn_04180,False,none,none
txn_04181,False,none,none
txn_04182,False,none,none
txn_04183,False,none,none
txn_04184,False,none,none
txn_04185,False,none,none
txn_04186,False,none,none
txn_04187,False,none,none
txn_04188,False,none,none
txn_04189,False,none,none
txn_04190,False,none,none
txn_04191,False,none,none
txn_04192,False,none,none
txn_04193,False,none,none
txn_04194,False,none,none
txn_04195,True,cross_merchant_ring,abuse_04
txn_04196,False,none,none
txn_04197,False,none,none
txn_04198,False,none,none
txn_04199,False,none,none
txn_04200,False,none,none
txn_04201,False,none,none
txn_04202,False,none,none
txn_04203,False,none,none
txn_04204,False,none,none
txn_04205,False,none,none
txn_04206,False,none,none
txn_04207,False,none,none
txn_04208,False,none,none
txn_04209,False,none,none
txn_04210,False,none,none
txn_04211,False,none,none
txn_04212,False,none,none
txn_04213,False,none,none
txn_04214,False,none,none
txn_04215,False,none,none
txn_04216,True,velocity_burst,abuse_03
txn_04217,False,none,none
txn_04218,False,none,none
txn_04219,False,none,none
txn_04220,False,none,none
txn_04221,True,cross_merchant_ring,abuse_04
txn_04222,False,none,none
txn_04223,False,none,none
txn_04224,False,none,none
txn_04225,False,none,none
txn_04226,False,none,none
txn_04227,False,none,none
txn_04228,False,none,none
txn_04229,False,none,none
txn_04230,False,none,none
txn_04231,False,none,none
txn_04232,False,none,none
txn_04233,False,none,none
txn_04234,False,none,none
txn_04235,False,none,none
txn_04236,False,none,none
txn_04237,False,none,none
txn_04238,False,none,none
txn_04239,False,none,none
txn_04240,False,none,none
txn_04241,False,none,none
txn_04242,False,none,none
txn_04243,False,none,none
txn_04244,False,none,none
txn_04245,False,none,none
txn_04246,False,none,none
txn_04247,False,none,none
txn_04248,True,velocity_burst,abuse_03
txn_04249,False,none,none
txn_04250,False,none,none
txn_04251,False,none,none
txn_04252,False,none,none
txn_04253,False,none,none
txn_04254,False,none,none
txn_04255,False,none,none
txn_04256,False,none,none
txn_04257,False,none,none
txn_04258,False,none,none
txn_04259,False,none,none
txn_04260,False,none,none
txn_04261,False,none,none
txn_04262,False,none,none
txn_04263,False,none,none
txn_04264,False,none,none
txn_04265,False,none,none
txn_04266,False,none,none
txn_04267,False,none,none
txn_04268,False,none,none
txn_04269,False,none,none
txn_04270,False,none,none
txn_04271,False,none,none
txn_04272,False,none,none
txn_04273,False,none,none
txn_04274,False,none,none
txn_04275,False,none,none
txn_04276,False,none,none
txn_04277,True,cross_merchant_ring,abuse_04
txn_04278,False,none,none
txn_04279,False,none,none
txn_04280,False,none,none
txn_04281,False,none,none
txn_04282,False,none,none
txn_04283,False,none,none
txn_04284,False,none,none
txn_04285,False,none,none
txn_04286,False,none,none
txn_04287,False,none,none
txn_04288,False,none,none
txn_04289,False,none,none
txn_04290,False,none,none
txn_04291,False,none,none
txn_04292,False,none,none
txn_04293,False,none,none
txn_04294,False,none,none
txn_04295,False,none,none
txn_04296,False,none,none
txn_04297,False,none,none
txn_04298,False,none,none
txn_04299,False,none,none
txn_04300,False,none,none
txn_04301,False,none,none
txn_04302,False,none,none
txn_04303,False,none,none
txn_04304,False,none,none
txn_04305,False,none,none
txn_04306,False,none,none
txn_04307,False,none,none
txn_04308,False,none,none
txn_04309,True,cross_merchant_ring,abuse_04
txn_04310,False,none,none
txn_04311,False,none,none
txn_04312,False,none,none
txn_04313,False,none,none
txn_04314,False,none,none
txn_04315,False,none,none
txn_04316,False,none,none
txn_04317,False,none,none
txn_04318,False,none,none
txn_04319,False,none,none
txn_04320,False,none,none
txn_04321,False,none,none
txn_04322,False,none,none
txn_04323,False,none,none
txn_04324,False,none,none
txn_04325,False,none,none
txn_04326,False,none,none
txn_04327,False,none,none
txn_04328,False,none,none
txn_04329,False,none,none
txn_04330,False,none,none
txn_04331,False,none,none
txn_04332,False,none,none
txn_04333,False,none,none
txn_04334,False,none,none
txn_04335,False,none,none
txn_04336,False,none,none
txn_04337,False,none,none
txn_04338,False,none,none
txn_04339,False,none,none
txn_04340,True,cross_merchant_ring,abuse_04
txn_04341,False,none,none
txn_04342,False,none,none
txn_04343,False,none,none
txn_04344,False,none,none
txn_04345,False,none,none
txn_04346,False,none,none
txn_04347,False,none,none
txn_04348,False,none,none
txn_04349,False,none,none
txn_04350,False,none,none
txn_04351,False,none,none
txn_04352,False,none,none
txn_04353,False,none,none
txn_04354,True,cross_merchant_ring,abuse_04
txn_04355,False,none,none
txn_04356,False,none,none
txn_04357,False,none,none
txn_04358,False,none,none
txn_04359,False,none,none
txn_04360,False,none,none
txn_04361,False,none,none
txn_04362,False,none,none
txn_04363,False,none,none
txn_04364,True,cross_merchant_ring,abuse_04
txn_04365,False,none,none
txn_04366,False,none,none
txn_04367,False,none,none
txn_04368,False,none,none
txn_04369,False,none,none
txn_04370,False,none,none
txn_04371,False,none,none
txn_04372,False,none,none
txn_04373,False,none,none
txn_04374,False,none,none
txn_04375,False,none,none
txn_04376,False,none,none
txn_04377,False,none,none
txn_04378,False,none,none
txn_04379,False,none,none
txn_04380,False,none,none
txn_04381,False,none,none
txn_04382,False,none,none
txn_04383,False,none,none
txn_04384,False,none,none
txn_04385,False,none,none
txn_04386,False,none,none
txn_04387,False,none,none
txn_04388,False,none,none
txn_04389,False,none,none
txn_04390,False,none,none
txn_04391,False,none,none
txn_04392,False,none,none
txn_04393,False,none,none
txn_04394,False,none,none
txn_04395,False,none,none
txn_04396,False,none,none
txn_04397,False,none,none
txn_04398,False,none,none
txn_04399,False,none,none
txn_04400,False,none,none
txn_04401,False,none,none
txn_04402,False,none,none
txn_04403,False,none,none
txn_04404,False,none,none
txn_04405,False,none,none
txn_04406,False,none,none
txn_04407,False,none,none
txn_04408,False,none,none
txn_04409,False,none,none
txn_04410,True,shared_payment_instrument,abuse_02
txn_04411,False,none,none
txn_04412,False,none,none
txn_04413,False,none,none
txn_04414,True,cross_merchant_ring,abuse_04
txn_04415,False,none,none
txn_04416,False,none,none
txn_04417,False,none,none
txn_04418,False,none,none
txn_04419,False,none,none
txn_04420,False,none,none
txn_04421,False,none,none
txn_04422,False,none,none
txn_04423,False,none,none
txn_04424,False,none,none
txn_04425,False,none,none
txn_04426,False,none,none
txn_04427,False,none,none
txn_04428,False,none,none
txn_04429,False,none,none
txn_04430,False,none,none
txn_04431,False,none,none
txn_04432,False,none,none
txn_04433,False,none,none
txn_04434,False,none,none
txn_04435,True,velocity_burst,abuse_03
txn_04436,False,none,none
txn_04437,False,none,none
txn_04438,False,none,none
txn_04439,False,none,none
txn_04440,False,none,none
txn_04441,False,none,none
txn_04442,False,none,none
txn_04443,False,none,none
txn_04444,False,none,none
txn_04445,False,none,none
txn_04446,False,none,none
txn_04447,False,none,none
txn_04448,True,cross_merchant_ring,abuse_04
txn_04449,False,none,none
txn_04450,False,none,none
txn_04451,False,none,none
txn_04452,False,none,none
txn_04453,False,none,none
txn_04454,False,none,none
txn_04455,False,none,none
txn_04456,False,none,none
txn_04457,True,cross_merchant_ring,abuse_04
txn_04458,False,none,none
txn_04459,False,none,none
txn_04460,False,none,none
txn_04461,False,none,none
txn_04462,False,none,none
txn_04463,False,none,none
txn_04464,False,none,none
txn_04465,False,none,none
txn_04466,False,none,none
txn_04467,False,none,none
txn_04468,False,none,none
txn_04469,False,none,none
txn_04470,False,none,none
txn_04471,False,none,none
txn_04472,False,none,none
txn_04473,False,none,none
txn_04474,False,none,none
txn_04475,False,none,none
txn_04476,False,none,none
txn_04477,False,none,none
txn_04478,False,none,none
txn_04479,False,none,none
txn_04480,False,none,none
txn_04481,False,none,none
txn_04482,False,none,none
txn_04483,True,cross_merchant_ring,abuse_04
txn_04484,False,none,none
txn_04485,False,none,none
txn_04486,False,none,none
txn_04487,True,velocity_burst,abuse_03
txn_04488,False,none,none
txn_04489,False,none,none
txn_04490,False,none,none
txn_04491,False,none,none
txn_04492,False,none,none
txn_04493,False,none,none
txn_04494,False,none,none
txn_04495,False,none,none
txn_04496,False,none,none
txn_04497,False,none,none
txn_04498,False,none,none
txn_04499,False,none,none
txn_04500,False,none,none
txn_04501,False,none,none
txn_04502,False,none,none
txn_04503,False,none,none
txn_04504,False,none,none
txn_04505,False,none,none
txn_04506,False,none,none
txn_04507,False,none,none
txn_04508,False,none,none
txn_04509,False,none,none
txn_04510,False,none,none
txn_04511,False,none,none
txn_04512,False,none,none
txn_04513,False,none,none
txn_04514,False,none,none
txn_04515,False,none,none
txn_04516,False,none,none
txn_04517,False,none,none
txn_04518,False,none,none
txn_04519,False,none,none
txn_04520,False,none,none
txn_04521,True,shared_payment_instrument,abuse_02
txn_04522,False,none,none
txn_04523,False,none,none
txn_04524,False,none,none
txn_04525,False,none,none
txn_04526,True,shared_payment_instrument,abuse_02
txn_04527,False,none,none
txn_04528,False,none,none
txn_04529,False,none,none
txn_04530,False,none,none
txn_04531,False,none,none
txn_04532,False,none,none
txn_04533,False,none,none
txn_04534,False,none,none
txn_04535,False,none,none
txn_04536,False,none,none
txn_04537,False,none,none
txn_04538,True,shared_device,abuse_01
txn_04539,False,none,none
txn_04540,False,none,none
txn_04541,False,none,none
txn_04542,False,none,none
txn_04543,False,none,none
txn_04544,False,none,none
txn_04545,False,none,none
txn_04546,False,none,none
txn_04547,False,none,none
txn_04548,False,none,none
txn_04549,False,none,none
txn_04550,False,none,none
txn_04551,False,none,none
txn_04552,False,none,none
txn_04553,False,none,none
txn_04554,False,none,none
txn_04555,False,none,none
txn_04556,False,none,none
txn_04557,False,none,none
txn_04558,False,none,none
txn_04559,False,none,none
txn_04560,False,none,none
txn_04561,False,none,none
txn_04562,False,none,none
txn_04563,True,cross_merchant_ring,abuse_04
txn_04564,False,none,none
txn_04565,False,none,none
txn_04566,False,none,none
txn_04567,False,none,none
txn_04568,False,none,none
txn_04569,False,none,none
txn_04570,False,none,none
txn_04571,False,none,none
txn_04572,False,none,none
txn_04573,False,none,none
txn_04574,False,none,none
txn_04575,False,none,none
txn_04576,False,none,none
txn_04577,False,none,none
txn_04578,False,none,none
txn_04579,False,none,none
txn_04580,False,none,none
txn_04581,False,none,none
txn_04582,False,none,none
txn_04583,False,none,none
txn_04584,False,none,none
txn_04585,False,none,none
txn_04586,False,none,none
txn_04587,False,none,none
txn_04588,False,none,none
txn_04589,False,none,none
txn_04590,False,none,none
txn_04591,False,none,none
txn_04592,False,none,none
txn_04593,False,none,none
txn_04594,False,none,none
txn_04595,False,none,none
txn_04596,False,none,none
txn_04597,False,none,none
txn_04598,False,none,none
txn_04599,False,none,none
txn_04600,False,none,none
txn_04601,False,none,none
txn_04602,False,none,none
txn_04603,False,none,none
txn_04604,False,none,none
txn_04605,False,none,none
txn_04606,False,none,none
txn_04607,False,none,none
txn_04608,False,none,none
txn_04609,False,none,none
txn_04610,False,none,none
txn_04611,False,none,none
txn_04612,False,none,none
txn_04613,False,none,none
txn_04614,True,cross_merchant_ring,abuse_04
txn_04615,False,none,none
txn_04616,False,none,none
txn_04617,False,none,none
txn_04618,False,none,none
txn_04619,False,none,none
txn_04620,False,none,none
txn_04621,False,none,none
txn_04622,False,none,none
txn_04623,False,none,none
txn_04624,False,none,none
txn_04625,True,cross_merchant_ring,abuse_04
txn_04626,False,none,none
txn_04627,False,none,none
txn_04628,False,none,none
txn_04629,False,none,none
txn_04630,False,none,none
txn_04631,False,none,none
txn_04632,False,none,none
txn_04633,False,none,none
txn_04634,False,none,none
txn_04635,False,none,none
txn_04636,False,none,none
txn_04637,False,none,none
txn_04638,False,none,none
txn_04639,False,none,none
txn_04640,False,none,none
txn_04641,False,none,none
txn_04642,False,none,none
txn_04643,False,none,none
txn_04644,False,none,none
txn_04645,False,none,none
txn_04646,False,none,none
txn_04647,False,none,none
txn_04648,False,none,none
txn_04649,False,none,none
txn_04650,False,none,none
txn_04651,False,none,none
txn_04652,True,cross_merchant_ring,abuse_04
txn_04653,False,none,none
txn_04654,False,none,none
txn_04655,False,none,none
txn_04656,False,none,none
txn_04657,False,none,none
txn_04658,False,none,none
txn_04659,False,none,none
txn_04660,False,none,none
txn_04661,False,none,none
txn_04662,False,none,none
txn_04663,False,none,none
txn_04664,False,none,none
txn_04665,False,none,none
txn_04666,False,none,none
txn_04667,False,none,none
txn_04668,False,none,none
txn_04669,False,none,none
txn_04670,False,none,none
txn_04671,False,none,none
txn_04672,False,none,none
txn_04673,False,none,none
txn_04674,False,none,none
txn_04675,False,none,none
txn_04676,False,none,none
txn_04677,False,none,none
txn_04678,False,none,none
txn_04679,False,none,none
txn_04680,False,none,none
txn_04681,False,none,none
txn_04682,False,none,none
txn_04683,False,none,none
txn_04684,False,none,none
txn_04685,False,none,none
txn_04686,False,none,none
txn_04687,False,none,none
txn_04688,False,none,none
txn_04689,False,none,none
txn_04690,False,none,none
txn_04691,False,none,none
txn_04692,False,none,none
txn_04693,False,none,none
txn_04694,False,none,none
txn_04695,False,none,none
txn_04696,False,none,none
txn_04697,False,none,none
txn_04698,False,none,none
txn_04699,False,none,none
txn_04700,False,none,none
txn_04701,False,none,none
txn_04702,False,none,none
txn_04703,False,none,none
txn_04704,False,none,none
txn_04705,False,none,none
txn_04706,False,none,none
txn_04707,False,none,none
txn_04708,False,none,none
txn_04709,False,none,none
txn_04710,False,none,none
txn_04711,False,none,none
txn_04712,False,none,none
txn_04713,False,none,none
txn_04714,False,none,none
txn_04715,False,none,none
txn_04716,False,none,none
txn_04717,False,none,none
txn_04718,False,none,none
txn_04719,False,none,none
txn_04720,False,none,none
txn_04721,False,none,none
txn_04722,False,none,none
txn_04723,False,none,none
txn_04724,False,none,none
txn_04725,False,none,none
txn_04726,False,none,none
txn_04727,False,none,none
txn_04728,False,none,none
txn_04729,False,none,none
txn_04730,False,none,none
txn_04731,False,none,none
txn_04732,False,none,none
txn_04733,False,none,none
txn_04734,False,none,none
txn_04735,False,none,none
txn_04736,False,none,none
txn_04737,False,none,none
txn_04738,False,none,none
txn_04739,False,none,none
txn_04740,False,none,none
txn_04741,False,none,none
txn_04742,False,none,none
txn_04743,False,none,none
txn_04744,False,none,none
txn_04745,False,none,none
txn_04746,False,none,none
txn_04747,False,none,none
txn_04748,False,none,none
txn_04749,False,none,none
txn_04750,False,none,none
txn_04751,False,none,none
txn_04752,False,none,none
txn_04753,False,none,none
txn_04754,False,none,none
txn_04755,False,none,none
txn_04756,False,none,none
txn_04757,False,none,none
txn_04758,False,none,none
txn_04759,False,none,none
txn_04760,False,none,none
txn_04761,False,none,none
txn_04762,True,velocity_burst,abuse_03
txn_04763,False,none,none
txn_04764,False,none,none
txn_04765,False,none,none
txn_04766,False,none,none
txn_04767,False,none,none
txn_04768,False,none,none
txn_04769,False,none,none
txn_04770,False,none,none
txn_04771,False,none,none
txn_04772,False,none,none
txn_04773,True,shared_device,abuse_01
txn_04774,False,none,none
txn_04775,True,shared_device,abuse_01
txn_04776,False,none,none
txn_04777,False,none,none
txn_04778,False,none,none
txn_04779,False,none,none
txn_04780,True,velocity_burst,abuse_03
txn_04781,False,none,none
txn_04782,False,none,none
txn_04783,False,none,none
txn_04784,False,none,none
txn_04785,False,none,none
txn_04786,False,none,none
txn_04787,False,none,none
txn_04788,False,none,none
txn_04789,True,cross_merchant_ring,abuse_04
txn_04790,False,none,none
txn_04791,False,none,none
txn_04792,False,none,none
txn_04793,False,none,none
txn_04794,False,none,none
txn_04795,False,none,none
txn_04796,False,none,none
txn_04797,False,none,none
txn_04798,False,none,none
txn_04799,False,none,none
txn_04800,False,none,none
txn_04801,False,none,none
txn_04802,True,velocity_burst,abuse_03
txn_04803,False,none,none
txn_04804,False,none,none
txn_04805,False,none,none
txn_04806,False,none,none
txn_04807,False,none,none
txn_04808,False,none,none
txn_04809,False,none,none
txn_04810,False,none,none
txn_04811,False,none,none
txn_04812,False,none,none
txn_04813,False,none,none
txn_04814,True,velocity_burst,abuse_03
txn_04815,False,none,none
txn_04816,False,none,none
txn_04817,False,none,none
txn_04818,False,none,none
txn_04819,False,none,none
txn_04820,False,none,none
txn_04821,False,none,none
txn_04822,False,none,none
txn_04823,True,velocity_burst,abuse_03
txn_04824,False,none,none
txn_04825,False,none,none
txn_04826,False,none,none
txn_04827,False,none,none
txn_04828,False,none,none
txn_04829,False,none,none
txn_04830,False,none,none
txn_04831,False,none,none
txn_04832,False,none,none
txn_04833,False,none,none
txn_04834,False,none,none
txn_04835,False,none,none
txn_04836,False,none,none
txn_04837,False,none,none
txn_04838,False,none,none
txn_04839,False,none,none
txn_04840,False,none,none
txn_04841,False,none,none
txn_04842,False,none,none
txn_04843,False,none,none
txn_04844,False,none,none
txn_04845,False,none,none
txn_04846,False,none,none
txn_04847,False,none,none
txn_04848,True,cross_merchant_ring,abuse_04
txn_04849,False,none,none
txn_04850,False,none,none
txn_04851,False,none,none
txn_04852,False,none,none
txn_04853,True,shared_device,abuse_01
txn_04854,False,none,none
txn_04855,False,none,none
txn_04856,False,none,none
txn_04857,False,none,none
txn_04858,False,none,none
txn_04859,False,none,none
txn_04860,False,none,none
txn_04861,False,none,none
txn_04862,False,none,none
txn_04863,False,none,none
txn_04864,False,none,none
txn_04865,False,none,none
txn_04866,False,none,none
txn_04867,False,none,none
txn_04868,False,none,none
txn_04869,False,none,none
txn_04870,True,velocity_burst,abuse_03
txn_04871,False,none,none
txn_04872,False,none,none
txn_04873,False,none,none
txn_04874,False,none,none
txn_04875,False,none,none
txn_04876,False,none,none
txn_04877,False,none,none
txn_04878,False,none,none
txn_04879,False,none,none
txn_04880,False,none,none
txn_04881,False,none,none
txn_04882,False,none,none
txn_04883,False,none,none
txn_04884,False,none,none
txn_04885,False,none,none
txn_04886,False,none,none
txn_04887,False,none,none
txn_04888,False,none,none
txn_04889,False,none,none
txn_04890,False,none,none
txn_04891,False,none,none
txn_04892,False,none,none
txn_04893,False,none,none
txn_04894,True,shared_payment_instrument,abuse_02
txn_04895,False,none,none
txn_04896,False,none,none
txn_04897,False,none,none
txn_04898,False,none,none
txn_04899,False,none,none
txn_04900,False,none,none
txn_04901,False,none,none
txn_04902,False,none,none
txn_04903,False,none,none
txn_04904,False,none,none
txn_04905,False,none,none
txn_04906,False,none,none
txn_04907,False,none,none
txn_04908,False,none,none
txn_04909,False,none,none
txn_04910,False,none,none
txn_04911,False,none,none
txn_04912,False,none,none
txn_04913,False,none,none
txn_04914,False,none,none
txn_04915,False,none,none
txn_04916,False,none,none
txn_04917,False,none,none
txn_04918,False,none,none
txn_04919,False,none,none
txn_04920,False,none,none
txn_04921,False,none,none
txn_04922,False,none,none
txn_04923,False,none,none
txn_04924,False,none,none
txn_04925,False,none,none
txn_04926,True,velocity_burst,abuse_03
txn_04927,False,none,none
txn_04928,False,none,none
txn_04929,True,cross_merchant_ring,abuse_04
txn_04930,False,none,none
txn_04931,False,none,none
txn_04932,False,none,none
txn_04933,False,none,none
txn_04934,False,none,none
txn_04935,False,none,none
txn_04936,False,none,none
txn_04937,False,none,none
txn_04938,False,none,none
txn_04939,False,none,none
txn_04940,False,none,none
txn_04941,False,none,none
txn_04942,False,none,none
txn_04943,False,none,none
txn_04944,False,none,none
txn_04945,False,none,none
txn_04946,False,none,none
txn_04947,False,none,none
txn_04948,False,none,none
txn_04949,False,none,none
txn_04950,False,none,none
txn_04951,False,none,none
txn_04952,False,none,none
txn_04953,False,none,none
txn_04954,False,none,none
txn_04955,False,none,none
txn_04956,False,none,none
txn_04957,False,none,none
txn_04958,False,none,none
txn_04959,False,none,none
txn_04960,False,none,none
txn_04961,False,none,none
txn_04962,False,none,none
txn_04963,False,none,none
txn_04964,False,none,none
txn_04965,False,none,none
txn_04966,False,none,none
txn_04967,False,none,none
txn_04968,False,none,none
txn_04969,False,none,none
txn_04970,False,none,none
txn_04971,False,none,none
txn_04972,False,none,none
txn_04973,False,none,none
txn_04974,False,none,none
txn_04975,False,none,none
txn_04976,False,none,none
txn_04977,False,none,none
txn_04978,False,none,none
txn_04979,False,none,none
txn_04980,False,none,none
txn_04981,False,none,none
txn_04982,False,none,none
txn_04983,False,none,none
txn_04984,False,none,none
txn_04985,False,none,none
txn_04986,False,none,none
txn_04987,False,none,none
txn_04988,False,none,none
txn_04989,False,none,none
txn_04990,False,none,none
txn_04991,False,none,none
txn_04992,False,none,none
txn_04993,False,none,none
txn_04994,False,none,none
txn_04995,False,none,none
txn_04996,False,none,none
txn_04997,False,none,none
txn_04998,False,none,none
txn_04999,False,none,none
txn_05000,False,none,none
txn_05001,False,none,none
txn_05002,False,none,none
txn_05003,False,none,none
txn_05004,False,none,none
txn_05005,False,none,none
txn_05006,False,none,none
txn_05007,False,none,none
txn_05008,False,none,none
txn_05009,False,none,none
txn_05010,False,none,none
txn_05011,False,none,none
txn_05012,False,none,none
txn_05013,False,none,none
txn_05014,False,none,none
txn_05015,False,none,none
txn_05016,False,none,none
txn_05017,False,none,none
txn_05018,False,none,none
txn_05019,True,cross_merchant_ring,abuse_04
txn_05020,False,none,none
txn_05021,False,none,none
txn_05022,False,none,none
txn_05023,True,velocity_burst,abuse_03
txn_05024,False,none,none
txn_05025,False,none,none
txn_05026,False,none,none
txn_05027,False,none,none
txn_05028,False,none,none
txn_05029,False,none,none
txn_05030,False,none,none
txn_05031,False,none,none
txn_05032,False,none,none
txn_05033,False,none,none
txn_05034,False,none,none
txn_05035,False,none,none
txn_05036,False,none,none
txn_05037,False,none,none
txn_05038,False,none,none
txn_05039,False,none,none
txn_05040,False,none,none
txn_05041,False,none,none
txn_05042,False,none,none
txn_05043,False,none,none
txn_05044,False,none,none
txn_05045,True,cross_merchant_ring,abuse_04
txn_05046,False,none,none
txn_05047,False,none,none
txn_05048,False,none,none
txn_05049,False,none,none
txn_05050,False,none,none
txn_05051,False,none,none
txn_05052,False,none,none
txn_05053,False,none,none
txn_05054,False,none,none
txn_05055,False,none,none
txn_05056,False,none,none
txn_05057,False,none,none
txn_05058,False,none,none
txn_05059,False,none,none
txn_05060,False,none,none
txn_05061,False,none,none
txn_05062,False,none,none
txn_05063,False,none,none
txn_05064,False,none,none
txn_05065,False,none,none
txn_05066,False,none,none
txn_05067,False,none,none
txn_05068,False,none,none
txn_05069,False,none,none
txn_05070,False,none,none
txn_05071,False,none,none
txn_05072,False,none,none
txn_05073,False,none,none
txn_05074,False,none,none
txn_05075,False,none,none
txn_05076,False,none,none
txn_05077,False,none,none
txn_05078,False,none,none
txn_05079,False,none,none
txn_05080,False,none,none
txn_05081,False,none,none
txn_05082,True,shared_payment_instrument,abuse_02
txn_05083,False,none,none
txn_05084,False,none,none
txn_05085,False,none,none
txn_05086,False,none,none
txn_05087,False,none,none
txn_05088,False,none,none
txn_05089,False,none,none
txn_05090,False,none,none
txn_05091,False,none,none
txn_05092,False,none,none
txn_05093,False,none,none
txn_05094,False,none,none
txn_05095,False,none,none
txn_05096,False,none,none
txn_05097,False,none,none
txn_05098,False,none,none
txn_05099,False,none,none
txn_05100,False,none,none
txn_05101,False,none,none
txn_05102,False,none,none
txn_05103,False,none,none
txn_05104,True,cross_merchant_ring,abuse_04
txn_05105,False,none,none
txn_05106,False,none,none
txn_05107,False,none,none
txn_05108,False,none,none
txn_05109,False,none,none
txn_05110,False,none,none
txn_05111,False,none,none
txn_05112,False,none,none
txn_05113,False,none,none
txn_05114,True,velocity_burst,abuse_03
txn_05115,False,none,none
txn_05116,False,none,none
txn_05117,False,none,none
txn_05118,False,none,none
txn_05119,False,none,none
txn_05120,False,none,none
txn_05121,False,none,none
txn_05122,False,none,none
txn_05123,False,none,none
txn_05124,False,none,none
txn_05125,False,none,none
txn_05126,False,none,none
txn_05127,False,none,none
txn_05128,False,none,none
txn_05129,False,none,none
txn_05130,False,none,none
txn_05131,False,none,none
txn_05132,False,none,none
txn_05133,False,none,none
txn_05134,False,none,none
txn_05135,False,none,none
txn_05136,False,none,none
txn_05137,False,none,none
txn_05138,False,none,none
txn_05139,False,none,none
txn_05140,False,none,none
txn_05141,False,none,none
txn_05142,False,none,none
txn_05143,False,none,none
txn_05144,False,none,none
txn_05145,False,none,none
txn_05146,False,none,none
txn_05147,False,none,none
txn_05148,False,none,none
txn_05149,False,none,none
txn_05150,False,none,none
txn_05151,False,none,none
txn_05152,False,none,none
txn_05153,False,none,none
txn_05154,False,none,none
txn_05155,False,none,none
txn_05156,False,none,none
txn_05157,False,none,none
txn_05158,False,none,none
txn_05159,False,none,none
txn_05160,False,none,none
txn_05161,False,none,none
txn_05162,False,none,none
txn_05163,False,none,none
txn_05164,False,none,none
txn_05165,False,none,none
txn_05166,False,none,none
txn_05167,False,none,none
txn_05168,False,none,none
txn_05169,False,none,none
txn_05170,False,none,none
txn_05171,False,none,none
txn_05172,False,none,none
txn_05173,False,none,none
txn_05174,False,none,none
txn_05175,False,none,none
txn_05176,False,none,none
txn_05177,False,none,none
txn_05178,False,none,none
txn_05179,False,none,none
txn_05180,False,none,none
txn_05181,False,none,none
txn_05182,False,none,none
txn_05183,False,none,none
txn_05184,True,velocity_burst,abuse_03
txn_05185,False,none,none
txn_05186,False,none,none
txn_05187,False,none,none
txn_05188,False,none,none
txn_05189,False,none,none
txn_05190,False,none,none
txn_05191,False,none,none
txn_05192,False,none,none
txn_05193,False,none,none
txn_05194,False,none,none
txn_05195,False,none,none
txn_05196,False,none,none
txn_05197,False,none,none
txn_05198,False,none,none
txn_05199,False,none,none
txn_05200,False,none,none
txn_05201,False,none,none
txn_05202,False,none,none
txn_05203,False,none,none
txn_05204,False,none,none
txn_05205,False,none,none
txn_05206,False,none,none
txn_05207,False,none,none
txn_05208,False,none,none
txn_05209,False,none,none
txn_05210,False,none,none
txn_05211,False,none,none
txn_05212,False,none,none
txn_05213,False,none,none
txn_05214,False,none,none
txn_05215,False,none,none
txn_05216,False,none,none
txn_05217,False,none,none
txn_05218,False,none,none
txn_05219,False,none,none
txn_05220,False,none,none
txn_05221,False,none,none
txn_05222,False,none,none
txn_05223,False,none,none
txn_05224,False,none,none
txn_05225,False,none,none
txn_05226,False,none,none
txn_05227,False,none,none
txn_05228,False,none,none
txn_05229,False,none,none
txn_05230,False,none,none
txn_05231,False,none,none
txn_05232,False,none,none
txn_05233,False,none,none
txn_05234,False,none,none
txn_05235,False,none,none
txn_05236,False,none,none
txn_05237,False,none,none
txn_05238,False,none,none
txn_05239,False,none,none
txn_05240,False,none,none
txn_05241,False,none,none
txn_05242,False,none,none
txn_05243,False,none,none
txn_05244,False,none,none
txn_05245,True,cross_merchant_ring,abuse_04
txn_05246,False,none,none
txn_05247,False,none,none
txn_05248,False,none,none
txn_05249,False,none,none
txn_05250,False,none,none
txn_05251,False,none,none
txn_05252,False,none,none
txn_05253,False,none,none
txn_05254,False,none,none
txn_05255,True,cross_merchant_ring,abuse_04
txn_05256,False,none,none
txn_05257,False,none,none
txn_05258,False,none,none
txn_05259,True,velocity_burst,abuse_03
txn_05260,False,none,none
txn_05261,False,none,none
txn_05262,False,none,none
txn_05263,False,none,none
txn_05264,False,none,none
txn_05265,False,none,none
txn_05266,False,none,none
txn_05267,False,none,none
txn_05268,False,none,none
txn_05269,False,none,none
txn_05270,False,none,none
txn_05271,False,none,none
txn_05272,False,none,none
txn_05273,False,none,none
txn_05274,False,none,none
txn_05275,True,cross_merchant_ring,abuse_04
txn_05276,True,velocity_burst,abuse_03
txn_05277,False,none,none
txn_05278,False,none,none
txn_05279,False,none,none
txn_05280,False,none,none
txn_05281,False,none,none
txn_05282,False,none,none
txn_05283,False,none,none
txn_05284,False,none,none
txn_05285,False,none,none
txn_05286,False,none,none
txn_05287,False,none,none
txn_05288,True,velocity_burst,abuse_03
txn_05289,False,none,none
txn_05290,False,none,none
txn_05291,False,none,none
txn_05292,False,none,none
txn_05293,False,none,none
txn_05294,False,none,none
txn_05295,False,none,none
txn_05296,False,none,none
txn_05297,False,none,none
txn_05298,False,none,none
txn_05299,False,none,none
txn_05300,False,none,none
txn_05301,False,none,none
txn_05302,False,none,none
txn_05303,False,none,none
txn_05304,False,none,none
txn_05305,False,none,none
txn_05306,False,none,none
txn_05307,False,none,none
txn_05308,False,none,none
txn_05309,False,none,none
txn_05310,False,none,none
txn_05311,False,none,none
txn_05312,False,none,none
txn_05313,False,none,none
txn_05314,False,none,none
txn_05315,False,none,none
txn_05316,False,none,none
txn_05317,False,none,none
txn_05318,False,none,none
txn_05319,False,none,none
txn_05320,True,cross_merchant_ring,abuse_04
txn_05321,False,none,none
txn_05322,False,none,none
txn_05323,False,none,none
txn_05324,False,none,none
txn_05325,False,none,none
txn_05326,False,none,none
txn_05327,False,none,none
txn_05328,False,none,none
txn_05329,False,none,none
txn_05330,False,none,none
txn_05331,False,none,none
txn_05332,False,none,none
txn_05333,False,none,none
txn_05334,False,none,none
txn_05335,False,none,none
txn_05336,False,none,none
txn_05337,False,none,none
txn_05338,False,none,none
txn_05339,False,none,none
txn_05340,False,none,none
txn_05341,False,none,none
txn_05342,False,none,none
txn_05343,False,none,none
txn_05344,False,none,none
txn_05345,False,none,none
txn_05346,False,none,none
txn_05347,False,none,none
txn_05348,False,none,none
txn_05349,False,none,none
txn_05350,False,none,none
txn_05351,False,none,none
txn_05352,False,none,none
txn_05353,False,none,none
txn_05354,False,none,none
txn_05355,False,none,none
txn_05356,False,none,none
txn_05357,False,none,none
txn_05358,False,none,none
txn_05359,False,none,none
txn_05360,True,cross_merchant_ring,abuse_04
txn_05361,False,none,none
txn_05362,False,none,none
txn_05363,False,none,none
txn_05364,False,none,none
txn_05365,False,none,none
txn_05366,False,none,none
txn_05367,False,none,none
txn_05368,False,none,none
txn_05369,False,none,none
txn_05370,False,none,none
txn_05371,False,none,none
txn_05372,False,none,none
txn_05373,False,none,none
txn_05374,False,none,none
txn_05375,False,none,none
txn_05376,False,none,none
txn_05377,False,none,none
txn_05378,False,none,none
txn_05379,False,none,none
txn_05380,False,none,none
txn_05381,False,none,none
txn_05382,False,none,none
txn_05383,False,none,none
txn_05384,False,none,none
txn_05385,False,none,none
txn_05386,False,none,none
txn_05387,False,none,none
txn_05388,False,none,none
txn_05389,False,none,none
txn_05390,False,none,none
txn_05391,False,none,none
txn_05392,False,none,none
txn_05393,False,none,none
txn_05394,False,none,none
txn_05395,False,none,none
txn_05396,False,none,none
txn_05397,False,none,none
txn_05398,False,none,none
txn_05399,True,cross_merchant_ring,abuse_04
txn_05400,False,none,none
txn_05401,False,none,none
txn_05402,False,none,none
txn_05403,False,none,none
txn_05404,False,none,none
txn_05405,False,none,none
txn_05406,False,none,none
txn_05407,False,none,none
txn_05408,False,none,none
txn_05409,False,none,none
txn_05410,False,none,none
txn_05411,False,none,none
txn_05412,False,none,none
txn_05413,False,none,none
txn_05414,False,none,none
txn_05415,False,none,none
txn_05416,False,none,none
txn_05417,False,none,none
txn_05418,False,none,none
txn_05419,False,none,none
txn_05420,False,none,none
txn_05421,False,none,none
txn_05422,False,none,none
txn_05423,False,none,none
txn_05424,False,none,none
txn_05425,False,none,none
txn_05426,False,none,none
txn_05427,False,none,none
txn_05428,False,none,none
txn_05429,False,none,none
txn_05430,False,none,none
txn_05431,False,none,none
txn_05432,False,none,none
txn_05433,False,none,none
txn_05434,False,none,none
txn_05435,False,none,none
txn_05436,False,none,none
txn_05437,False,none,none
txn_05438,False,none,none
txn_05439,False,none,none
txn_05440,False,none,none
txn_05441,False,none,none
txn_05442,False,none,none
txn_05443,False,none,none
txn_05444,False,none,none
txn_05445,False,none,none
txn_05446,False,none,none
txn_05447,False,none,none
txn_05448,False,none,none
txn_05449,False,none,none
txn_05450,False,none,none
txn_05451,False,none,none
txn_05452,False,none,none
txn_05453,False,none,none
txn_05454,False,none,none
txn_05455,False,none,none
txn_05456,False,none,none
txn_05457,False,none,none
txn_05458,False,none,none
txn_05459,False,none,none
txn_05460,False,none,none
txn_05461,False,none,none
txn_05462,False,none,none
txn_05463,False,none,none
txn_05464,False,none,none
txn_05465,False,none,none
txn_05466,False,none,none
txn_05467,False,none,none
txn_05468,False,none,none
txn_05469,False,none,none
txn_05470,False,none,none
txn_05471,True,shared_device,abuse_01
txn_05472,False,none,none
txn_05473,False,none,none
txn_05474,False,none,none
txn_05475,False,none,none
txn_05476,False,none,none
txn_05477,False,none,none
txn_05478,False,none,none
txn_05479,False,none,none
txn_05480,False,none,none
txn_05481,False,none,none
txn_05482,False,none,none
txn_05483,False,none,none
txn_05484,False,none,none
txn_05485,False,none,none
txn_05486,False,none,none
txn_05487,False,none,none
txn_05488,False,none,none
txn_05489,False,none,none
txn_05490,False,none,none
txn_05491,False,none,none
txn_05492,False,none,none
txn_05493,False,none,none
txn_05494,False,none,none
txn_05495,False,none,none
txn_05496,False,none,none
txn_05497,False,none,none
txn_05498,False,none,none
txn_05499,False,none,none
txn_05500,False,none,none
txn_05501,False,none,none
txn_05502,False,none,none
txn_05503,False,none,none
txn_05504,False,none,none
txn_05505,False,none,none
txn_05506,False,none,none
txn_05507,True,velocity_burst,abuse_03
txn_05508,False,none,none
txn_05509,False,none,none
txn_05510,False,none,none
txn_05511,False,none,none
txn_05512,False,none,none
txn_05513,False,none,none
txn_05514,False,none,none
txn_05515,False,none,none
txn_05516,False,none,none
txn_05517,False,none,none
txn_05518,False,none,none
txn_05519,False,none,none
txn_05520,False,none,none
txn_05521,False,none,none
txn_05522,False,none,none
txn_05523,False,none,none
txn_05524,False,none,none
txn_05525,False,none,none
txn_05526,False,none,none
txn_05527,False,none,none
txn_05528,False,none,none
txn_05529,False,none,none
txn_05530,False,none,none
txn_05531,False,none,none
txn_05532,False,none,none
txn_05533,False,none,none
txn_05534,False,none,none
txn_05535,False,none,none
txn_05536,False,none,none
txn_05537,True,cross_merchant_ring,abuse_04
txn_05538,False,none,none
txn_05539,False,none,none
txn_05540,False,none,none
txn_05541,False,none,none
txn_05542,False,none,none
txn_05543,False,none,none
txn_05544,False,none,none
txn_05545,False,none,none
txn_05546,False,none,none
txn_05547,False,none,none
txn_05548,False,none,none
txn_05549,False,none,none
txn_05550,False,none,none
txn_05551,False,none,none
txn_05552,False,none,none
txn_05553,False,none,none
txn_05554,False,none,none
txn_05555,False,none,none
txn_05556,False,none,none
txn_05557,False,none,none
txn_05558,False,none,none
txn_05559,False,none,none
txn_05560,False,none,none
txn_05561,False,none,none
txn_05562,False,none,none
txn_05563,False,none,none
txn_05564,False,none,none
txn_05565,False,none,none
txn_05566,False,none,none
txn_05567,False,none,none
txn_05568,False,none,none
txn_05569,False,none,none
txn_05570,False,none,none
txn_05571,False,none,none
txn_05572,False,none,none
txn_05573,False,none,none
txn_05574,False,none,none
txn_05575,False,none,none
txn_05576,False,none,none
txn_05577,False,none,none
txn_05578,False,none,none
txn_05579,False,none,none
txn_05580,False,none,none
txn_05581,False,none,none
txn_05582,False,none,none
txn_05583,False,none,none
txn_05584,False,none,none
txn_05585,False,none,none
txn_05586,False,none,none
txn_05587,False,none,none
txn_05588,False,none,none
txn_05589,False,none,none
txn_05590,False,none,none
txn_05591,False,none,none
txn_05592,False,none,none
txn_05593,False,none,none
txn_05594,False,none,none
txn_05595,False,none,none
txn_05596,False,none,none
txn_05597,False,none,none
txn_05598,False,none,none
txn_05599,False,none,none
txn_05600,False,none,none
txn_05601,False,none,none
txn_05602,False,none,none
txn_05603,False,none,none
txn_05604,False,none,none
txn_05605,False,none,none
txn_05606,False,none,none
txn_05607,False,none,none
txn_05608,False,none,none
txn_05609,False,none,none
txn_05610,False,none,none
txn_05611,False,none,none
txn_05612,False,none,none
txn_05613,False,none,none
txn_05614,False,none,none
txn_05615,False,none,none
txn_05616,False,none,none
txn_05617,False,none,none
txn_05618,False,none,none
txn_05619,False,none,none
txn_05620,False,none,none
txn_05621,False,none,none
txn_05622,False,none,none
txn_05623,False,none,none
txn_05624,False,none,none
txn_05625,False,none,none
txn_05626,False,none,none
txn_05627,False,none,none
txn_05628,False,none,none
txn_05629,False,none,none
txn_05630,False,none,none
txn_05631,False,none,none
txn_05632,False,none,none
txn_05633,False,none,none
txn_05634,False,none,none
txn_05635,False,none,none
txn_05636,False,none,none
txn_05637,False,none,none
txn_05638,False,none,none
txn_05639,False,none,none
txn_05640,False,none,none
txn_05641,False,none,none
txn_05642,False,none,none
txn_05643,False,none,none
txn_05644,False,none,none
txn_05645,False,none,none
txn_05646,True,cross_merchant_ring,abuse_04
txn_05647,False,none,none
txn_05648,False,none,none
txn_05649,False,none,none
txn_05650,False,none,none
txn_05651,False,none,none
txn_05652,False,none,none
txn_05653,False,none,none
txn_05654,False,none,none
txn_05655,False,none,none
txn_05656,False,none,none
txn_05657,False,none,none
txn_05658,False,none,none
txn_05659,False,none,none
txn_05660,False,none,none
txn_05661,False,none,none
txn_05662,False,none,none
txn_05663,False,none,none
txn_05664,False,none,none
txn_05665,False,none,none
txn_05666,False,none,none
txn_05667,False,none,none
txn_05668,False,none,none
txn_05669,False,none,none
txn_05670,False,none,none
txn_05671,False,none,none
txn_05672,True,cross_merchant_ring,abuse_04
txn_05673,False,none,none
txn_05674,False,none,none
txn_05675,False,none,none
txn_05676,False,none,none
txn_05677,False,none,none
txn_05678,False,none,none
txn_05679,False,none,none
txn_05680,False,none,none
txn_05681,False,none,none
txn_05682,False,none,none
txn_05683,False,none,none
txn_05684,False,none,none
txn_05685,False,none,none
txn_05686,False,none,none
txn_05687,False,none,none
txn_05688,False,none,none
txn_05689,True,cross_merchant_ring,abuse_04
txn_05690,False,none,none
txn_05691,False,none,none
txn_05692,False,none,none
txn_05693,False,none,none
txn_05694,False,none,none
txn_05695,False,none,none
txn_05696,False,none,none
txn_05697,False,none,none
txn_05698,False,none,none
txn_05699,False,none,none
txn_05700,False,none,none
txn_05701,False,none,none
txn_05702,False,none,none
txn_05703,False,none,none
txn_05704,False,none,none
txn_05705,False,none,none
txn_05706,False,none,none
txn_05707,False,none,none
txn_05708,True,cross_merchant_ring,abuse_04
txn_05709,False,none,none
txn_05710,False,none,none
txn_05711,False,none,none
txn_05712,False,none,none
txn_05713,False,none,none
txn_05714,False,none,none
txn_05715,False,none,none
txn_05716,False,none,none
txn_05717,False,none,none
txn_05718,False,none,none
txn_05719,False,none,none
txn_05720,False,none,none
txn_05721,False,none,none
txn_05722,False,none,none
txn_05723,False,none,none
txn_05724,False,none,none
txn_05725,False,none,none
txn_05726,False,none,none
txn_05727,True,velocity_burst,abuse_03
txn_05728,False,none,none
txn_05729,False,none,none
txn_05730,False,none,none
txn_05731,False,none,none
txn_05732,False,none,none
txn_05733,False,none,none
txn_05734,False,none,none
txn_05735,False,none,none
txn_05736,False,none,none
txn_05737,False,none,none
txn_05738,False,none,none
txn_05739,False,none,none
txn_05740,False,none,none
txn_05741,False,none,none
txn_05742,False,none,none
txn_05743,False,none,none
txn_05744,False,none,none
txn_05745,False,none,none
txn_05746,False,none,none
txn_05747,False,none,none
txn_05748,False,none,none
txn_05749,False,none,none
txn_05750,False,none,none
txn_05751,False,none,none
txn_05752,False,none,none
txn_05753,False,none,none
txn_05754,False,none,none
txn_05755,False,none,none
txn_05756,False,none,none
txn_05757,False,none,none
txn_05758,False,none,none
txn_05759,False,none,none
txn_05760,False,none,none
txn_05761,False,none,none
txn_05762,False,none,none
txn_05763,True,shared_payment_instrument,abuse_02
txn_05764,False,none,none
txn_05765,False,none,none
txn_05766,False,none,none
txn_05767,False,none,none
txn_05768,False,none,none
txn_05769,False,none,none
txn_05770,True,shared_device,abuse_01
txn_05771,False,none,none
txn_05772,False,none,none
txn_05773,False,none,none
txn_05774,False,none,none
txn_05775,False,none,none
txn_05776,False,none,none
txn_05777,False,none,none
txn_05778,False,none,none
txn_05779,False,none,none
txn_05780,False,none,none
txn_05781,True,shared_device,abuse_01
txn_05782,False,none,none
txn_05783,False,none,none
txn_05784,False,none,none
txn_05785,False,none,none
txn_05786,False,none,none
txn_05787,False,none,none
txn_05788,False,none,none
txn_05789,False,none,none
txn_05790,True,shared_payment_instrument,abuse_02
txn_05791,False,none,none
txn_05792,False,none,none
txn_05793,True,shared_device,abuse_01
txn_05794,False,none,none
txn_05795,False,none,none
txn_05796,False,none,none
txn_05797,False,none,none
txn_05798,False,none,none
txn_05799,False,none,none
txn_05800,False,none,none
txn_05801,False,none,none
txn_05802,False,none,none
txn_05803,False,none,none
txn_05804,False,none,none
txn_05805,False,none,none
txn_05806,False,none,none
txn_05807,False,none,none
txn_05808,False,none,none
txn_05809,False,none,none
txn_05810,False,none,none
txn_05811,False,none,none
txn_05812,False,none,none
txn_05813,False,none,none
txn_05814,False,none,none
txn_05815,False,none,none
txn_05816,False,none,none
txn_05817,False,none,none
txn_05818,False,none,none
txn_05819,False,none,none
txn_05820,False,none,none
txn_05821,False,none,none
txn_05822,False,none,none
txn_05823,False,none,none
txn_05824,False,none,none
txn_05825,False,none,none
txn_05826,True,velocity_burst,abuse_03
txn_05827,False,none,none
txn_05828,False,none,none
txn_05829,False,none,none
txn_05830,False,none,none
txn_05831,False,none,none
txn_05832,False,none,none
txn_05833,False,none,none
txn_05834,False,none,none
txn_05835,False,none,none
txn_05836,False,none,none
txn_05837,False,none,none
txn_05838,False,none,none
txn_05839,False,none,none
txn_05840,False,none,none
txn_05841,False,none,none
txn_05842,False,none,none
txn_05843,False,none,none
txn_05844,False,none,none
txn_05845,False,none,none
txn_05846,False,none,none
txn_05847,False,none,none
txn_05848,False,none,none
txn_05849,False,none,none
txn_05850,False,none,none
txn_05851,False,none,none
txn_05852,True,shared_device,abuse_01
txn_05853,False,none,none
txn_05854,False,none,none
txn_05855,False,none,none
txn_05856,False,none,none
txn_05857,False,none,none
txn_05858,False,none,none
txn_05859,False,none,none
txn_05860,False,none,none
txn_05861,False,none,none
txn_05862,False,none,none
txn_05863,False,none,none
txn_05864,False,none,none
txn_05865,True,shared_device,abuse_01
txn_05866,False,none,none
txn_05867,False,none,none
txn_05868,False,none,none
txn_05869,False,none,none
txn_05870,False,none,none
txn_05871,False,none,none
txn_05872,False,none,none
txn_05873,False,none,none
txn_05874,False,none,none
txn_05875,False,none,none
txn_05876,False,none,none
txn_05877,False,none,none
txn_05878,False,none,none
txn_05879,False,none,none
txn_05880,False,none,none
txn_05881,False,none,none
txn_05882,True,shared_device,abuse_01
txn_05883,False,none,none
txn_05884,False,none,none
txn_05885,False,none,none
txn_05886,False,none,none
txn_05887,False,none,none
txn_05888,False,none,none
txn_05889,False,none,none
txn_05890,False,none,none
txn_05891,False,none,none
txn_05892,False,none,none
txn_05893,False,none,none
txn_05894,False,none,none
txn_05895,False,none,none
txn_05896,False,none,none
txn_05897,False,none,none
txn_05898,False,none,none
txn_05899,False,none,none
txn_05900,False,none,none
txn_05901,False,none,none
txn_05902,False,none,none
txn_05903,False,none,none
txn_05904,False,none,none
txn_05905,False,none,none
txn_05906,False,none,none
txn_05907,False,none,none
txn_05908,False,none,none
txn_05909,False,none,none
txn_05910,False,none,none
txn_05911,False,none,none
txn_05912,False,none,none
txn_05913,False,none,none
txn_05914,False,none,none
txn_05915,False,none,none
txn_05916,False,none,none
txn_05917,False,none,none
txn_05918,False,none,none
txn_05919,False,none,none
txn_05920,False,none,none
txn_05921,False,none,none
txn_05922,False,none,none
txn_05923,False,none,none
txn_05924,False,none,none
txn_05925,False,none,none
txn_05926,False,none,none
txn_05927,False,none,none
txn_05928,False,none,none
txn_05929,False,none,none
txn_05930,False,none,none
txn_05931,False,none,none
txn_05932,False,none,none
txn_05933,False,none,none
txn_05934,False,none,none
txn_05935,False,none,none
txn_05936,False,none,none
txn_05937,False,none,none
txn_05938,False,none,none
txn_05939,False,none,none
txn_05940,False,none,none
txn_05941,False,none,none
txn_05942,False,none,none
txn_05943,True,shared_payment_instrument,abuse_02
txn_05944,False,none,none
txn_05945,False,none,none
txn_05946,False,none,none
txn_05947,False,none,none
txn_05948,False,none,none
txn_05949,False,none,none
txn_05950,False,none,none
txn_05951,False,none,none
txn_05952,False,none,none
txn_05953,False,none,none
txn_05954,False,none,none
txn_05955,False,none,none
txn_05956,False,none,none
txn_05957,False,none,none
txn_05958,False,none,none
txn_05959,False,none,none
txn_05960,False,none,none
txn_05961,False,none,none
txn_05962,False,none,none
txn_05963,False,none,none
txn_05964,False,none,none
txn_05965,False,none,none
txn_05966,False,none,none
txn_05967,False,none,none
txn_05968,False,none,none
txn_05969,False,none,none
txn_05970,False,none,none
txn_05971,False,none,none
txn_05972,False,none,none
txn_05973,False,none,none
txn_05974,False,none,none
txn_05975,False,none,none
txn_05976,False,none,none
txn_05977,False,none,none
txn_05978,False,none,none
txn_05979,False,none,none
txn_05980,True,velocity_burst,abuse_03
txn_05981,False,none,none
txn_05982,False,none,none
txn_05983,False,none,none
txn_05984,False,none,none
txn_05985,False,none,none
txn_05986,False,none,none
txn_05987,False,none,none
txn_05988,False,none,none
txn_05989,False,none,none
txn_05990,False,none,none
txn_05991,False,none,none
txn_05992,False,none,none
txn_05993,False,none,none
txn_05994,False,none,none
txn_05995,False,none,none
txn_05996,False,none,none
txn_05997,False,none,none
txn_05998,False,none,none
txn_05999,False,none,none
txn_06000,False,none,none
txn_06001,False,none,none
txn_06002,False,none,none
txn_06003,False,none,none
txn_06004,False,none,none
txn_06005,False,none,none
txn_06006,False,none,none
txn_06007,False,none,none
txn_06008,False,none,none
txn_06009,False,none,none
txn_06010,False,none,none
txn_06011,False,none,none
txn_06012,False,none,none
txn_06013,False,none,none
txn_06014,False,none,none
txn_06015,False,none,none
txn_06016,False,none,none
txn_06017,False,none,none
txn_06018,False,none,none
txn_06019,False,none,none
txn_06020,False,none,none
txn_06021,False,none,none
txn_06022,False,none,none
txn_06023,False,none,none
txn_06024,False,none,none
txn_06025,False,none,none
txn_06026,False,none,none
txn_06027,False,none,none
txn_06028,False,none,none
txn_06029,False,none,none
txn_06030,False,none,none
txn_06031,False,none,none
txn_06032,False,none,none
txn_06033,False,none,none
txn_06034,False,none,none
txn_06035,False,none,none
txn_06036,False,none,none
txn_06037,False,none,none
txn_06038,True,velocity_burst,abuse_03
txn_06039,False,none,none
txn_06040,False,none,none
txn_06041,False,none,none
txn_06042,True,velocity_burst,abuse_03
txn_06043,True,velocity_burst,abuse_03
txn_06044,False,none,none
txn_06045,False,none,none
txn_06046,False,none,none
txn_06047,False,none,none
txn_06048,False,none,none
txn_06049,False,none,none
txn_06050,False,none,none
txn_06051,False,none,none
txn_06052,False,none,none
txn_06053,False,none,none
txn_06054,False,none,none
txn_06055,False,none,none
txn_06056,False,none,none
txn_06057,False,none,none
txn_06058,False,none,none
txn_06059,False,none,none
txn_06060,False,none,none
txn_06061,False,none,none
txn_06062,False,none,none
txn_06063,False,none,none
txn_06064,False,none,none
txn_06065,False,none,none
txn_06066,False,none,none
txn_06067,False,none,none
txn_06068,False,none,none
txn_06069,False,none,none
txn_06070,False,none,none
txn_06071,False,none,none
txn_06072,False,none,none
txn_06073,False,none,none
txn_06074,False,none,none
txn_06075,False,none,none
txn_06076,False,none,none
txn_06077,False,none,none
txn_06078,False,none,none
txn_06079,False,none,none
txn_06080,False,none,none
txn_06081,False,none,none
txn_06082,False,none,none
txn_06083,False,none,none
txn_06084,False,none,none
txn_06085,False,none,none
txn_06086,False,none,none
txn_06087,False,none,none
txn_06088,False,none,none
txn_06089,False,none,none
txn_06090,False,none,none
txn_06091,False,none,none
txn_06092,False,none,none
txn_06093,False,none,none
txn_06094,False,none,none
txn_06095,False,none,none
txn_06096,False,none,none
txn_06097,False,none,none
txn_06098,False,none,none
txn_06099,False,none,none
txn_06100,False,none,none
txn_06101,False,none,none
txn_06102,False,none,none
txn_06103,False,none,none
txn_06104,False,none,none
txn_06105,False,none,none
txn_06106,False,none,none
txn_06107,False,none,none
txn_06108,True,shared_device,abuse_01
txn_06109,False,none,none
txn_06110,False,none,none
txn_06111,False,none,none
txn_06112,True,shared_payment_instrument,abuse_02
txn_06113,False,none,none
txn_06114,False,none,none
txn_06115,False,none,none
txn_06116,False,none,none
txn_06117,False,none,none
txn_06118,False,none,none
txn_06119,False,none,none
txn_06120,False,none,none
txn_06121,False,none,none
txn_06122,False,none,none
txn_06123,False,none,none
txn_06124,False,none,none
txn_06125,False,none,none
txn_06126,False,none,none
txn_06127,False,none,none
txn_06128,False,none,none
txn_06129,False,none,none
txn_06130,False,none,none
txn_06131,False,none,none
txn_06132,False,none,none
txn_06133,False,none,none
txn_06134,False,none,none
txn_06135,False,none,none
txn_06136,False,none,none
txn_06137,False,none,none
txn_06138,False,none,none
txn_06139,False,none,none
txn_06140,False,none,none
txn_06141,False,none,none
txn_06142,False,none,none
txn_06143,False,none,none
txn_06144,False,none,none
txn_06145,False,none,none
txn_06146,False,none,none
txn_06147,False,none,none
txn_06148,False,none,none
txn_06149,False,none,none
txn_06150,True,cross_merchant_ring,abuse_04
txn_06151,False,none,none
txn_06152,False,none,none
txn_06153,False,none,none
txn_06154,False,none,none
txn_06155,False,none,none
txn_06156,False,none,none
txn_06157,False,none,none
txn_06158,False,none,none
txn_06159,False,none,none
txn_06160,False,none,none
txn_06161,False,none,none
txn_06162,False,none,none
txn_06163,False,none,none
txn_06164,False,none,none
txn_06165,False,none,none
txn_06166,False,none,none
txn_06167,False,none,none
txn_06168,True,shared_payment_instrument,abuse_02
txn_06169,False,none,none
txn_06170,False,none,none
txn_06171,False,none,none
txn_06172,False,none,none
txn_06173,False,none,none
txn_06174,False,none,none
txn_06175,False,none,none
txn_06176,False,none,none
txn_06177,False,none,none
txn_06178,False,none,none
txn_06179,False,none,none
txn_06180,False,none,none
txn_06181,False,none,none
txn_06182,False,none,none
txn_06183,False,none,none
txn_06184,False,none,none
txn_06185,False,none,none
txn_06186,False,none,none
txn_06187,False,none,none
txn_06188,False,none,none
txn_06189,False,none,none
txn_06190,False,none,none
txn_06191,False,none,none
txn_06192,False,none,none
txn_06193,False,none,none
txn_06194,False,none,none
txn_06195,False,none,none
txn_06196,True,shared_payment_instrument,abuse_02
txn_06197,False,none,none
txn_06198,False,none,none
txn_06199,False,none,none
txn_06200,False,none,none
txn_06201,False,none,none
txn_06202,False,none,none
txn_06203,False,none,none
txn_06204,False,none,none
txn_06205,False,none,none
txn_06206,False,none,none
txn_06207,False,none,none
txn_06208,False,none,none
txn_06209,False,none,none
txn_06210,False,none,none
txn_06211,False,none,none
txn_06212,False,none,none
txn_06213,False,none,none
txn_06214,False,none,none
txn_06215,False,none,none
txn_06216,False,none,none
txn_06217,False,none,none
txn_06218,False,none,none
txn_06219,False,none,none
txn_06220,True,cross_merchant_ring,abuse_04
txn_06221,False,none,none
txn_06222,False,none,none
txn_06223,False,none,none
txn_06224,False,none,none
txn_06225,False,none,none
txn_06226,False,none,none
txn_06227,False,none,none
txn_06228,False,none,none
txn_06229,False,none,none
txn_06230,False,none,none
txn_06231,False,none,none
txn_06232,False,none,none
txn_06233,False,none,none
txn_06234,False,none,none
txn_06235,False,none,none
txn_06236,False,none,none
txn_06237,False,none,none
txn_06238,False,none,none
txn_06239,False,none,none
txn_06240,False,none,none
txn_06241,False,none,none
txn_06242,False,none,none
txn_06243,False,none,none
txn_06244,False,none,none
txn_06245,False,none,none
txn_06246,False,none,none
txn_06247,False,none,none
txn_06248,False,none,none
txn_06249,False,none,none
txn_06250,False,none,none
txn_06251,False,none,none
txn_06252,False,none,none
txn_06253,False,none,none
txn_06254,False,none,none
txn_06255,False,none,none
txn_06256,False,none,none
txn_06257,False,none,none
txn_06258,False,none,none
txn_06259,False,none,none
txn_06260,False,none,none
txn_06261,False,none,none
txn_06262,False,none,none
txn_06263,False,none,none
txn_06264,False,none,none
txn_06265,False,none,none
txn_06266,False,none,none
txn_06267,False,none,none
txn_06268,False,none,none
txn_06269,False,none,none
txn_06270,False,none,none
txn_06271,False,none,none
txn_06272,False,none,none
txn_06273,False,none,none
txn_06274,False,none,none
txn_06275,False,none,none
txn_06276,False,none,none
txn_06277,False,none,none
txn_06278,False,none,none
txn_06279,False,none,none
txn_06280,False,none,none
txn_06281,False,none,none
txn_06282,False,none,none
txn_06283,False,none,none
txn_06284,False,none,none
txn_06285,False,none,none
txn_06286,False,none,none
txn_06287,False,none,none
txn_06288,True,velocity_burst,abuse_03
txn_06289,False,none,none
txn_06290,False,none,none
txn_06291,False,none,none
txn_06292,False,none,none
txn_06293,False,none,none
txn_06294,False,none,none
txn_06295,False,none,none
txn_06296,False,none,none
txn_06297,False,none,none
txn_06298,False,none,none
txn_06299,False,none,none
txn_06300,False,none,none
txn_06301,True,cross_merchant_ring,abuse_04
txn_06302,False,none,none
txn_06303,False,none,none
txn_06304,False,none,none
txn_06305,False,none,none
txn_06306,False,none,none
txn_06307,False,none,none
txn_06308,False,none,none
txn_06309,False,none,none
txn_06310,False,none,none
txn_06311,False,none,none
txn_06312,False,none,none
txn_06313,False,none,none
txn_06314,False,none,none
txn_06315,False,none,none
txn_06316,False,none,none
txn_06317,False,none,none
txn_06318,False,none,none
txn_06319,False,none,none
txn_06320,False,none,none
txn_06321,False,none,none
txn_06322,False,none,none
txn_06323,False,none,none
txn_06324,False,none,none
txn_06325,False,none,none
txn_06326,False,none,none
txn_06327,False,none,none
txn_06328,False,none,none
txn_06329,False,none,none
txn_06330,False,none,none
txn_06331,True,cross_merchant_ring,abuse_04
txn_06332,True,velocity_burst,abuse_03
txn_06333,False,none,none
txn_06334,False,none,none
txn_06335,False,none,none
txn_06336,False,none,none
txn_06337,False,none,none
txn_06338,False,none,none
txn_06339,False,none,none
txn_06340,False,none,none
txn_06341,False,none,none
txn_06342,False,none,none
txn_06343,False,none,none
txn_06344,False,none,none
txn_06345,False,none,none
txn_06346,False,none,none
txn_06347,False,none,none
txn_06348,False,none,none
txn_06349,False,none,none
txn_06350,False,none,none
txn_06351,False,none,none
txn_06352,False,none,none
txn_06353,False,none,none
txn_06354,False,none,none
txn_06355,False,none,none
txn_06356,False,none,none
txn_06357,False,none,none
txn_06358,False,none,none
txn_06359,False,none,none
txn_06360,False,none,none
txn_06361,False,none,none
txn_06362,False,none,none
txn_06363,False,none,none
txn_06364,False,none,none
txn_06365,False,none,none
txn_06366,False,none,none
txn_06367,True,velocity_burst,abuse_03
txn_06368,False,none,none
txn_06369,False,none,none
txn_06370,False,none,none
txn_06371,False,none,none
txn_06372,False,none,none
txn_06373,False,none,none
txn_06374,False,none,none
txn_06375,False,none,none
txn_06376,False,none,none
txn_06377,False,none,none
txn_06378,False,none,none
txn_06379,False,none,none
txn_06380,False,none,none
txn_06381,False,none,none
txn_06382,False,none,none
txn_06383,False,none,none
txn_06384,True,cross_merchant_ring,abuse_04
txn_06385,False,none,none
txn_06386,False,none,none
txn_06387,False,none,none
txn_06388,False,none,none
txn_06389,False,none,none
txn_06390,False,none,none
txn_06391,False,none,none
txn_06392,False,none,none
txn_06393,False,none,none
txn_06394,False,none,none
txn_06395,False,none,none
txn_06396,False,none,none
txn_06397,False,none,none
txn_06398,False,none,none
txn_06399,False,none,none
txn_06400,False,none,none
txn_06401,False,none,none
txn_06402,False,none,none
txn_06403,False,none,none
txn_06404,False,none,none
txn_06405,False,none,none
txn_06406,False,none,none
txn_06407,False,none,none
txn_06408,False,none,none
txn_06409,False,none,none
txn_06410,False,none,none
txn_06411,False,none,none
txn_06412,False,none,none
txn_06413,False,none,none
txn_06414,False,none,none
txn_06415,False,none,none
txn_06416,False,none,none
txn_06417,False,none,none
txn_06418,False,none,none
txn_06419,False,none,none
txn_06420,False,none,none
txn_06421,False,none,none
txn_06422,False,none,none
txn_06423,False,none,none
txn_06424,False,none,none
txn_06425,True,cross_merchant_ring,abuse_04
txn_06426,False,none,none
txn_06427,False,none,none
txn_06428,False,none,none
txn_06429,False,none,none
txn_06430,False,none,none
txn_06431,False,none,none
txn_06432,False,none,none
txn_06433,False,none,none
txn_06434,False,none,none
txn_06435,False,none,none
txn_06436,False,none,none
txn_06437,False,none,none
txn_06438,False,none,none
txn_06439,False,none,none
txn_06440,False,none,none
txn_06441,False,none,none
txn_06442,False,none,none
txn_06443,False,none,none
txn_06444,False,none,none
txn_06445,False,none,none
txn_06446,False,none,none
txn_06447,False,none,none
txn_06448,False,none,none
txn_06449,False,none,none
txn_06450,False,none,none
txn_06451,False,none,none
txn_06452,False,none,none
txn_06453,False,none,none
txn_06454,False,none,none
txn_06455,False,none,none
txn_06456,False,none,none
txn_06457,False,none,none
txn_06458,False,none,none
txn_06459,False,none,none
txn_06460,False,none,none
txn_06461,False,none,none
txn_06462,False,none,none
txn_06463,False,none,none
txn_06464,False,none,none
txn_06465,False,none,none
txn_06466,False,none,none
txn_06467,False,none,none
txn_06468,False,none,none
txn_06469,False,none,none
txn_06470,False,none,none
txn_06471,False,none,none
txn_06472,False,none,none
txn_06473,True,cross_merchant_ring,abuse_04
txn_06474,False,none,none
txn_06475,False,none,none
txn_06476,False,none,none
txn_06477,False,none,none
txn_06478,False,none,none
txn_06479,False,none,none
txn_06480,False,none,none
txn_06481,True,cross_merchant_ring,abuse_04
txn_06482,False,none,none
txn_06483,False,none,none
txn_06484,False,none,none
txn_06485,False,none,none
txn_06486,False,none,none
txn_06487,True,cross_merchant_ring,abuse_04
txn_06488,False,none,none
txn_06489,False,none,none
txn_06490,False,none,none
txn_06491,False,none,none
txn_06492,False,none,none
txn_06493,True,velocity_burst,abuse_03
txn_06494,False,none,none
txn_06495,False,none,none
txn_06496,False,none,none
txn_06497,False,none,none
txn_06498,False,none,none
txn_06499,False,none,none
txn_06500,False,none,none
txn_06501,False,none,none
txn_06502,False,none,none
txn_06503,False,none,none
txn_06504,False,none,none
txn_06505,False,none,none
txn_06506,False,none,none
txn_06507,False,none,none
txn_06508,False,none,none
txn_06509,False,none,none
txn_06510,False,none,none
txn_06511,False,none,none
txn_06512,False,none,none
txn_06513,False,none,none
txn_06514,False,none,none
txn_06515,False,none,none
txn_06516,False,none,none
txn_06517,False,none,none
txn_06518,False,none,none
txn_06519,False,none,none
txn_06520,False,none,none
txn_06521,True,velocity_burst,abuse_03
txn_06522,False,none,none
txn_06523,False,none,none
txn_06524,False,none,none
txn_06525,False,none,none
txn_06526,False,none,none
txn_06527,False,none,none
txn_06528,False,none,none
txn_06529,True,cross_merchant_ring,abuse_04
txn_06530,False,none,none
txn_06531,False,none,none
txn_06532,False,none,none
txn_06533,False,none,none
txn_06534,False,none,none
txn_06535,False,none,none
txn_06536,False,none,none
txn_06537,False,none,none
txn_06538,False,none,none
txn_06539,False,none,none
txn_06540,False,none,none
txn_06541,False,none,none
txn_06542,False,none,none
txn_06543,False,none,none
txn_06544,False,none,none
txn_06545,False,none,none
txn_06546,False,none,none
txn_06547,False,none,none
txn_06548,False,none,none
txn_06549,False,none,none
txn_06550,False,none,none
txn_06551,False,none,none
txn_06552,False,none,none
txn_06553,False,none,none
txn_06554,False,none,none
txn_06555,False,none,none
txn_06556,False,none,none
txn_06557,False,none,none
txn_06558,False,none,none
txn_06559,False,none,none
txn_06560,False,none,none
txn_06561,False,none,none
txn_06562,False,none,none
txn_06563,False,none,none
txn_06564,False,none,none
txn_06565,False,none,none
txn_06566,False,none,none
txn_06567,False,none,none
txn_06568,True,shared_device,abuse_01
txn_06569,False,none,none
txn_06570,False,none,none
txn_06571,False,none,none
txn_06572,False,none,none
txn_06573,False,none,none
txn_06574,False,none,none
txn_06575,False,none,none
txn_06576,False,none,none
txn_06577,False,none,none
txn_06578,False,none,none
txn_06579,False,none,none
txn_06580,False,none,none
txn_06581,False,none,none
txn_06582,False,none,none
txn_06583,False,none,none
txn_06584,False,none,none
txn_06585,False,none,none
txn_06586,False,none,none
txn_06587,False,none,none
txn_06588,False,none,none
txn_06589,False,none,none
txn_06590,False,none,none
txn_06591,False,none,none
txn_06592,False,none,none
txn_06593,False,none,none
txn_06594,False,none,none
txn_06595,False,none,none
txn_06596,False,none,none
txn_06597,False,none,none
txn_06598,False,none,none
txn_06599,False,none,none
txn_06600,False,none,none
txn_06601,False,none,none
txn_06602,False,none,none
txn_06603,False,none,none
txn_06604,False,none,none
txn_06605,False,none,none
txn_06606,False,none,none
txn_06607,False,none,none
txn_06608,False,none,none
txn_06609,False,none,none
txn_06610,False,none,none
txn_06611,False,none,none
txn_06612,False,none,none
txn_06613,False,none,none
txn_06614,False,none,none
txn_06615,False,none,none
txn_06616,False,none,none
txn_06617,False,none,none
txn_06618,False,none,none
txn_06619,False,none,none
txn_06620,False,none,none
txn_06621,False,none,none
txn_06622,True,cross_merchant_ring,abuse_04
txn_06623,False,none,none
txn_06624,False,none,none
txn_06625,False,none,none
txn_06626,False,none,none
txn_06627,False,none,none
txn_06628,False,none,none
txn_06629,False,none,none
txn_06630,True,velocity_burst,abuse_03
txn_06631,False,none,none
txn_06632,True,shared_device,abuse_01
txn_06633,False,none,none
txn_06634,False,none,none
txn_06635,False,none,none
txn_06636,False,none,none
txn_06637,False,none,none
txn_06638,False,none,none
txn_06639,False,none,none
txn_06640,False,none,none
txn_06641,False,none,none
txn_06642,False,none,none
txn_06643,False,none,none
txn_06644,False,none,none
txn_06645,False,none,none
txn_06646,False,none,none
txn_06647,False,none,none
txn_06648,False,none,none
txn_06649,False,none,none
txn_06650,False,none,none
txn_06651,False,none,none
txn_06652,False,none,none
txn_06653,False,none,none
txn_06654,False,none,none
txn_06655,False,none,none
txn_06656,False,none,none
txn_06657,False,none,none
txn_06658,False,none,none
txn_06659,False,none,none
txn_06660,False,none,none
txn_06661,False,none,none
txn_06662,False,none,none
txn_06663,False,none,none
txn_06664,False,none,none
txn_06665,False,none,none
txn_06666,False,none,none
txn_06667,False,none,none
txn_06668,False,none,none
txn_06669,True,cross_merchant_ring,abuse_04
txn_06670,False,none,none
txn_06671,False,none,none
txn_06672,False,none,none
txn_06673,False,none,none
txn_06674,False,none,none
txn_06675,False,none,none
txn_06676,False,none,none
txn_06677,False,none,none
txn_06678,False,none,none
txn_06679,False,none,none
txn_06680,False,none,none
txn_06681,False,none,none
txn_06682,False,none,none
txn_06683,False,none,none
txn_06684,True,cross_merchant_ring,abuse_04
txn_06685,False,none,none
txn_06686,False,none,none
txn_06687,False,none,none
txn_06688,False,none,none
txn_06689,False,none,none
txn_06690,False,none,none
txn_06691,False,none,none
txn_06692,False,none,none
txn_06693,False,none,none
txn_06694,False,none,none
txn_06695,False,none,none
txn_06696,False,none,none
txn_06697,False,none,none
txn_06698,False,none,none
txn_06699,False,none,none
txn_06700,False,none,none
txn_06701,False,none,none
txn_06702,False,none,none
txn_06703,False,none,none
txn_06704,False,none,none
txn_06705,False,none,none
txn_06706,False,none,none
txn_06707,False,none,none
txn_06708,False,none,none
txn_06709,False,none,none
txn_06710,False,none,none
txn_06711,False,none,none
txn_06712,False,none,none
txn_06713,False,none,none
txn_06714,False,none,none
txn_06715,False,none,none
txn_06716,False,none,none
txn_06717,False,none,none
txn_06718,False,none,none
txn_06719,False,none,none
txn_06720,False,none,none
txn_06721,False,none,none
txn_06722,False,none,none
txn_06723,False,none,none
txn_06724,False,none,none
txn_06725,False,none,none
txn_06726,False,none,none
txn_06727,False,none,none
txn_06728,False,none,none
txn_06729,False,none,none
txn_06730,False,none,none
txn_06731,False,none,none
txn_06732,False,none,none
txn_06733,False,none,none
txn_06734,False,none,none
txn_06735,False,none,none
txn_06736,False,none,none
txn_06737,False,none,none
txn_06738,False,none,none
txn_06739,False,none,none
txn_06740,False,none,none
txn_06741,False,none,none
txn_06742,False,none,none
txn_06743,False,none,none
txn_06744,False,none,none
txn_06745,False,none,none
txn_06746,False,none,none
txn_06747,False,none,none
txn_06748,False,none,none
txn_06749,False,none,none
txn_06750,False,none,none
txn_06751,False,none,none
txn_06752,False,none,none
txn_06753,False,none,none
txn_06754,True,cross_merchant_ring,abuse_04
txn_06755,False,none,none
txn_06756,False,none,none
txn_06757,False,none,none
txn_06758,False,none,none
txn_06759,False,none,none
txn_06760,False,none,none
txn_06761,False,none,none
txn_06762,False,none,none
txn_06763,False,none,none
txn_06764,False,none,none
txn_06765,False,none,none
txn_06766,False,none,none
txn_06767,False,none,none
txn_06768,False,none,none
txn_06769,True,shared_device,abuse_01
txn_06770,False,none,none
txn_06771,False,none,none
txn_06772,False,none,none
txn_06773,False,none,none
txn_06774,False,none,none
txn_06775,False,none,none
txn_06776,False,none,none
txn_06777,False,none,none
txn_06778,False,none,none
txn_06779,False,none,none
txn_06780,False,none,none
txn_06781,False,none,none
txn_06782,False,none,none
txn_06783,False,none,none
txn_06784,False,none,none
txn_06785,False,none,none
txn_06786,False,none,none
txn_06787,False,none,none
txn_06788,False,none,none
txn_06789,False,none,none
txn_06790,False,none,none
txn_06791,False,none,none
txn_06792,False,none,none
txn_06793,False,none,none
txn_06794,False,none,none
txn_06795,True,shared_device,abuse_01
txn_06796,False,none,none
txn_06797,False,none,none
txn_06798,False,none,none
txn_06799,False,none,none
txn_06800,False,none,none
txn_06801,False,none,none
txn_06802,False,none,none
txn_06803,False,none,none
txn_06804,False,none,none
txn_06805,False,none,none
txn_06806,False,none,none
txn_06807,False,none,none
txn_06808,False,none,none
txn_06809,False,none,none
txn_06810,False,none,none
txn_06811,False,none,none
txn_06812,False,none,none
txn_06813,False,none,none
txn_06814,False,none,none
txn_06815,False,none,none
txn_06816,False,none,none
txn_06817,False,none,none
txn_06818,False,none,none
txn_06819,False,none,none
txn_06820,False,none,none
txn_06821,False,none,none
txn_06822,False,none,none
txn_06823,False,none,none
txn_06824,False,none,none
txn_06825,False,none,none
txn_06826,False,none,none
txn_06827,False,none,none
txn_06828,False,none,none
txn_06829,False,none,none
txn_06830,False,none,none
txn_06831,False,none,none
txn_06832,False,none,none
txn_06833,False,none,none
txn_06834,False,none,none
txn_06835,False,none,none
txn_06836,True,shared_device,abuse_01
txn_06837,False,none,none
txn_06838,False,none,none
txn_06839,False,none,none
txn_06840,True,velocity_burst,abuse_03
txn_06841,False,none,none
txn_06842,False,none,none
txn_06843,False,none,none
txn_06844,False,none,none
txn_06845,False,none,none
txn_06846,False,none,none
txn_06847,False,none,none
txn_06848,False,none,none
txn_06849,False,none,none
txn_06850,False,none,none
txn_06851,False,none,none
txn_06852,False,none,none
txn_06853,False,none,none
txn_06854,False,none,none
txn_06855,False,none,none
txn_06856,False,none,none
txn_06857,False,none,none
txn_06858,False,none,none
txn_06859,False,none,none
txn_06860,False,none,none
txn_06861,False,none,none
txn_06862,False,none,none
txn_06863,False,none,none
txn_06864,False,none,none
txn_06865,True,velocity_burst,abuse_03
txn_06866,False,none,none
txn_06867,False,none,none
txn_06868,False,none,none
txn_06869,False,none,none
txn_06870,False,none,none
txn_06871,False,none,none
txn_06872,False,none,none
txn_06873,False,none,none
txn_06874,False,none,none
txn_06875,False,none,none
txn_06876,False,none,none
txn_06877,False,none,none
txn_06878,False,none,none
txn_06879,False,none,none
txn_06880,False,none,none
txn_06881,False,none,none
txn_06882,False,none,none
txn_06883,False,none,none
txn_06884,False,none,none
txn_06885,False,none,none
txn_06886,False,none,none
txn_06887,False,none,none
txn_06888,False,none,none
txn_06889,False,none,none
txn_06890,False,none,none
txn_06891,False,none,none
txn_06892,False,none,none
txn_06893,False,none,none
txn_06894,False,none,none
txn_06895,False,none,none
txn_06896,False,none,none
txn_06897,False,none,none
txn_06898,False,none,none
txn_06899,False,none,none
txn_06900,False,none,none
txn_06901,False,none,none
txn_06902,False,none,none
txn_06903,False,none,none
txn_06904,False,none,none
txn_06905,False,none,none
txn_06906,True,cross_merchant_ring,abuse_04
txn_06907,False,none,none
txn_06908,False,none,none
txn_06909,False,none,none
txn_06910,False,none,none
txn_06911,False,none,none
txn_06912,False,none,none
txn_06913,False,none,none
txn_06914,False,none,none
txn_06915,False,none,none
txn_06916,False,none,none
txn_06917,False,none,none
txn_06918,False,none,none
txn_06919,False,none,none
txn_06920,False,none,none
txn_06921,False,none,none
txn_06922,False,none,none
txn_06923,False,none,none
txn_06924,False,none,none
txn_06925,False,none,none
txn_06926,False,none,none
txn_06927,False,none,none
txn_06928,False,none,none
txn_06929,False,none,none
txn_06930,False,none,none
txn_06931,False,none,none
txn_06932,False,none,none
txn_06933,False,none,none
txn_06934,False,none,none
txn_06935,False,none,none
txn_06936,False,none,none
txn_06937,False,none,none
txn_06938,False,none,none
txn_06939,False,none,none
txn_06940,False,none,none
txn_06941,False,none,none
txn_06942,False,none,none
txn_06943,False,none,none
txn_06944,False,none,none
txn_06945,False,none,none
txn_06946,False,none,none
txn_06947,False,none,none
txn_06948,False,none,none
txn_06949,False,none,none
txn_06950,False,none,none
txn_06951,False,none,none
txn_06952,False,none,none
txn_06953,False,none,none
txn_06954,False,none,none
txn_06955,False,none,none
txn_06956,False,none,none
txn_06957,False,none,none
txn_06958,False,none,none
txn_06959,False,none,none
txn_06960,False,none,none
txn_06961,False,none,none
txn_06962,False,none,none
txn_06963,False,none,none
txn_06964,False,none,none
txn_06965,False,none,none
txn_06966,False,none,none
txn_06967,False,none,none
txn_06968,True,cross_merchant_ring,abuse_04
txn_06969,False,none,none
txn_06970,False,none,none
txn_06971,False,none,none
txn_06972,False,none,none
txn_06973,False,none,none
txn_06974,False,none,none
txn_06975,False,none,none
txn_06976,False,none,none
txn_06977,False,none,none
txn_06978,False,none,none
txn_06979,True,cross_merchant_ring,abuse_04
txn_06980,False,none,none
txn_06981,False,none,none
txn_06982,False,none,none
txn_06983,False,none,none
txn_06984,False,none,none
txn_06985,False,none,none
txn_06986,False,none,none
txn_06987,False,none,none
txn_06988,False,none,none
txn_06989,False,none,none
txn_06990,False,none,none
txn_06991,False,none,none
txn_06992,True,shared_device,abuse_01
txn_06993,False,none,none
txn_06994,False,none,none
txn_06995,False,none,none
txn_06996,False,none,none
txn_06997,False,none,none
txn_06998,False,none,none
txn_06999,False,none,none
txn_07000,False,none,none
txn_07001,False,none,none
txn_07002,False,none,none
txn_07003,False,none,none
txn_07004,False,none,none
txn_07005,False,none,none
txn_07006,False,none,none
txn_07007,False,none,none
txn_07008,False,none,none
txn_07009,False,none,none
txn_07010,False,none,none
txn_07011,False,none,none
txn_07012,False,none,none
txn_07013,False,none,none
txn_07014,False,none,none
txn_07015,False,none,none
txn_07016,False,none,none
txn_07017,False,none,none
txn_07018,False,none,none
txn_07019,False,none,none
txn_07020,False,none,none
txn_07021,False,none,none
txn_07022,False,none,none
txn_07023,False,none,none
txn_07024,True,cross_merchant_ring,abuse_04
txn_07025,False,none,none
txn_07026,False,none,none
txn_07027,False,none,none
txn_07028,False,none,none
txn_07029,False,none,none
txn_07030,False,none,none
txn_07031,False,none,none
txn_07032,False,none,none
txn_07033,False,none,none
txn_07034,False,none,none
txn_07035,False,none,none
txn_07036,True,shared_payment_instrument,abuse_02
txn_07037,False,none,none
txn_07038,False,none,none
txn_07039,False,none,none
txn_07040,False,none,none
txn_07041,False,none,none
txn_07042,False,none,none
txn_07043,False,none,none
txn_07044,False,none,none
txn_07045,False,none,none
txn_07046,False,none,none
txn_07047,False,none,none
txn_07048,False,none,none
txn_07049,False,none,none
txn_07050,False,none,none
txn_07051,False,none,none
txn_07052,False,none,none
txn_07053,False,none,none
txn_07054,False,none,none
txn_07055,False,none,none
txn_07056,False,none,none
txn_07057,False,none,none
txn_07058,False,none,none
txn_07059,False,none,none
txn_07060,False,none,none
txn_07061,True,cross_merchant_ring,abuse_04
txn_07062,False,none,none
txn_07063,False,none,none
txn_07064,False,none,none
txn_07065,False,none,none
txn_07066,False,none,none
txn_07067,False,none,none
txn_07068,False,none,none
txn_07069,False,none,none
txn_07070,False,none,none
txn_07071,False,none,none
txn_07072,False,none,none
txn_07073,False,none,none
txn_07074,False,none,none
txn_07075,False,none,none
txn_07076,False,none,none
txn_07077,False,none,none
txn_07078,False,none,none
txn_07079,False,none,none
txn_07080,False,none,none
txn_07081,False,none,none
txn_07082,False,none,none
txn_07083,False,none,none
txn_07084,False,none,none
txn_07085,False,none,none
txn_07086,False,none,none
txn_07087,False,none,none
txn_07088,False,none,none
txn_07089,False,none,none
txn_07090,False,none,none
txn_07091,False,none,none
txn_07092,False,none,none
txn_07093,False,none,none
txn_07094,False,none,none
txn_07095,False,none,none
txn_07096,False,none,none
txn_07097,False,none,none
txn_07098,False,none,none
txn_07099,False,none,none
txn_07100,False,none,none
txn_07101,False,none,none
txn_07102,False,none,none
txn_07103,False,none,none
txn_07104,False,none,none
txn_07105,False,none,none
txn_07106,False,none,none
txn_07107,False,none,none
txn_07108,False,none,none
txn_07109,False,none,none
txn_07110,False,none,none
txn_07111,False,none,none
txn_07112,False,none,none
txn_07113,False,none,none
txn_07114,False,none,none
txn_07115,False,none,none
txn_07116,False,none,none
txn_07117,False,none,none
txn_07118,False,none,none
txn_07119,False,none,none
txn_07120,False,none,none
txn_07121,False,none,none
txn_07122,False,none,none
txn_07123,False,none,none
txn_07124,False,none,none
txn_07125,False,none,none
txn_07126,False,none,none
txn_07127,False,none,none
txn_07128,False,none,none
txn_07129,False,none,none
txn_07130,False,none,none
txn_07131,False,none,none
txn_07132,False,none,none
txn_07133,False,none,none
txn_07134,False,none,none
txn_07135,False,none,none
txn_07136,False,none,none
txn_07137,False,none,none
txn_07138,False,none,none
txn_07139,False,none,none
txn_07140,False,none,none
txn_07141,False,none,none
txn_07142,False,none,none
txn_07143,False,none,none
txn_07144,True,velocity_burst,abuse_03
txn_07145,False,none,none
txn_07146,False,none,none
txn_07147,False,none,none
txn_07148,False,none,none
txn_07149,False,none,none
txn_07150,False,none,none
txn_07151,False,none,none
txn_07152,False,none,none
txn_07153,False,none,none
txn_07154,False,none,none
txn_07155,False,none,none
txn_07156,False,none,none
txn_07157,False,none,none
txn_07158,False,none,none
txn_07159,False,none,none
txn_07160,False,none,none
txn_07161,False,none,none
txn_07162,False,none,none
txn_07163,False,none,none
txn_07164,False,none,none
txn_07165,False,none,none
txn_07166,False,none,none
txn_07167,False,none,none
txn_07168,False,none,none
txn_07169,False,none,none
txn_07170,False,none,none
txn_07171,False,none,none
txn_07172,False,none,none
txn_07173,False,none,none
txn_07174,False,none,none
txn_07175,False,none,none
txn_07176,False,none,none
txn_07177,False,none,none
txn_07178,False,none,none
txn_07179,False,none,none
txn_07180,False,none,none
txn_07181,False,none,none
txn_07182,True,velocity_burst,abuse_03
txn_07183,False,none,none
txn_07184,False,none,none
txn_07185,False,none,none
txn_07186,False,none,none
txn_07187,False,none,none
txn_07188,False,none,none
txn_07189,False,none,none
txn_07190,False,none,none
txn_07191,False,none,none
txn_07192,False,none,none
txn_07193,False,none,none
txn_07194,False,none,none
txn_07195,False,none,none
txn_07196,False,none,none
txn_07197,False,none,none
txn_07198,False,none,none
txn_07199,False,none,none
txn_07200,False,none,none
txn_07201,False,none,none
txn_07202,False,none,none
txn_07203,False,none,none
txn_07204,False,none,none
txn_07205,False,none,none
txn_07206,False,none,none
txn_07207,False,none,none
txn_07208,False,none,none
txn_07209,False,none,none
txn_07210,False,none,none
txn_07211,False,none,none
txn_07212,False,none,none
txn_07213,False,none,none
txn_07214,False,none,none
txn_07215,False,none,none
txn_07216,False,none,none
txn_07217,False,none,none
txn_07218,False,none,none
txn_07219,False,none,none
txn_07220,False,none,none
txn_07221,False,none,none
txn_07222,False,none,none
txn_07223,False,none,none
txn_07224,False,none,none
txn_07225,False,none,none
txn_07226,False,none,none
txn_07227,False,none,none
txn_07228,False,none,none
txn_07229,False,none,none
txn_07230,False,none,none
txn_07231,False,none,none
txn_07232,False,none,none
txn_07233,False,none,none
txn_07234,False,none,none
txn_07235,False,none,none
txn_07236,False,none,none
txn_07237,False,none,none
txn_07238,False,none,none
txn_07239,False,none,none
txn_07240,False,none,none
txn_07241,False,none,none
txn_07242,False,none,none
txn_07243,False,none,none
txn_07244,False,none,none
txn_07245,True,cross_merchant_ring,abuse_04
txn_07246,False,none,none
txn_07247,False,none,none
txn_07248,False,none,none
txn_07249,False,none,none
txn_07250,False,none,none
txn_07251,False,none,none
txn_07252,True,velocity_burst,abuse_03
txn_07253,False,none,none
txn_07254,False,none,none
txn_07255,False,none,none
txn_07256,False,none,none
txn_07257,False,none,none
txn_07258,False,none,none
txn_07259,True,cross_merchant_ring,abuse_04
txn_07260,False,none,none
txn_07261,False,none,none
txn_07262,False,none,none
txn_07263,False,none,none
txn_07264,False,none,none
txn_07265,False,none,none
txn_07266,False,none,none
txn_07267,False,none,none
txn_07268,False,none,none
txn_07269,False,none,none
txn_07270,False,none,none
txn_07271,False,none,none
txn_07272,False,none,none
txn_07273,False,none,none
txn_07274,False,none,none
txn_07275,False,none,none
txn_07276,False,none,none
txn_07277,False,none,none
txn_07278,False,none,none
txn_07279,False,none,none
txn_07280,False,none,none
txn_07281,False,none,none
txn_07282,False,none,none
txn_07283,False,none,none
txn_07284,False,none,none
txn_07285,False,none,none
txn_07286,False,none,none
txn_07287,False,none,none
txn_07288,False,none,none
txn_07289,False,none,none
txn_07290,True,shared_device,abuse_01
txn_07291,False,none,none
txn_07292,False,none,none
txn_07293,False,none,none
txn_07294,False,none,none
txn_07295,False,none,none
txn_07296,False,none,none
txn_07297,False,none,none
txn_07298,False,none,none
txn_07299,False,none,none
txn_07300,False,none,none
txn_07301,False,none,none
txn_07302,False,none,none
txn_07303,True,cross_merchant_ring,abuse_04
txn_07304,False,none,none
txn_07305,False,none,none
txn_07306,False,none,none
txn_07307,False,none,none
txn_07308,False,none,none
txn_07309,False,none,none
txn_07310,False,none,none
txn_07311,False,none,none
txn_07312,False,none,none
txn_07313,False,none,none
txn_07314,True,cross_merchant_ring,abuse_04
txn_07315,False,none,none
txn_07316,True,cross_merchant_ring,abuse_04
txn_07317,False,none,none
txn_07318,False,none,none
txn_07319,False,none,none
txn_07320,False,none,none
txn_07321,False,none,none
txn_07322,False,none,none
txn_07323,False,none,none
txn_07324,False,none,none
txn_07325,False,none,none
txn_07326,False,none,none
txn_07327,False,none,none
txn_07328,False,none,none
txn_07329,False,none,none
txn_07330,False,none,none
txn_07331,False,none,none
txn_07332,False,none,none
txn_07333,False,none,none
txn_07334,False,none,none
txn_07335,False,none,none
txn_07336,False,none,none
txn_07337,False,none,none
txn_07338,False,none,none
txn_07339,False,none,none
txn_07340,False,none,none
txn_07341,False,none,none
txn_07342,False,none,none
txn_07343,False,none,none
txn_07344,False,none,none
txn_07345,False,none,none
txn_07346,False,none,none
txn_07347,False,none,none
txn_07348,False,none,none
txn_07349,False,none,none
txn_07350,False,none,none
txn_07351,True,cross_merchant_ring,abuse_04
txn_07352,False,none,none
txn_07353,False,none,none
txn_07354,False,none,none
txn_07355,False,none,none
txn_07356,False,none,none
txn_07357,False,none,none
txn_07358,True,shared_payment_instrument,abuse_02
txn_07359,False,none,none
txn_07360,False,none,none
txn_07361,False,none,none
txn_07362,False,none,none
txn_07363,False,none,none
txn_07364,False,none,none
txn_07365,False,none,none
txn_07366,False,none,none
txn_07367,False,none,none
txn_07368,False,none,none
txn_07369,False,none,none
txn_07370,False,none,none
txn_07371,False,none,none
txn_07372,False,none,none
txn_07373,False,none,none
txn_07374,False,none,none
txn_07375,False,none,none
txn_07376,False,none,none
txn_07377,False,none,none
txn_07378,False,none,none
txn_07379,False,none,none
txn_07380,False,none,none
txn_07381,False,none,none
txn_07382,False,none,none
txn_07383,False,none,none
txn_07384,False,none,none
txn_07385,False,none,none
txn_07386,False,none,none
txn_07387,False,none,none
txn_07388,False,none,none
txn_07389,False,none,none
txn_07390,False,none,none
txn_07391,False,none,none
txn_07392,False,none,none
txn_07393,False,none,none
txn_07394,False,none,none
txn_07395,False,none,none
txn_07396,False,none,none
txn_07397,False,none,none
txn_07398,False,none,none
txn_07399,False,none,none
txn_07400,False,none,none
txn_07401,False,none,none
txn_07402,False,none,none
txn_07403,False,none,none
txn_07404,False,none,none
txn_07405,False,none,none
txn_07406,False,none,none
txn_07407,False,none,none
txn_07408,False,none,none
txn_07409,False,none,none
txn_07410,False,none,none
txn_07411,False,none,none
txn_07412,False,none,none
txn_07413,False,none,none
txn_07414,False,none,none
txn_07415,False,none,none
txn_07416,False,none,none
txn_07417,False,none,none
txn_07418,False,none,none
txn_07419,False,none,none
txn_07420,False,none,none
txn_07421,False,none,none
txn_07422,False,none,none
txn_07423,False,none,none
txn_07424,False,none,none
txn_07425,False,none,none
txn_07426,False,none,none
txn_07427,False,none,none
txn_07428,False,none,none
txn_07429,False,none,none
txn_07430,False,none,none
txn_07431,False,none,none
txn_07432,False,none,none
txn_07433,False,none,none
txn_07434,False,none,none
txn_07435,False,none,none
txn_07436,False,none,none
txn_07437,False,none,none
txn_07438,False,none,none
txn_07439,False,none,none
txn_07440,False,none,none
txn_07441,False,none,none
txn_07442,True,velocity_burst,abuse_03
txn_07443,False,none,none
txn_07444,False,none,none
txn_07445,False,none,none
txn_07446,False,none,none
txn_07447,False,none,none
txn_07448,False,none,none
txn_07449,False,none,none
txn_07450,False,none,none
txn_07451,False,none,none
txn_07452,False,none,none
txn_07453,False,none,none
txn_07454,False,none,none
txn_07455,False,none,none
txn_07456,False,none,none
txn_07457,False,none,none
txn_07458,False,none,none
txn_07459,False,none,none
txn_07460,False,none,none
txn_07461,False,none,none
txn_07462,True,cross_merchant_ring,abuse_04
txn_07463,True,cross_merchant_ring,abuse_04
txn_07464,False,none,none
txn_07465,True,velocity_burst,abuse_03
txn_07466,False,none,none
txn_07467,False,none,none
txn_07468,False,none,none
txn_07469,False,none,none
txn_07470,False,none,none
txn_07471,False,none,none
txn_07472,False,none,none
txn_07473,False,none,none
txn_07474,False,none,none
txn_07475,False,none,none
txn_07476,False,none,none
txn_07477,False,none,none
txn_07478,False,none,none
txn_07479,False,none,none
txn_07480,False,none,none
txn_07481,False,none,none
txn_07482,False,none,none
txn_07483,False,none,none
txn_07484,False,none,none
txn_07485,False,none,none
txn_07486,False,none,none
txn_07487,False,none,none
txn_07488,False,none,none
txn_07489,False,none,none
txn_07490,False,none,none
txn_07491,False,none,none
txn_07492,False,none,none
txn_07493,False,none,none
txn_07494,False,none,none
txn_07495,False,none,none
txn_07496,False,none,none
txn_07497,False,none,none
txn_07498,False,none,none
txn_07499,False,none,none
txn_07500,True,velocity_burst,abuse_03
txn_07501,False,none,none
txn_07502,False,none,none
txn_07503,False,none,none
txn_07504,False,none,none
txn_07505,False,none,none
txn_07506,False,none,none
txn_07507,False,none,none
txn_07508,False,none,none
txn_07509,False,none,none
txn_07510,False,none,none
txn_07511,False,none,none
txn_07512,False,none,none
txn_07513,False,none,none
txn_07514,False,none,none
txn_07515,False,none,none
txn_07516,False,none,none
txn_07517,False,none,none
txn_07518,False,none,none
txn_07519,False,none,none
txn_07520,False,none,none
txn_07521,False,none,none
txn_07522,False,none,none
txn_07523,False,none,none
txn_07524,False,none,none
txn_07525,False,none,none
txn_07526,False,none,none
txn_07527,False,none,none
txn_07528,False,none,none
txn_07529,False,none,none
txn_07530,False,none,none
txn_07531,False,none,none
txn_07532,False,none,none
txn_07533,False,none,none
txn_07534,False,none,none
txn_07535,False,none,none
txn_07536,False,none,none
txn_07537,False,none,none
txn_07538,False,none,none
txn_07539,False,none,none
txn_07540,False,none,none
txn_07541,False,none,none
txn_07542,False,none,none
txn_07543,False,none,none
txn_07544,False,none,none
txn_07545,False,none,none
txn_07546,False,none,none
txn_07547,False,none,none
txn_07548,False,none,none
txn_07549,False,none,none
txn_07550,False,none,none
txn_07551,False,none,none
txn_07552,False,none,none
txn_07553,False,none,none
txn_07554,False,none,none
txn_07555,False,none,none
txn_07556,False,none,none
txn_07557,False,none,none
txn_07558,False,none,none
txn_07559,False,none,none
txn_07560,False,none,none
txn_07561,False,none,none
txn_07562,False,none,none
txn_07563,False,none,none
txn_07564,False,none,none
txn_07565,False,none,none
txn_07566,False,none,none
txn_07567,False,none,none
txn_07568,False,none,none
txn_07569,False,none,none
txn_07570,False,none,none
txn_07571,False,none,none
txn_07572,False,none,none
txn_07573,False,none,none
txn_07574,False,none,none
txn_07575,False,none,none
txn_07576,False,none,none
txn_07577,False,none,none
txn_07578,False,none,none
txn_07579,False,none,none
txn_07580,False,none,none
txn_07581,False,none,none
txn_07582,False,none,none
txn_07583,False,none,none
txn_07584,False,none,none
txn_07585,True,cross_merchant_ring,abuse_04
txn_07586,False,none,none
txn_07587,False,none,none
txn_07588,False,none,none
txn_07589,False,none,none
txn_07590,False,none,none
txn_07591,False,none,none
txn_07592,False,none,none
txn_07593,False,none,none
txn_07594,False,none,none
txn_07595,False,none,none
txn_07596,False,none,none
txn_07597,False,none,none
txn_07598,True,velocity_burst,abuse_03
txn_07599,False,none,none
txn_07600,False,none,none
txn_07601,False,none,none
txn_07602,True,cross_merchant_ring,abuse_04
txn_07603,False,none,none
txn_07604,False,none,none
txn_07605,False,none,none
txn_07606,False,none,none
txn_07607,False,none,none
txn_07608,False,none,none
txn_07609,False,none,none
txn_07610,False,none,none
txn_07611,False,none,none
txn_07612,False,none,none
txn_07613,True,cross_merchant_ring,abuse_04
txn_07614,False,none,none
txn_07615,False,none,none
txn_07616,False,none,none
txn_07617,False,none,none
txn_07618,False,none,none
txn_07619,False,none,none
txn_07620,False,none,none
txn_07621,False,none,none
txn_07622,False,none,none
txn_07623,False,none,none
txn_07624,False,none,none
txn_07625,False,none,none
txn_07626,False,none,none
txn_07627,False,none,none
txn_07628,False,none,none
txn_07629,False,none,none
txn_07630,False,none,none
txn_07631,False,none,none
txn_07632,False,none,none
txn_07633,False,none,none
txn_07634,False,none,none
txn_07635,False,none,none
txn_07636,False,none,none
txn_07637,False,none,none
txn_07638,False,none,none
txn_07639,False,none,none
txn_07640,False,none,none
txn_07641,False,none,none
txn_07642,False,none,none
txn_07643,False,none,none
txn_07644,False,none,none
txn_07645,False,none,none
txn_07646,False,none,none
txn_07647,False,none,none
txn_07648,False,none,none
txn_07649,False,none,none
txn_07650,False,none,none
txn_07651,False,none,none
txn_07652,False,none,none
txn_07653,False,none,none
txn_07654,False,none,none
txn_07655,False,none,none
txn_07656,False,none,none
txn_07657,False,none,none
txn_07658,False,none,none
txn_07659,False,none,none
txn_07660,False,none,none
txn_07661,False,none,none
txn_07662,False,none,none
txn_07663,False,none,none
txn_07664,False,none,none
txn_07665,False,none,none
txn_07666,False,none,none
txn_07667,False,none,none
txn_07668,False,none,none
txn_07669,False,none,none
txn_07670,False,none,none
txn_07671,False,none,none
txn_07672,False,none,none
txn_07673,False,none,none
txn_07674,False,none,none
txn_07675,False,none,none
txn_07676,False,none,none
txn_07677,False,none,none
txn_07678,False,none,none
txn_07679,False,none,none
txn_07680,False,none,none
txn_07681,False,none,none
txn_07682,False,none,none
txn_07683,False,none,none
txn_07684,False,none,none
txn_07685,True,velocity_burst,abuse_03
txn_07686,False,none,none
txn_07687,False,none,none
txn_07688,False,none,none
txn_07689,False,none,none
txn_07690,False,none,none
txn_07691,False,none,none
txn_07692,False,none,none
txn_07693,False,none,none
txn_07694,False,none,none
txn_07695,True,cross_merchant_ring,abuse_04
txn_07696,False,none,none
txn_07697,False,none,none
txn_07698,False,none,none
txn_07699,True,cross_merchant_ring,abuse_04
txn_07700,False,none,none
txn_07701,False,none,none
txn_07702,False,none,none
txn_07703,False,none,none
txn_07704,False,none,none
txn_07705,False,none,none
txn_07706,False,none,none
txn_07707,False,none,none
txn_07708,False,none,none
txn_07709,False,none,none
txn_07710,False,none,none
txn_07711,False,none,none
txn_07712,False,none,none
txn_07713,False,none,none
txn_07714,False,none,none
txn_07715,False,none,none
txn_07716,False,none,none
txn_07717,False,none,none
txn_07718,False,none,none
txn_07719,False,none,none
txn_07720,False,none,none
txn_07721,False,none,none
txn_07722,False,none,none
txn_07723,False,none,none
txn_07724,False,none,none
txn_07725,False,none,none
txn_07726,False,none,none
txn_07727,False,none,none
txn_07728,False,none,none
txn_07729,False,none,none
txn_07730,False,none,none
txn_07731,False,none,none
txn_07732,False,none,none
txn_07733,False,none,none
txn_07734,False,none,none
txn_07735,False,none,none
txn_07736,False,none,none
txn_07737,False,none,none
txn_07738,False,none,none
txn_07739,False,none,none
txn_07740,False,none,none
txn_07741,False,none,none
txn_07742,False,none,none
txn_07743,False,none,none
txn_07744,False,none,none
txn_07745,True,shared_device,abuse_01
txn_07746,False,none,none
txn_07747,False,none,none
txn_07748,False,none,none
txn_07749,False,none,none
txn_07750,False,none,none
txn_07751,False,none,none
txn_07752,False,none,none
txn_07753,False,none,none
txn_07754,False,none,none
txn_07755,False,none,none
txn_07756,False,none,none
txn_07757,False,none,none
txn_07758,False,none,none
txn_07759,False,none,none
txn_07760,False,none,none
txn_07761,False,none,none
txn_07762,False,none,none
txn_07763,False,none,none
txn_07764,False,none,none
txn_07765,False,none,none
txn_07766,False,none,none
txn_07767,False,none,none
txn_07768,False,none,none
txn_07769,False,none,none
txn_07770,False,none,none
txn_07771,False,none,none
txn_07772,False,none,none
txn_07773,False,none,none
txn_07774,False,none,none
txn_07775,False,none,none
txn_07776,False,none,none
txn_07777,False,none,none
txn_07778,False,none,none
txn_07779,False,none,none
txn_07780,False,none,none
txn_07781,False,none,none
txn_07782,False,none,none
txn_07783,False,none,none
txn_07784,False,none,none
txn_07785,False,none,none
txn_07786,False,none,none
txn_07787,False,none,none
txn_07788,False,none,none
txn_07789,False,none,none
txn_07790,False,none,none
txn_07791,False,none,none
txn_07792,False,none,none
txn_07793,False,none,none
txn_07794,False,none,none
txn_07795,False,none,none
txn_07796,False,none,none
txn_07797,False,none,none
txn_07798,False,none,none
txn_07799,False,none,none
txn_07800,False,none,none
txn_07801,False,none,none
txn_07802,False,none,none
txn_07803,False,none,none
txn_07804,False,none,none
txn_07805,False,none,none
txn_07806,False,none,none
txn_07807,False,none,none
txn_07808,False,none,none
txn_07809,False,none,none
txn_07810,False,none,none
txn_07811,False,none,none
txn_07812,False,none,none
txn_07813,False,none,none
txn_07814,False,none,none
txn_07815,False,none,none
txn_07816,False,none,none
txn_07817,False,none,none
txn_07818,False,none,none
txn_07819,False,none,none
txn_07820,False,none,none
txn_07821,False,none,none
txn_07822,False,none,none
txn_07823,False,none,none
txn_07824,True,shared_device,abuse_01
txn_07825,False,none,none
txn_07826,False,none,none
txn_07827,False,none,none
txn_07828,False,none,none
txn_07829,False,none,none
txn_07830,False,none,none
txn_07831,False,none,none
txn_07832,False,none,none
txn_07833,False,none,none
txn_07834,False,none,none
txn_07835,False,none,none
txn_07836,False,none,none
txn_07837,False,none,none
txn_07838,False,none,none
txn_07839,False,none,none
txn_07840,False,none,none
txn_07841,False,none,none
txn_07842,False,none,none
txn_07843,False,none,none
txn_07844,False,none,none
txn_07845,False,none,none
txn_07846,False,none,none
txn_07847,False,none,none
txn_07848,True,shared_payment_instrument,abuse_02
txn_07849,False,none,none
txn_07850,False,none,none
txn_07851,False,none,none
txn_07852,False,none,none
txn_07853,False,none,none
txn_07854,False,none,none
txn_07855,False,none,none
txn_07856,True,velocity_burst,abuse_03
txn_07857,False,none,none
txn_07858,False,none,none
txn_07859,False,none,none
txn_07860,False,none,none
txn_07861,False,none,none
txn_07862,False,none,none
txn_07863,False,none,none
txn_07864,False,none,none
txn_07865,False,none,none
txn_07866,False,none,none
txn_07867,False,none,none
txn_07868,False,none,none
txn_07869,False,none,none
txn_07870,False,none,none
txn_07871,False,none,none
txn_07872,False,none,none
txn_07873,False,none,none
txn_07874,False,none,none
txn_07875,False,none,none
txn_07876,False,none,none
txn_07877,False,none,none
txn_07878,False,none,none
txn_07879,False,none,none
txn_07880,False,none,none
txn_07881,False,none,none
txn_07882,False,none,none
txn_07883,False,none,none
txn_07884,True,shared_payment_instrument,abuse_02
txn_07885,False,none,none
txn_07886,False,none,none
txn_07887,False,none,none
txn_07888,False,none,none
txn_07889,False,none,none
txn_07890,False,none,none
txn_07891,False,none,none
txn_07892,False,none,none
txn_07893,False,none,none
txn_07894,False,none,none
txn_07895,False,none,none
txn_07896,False,none,none
txn_07897,False,none,none
txn_07898,False,none,none
txn_07899,False,none,none
txn_07900,False,none,none
txn_07901,False,none,none
txn_07902,False,none,none
txn_07903,False,none,none
txn_07904,False,none,none
txn_07905,False,none,none
txn_07906,False,none,none
txn_07907,False,none,none
txn_07908,False,none,none
txn_07909,False,none,none
txn_07910,False,none,none
txn_07911,False,none,none
txn_07912,False,none,none
txn_07913,False,none,none
txn_07914,False,none,none
txn_07915,False,none,none
txn_07916,False,none,none
txn_07917,False,none,none
txn_07918,False,none,none
txn_07919,False,none,none
txn_07920,False,none,none
txn_07921,False,none,none
txn_07922,False,none,none
txn_07923,True,shared_payment_instrument,abuse_02
txn_07924,False,none,none
txn_07925,False,none,none
txn_07926,False,none,none
txn_07927,False,none,none
txn_07928,False,none,none
txn_07929,False,none,none
txn_07930,False,none,none
txn_07931,False,none,none
txn_07932,False,none,none
txn_07933,False,none,none
txn_07934,False,none,none
txn_07935,False,none,none
txn_07936,False,none,none
txn_07937,False,none,none
txn_07938,False,none,none
txn_07939,False,none,none
txn_07940,False,none,none
txn_07941,False,none,none
txn_07942,False,none,none
txn_07943,False,none,none
txn_07944,False,none,none
txn_07945,False,none,none
txn_07946,False,none,none
txn_07947,False,none,none
txn_07948,False,none,none
txn_07949,False,none,none
txn_07950,False,none,none
txn_07951,False,none,none
txn_07952,False,none,none
txn_07953,False,none,none
txn_07954,False,none,none
txn_07955,False,none,none
txn_07956,False,none,none
txn_07957,False,none,none
txn_07958,False,none,none
txn_07959,True,cross_merchant_ring,abuse_04
txn_07960,False,none,none
txn_07961,False,none,none
txn_07962,False,none,none
txn_07963,False,none,none
txn_07964,False,none,none
txn_07965,False,none,none
txn_07966,False,none,none
txn_07967,False,none,none
txn_07968,True,cross_merchant_ring,abuse_04
txn_07969,False,none,none
txn_07970,False,none,none
txn_07971,False,none,none
txn_07972,False,none,none
txn_07973,False,none,none
txn_07974,False,none,none
txn_07975,False,none,none
txn_07976,False,none,none
txn_07977,False,none,none
txn_07978,True,velocity_burst,abuse_03
txn_07979,False,none,none
txn_07980,False,none,none
txn_07981,False,none,none
txn_07982,False,none,none
txn_07983,False,none,none
txn_07984,False,none,none
txn_07985,False,none,none
txn_07986,False,none,none
txn_07987,False,none,none
txn_07988,False,none,none
txn_07989,False,none,none
txn_07990,False,none,none
txn_07991,False,none,none
txn_07992,False,none,none
txn_07993,False,none,none
txn_07994,False,none,none
txn_07995,True,velocity_burst,abuse_03
txn_07996,False,none,none
txn_07997,False,none,none
txn_07998,False,none,none
txn_07999,False,none,none
txn_08000,False,none,none
txn_08001,False,none,none
txn_08002,False,none,none
txn_08003,False,none,none
txn_08004,False,none,none
txn_08005,False,none,none
txn_08006,False,none,none
txn_08007,False,none,none
txn_08008,False,none,none
txn_08009,False,none,none
txn_08010,False,none,none
txn_08011,False,none,none
txn_08012,False,none,none
txn_08013,False,none,none
txn_08014,False,none,none
txn_08015,False,none,none
txn_08016,False,none,none
txn_08017,False,none,none
txn_08018,False,none,none
txn_08019,False,none,none
txn_08020,False,none,none
txn_08021,False,none,none
txn_08022,False,none,none
txn_08023,False,none,none
txn_08024,False,none,none
txn_08025,False,none,none
txn_08026,False,none,none
txn_08027,True,cross_merchant_ring,abuse_04
txn_08028,True,shared_device,abuse_01
txn_08029,False,none,none
txn_08030,False,none,none
txn_08031,False,none,none
txn_08032,False,none,none
txn_08033,False,none,none
txn_08034,False,none,none
txn_08035,True,velocity_burst,abuse_03
txn_08036,False,none,none
txn_08037,False,none,none
txn_08038,False,none,none
txn_08039,False,none,none
txn_08040,False,none,none
txn_08041,False,none,none
txn_08042,False,none,none
txn_08043,False,none,none
txn_08044,False,none,none
txn_08045,False,none,none
txn_08046,False,none,none
txn_08047,False,none,none
txn_08048,False,none,none
txn_08049,False,none,none
txn_08050,False,none,none
txn_08051,False,none,none
txn_08052,False,none,none
txn_08053,False,none,none
txn_08054,False,none,none
txn_08055,False,none,none
txn_08056,False,none,none
txn_08057,False,none,none
txn_08058,False,none,none
txn_08059,False,none,none
txn_08060,False,none,none
txn_08061,False,none,none
txn_08062,False,none,none
txn_08063,False,none,none
txn_08064,False,none,none
txn_08065,False,none,none
txn_08066,True,cross_merchant_ring,abuse_04
txn_08067,False,none,none
txn_08068,False,none,none
txn_08069,False,none,none
txn_08070,False,none,none
txn_08071,False,none,none
txn_08072,False,none,none
txn_08073,False,none,none
txn_08074,False,none,none
txn_08075,False,none,none
txn_08076,False,none,none
txn_08077,False,none,none
txn_08078,False,none,none
txn_08079,False,none,none
txn_08080,False,none,none
txn_08081,False,none,none
txn_08082,False,none,none
txn_08083,False,none,none
txn_08084,False,none,none
txn_08085,False,none,none
txn_08086,False,none,none
txn_08087,False,none,none
txn_08088,False,none,none
txn_08089,False,none,none
txn_08090,False,none,none
txn_08091,False,none,none
txn_08092,False,none,none
txn_08093,False,none,none
txn_08094,False,none,none
txn_08095,False,none,none
txn_08096,False,none,none
txn_08097,False,none,none
txn_08098,False,none,none
txn_08099,False,none,none
txn_08100,False,none,none
txn_08101,False,none,none
txn_08102,False,none,none
txn_08103,False,none,none
txn_08104,False,none,none
txn_08105,False,none,none
txn_08106,False,none,none
txn_08107,False,none,none
txn_08108,False,none,none
txn_08109,False,none,none
txn_08110,False,none,none
txn_08111,False,none,none
txn_08112,False,none,none
txn_08113,False,none,none
txn_08114,False,none,none
txn_08115,False,none,none
txn_08116,False,none,none
txn_08117,True,shared_device,abuse_01
txn_08118,False,none,none
txn_08119,False,none,none
txn_08120,False,none,none
txn_08121,False,none,none
txn_08122,False,none,none
txn_08123,False,none,none
txn_08124,False,none,none
txn_08125,False,none,none
txn_08126,False,none,none
txn_08127,False,none,none
txn_08128,False,none,none
txn_08129,False,none,none
txn_08130,False,none,none
txn_08131,False,none,none
txn_08132,False,none,none
txn_08133,False,none,none
txn_08134,False,none,none
txn_08135,False,none,none
txn_08136,False,none,none
txn_08137,False,none,none
txn_08138,False,none,none
txn_08139,False,none,none
txn_08140,False,none,none
txn_08141,False,none,none
txn_08142,False,none,none
txn_08143,False,none,none
txn_08144,False,none,none
txn_08145,False,none,none
txn_08146,False,none,none
txn_08147,False,none,none
txn_08148,False,none,none
txn_08149,False,none,none
txn_08150,False,none,none
txn_08151,False,none,none
txn_08152,False,none,none
txn_08153,False,none,none
txn_08154,False,none,none
txn_08155,False,none,none
txn_08156,False,none,none
txn_08157,False,none,none
txn_08158,False,none,none
txn_08159,False,none,none
txn_08160,False,none,none
txn_08161,False,none,none
txn_08162,False,none,none
txn_08163,False,none,none
txn_08164,True,shared_device,abuse_01
txn_08165,False,none,none
txn_08166,False,none,none
txn_08167,False,none,none
txn_08168,False,none,none
txn_08169,False,none,none
txn_08170,False,none,none
txn_08171,False,none,none
txn_08172,False,none,none
txn_08173,False,none,none
txn_08174,False,none,none
txn_08175,False,none,none
txn_08176,False,none,none
txn_08177,False,none,none
txn_08178,False,none,none
txn_08179,False,none,none
txn_08180,False,none,none
txn_08181,False,none,none
txn_08182,False,none,none
txn_08183,False,none,none
txn_08184,False,none,none
txn_08185,False,none,none
txn_08186,False,none,none
txn_08187,False,none,none
txn_08188,False,none,none
txn_08189,False,none,none
txn_08190,False,none,none
txn_08191,False,none,none
txn_08192,False,none,none
txn_08193,False,none,none
txn_08194,False,none,none
txn_08195,False,none,none
txn_08196,False,none,none
txn_08197,False,none,none
txn_08198,False,none,none
txn_08199,False,none,none
txn_08200,True,velocity_burst,abuse_03
txn_08201,False,none,none
txn_08202,False,none,none
txn_08203,False,none,none
txn_08204,False,none,none
txn_08205,False,none,none
txn_08206,False,none,none
txn_08207,False,none,none
txn_08208,False,none,none
txn_08209,True,velocity_burst,abuse_03
txn_08210,False,none,none
txn_08211,False,none,none
txn_08212,False,none,none
txn_08213,False,none,none
txn_08214,False,none,none
txn_08215,False,none,none
txn_08216,False,none,none
txn_08217,False,none,none
txn_08218,False,none,none
txn_08219,False,none,none
txn_08220,False,none,none
txn_08221,True,cross_merchant_ring,abuse_04
txn_08222,False,none,none
txn_08223,False,none,none
txn_08224,False,none,none
txn_08225,False,none,none
txn_08226,False,none,none
txn_08227,False,none,none
txn_08228,False,none,none
txn_08229,False,none,none
txn_08230,False,none,none
txn_08231,False,none,none
txn_08232,False,none,none
txn_08233,False,none,none
txn_08234,False,none,none
txn_08235,False,none,none
txn_08236,False,none,none
txn_08237,False,none,none
txn_08238,False,none,none
txn_08239,False,none,none
txn_08240,False,none,none
txn_08241,False,none,none
txn_08242,False,none,none
txn_08243,False,none,none
txn_08244,False,none,none
txn_08245,False,none,none
txn_08246,False,none,none
txn_08247,False,none,none
txn_08248,False,none,none
txn_08249,False,none,none
txn_08250,False,none,none
txn_08251,False,none,none
txn_08252,False,none,none
txn_08253,False,none,none
txn_08254,False,none,none
txn_08255,False,none,none
txn_08256,False,none,none
txn_08257,False,none,none
txn_08258,False,none,none
txn_08259,False,none,none
txn_08260,False,none,none
txn_08261,False,none,none
txn_08262,False,none,none
txn_08263,False,none,none
txn_08264,False,none,none
txn_08265,False,none,none
txn_08266,False,none,none
txn_08267,False,none,none
txn_08268,False,none,none
txn_08269,False,none,none
txn_08270,False,none,none
txn_08271,False,none,none
txn_08272,False,none,none
txn_08273,True,cross_merchant_ring,abuse_04
txn_08274,False,none,none
txn_08275,False,none,none
txn_08276,False,none,none
txn_08277,False,none,none
txn_08278,False,none,none
txn_08279,False,none,none
txn_08280,False,none,none
txn_08281,False,none,none
txn_08282,False,none,none
txn_08283,False,none,none
txn_08284,False,none,none
txn_08285,False,none,none
txn_08286,False,none,none
txn_08287,False,none,none
txn_08288,False,none,none
txn_08289,False,none,none
txn_08290,False,none,none
txn_08291,False,none,none
txn_08292,False,none,none
txn_08293,False,none,none
txn_08294,False,none,none
txn_08295,False,none,none
txn_08296,False,none,none
txn_08297,False,none,none
txn_08298,False,none,none
txn_08299,False,none,none
txn_08300,False,none,none
txn_08301,False,none,none
txn_08302,False,none,none
txn_08303,False,none,none
txn_08304,False,none,none
txn_08305,False,none,none
txn_08306,False,none,none
txn_08307,False,none,none
txn_08308,False,none,none
txn_08309,False,none,none
txn_08310,False,none,none
txn_08311,False,none,none
txn_08312,False,none,none
txn_08313,True,cross_merchant_ring,abuse_04
txn_08314,False,none,none
txn_08315,False,none,none
txn_08316,False,none,none
txn_08317,False,none,none
txn_08318,False,none,none
txn_08319,False,none,none
txn_08320,False,none,none
txn_08321,False,none,none
txn_08322,False,none,none
txn_08323,False,none,none
txn_08324,False,none,none
txn_08325,False,none,none
txn_08326,False,none,none
txn_08327,False,none,none
txn_08328,False,none,none
txn_08329,False,none,none
txn_08330,False,none,none
txn_08331,False,none,none
txn_08332,False,none,none
txn_08333,False,none,none
txn_08334,False,none,none
txn_08335,False,none,none
txn_08336,False,none,none
txn_08337,False,none,none
txn_08338,False,none,none
txn_08339,False,none,none
txn_08340,False,none,none
txn_08341,False,none,none
txn_08342,False,none,none
txn_08343,False,none,none
txn_08344,False,none,none
txn_08345,False,none,none
txn_08346,False,none,none
txn_08347,False,none,none
txn_08348,False,none,none
txn_08349,False,none,none
txn_08350,False,none,none
txn_08351,False,none,none
txn_08352,False,none,none
txn_08353,False,none,none
txn_08354,False,none,none
txn_08355,False,none,none
txn_08356,False,none,none
txn_08357,False,none,none
txn_08358,False,none,none
txn_08359,False,none,none
txn_08360,False,none,none
txn_08361,False,none,none
txn_08362,False,none,none
txn_08363,False,none,none
txn_08364,False,none,none
txn_08365,False,none,none
txn_08366,False,none,none
txn_08367,False,none,none
txn_08368,False,none,none
txn_08369,False,none,none
txn_08370,False,none,none
txn_08371,False,none,none
txn_08372,False,none,none
txn_08373,False,none,none
txn_08374,False,none,none
txn_08375,False,none,none
txn_08376,False,none,none
txn_08377,False,none,none
txn_08378,False,none,none
txn_08379,False,none,none
txn_08380,False,none,none
txn_08381,False,none,none
txn_08382,True,cross_merchant_ring,abuse_04
txn_08383,False,none,none
txn_08384,False,none,none
txn_08385,False,none,none
txn_08386,False,none,none
txn_08387,False,none,none
txn_08388,False,none,none
txn_08389,False,none,none
txn_08390,False,none,none
txn_08391,False,none,none
txn_08392,False,none,none
txn_08393,False,none,none
txn_08394,False,none,none
txn_08395,False,none,none
txn_08396,False,none,none
txn_08397,False,none,none
txn_08398,False,none,none
txn_08399,False,none,none
txn_08400,False,none,none
txn_08401,False,none,none
txn_08402,False,none,none
txn_08403,False,none,none
txn_08404,False,none,none
txn_08405,False,none,none
txn_08406,False,none,none
txn_08407,False,none,none
txn_08408,False,none,none
txn_08409,False,none,none
txn_08410,False,none,none
txn_08411,False,none,none
txn_08412,False,none,none
txn_08413,False,none,none
txn_08414,False,none,none
txn_08415,False,none,none
txn_08416,False,none,none
txn_08417,False,none,none
txn_08418,False,none,none
txn_08419,False,none,none
txn_08420,False,none,none
txn_08421,False,none,none
txn_08422,False,none,none
txn_08423,False,none,none
txn_08424,True,shared_payment_instrument,abuse_02
txn_08425,False,none,none
txn_08426,False,none,none
txn_08427,False,none,none
txn_08428,False,none,none
txn_08429,False,none,none
txn_08430,True,shared_device,abuse_01
txn_08431,False,none,none
txn_08432,False,none,none
txn_08433,False,none,none
txn_08434,False,none,none
txn_08435,False,none,none
txn_08436,False,none,none
txn_08437,False,none,none
txn_08438,False,none,none
txn_08439,False,none,none
txn_08440,False,none,none
txn_08441,False,none,none
txn_08442,False,none,none
txn_08443,False,none,none
txn_08444,False,none,none
txn_08445,False,none,none
txn_08446,True,velocity_burst,abuse_03
txn_08447,False,none,none
txn_08448,False,none,none
txn_08449,False,none,none
txn_08450,False,none,none
txn_08451,False,none,none
txn_08452,False,none,none
txn_08453,False,none,none
txn_08454,False,none,none
txn_08455,False,none,none
txn_08456,False,none,none
txn_08457,False,none,none
txn_08458,False,none,none
txn_08459,False,none,none
txn_08460,False,none,none
txn_08461,False,none,none
txn_08462,False,none,none
txn_08463,False,none,none
txn_08464,False,none,none
txn_08465,False,none,none
txn_08466,False,none,none
txn_08467,False,none,none
txn_08468,False,none,none
txn_08469,False,none,none
txn_08470,False,none,none
txn_08471,True,shared_device,abuse_01
txn_08472,False,none,none
txn_08473,False,none,none
txn_08474,False,none,none
txn_08475,False,none,none
txn_08476,False,none,none
txn_08477,False,none,none
txn_08478,False,none,none
txn_08479,False,none,none
txn_08480,False,none,none
txn_08481,False,none,none
txn_08482,False,none,none
txn_08483,False,none,none
txn_08484,False,none,none
txn_08485,False,none,none
txn_08486,False,none,none
txn_08487,False,none,none
txn_08488,False,none,none
txn_08489,False,none,none
txn_08490,False,none,none
txn_08491,False,none,none
txn_08492,True,velocity_burst,abuse_03
txn_08493,False,none,none
txn_08494,False,none,none
txn_08495,False,none,none
txn_08496,True,cross_merchant_ring,abuse_04
txn_08497,False,none,none
txn_08498,False,none,none
txn_08499,False,none,none
txn_08500,False,none,none
txn_08501,False,none,none
txn_08502,False,none,none
txn_08503,False,none,none
txn_08504,False,none,none
txn_08505,False,none,none
txn_08506,False,none,none
txn_08507,False,none,none
txn_08508,False,none,none
txn_08509,False,none,none
txn_08510,False,none,none
txn_08511,False,none,none
txn_08512,False,none,none
txn_08513,False,none,none
txn_08514,False,none,none
txn_08515,False,none,none
txn_08516,False,none,none
txn_08517,False,none,none
txn_08518,False,none,none
txn_08519,False,none,none
txn_08520,False,none,none
txn_08521,False,none,none
txn_08522,False,none,none
txn_08523,False,none,none
txn_08524,False,none,none
txn_08525,False,none,none
txn_08526,False,none,none
txn_08527,False,none,none
txn_08528,False,none,none
txn_08529,False,none,none
txn_08530,False,none,none
txn_08531,False,none,none
txn_08532,False,none,none
txn_08533,False,none,none
txn_08534,False,none,none
txn_08535,False,none,none
txn_08536,False,none,none
txn_08537,False,none,none
txn_08538,False,none,none
txn_08539,False,none,none
txn_08540,False,none,none
txn_08541,False,none,none
txn_08542,False,none,none
txn_08543,False,none,none
txn_08544,False,none,none
txn_08545,False,none,none
txn_08546,False,none,none
txn_08547,False,none,none
txn_08548,True,shared_payment_instrument,abuse_02
txn_08549,False,none,none
txn_08550,False,none,none
txn_08551,False,none,none
txn_08552,False,none,none
txn_08553,False,none,none
txn_08554,False,none,none
txn_08555,False,none,none
txn_08556,False,none,none
txn_08557,False,none,none
txn_08558,False,none,none
txn_08559,True,velocity_burst,abuse_03
txn_08560,False,none,none
txn_08561,False,none,none
txn_08562,False,none,none
txn_08563,False,none,none
txn_08564,False,none,none
txn_08565,True,velocity_burst,abuse_03
txn_08566,False,none,none
txn_08567,True,shared_device,abuse_01
txn_08568,False,none,none
txn_08569,False,none,none
txn_08570,False,none,none
txn_08571,False,none,none
txn_08572,False,none,none
txn_08573,False,none,none
txn_08574,False,none,none
txn_08575,False,none,none
txn_08576,False,none,none
txn_08577,False,none,none
txn_08578,False,none,none
txn_08579,False,none,none
txn_08580,False,none,none
txn_08581,False,none,none
txn_08582,False,none,none
txn_08583,False,none,none
txn_08584,False,none,none
txn_08585,False,none,none
txn_08586,False,none,none
txn_08587,True,velocity_burst,abuse_03
txn_08588,False,none,none
txn_08589,False,none,none
txn_08590,False,none,none
txn_08591,False,none,none
txn_08592,False,none,none
txn_08593,False,none,none
txn_08594,False,none,none
txn_08595,False,none,none
txn_08596,False,none,none
txn_08597,False,none,none
txn_08598,False,none,none
txn_08599,False,none,none
txn_08600,False,none,none
txn_08601,False,none,none
txn_08602,False,none,none
txn_08603,False,none,none
txn_08604,False,none,none
txn_08605,False,none,none
txn_08606,False,none,none
txn_08607,False,none,none
txn_08608,False,none,none
txn_08609,False,none,none
txn_08610,False,none,none
txn_08611,False,none,none
txn_08612,False,none,none
txn_08613,False,none,none
txn_08614,False,none,none
txn_08615,True,cross_merchant_ring,abuse_04
txn_08616,False,none,none
txn_08617,False,none,none
txn_08618,False,none,none
txn_08619,False,none,none
txn_08620,False,none,none
txn_08621,False,none,none
txn_08622,False,none,none
txn_08623,False,none,none
txn_08624,False,none,none
txn_08625,False,none,none
txn_08626,False,none,none
txn_08627,False,none,none
txn_08628,False,none,none
txn_08629,False,none,none
txn_08630,False,none,none
txn_08631,False,none,none
txn_08632,False,none,none
txn_08633,False,none,none
txn_08634,False,none,none
txn_08635,False,none,none
txn_08636,False,none,none
txn_08637,False,none,none
txn_08638,False,none,none
txn_08639,False,none,none
txn_08640,False,none,none
txn_08641,False,none,none
txn_08642,False,none,none
txn_08643,False,none,none
txn_08644,False,none,none
txn_08645,True,cross_merchant_ring,abuse_04
txn_08646,False,none,none
txn_08647,False,none,none
txn_08648,False,none,none
txn_08649,False,none,none
txn_08650,False,none,none
txn_08651,False,none,none
txn_08652,False,none,none
txn_08653,False,none,none
txn_08654,False,none,none
txn_08655,False,none,none
txn_08656,False,none,none
txn_08657,False,none,none
txn_08658,False,none,none
txn_08659,True,cross_merchant_ring,abuse_04
txn_08660,True,shared_payment_instrument,abuse_02
txn_08661,False,none,none
txn_08662,False,none,none
txn_08663,False,none,none
txn_08664,False,none,none
txn_08665,False,none,none
txn_08666,False,none,none
txn_08667,False,none,none
txn_08668,False,none,none
txn_08669,False,none,none
txn_08670,False,none,none
txn_08671,False,none,none
txn_08672,False,none,none
txn_08673,False,none,none
txn_08674,False,none,none
txn_08675,False,none,none
txn_08676,True,shared_payment_instrument,abuse_02
txn_08677,False,none,none
txn_08678,False,none,none
txn_08679,False,none,none
txn_08680,False,none,none
txn_08681,False,none,none
txn_08682,False,none,none
txn_08683,False,none,none
txn_08684,False,none,none
txn_08685,False,none,none
txn_08686,True,cross_merchant_ring,abuse_04
txn_08687,False,none,none
txn_08688,False,none,none
txn_08689,False,none,none
txn_08690,False,none,none
txn_08691,False,none,none
txn_08692,False,none,none
txn_08693,False,none,none
txn_08694,False,none,none
txn_08695,False,none,none
txn_08696,False,none,none
txn_08697,False,none,none
txn_08698,True,shared_payment_instrument,abuse_02
txn_08699,False,none,none
txn_08700,False,none,none
txn_08701,False,none,none
txn_08702,False,none,none
txn_08703,False,none,none
txn_08704,False,none,none
txn_08705,False,none,none
txn_08706,False,none,none
txn_08707,False,none,none
txn_08708,False,none,none
txn_08709,False,none,none
txn_08710,False,none,none
txn_08711,False,none,none
txn_08712,False,none,none
txn_08713,False,none,none
txn_08714,False,none,none
txn_08715,False,none,none
txn_08716,False,none,none
txn_08717,False,none,none
txn_08718,False,none,none
txn_08719,False,none,none
txn_08720,False,none,none
txn_08721,False,none,none
txn_08722,False,none,none
txn_08723,False,none,none
txn_08724,False,none,none
txn_08725,False,none,none
txn_08726,True,velocity_burst,abuse_03
txn_08727,False,none,none
txn_08728,False,none,none
txn_08729,False,none,none
txn_08730,False,none,none
txn_08731,False,none,none
txn_08732,False,none,none
txn_08733,True,cross_merchant_ring,abuse_04
txn_08734,False,none,none
txn_08735,False,none,none
txn_08736,False,none,none
txn_08737,False,none,none
txn_08738,False,none,none
txn_08739,False,none,none
txn_08740,False,none,none
txn_08741,False,none,none
txn_08742,False,none,none
txn_08743,False,none,none
txn_08744,False,none,none
txn_08745,False,none,none
txn_08746,False,none,none
txn_08747,False,none,none
txn_08748,False,none,none
txn_08749,False,none,none
txn_08750,False,none,none
txn_08751,False,none,none
txn_08752,False,none,none
txn_08753,False,none,none
txn_08754,False,none,none
txn_08755,False,none,none
txn_08756,False,none,none
txn_08757,False,none,none
txn_08758,False,none,none
txn_08759,False,none,none
txn_08760,False,none,none
txn_08761,False,none,none
txn_08762,True,velocity_burst,abuse_03
txn_08763,False,none,none
txn_08764,False,none,none
txn_08765,False,none,none
txn_08766,False,none,none
txn_08767,False,none,none
txn_08768,False,none,none
txn_08769,False,none,none
txn_08770,False,none,none
txn_08771,False,none,none
txn_08772,False,none,none
txn_08773,True,velocity_burst,abuse_03
txn_08774,False,none,none
txn_08775,False,none,none
txn_08776,False,none,none
txn_08777,False,none,none
txn_08778,False,none,none
txn_08779,False,none,none
txn_08780,False,none,none
txn_08781,False,none,none
txn_08782,False,none,none
txn_08783,False,none,none
txn_08784,False,none,none
txn_08785,False,none,none
txn_08786,False,none,none
txn_08787,False,none,none
txn_08788,False,none,none
txn_08789,False,none,none
txn_08790,False,none,none
txn_08791,False,none,none
txn_08792,False,none,none
txn_08793,False,none,none
txn_08794,False,none,none
txn_08795,False,none,none
txn_08796,False,none,none
txn_08797,False,none,none
txn_08798,False,none,none
txn_08799,False,none,none
txn_08800,False,none,none
txn_08801,False,none,none
txn_08802,False,none,none
txn_08803,False,none,none
txn_08804,False,none,none
txn_08805,False,none,none
txn_08806,False,none,none
txn_08807,False,none,none
txn_08808,False,none,none
txn_08809,False,none,none
txn_08810,False,none,none
txn_08811,False,none,none
txn_08812,False,none,none
txn_08813,False,none,none
txn_08814,False,none,none
txn_08815,False,none,none
txn_08816,False,none,none
txn_08817,False,none,none
txn_08818,False,none,none
txn_08819,False,none,none
txn_08820,False,none,none
txn_08821,False,none,none
txn_08822,False,none,none
txn_08823,False,none,none
txn_08824,False,none,none
txn_08825,False,none,none
txn_08826,False,none,none
txn_08827,False,none,none
txn_08828,False,none,none
txn_08829,False,none,none
txn_08830,False,none,none
txn_08831,False,none,none
txn_08832,False,none,none
txn_08833,False,none,none
txn_08834,False,none,none
txn_08835,False,none,none
txn_08836,False,none,none
txn_08837,False,none,none
txn_08838,False,none,none
txn_08839,False,none,none
txn_08840,False,none,none
txn_08841,False,none,none
txn_08842,False,none,none
txn_08843,False,none,none
txn_08844,False,none,none
txn_08845,False,none,none
txn_08846,False,none,none
txn_08847,False,none,none
txn_08848,False,none,none
txn_08849,False,none,none
txn_08850,False,none,none
txn_08851,False,none,none
txn_08852,False,none,none
txn_08853,False,none,none
txn_08854,False,none,none
txn_08855,False,none,none
txn_08856,False,none,none
txn_08857,False,none,none
txn_08858,False,none,none
txn_08859,False,none,none
txn_08860,False,none,none
txn_08861,False,none,none
txn_08862,False,none,none
txn_08863,False,none,none
txn_08864,False,none,none
txn_08865,False,none,none
txn_08866,False,none,none
txn_08867,False,none,none
txn_08868,False,none,none
txn_08869,False,none,none
txn_08870,False,none,none
txn_08871,False,none,none
txn_08872,False,none,none
txn_08873,False,none,none
txn_08874,False,none,none
txn_08875,True,cross_merchant_ring,abuse_04
txn_08876,False,none,none
txn_08877,False,none,none
txn_08878,False,none,none
txn_08879,False,none,none
txn_08880,False,none,none
txn_08881,False,none,none
txn_08882,False,none,none
txn_08883,False,none,none
txn_08884,False,none,none
txn_08885,False,none,none
txn_08886,False,none,none
txn_08887,False,none,none
txn_08888,False,none,none
txn_08889,False,none,none
txn_08890,False,none,none
txn_08891,False,none,none
txn_08892,False,none,none
txn_08893,False,none,none
txn_08894,False,none,none
txn_08895,False,none,none
txn_08896,False,none,none
txn_08897,False,none,none
txn_08898,False,none,none
txn_08899,False,none,none
txn_08900,False,none,none
txn_08901,False,none,none
txn_08902,False,none,none
txn_08903,False,none,none
txn_08904,False,none,none
txn_08905,False,none,none
txn_08906,False,none,none
txn_08907,False,none,none
txn_08908,False,none,none
txn_08909,False,none,none
txn_08910,False,none,none
txn_08911,False,none,none
txn_08912,False,none,none
txn_08913,False,none,none
txn_08914,False,none,none
txn_08915,False,none,none
txn_08916,False,none,none
txn_08917,False,none,none
txn_08918,False,none,none
txn_08919,False,none,none
txn_08920,False,none,none
txn_08921,False,none,none
txn_08922,False,none,none
txn_08923,False,none,none
txn_08924,False,none,none
txn_08925,False,none,none
txn_08926,False,none,none
txn_08927,False,none,none
txn_08928,True,cross_merchant_ring,abuse_04
txn_08929,False,none,none
txn_08930,False,none,none
txn_08931,False,none,none
txn_08932,True,velocity_burst,abuse_03
txn_08933,False,none,none
txn_08934,False,none,none
txn_08935,False,none,none
txn_08936,False,none,none
txn_08937,False,none,none
txn_08938,False,none,none
txn_08939,False,none,none
txn_08940,False,none,none
txn_08941,False,none,none
txn_08942,False,none,none
txn_08943,False,none,none
txn_08944,False,none,none
txn_08945,False,none,none
txn_08946,False,none,none
txn_08947,False,none,none
txn_08948,False,none,none
txn_08949,False,none,none
txn_08950,False,none,none
txn_08951,False,none,none
txn_08952,False,none,none
txn_08953,False,none,none
txn_08954,False,none,none
txn_08955,False,none,none
txn_08956,False,none,none
txn_08957,False,none,none
txn_08958,False,none,none
txn_08959,False,none,none
txn_08960,False,none,none
txn_08961,False,none,none
txn_08962,False,none,none
txn_08963,False,none,none
txn_08964,False,none,none
txn_08965,False,none,none
txn_08966,False,none,none
txn_08967,False,none,none
txn_08968,False,none,none
txn_08969,False,none,none
txn_08970,True,cross_merchant_ring,abuse_04
txn_08971,False,none,none
txn_08972,False,none,none
txn_08973,False,none,none
txn_08974,False,none,none
txn_08975,False,none,none
txn_08976,False,none,none
txn_08977,False,none,none
txn_08978,False,none,none
txn_08979,False,none,none
txn_08980,False,none,none
txn_08981,False,none,none
txn_08982,False,none,none
txn_08983,False,none,none
txn_08984,False,none,none
txn_08985,False,none,none
txn_08986,False,none,none
txn_08987,False,none,none
txn_08988,False,none,none
txn_08989,False,none,none
txn_08990,False,none,none
txn_08991,False,none,none
txn_08992,False,none,none
txn_08993,False,none,none
txn_08994,False,none,none
txn_08995,False,none,none
txn_08996,False,none,none
txn_08997,False,none,none
txn_08998,True,velocity_burst,abuse_03
txn_08999,False,none,none
txn_09000,False,none,none
txn_09001,False,none,none
txn_09002,True,velocity_burst,abuse_03
txn_09003,False,none,none
txn_09004,False,none,none
txn_09005,False,none,none
txn_09006,False,none,none
txn_09007,True,velocity_burst,abuse_03
txn_09008,False,none,none
txn_09009,False,none,none
txn_09010,False,none,none
txn_09011,False,none,none
txn_09012,False,none,none
txn_09013,False,none,none
txn_09014,False,none,none
txn_09015,False,none,none
txn_09016,False,none,none
txn_09017,False,none,none
txn_09018,False,none,none
txn_09019,False,none,none
txn_09020,False,none,none
txn_09021,False,none,none
txn_09022,True,cross_merchant_ring,abuse_04
txn_09023,False,none,none
txn_09024,False,none,none
txn_09025,False,none,none
txn_09026,False,none,none
txn_09027,False,none,none
txn_09028,False,none,none
txn_09029,False,none,none
txn_09030,False,none,none
txn_09031,False,none,none
txn_09032,False,none,none
txn_09033,False,none,none
txn_09034,False,none,none
txn_09035,False,none,none
txn_09036,False,none,none
txn_09037,False,none,none
txn_09038,False,none,none
txn_09039,False,none,none
txn_09040,False,none,none
txn_09041,False,none,none
txn_09042,False,none,none
txn_09043,False,none,none
txn_09044,False,none,none
txn_09045,False,none,none
txn_09046,False,none,none
txn_09047,False,none,none
txn_09048,False,none,none
txn_09049,False,none,none
txn_09050,False,none,none
txn_09051,False,none,none
txn_09052,False,none,none
txn_09053,False,none,none
txn_09054,False,none,none
txn_09055,False,none,none
txn_09056,False,none,none
txn_09057,False,none,none
txn_09058,False,none,none
txn_09059,False,none,none
txn_09060,True,cross_merchant_ring,abuse_04
txn_09061,False,none,none
txn_09062,False,none,none
txn_09063,False,none,none
txn_09064,False,none,none
txn_09065,False,none,none
txn_09066,False,none,none
txn_09067,False,none,none
txn_09068,False,none,none
txn_09069,False,none,none
txn_09070,False,none,none
txn_09071,False,none,none
txn_09072,False,none,none
txn_09073,False,none,none
txn_09074,True,cross_merchant_ring,abuse_04
txn_09075,False,none,none
txn_09076,False,none,none
txn_09077,False,none,none
txn_09078,False,none,none
txn_09079,False,none,none
txn_09080,False,none,none
txn_09081,False,none,none
txn_09082,False,none,none
txn_09083,False,none,none
txn_09084,False,none,none
txn_09085,False,none,none
txn_09086,False,none,none
txn_09087,False,none,none
txn_09088,False,none,none
txn_09089,False,none,none
txn_09090,False,none,none
txn_09091,False,none,none
txn_09092,False,none,none
txn_09093,False,none,none
txn_09094,False,none,none
txn_09095,False,none,none
txn_09096,False,none,none
txn_09097,False,none,none
txn_09098,False,none,none
txn_09099,False,none,none
txn_09100,False,none,none
txn_09101,False,none,none
txn_09102,False,none,none
txn_09103,False,none,none
txn_09104,False,none,none
txn_09105,False,none,none
txn_09106,False,none,none
txn_09107,False,none,none
txn_09108,False,none,none
txn_09109,False,none,none
txn_09110,False,none,none
txn_09111,False,none,none
txn_09112,False,none,none
txn_09113,False,none,none
txn_09114,False,none,none
txn_09115,False,none,none
txn_09116,False,none,none
txn_09117,False,none,none
txn_09118,False,none,none
txn_09119,False,none,none
txn_09120,False,none,none
txn_09121,False,none,none
txn_09122,False,none,none
txn_09123,False,none,none
txn_09124,False,none,none
txn_09125,True,cross_merchant_ring,abuse_04
txn_09126,False,none,none
txn_09127,False,none,none
txn_09128,True,shared_device,abuse_01
txn_09129,False,none,none
txn_09130,False,none,none
txn_09131,True,cross_merchant_ring,abuse_04
txn_09132,False,none,none
txn_09133,False,none,none
txn_09134,False,none,none
txn_09135,False,none,none
txn_09136,False,none,none
txn_09137,False,none,none
txn_09138,False,none,none
txn_09139,False,none,none
txn_09140,False,none,none
txn_09141,False,none,none
txn_09142,False,none,none
txn_09143,False,none,none
txn_09144,False,none,none
txn_09145,False,none,none
txn_09146,False,none,none
txn_09147,False,none,none
txn_09148,False,none,none
txn_09149,False,none,none
txn_09150,False,none,none
txn_09151,False,none,none
txn_09152,False,none,none
txn_09153,False,none,none
txn_09154,False,none,none
txn_09155,False,none,none
txn_09156,False,none,none
txn_09157,False,none,none
txn_09158,False,none,none
txn_09159,False,none,none
txn_09160,False,none,none
txn_09161,False,none,none
txn_09162,False,none,none
txn_09163,False,none,none
txn_09164,False,none,none
txn_09165,False,none,none
txn_09166,False,none,none
txn_09167,False,none,none
txn_09168,False,none,none
txn_09169,False,none,none
txn_09170,False,none,none
txn_09171,False,none,none
txn_09172,True,cross_merchant_ring,abuse_04
txn_09173,False,none,none
txn_09174,False,none,none
txn_09175,False,none,none
txn_09176,False,none,none
txn_09177,False,none,none
txn_09178,False,none,none
txn_09179,False,none,none
txn_09180,False,none,none
txn_09181,False,none,none
txn_09182,False,none,none
txn_09183,False,none,none
txn_09184,False,none,none
txn_09185,False,none,none
txn_09186,False,none,none
txn_09187,False,none,none
txn_09188,False,none,none
txn_09189,False,none,none
txn_09190,False,none,none
txn_09191,False,none,none
txn_09192,False,none,none
txn_09193,False,none,none
txn_09194,False,none,none
txn_09195,False,none,none
txn_09196,False,none,none
txn_09197,False,none,none
txn_09198,False,none,none
txn_09199,False,none,none
txn_09200,False,none,none
txn_09201,False,none,none
txn_09202,False,none,none
txn_09203,False,none,none
txn_09204,False,none,none
txn_09205,False,none,none
txn_09206,False,none,none
txn_09207,False,none,none
txn_09208,False,none,none
txn_09209,False,none,none
txn_09210,False,none,none
txn_09211,False,none,none
txn_09212,False,none,none
txn_09213,False,none,none
txn_09214,False,none,none
txn_09215,False,none,none
txn_09216,False,none,none
txn_09217,False,none,none
txn_09218,False,none,none
txn_09219,False,none,none
txn_09220,False,none,none
txn_09221,False,none,none
txn_09222,False,none,none
txn_09223,False,none,none
txn_09224,False,none,none
txn_09225,False,none,none
txn_09226,False,none,none
txn_09227,False,none,none
txn_09228,False,none,none
txn_09229,False,none,none
txn_09230,False,none,none
txn_09231,True,velocity_burst,abuse_03
txn_09232,False,none,none
txn_09233,False,none,none
txn_09234,False,none,none
txn_09235,False,none,none
txn_09236,False,none,none
txn_09237,False,none,none
txn_09238,False,none,none
txn_09239,False,none,none
txn_09240,False,none,none
txn_09241,False,none,none
txn_09242,False,none,none
txn_09243,False,none,none
txn_09244,False,none,none
txn_09245,False,none,none
txn_09246,False,none,none
txn_09247,False,none,none
txn_09248,False,none,none
txn_09249,False,none,none
txn_09250,False,none,none
txn_09251,False,none,none
txn_09252,False,none,none
txn_09253,False,none,none
txn_09254,False,none,none
txn_09255,False,none,none
txn_09256,False,none,none
txn_09257,False,none,none
txn_09258,False,none,none
txn_09259,False,none,none
txn_09260,False,none,none
txn_09261,False,none,none
txn_09262,False,none,none
txn_09263,False,none,none
txn_09264,False,none,none
txn_09265,False,none,none
txn_09266,False,none,none
txn_09267,False,none,none
txn_09268,False,none,none
txn_09269,False,none,none
txn_09270,False,none,none
txn_09271,False,none,none
txn_09272,False,none,none
txn_09273,False,none,none
txn_09274,False,none,none
txn_09275,False,none,none
txn_09276,False,none,none
txn_09277,False,none,none
txn_09278,False,none,none
txn_09279,False,none,none
txn_09280,False,none,none
txn_09281,False,none,none
txn_09282,False,none,none
txn_09283,False,none,none
txn_09284,False,none,none
txn_09285,False,none,none
txn_09286,False,none,none
txn_09287,False,none,none
txn_09288,False,none,none
txn_09289,False,none,none
txn_09290,True,shared_device,abuse_01
txn_09291,False,none,none
txn_09292,False,none,none
txn_09293,False,none,none
txn_09294,False,none,none
txn_09295,False,none,none
txn_09296,False,none,none
txn_09297,False,none,none
txn_09298,False,none,none
txn_09299,False,none,none
txn_09300,False,none,none
txn_09301,False,none,none
txn_09302,False,none,none
txn_09303,False,none,none
txn_09304,True,cross_merchant_ring,abuse_04
txn_09305,False,none,none
txn_09306,False,none,none
txn_09307,False,none,none
txn_09308,False,none,none
txn_09309,False,none,none
txn_09310,False,none,none
txn_09311,False,none,none
txn_09312,False,none,none
txn_09313,False,none,none
txn_09314,False,none,none
txn_09315,False,none,none
txn_09316,False,none,none
txn_09317,False,none,none
txn_09318,False,none,none
txn_09319,False,none,none
txn_09320,False,none,none
txn_09321,False,none,none
txn_09322,False,none,none
txn_09323,False,none,none
txn_09324,False,none,none
txn_09325,False,none,none
txn_09326,False,none,none
txn_09327,False,none,none
txn_09328,False,none,none
txn_09329,False,none,none
txn_09330,False,none,none
txn_09331,False,none,none
txn_09332,True,cross_merchant_ring,abuse_04
txn_09333,False,none,none
txn_09334,False,none,none
txn_09335,False,none,none
txn_09336,False,none,none
txn_09337,False,none,none
txn_09338,False,none,none
txn_09339,False,none,none
txn_09340,False,none,none
txn_09341,False,none,none
txn_09342,False,none,none
txn_09343,False,none,none
txn_09344,False,none,none
txn_09345,False,none,none
txn_09346,False,none,none
txn_09347,False,none,none
txn_09348,False,none,none
txn_09349,False,none,none
txn_09350,False,none,none
txn_09351,False,none,none
txn_09352,False,none,none
txn_09353,False,none,none
txn_09354,False,none,none
txn_09355,False,none,none
txn_09356,False,none,none
txn_09357,False,none,none
txn_09358,False,none,none
txn_09359,False,none,none
txn_09360,False,none,none
txn_09361,False,none,none
txn_09362,False,none,none
txn_09363,False,none,none
txn_09364,False,none,none
txn_09365,False,none,none
txn_09366,False,none,none
txn_09367,False,none,none
txn_09368,False,none,none
txn_09369,False,none,none
txn_09370,True,cross_merchant_ring,abuse_04
txn_09371,False,none,none
txn_09372,False,none,none
txn_09373,False,none,none
txn_09374,False,none,none
txn_09375,False,none,none
txn_09376,False,none,none
txn_09377,False,none,none
txn_09378,False,none,none
txn_09379,False,none,none
txn_09380,False,none,none
txn_09381,False,none,none
txn_09382,False,none,none
txn_09383,False,none,none
txn_09384,False,none,none
txn_09385,False,none,none
txn_09386,False,none,none
txn_09387,False,none,none
txn_09388,True,shared_payment_instrument,abuse_02
txn_09389,True,cross_merchant_ring,abuse_04
txn_09390,False,none,none
txn_09391,False,none,none
txn_09392,False,none,none
txn_09393,False,none,none
txn_09394,False,none,none
txn_09395,False,none,none
txn_09396,False,none,none
txn_09397,False,none,none
txn_09398,False,none,none
txn_09399,False,none,none
txn_09400,False,none,none
txn_09401,False,none,none
txn_09402,False,none,none
txn_09403,False,none,none
txn_09404,False,none,none
txn_09405,False,none,none
txn_09406,False,none,none
txn_09407,False,none,none
txn_09408,True,cross_merchant_ring,abuse_04
txn_09409,False,none,none
txn_09410,False,none,none
txn_09411,True,velocity_burst,abuse_03
txn_09412,False,none,none
txn_09413,False,none,none
txn_09414,False,none,none
txn_09415,False,none,none
txn_09416,False,none,none
txn_09417,False,none,none
txn_09418,False,none,none
txn_09419,False,none,none
txn_09420,False,none,none
txn_09421,False,none,none
txn_09422,False,none,none
txn_09423,False,none,none
txn_09424,False,none,none
txn_09425,False,none,none
txn_09426,False,none,none
txn_09427,False,none,none
txn_09428,False,none,none
txn_09429,False,none,none
txn_09430,False,none,none
txn_09431,False,none,none
txn_09432,False,none,none
txn_09433,False,none,none
txn_09434,False,none,none
txn_09435,False,none,none
txn_09436,False,none,none
txn_09437,False,none,none
txn_09438,False,none,none
txn_09439,False,none,none
txn_09440,False,none,none
txn_09441,False,none,none
txn_09442,False,none,none
txn_09443,False,none,none
txn_09444,False,none,none
txn_09445,False,none,none
txn_09446,False,none,none
txn_09447,False,none,none
txn_09448,False,none,none
txn_09449,False,none,none
txn_09450,False,none,none
txn_09451,False,none,none
txn_09452,False,none,none
txn_09453,False,none,none
txn_09454,False,none,none
txn_09455,False,none,none
txn_09456,False,none,none
txn_09457,False,none,none
txn_09458,False,none,none
txn_09459,False,none,none
txn_09460,True,cross_merchant_ring,abuse_04
txn_09461,False,none,none
txn_09462,False,none,none
txn_09463,False,none,none
txn_09464,False,none,none
txn_09465,False,none,none
txn_09466,False,none,none
txn_09467,False,none,none
txn_09468,False,none,none
txn_09469,False,none,none
txn_09470,False,none,none
txn_09471,False,none,none
txn_09472,False,none,none
txn_09473,True,velocity_burst,abuse_03
txn_09474,False,none,none
txn_09475,False,none,none
txn_09476,False,none,none
txn_09477,False,none,none
txn_09478,False,none,none
txn_09479,False,none,none
txn_09480,False,none,none
txn_09481,False,none,none
txn_09482,False,none,none
txn_09483,False,none,none
txn_09484,False,none,none
txn_09485,False,none,none
txn_09486,False,none,none
txn_09487,False,none,none
txn_09488,False,none,none
txn_09489,False,none,none
txn_09490,False,none,none
txn_09491,True,shared_device,abuse_01
txn_09492,False,none,none
txn_09493,False,none,none
txn_09494,False,none,none
txn_09495,False,none,none
txn_09496,False,none,none
txn_09497,False,none,none
txn_09498,False,none,none
txn_09499,False,none,none
txn_09500,False,none,none
txn_09501,False,none,none
txn_09502,False,none,none
txn_09503,False,none,none
txn_09504,False,none,none
txn_09505,False,none,none
txn_09506,False,none,none
txn_09507,False,none,none
txn_09508,False,none,none
txn_09509,False,none,none
txn_09510,False,none,none
txn_09511,False,none,none
txn_09512,False,none,none
txn_09513,False,none,none
txn_09514,False,none,none
txn_09515,False,none,none
txn_09516,False,none,none
txn_09517,True,shared_device,abuse_01
txn_09518,False,none,none
txn_09519,False,none,none
txn_09520,False,none,none
txn_09521,False,none,none
txn_09522,False,none,none
txn_09523,False,none,none
txn_09524,False,none,none
txn_09525,False,none,none
txn_09526,False,none,none
txn_09527,False,none,none
txn_09528,False,none,none
txn_09529,False,none,none
txn_09530,False,none,none
txn_09531,False,none,none
txn_09532,False,none,none
txn_09533,False,none,none
txn_09534,False,none,none
txn_09535,False,none,none
txn_09536,True,shared_payment_instrument,abuse_02
txn_09537,False,none,none
txn_09538,False,none,none
txn_09539,False,none,none
txn_09540,False,none,none
txn_09541,False,none,none
txn_09542,False,none,none
txn_09543,False,none,none
txn_09544,False,none,none
txn_09545,False,none,none
txn_09546,False,none,none
txn_09547,False,none,none
txn_09548,False,none,none
txn_09549,False,none,none
txn_09550,False,none,none
txn_09551,False,none,none
txn_09552,False,none,none
txn_09553,False,none,none
txn_09554,False,none,none
txn_09555,False,none,none
txn_09556,False,none,none
txn_09557,False,none,none
txn_09558,False,none,none
txn_09559,False,none,none
txn_09560,False,none,none
txn_09561,False,none,none
txn_09562,False,none,none
txn_09563,False,none,none
txn_09564,False,none,none
txn_09565,False,none,none
txn_09566,False,none,none
txn_09567,False,none,none
txn_09568,False,none,none
txn_09569,True,velocity_burst,abuse_03
txn_09570,False,none,none
txn_09571,False,none,none
txn_09572,False,none,none
txn_09573,False,none,none
txn_09574,False,none,none
txn_09575,False,none,none
txn_09576,False,none,none
txn_09577,False,none,none
txn_09578,False,none,none
txn_09579,False,none,none
txn_09580,False,none,none
txn_09581,False,none,none
txn_09582,False,none,none
txn_09583,False,none,none
txn_09584,False,none,none
txn_09585,False,none,none
txn_09586,False,none,none
txn_09587,False,none,none
txn_09588,False,none,none
txn_09589,True,velocity_burst,abuse_03
txn_09590,False,none,none
txn_09591,False,none,none
txn_09592,False,none,none
txn_09593,False,none,none
txn_09594,False,none,none
txn_09595,True,cross_merchant_ring,abuse_04
txn_09596,False,none,none
txn_09597,False,none,none
txn_09598,False,none,none
txn_09599,False,none,none
txn_09600,False,none,none
txn_09601,False,none,none
txn_09602,False,none,none
txn_09603,False,none,none
txn_09604,False,none,none
txn_09605,False,none,none
txn_09606,False,none,none
txn_09607,False,none,none
txn_09608,False,none,none
txn_09609,False,none,none
txn_09610,False,none,none
txn_09611,False,none,none
txn_09612,False,none,none
txn_09613,False,none,none
txn_09614,False,none,none
txn_09615,False,none,none
txn_09616,False,none,none
txn_09617,False,none,none
txn_09618,False,none,none
txn_09619,False,none,none
txn_09620,False,none,none
txn_09621,False,none,none
txn_09622,False,none,none
txn_09623,False,none,none
txn_09624,False,none,none
txn_09625,False,none,none
txn_09626,False,none,none
txn_09627,False,none,none
txn_09628,False,none,none
txn_09629,False,none,none
txn_09630,False,none,none
txn_09631,False,none,none
txn_09632,False,none,none
txn_09633,False,none,none
txn_09634,False,none,none
txn_09635,False,none,none
txn_09636,False,none,none
txn_09637,False,none,none
txn_09638,False,none,none
txn_09639,False,none,none
txn_09640,False,none,none
txn_09641,False,none,none
txn_09642,False,none,none
txn_09643,False,none,none
txn_09644,False,none,none
txn_09645,False,none,none
txn_09646,False,none,none
txn_09647,False,none,none
txn_09648,False,none,none
txn_09649,False,none,none
txn_09650,False,none,none
txn_09651,False,none,none
txn_09652,False,none,none
txn_09653,False,none,none
txn_09654,False,none,none
txn_09655,False,none,none
txn_09656,False,none,none
txn_09657,False,none,none
txn_09658,False,none,none
txn_09659,False,none,none
txn_09660,False,none,none
txn_09661,False,none,none
txn_09662,False,none,none
txn_09663,False,none,none
txn_09664,False,none,none
txn_09665,False,none,none
txn_09666,False,none,none
txn_09667,False,none,none
txn_09668,False,none,none
txn_09669,False,none,none
txn_09670,False,none,none
txn_09671,False,none,none
txn_09672,False,none,none
txn_09673,False,none,none
txn_09674,False,none,none
txn_09675,False,none,none
txn_09676,False,none,none
txn_09677,False,none,none
txn_09678,False,none,none
txn_09679,False,none,none
txn_09680,False,none,none
txn_09681,False,none,none
txn_09682,False,none,none
txn_09683,False,none,none
txn_09684,False,none,none
txn_09685,False,none,none
txn_09686,False,none,none
txn_09687,False,none,none
txn_09688,False,none,none
txn_09689,False,none,none
txn_09690,False,none,none
txn_09691,False,none,none
txn_09692,True,shared_payment_instrument,abuse_02
txn_09693,False,none,none
txn_09694,False,none,none
txn_09695,False,none,none
txn_09696,False,none,none
txn_09697,False,none,none
txn_09698,False,none,none
txn_09699,False,none,none
txn_09700,False,none,none
txn_09701,False,none,none
txn_09702,False,none,none
txn_09703,False,none,none
txn_09704,False,none,none
txn_09705,False,none,none
txn_09706,False,none,none
txn_09707,False,none,none
txn_09708,True,cross_merchant_ring,abuse_04
txn_09709,False,none,none
txn_09710,False,none,none
txn_09711,False,none,none
txn_09712,False,none,none
txn_09713,False,none,none
txn_09714,False,none,none
txn_09715,False,none,none
txn_09716,False,none,none
txn_09717,False,none,none
txn_09718,False,none,none
txn_09719,False,none,none
txn_09720,False,none,none
txn_09721,False,none,none
txn_09722,False,none,none
txn_09723,False,none,none
txn_09724,False,none,none
txn_09725,False,none,none
txn_09726,False,none,none
txn_09727,False,none,none
txn_09728,True,shared_device,abuse_01
txn_09729,False,none,none
txn_09730,False,none,none
txn_09731,False,none,none
txn_09732,False,none,none
txn_09733,False,none,none
txn_09734,False,none,none
txn_09735,False,none,none
txn_09736,False,none,none
txn_09737,False,none,none
txn_09738,False,none,none
txn_09739,False,none,none
txn_09740,False,none,none
txn_09741,False,none,none
txn_09742,False,none,none
txn_09743,False,none,none
txn_09744,False,none,none
txn_09745,False,none,none
txn_09746,False,none,none
txn_09747,False,none,none
txn_09748,False,none,none
txn_09749,False,none,none
txn_09750,False,none,none
txn_09751,False,none,none
txn_09752,False,none,none
txn_09753,False,none,none
txn_09754,False,none,none
txn_09755,False,none,none
txn_09756,False,none,none
txn_09757,False,none,none
txn_09758,False,none,none
txn_09759,False,none,none
txn_09760,False,none,none
txn_09761,False,none,none
txn_09762,False,none,none
txn_09763,False,none,none
txn_09764,False,none,none
txn_09765,False,none,none
txn_09766,False,none,none
txn_09767,False,none,none
txn_09768,False,none,none
txn_09769,False,none,none
txn_09770,False,none,none
txn_09771,True,velocity_burst,abuse_03
txn_09772,False,none,none
txn_09773,False,none,none
txn_09774,False,none,none
txn_09775,False,none,none
txn_09776,False,none,none
txn_09777,True,cross_merchant_ring,abuse_04
txn_09778,False,none,none
txn_09779,False,none,none
txn_09780,False,none,none
txn_09781,False,none,none
txn_09782,False,none,none
txn_09783,False,none,none
txn_09784,False,none,none
txn_09785,False,none,none
txn_09786,False,none,none
txn_09787,True,velocity_burst,abuse_03
txn_09788,False,none,none
txn_09789,False,none,none
txn_09790,False,none,none
txn_09791,False,none,none
txn_09792,False,none,none
txn_09793,False,none,none
txn_09794,False,none,none
txn_09795,False,none,none
txn_09796,False,none,none
txn_09797,False,none,none
txn_09798,False,none,none
txn_09799,False,none,none
txn_09800,False,none,none
txn_09801,False,none,none
txn_09802,False,none,none
txn_09803,False,none,none
txn_09804,False,none,none
txn_09805,False,none,none
txn_09806,False,none,none
txn_09807,False,none,none
txn_09808,False,none,none
txn_09809,False,none,none
txn_09810,False,none,none
txn_09811,False,none,none
txn_09812,False,none,none
txn_09813,False,none,none
txn_09814,False,none,none
txn_09815,False,none,none
txn_09816,False,none,none
txn_09817,True,velocity_burst,abuse_03
txn_09818,False,none,none
txn_09819,False,none,none
txn_09820,False,none,none
txn_09821,False,none,none
txn_09822,False,none,none
txn_09823,False,none,none
txn_09824,False,none,none
txn_09825,True,velocity_burst,abuse_03
txn_09826,False,none,none
txn_09827,False,none,none
txn_09828,False,none,none
txn_09829,False,none,none
txn_09830,False,none,none
txn_09831,True,cross_merchant_ring,abuse_04
txn_09832,False,none,none
txn_09833,False,none,none
txn_09834,False,none,none
txn_09835,False,none,none
txn_09836,False,none,none
txn_09837,False,none,none
txn_09838,False,none,none
txn_09839,False,none,none
txn_09840,False,none,none
txn_09841,False,none,none
txn_09842,False,none,none
txn_09843,False,none,none
txn_09844,False,none,none
txn_09845,False,none,none
txn_09846,False,none,none
txn_09847,False,none,none
txn_09848,False,none,none
txn_09849,False,none,none
txn_09850,False,none,none
txn_09851,False,none,none
txn_09852,False,none,none
txn_09853,False,none,none
txn_09854,False,none,none
txn_09855,False,none,none
txn_09856,False,none,none
txn_09857,False,none,none
txn_09858,False,none,none
txn_09859,False,none,none
txn_09860,False,none,none
txn_09861,False,none,none
txn_09862,False,none,none
txn_09863,False,none,none
txn_09864,False,none,none
txn_09865,False,none,none
txn_09866,False,none,none
txn_09867,False,none,none
txn_09868,False,none,none
txn_09869,False,none,none
txn_09870,False,none,none
txn_09871,False,none,none
txn_09872,False,none,none
txn_09873,False,none,none
txn_09874,False,none,none
txn_09875,False,none,none
txn_09876,False,none,none
txn_09877,False,none,none
txn_09878,False,none,none
txn_09879,False,none,none
txn_09880,False,none,none
txn_09881,False,none,none
txn_09882,False,none,none
txn_09883,False,none,none
txn_09884,False,none,none
txn_09885,False,none,none
txn_09886,False,none,none
txn_09887,False,none,none
txn_09888,False,none,none
txn_09889,False,none,none
txn_09890,False,none,none
txn_09891,False,none,none
txn_09892,False,none,none
txn_09893,False,none,none
txn_09894,False,none,none
txn_09895,False,none,none
txn_09896,False,none,none
txn_09897,False,none,none
txn_09898,False,none,none
txn_09899,False,none,none
txn_09900,False,none,none
txn_09901,False,none,none
txn_09902,False,none,none
txn_09903,False,none,none
txn_09904,False,none,none
txn_09905,False,none,none
txn_09906,False,none,none
txn_09907,False,none,none
txn_09908,False,none,none
txn_09909,False,none,none
txn_09910,False,none,none
txn_09911,False,none,none
txn_09912,False,none,none
txn_09913,False,none,none
txn_09914,False,none,none
txn_09915,False,none,none
txn_09916,False,none,none
txn_09917,False,none,none
txn_09918,False,none,none
txn_09919,False,none,none
txn_09920,False,none,none
txn_09921,False,none,none
txn_09922,False,none,none
txn_09923,False,none,none
txn_09924,False,none,none
txn_09925,False,none,none
txn_09926,False,none,none
txn_09927,False,none,none
txn_09928,False,none,none
txn_09929,False,none,none
txn_09930,False,none,none
txn_09931,True,cross_merchant_ring,abuse_04
txn_09932,False,none,none
txn_09933,False,none,none
txn_09934,False,none,none
txn_09935,False,none,none
txn_09936,False,none,none
txn_09937,False,none,none
txn_09938,False,none,none
txn_09939,False,none,none
txn_09940,True,velocity_burst,abuse_03
txn_09941,False,none,none
txn_09942,False,none,none
txn_09943,False,none,none
txn_09944,False,none,none
txn_09945,False,none,none
txn_09946,False,none,none
txn_09947,False,none,none
txn_09948,False,none,none
txn_09949,False,none,none
txn_09950,False,none,none
txn_09951,False,none,none
txn_09952,False,none,none
txn_09953,False,none,none
txn_09954,False,none,none
txn_09955,False,none,none
txn_09956,False,none,none
txn_09957,False,none,none
txn_09958,False,none,none
txn_09959,False,none,none
txn_09960,False,none,none
txn_09961,False,none,none
txn_09962,False,none,none
txn_09963,False,none,none
txn_09964,False,none,none
txn_09965,False,none,none
txn_09966,False,none,none
txn_09967,False,none,none
txn_09968,False,none,none
txn_09969,False,none,none
txn_09970,False,none,none
txn_09971,False,none,none
txn_09972,False,none,none
txn_09973,False,none,none
txn_09974,False,none,none
txn_09975,False,none,none
txn_09976,False,none,none
txn_09977,False,none,none
txn_09978,False,none,none
txn_09979,False,none,none
txn_09980,False,none,none
txn_09981,False,none,none
txn_09982,False,none,none
txn_09983,False,none,none
txn_09984,False,none,none
txn_09985,False,none,none
txn_09986,False,none,none
txn_09987,False,none,none
txn_09988,False,none,none
txn_09989,False,none,none
txn_09990,False,none,none
txn_09991,False,none,none
txn_09992,False,none,none
txn_09993,False,none,none
txn_09994,False,none,none
txn_09995,False,none,none
txn_09996,False,none,none
txn_09997,False,none,none
txn_09998,False,none,none
txn_09999,False,none,none
txn_10000,False,none,none
